fecha_valor,moneda,compra_bs,venta_bs,cotizacion_compra,cotizacion_venta
2025-01-03,EUR,54.03192522,54.16734358,1.03028,1.03034
2025-01-03,CNY,7.18476335,7.20277028,7.2989,7.2999
2025-01-03,TRY,1.48606116,1.48978562,35.2885,35.2948
2025-01-03,RUB,0.47031494,0.47149368,111.5016,111.5096
2025-01-03,USD,52.44086925,52.5723,1.0,1.0
2025-01-03,CAD,36.32569927,36.41674113,1.44363,1.44373
2025-01-03,INR,0.61186928,0.61340279,85.706,85.756
2025-01-03,JPY,0.33386516,0.33470192,157.072,157.088
2025-01-03,ARS,0.05083942,0.05096684,1031.5,1031.505
2025-01-03,BRL,8.44798538,8.46915827,6.2075,6.2095
2025-01-03,CLP,0.05237644,0.05250771,1001.23,1001.88
2025-01-03,COP,0.01187143,0.01190118,4417.4,4419.4
2025-01-03,UYU,1.19005285,1.19303544,44.066,44.166
2025-01-03,PEN,13.91299725,13.94786692,3.7692,3.7742
2025-01-03,BOB,7.80660502,7.82617045,6.7175,7.1046
2025-01-03,MXP,2.52769716,2.53403224,20.7465,20.7517
2025-01-03,CUC,52.44086925,52.5723,1.0,1.0
2025-01-03,NIO,1.44396785,1.44758681,36.3172,37.2851
2025-01-03,DOP,0.86180557,0.86396548,60.85,61.15
2025-01-03,TTD,7.80579161,7.825355,6.7182,6.8247
2025-01-03,ANG,29.897873,29.97280501,1.754,1.8508
2025-01-07,EUR,54.36485431,54.50110708,1.02801,1.02809
2025-01-07,CNY,7.22525448,7.24336289,7.3187,7.3197
2025-01-07,TRY,1.49493165,1.49867835,35.3725,35.3795
2025-01-07,RUB,0.47857062,0.47977005,110.4946,110.5026
2025-01-07,USD,52.87947,53.012,1.0,1.0
2025-01-07,CAD,36.60796272,36.699712,1.44448,1.44459
2025-01-07,INR,0.61695799,0.61850425,85.71,85.76
2025-01-07,JPY,0.33606059,0.33690284,157.351,157.364
2025-01-07,ARS,0.05123979,0.05136821,1032.0,1032.005
2025-01-07,BRL,8.57347352,8.59496092,6.1678,6.1698
2025-01-07,CLP,0.05204518,0.05217562,1016.03,1016.68
2025-01-07,COP,0.01210915,0.0121395,4366.9,4368.9
2025-01-07,UYU,1.21520655,1.21825218,43.5148,44.6804
2025-01-07,PEN,14.101192,14.13653333,3.75,3.755
2025-01-07,BOB,7.70837755,7.72769679,6.86,7.01
2025-01-07,MXP,2.55783829,2.56424891,20.6735,20.6783
2025-01-07,CUC,52.87947,53.012,1.0,1.0
2025-01-07,NIO,1.45603677,1.45968599,36.3174,37.2887
2025-01-07,DOP,0.86887068,0.8710483,60.86,61.16
2025-01-07,TTD,7.86873456,7.8884557,6.7202,6.8267
2025-01-07,ANG,29.62435294,29.69859943,1.785,1.79
2025-01-08,EUR,54.89483165,55.03241268,1.03696,1.03697
2025-01-08,CNY,7.22719036,7.24530362,7.3248,7.3258
2025-01-08,TRY,1.50241873,1.50618419,35.235,35.2413
2025-01-08,RUB,0.49468451,0.49592433,107.0131,107.0211
2025-01-08,USD,52.937724,53.0704,1.0,1.0
2025-01-08,CAD,36.89348516,36.98595004,1.43488,1.43498
2025-01-08,INR,0.61759442,0.61914228,85.716,85.766
2025-01-08,JPY,0.33453649,0.33537493,158.242,158.245
2025-01-08,ARS,0.05114755,0.05127574,1035.0,1035.005
2025-01-08,BRL,8.70543068,8.7272488,6.081,6.083
2025-01-08,CLP,0.05257861,0.05271038,1006.83,1007.48
2025-01-08,COP,0.01217827,0.01220879,4346.9,4348.9
2025-01-08,UYU,1.20395096,1.20696838,43.97,44.07
2025-01-08,PEN,14.0750642,14.11034006,3.7611,3.7661
2025-01-08,BOB,7.87634821,7.89608843,6.7211,7.1054
2025-01-08,MXP,2.59879548,2.60530876,20.3701,20.3759
2025-01-08,CUC,52.937724,53.0704,1.0,1.0
2025-01-08,NIO,1.45697885,1.46063043,36.3339,37.2946
2025-01-08,DOP,0.86768929,0.86986395,61.01,61.31
2025-01-08,TTD,7.91757885,7.93742241,6.6861,6.7926
2025-01-08,ANG,30.16394529,30.23954415,1.755,1.8511
2025-01-09,EUR,54.74663552,54.88384513,1.02999,1.03005
2025-01-09,CNY,7.24986608,7.26803617,7.3311,7.3321
2025-01-09,TRY,1.5024804,1.50624602,35.3745,35.3805
2025-01-09,RUB,0.50739373,0.50866539,104.75,105.75
2025-01-09,USD,53.14949325,53.2827,1.0,1.0
2025-01-09,CAD,36.9073199,36.99981945,1.44008,1.44016
2025-01-09,INR,0.6192198,0.62077173,85.833,85.883
2025-01-09,JPY,0.33562024,0.33646139,158.362,158.373
2025-01-09,ARS,0.05132737,0.05145601,1035.5,1035.505
2025-01-09,BRL,8.68172055,8.70347925,6.122,6.124
2025-01-09,CLP,0.05289085,0.05302341,1004.89,1005.54
2025-01-09,COP,0.01224191,0.01227259,4341.6,4343.6
2025-01-09,UYU,1.22332917,1.22639516,43.4466,44.6132
2025-01-09,PEN,14.35347788,14.38945151,3.7029,3.8584
2025-01-09,BOB,7.90515115,7.92496356,6.7234,7.1122
2025-01-09,MXP,2.60702865,2.61356256,20.387,20.417
2025-01-09,CUC,53.14949325,53.2827,1.0,1.0
2025-01-09,NIO,1.4618296,1.46549334,36.3582,37.3303
2025-01-09,DOP,0.86930803,0.87148675,61.14,61.44
2025-01-09,TTD,7.99986351,8.0199133,6.6438,6.9354
2025-01-09,ANG,30.27426136,30.3501367,1.7556,1.8528
2025-01-10,EUR,55.38335133,55.52215672,1.03096,1.03101
2025-01-10,CNY,7.32635527,7.34471706,7.3321,7.3322
2025-01-10,TRY,1.52059317,1.52440419,35.32672,35.33419
2025-01-10,RUB,0.5276775,0.529,101.8,102.8
2025-01-10,USD,53.7175695,53.8522,1.0,1.0
2025-01-10,CAD,37.30024129,37.39372561,1.44014,1.44023
2025-01-10,INR,0.62611538,0.62768459,85.795,85.845
2025-01-10,JPY,0.34032494,0.34117788,157.842,157.849
2025-01-10,ARS,0.05182592,0.05195581,1036.5,1036.505
2025-01-10,BRL,8.81946041,8.84156432,6.0908,6.0928
2025-01-10,CLP,0.05345829,0.05359227,1004.85,1005.45
2025-01-10,COP,0.01242886,0.01246001,4322.0,4324.0
2025-01-10,UYU,1.23081224,1.23389698,43.644,43.744
2025-01-10,PEN,14.2392497,14.27493704,3.7725,3.7775
2025-01-10,BOB,7.84198094,7.86163503,6.85,7.0
2025-01-10,MXP,2.62556915,2.63214952,20.4594,20.4649
2025-01-10,CUC,53.7175695,53.8522,1.0,1.0
2025-01-10,NIO,1.47929307,1.48300057,36.313,37.2837
2025-01-10,DOP,0.87989466,0.88209991,61.05,61.35
2025-01-10,TTD,8.04396069,8.06412099,6.678,6.7845
2025-01-10,ANG,30.63797952,30.71476644,1.7533,1.8503
2025-01-14,EUR,55.0611401,55.19913795,1.02443,1.0245
2025-01-14,CNY,7.33091475,7.34928797,7.3312,7.3322
2025-01-14,TRY,1.51788143,1.52168565,35.40751,35.41557
2025-01-14,RUB,0.52561762,0.52693496,102.25,102.258
2025-01-14,USD,53.74440225,53.8791,1.0,1.0
2025-01-14,CAD,37.29918956,37.39267124,1.4409,1.4414
2025-01-14,INR,0.62515298,0.62671978,85.97,86.02
2025-01-14,JPY,0.34064169,0.34149543,157.774,157.788
2025-01-14,ARS,0.05184006,0.05196998,1036.7349,1036.7449
2025-01-14,BRL,8.79685772,8.81890498,6.1095,6.1115
2025-01-14,CLP,0.05318858,0.05332188,1010.45,1011.1
2025-01-14,COP,0.01237665,0.01240767,4342.4,4344.4
2025-01-14,UYU,1.24764437,1.25077129,43.0767,44.2415
2025-01-14,PEN,14.27322522,14.30899771,3.7654,3.7704
2025-01-14,BOB,8.00327643,8.02333477,6.7153,7.1035
2025-01-14,MXP,2.60056537,2.60708308,20.66643,20.67151
2025-01-14,CUC,53.74440225,53.8791,1.0,1.0
2025-01-14,NIO,1.4801176,1.48382717,36.3109,37.2815
2025-01-14,DOP,0.88019001,0.882396,61.06,61.36
2025-01-14,TTD,7.99268347,8.01271526,6.7242,6.8307
2025-01-14,ANG,30.10890882,30.18436974,1.785,1.79
2025-01-15,EUR,55.28860153,55.42716946,1.02706,1.02711
2025-01-15,CNY,7.34309463,7.36149837,7.3306,7.3316
2025-01-15,TRY,1.51704021,1.52084231,35.4831,35.4894
2025-01-15,RUB,0.52424317,0.52555707,102.68,102.73
2025-01-15,USD,53.8292895,53.9642,1.0,1.0
2025-01-15,CAD,37.41496861,37.50874046,1.43871,1.43877
2025-01-15,INR,0.62233989,0.62389964,86.495,86.545
2025-01-15,JPY,0.34108892,0.34194378,157.816,157.828
2025-01-15,ARS,0.05175893,0.05188865,1040.0,1040.005
2025-01-15,BRL,8.86750288,8.8897272,6.0704,6.0724
2025-01-15,CLP,0.05368273,0.05381727,1002.73,1003.38
2025-01-15,COP,0.01252951,0.01256091,4296.2,4298.2
2025-01-15,UYU,1.22120033,1.22426098,44.079,44.179
2025-01-15,PEN,14.23716297,14.27284508,3.7809,3.7859
2025-01-15,BOB,7.85829043,7.8779854,6.85,7.0
2025-01-15,MXP,2.6199248,2.62649103,20.54612,20.5502
2025-01-15,CUC,53.8292895,53.9642,1.0,1.0
2025-01-15,NIO,1.48050643,1.48421698,36.3587,37.335
2025-01-15,DOP,0.87898905,0.88119203,61.24,61.54
2025-01-15,TTD,7.97435513,7.99434099,6.7503,6.8568
2025-01-15,ANG,30.66322386,30.74007405,1.7555,1.8532
2025-01-16,EUR,55.9667784,56.10704602,1.03189,1.03196
2025-01-16,CNY,7.39924095,7.41778541,7.3296,7.3306
2025-01-16,TRY,1.52929747,1.5331303,35.463,35.47
2025-01-16,RUB,0.52805972,0.52938318,102.7033,102.7113
2025-01-16,USD,54.2334765,54.3694,1.0,1.0
2025-01-16,CAD,37.82816004,37.92296746,1.43368,1.43371
2025-01-16,INR,0.62867001,0.63024563,86.267,86.317
2025-01-16,JPY,0.34709869,0.34796861,156.248,156.256
2025-01-16,ARS,0.05212251,0.05225314,1040.5,1040.505
2025-01-16,BRL,8.97890374,9.00140726,6.0401,6.0421
2025-01-16,CLP,0.05411712,0.05425275,1002.15,1002.8
2025-01-16,COP,0.01265215,0.01268386,4286.5,4288.5
2025-01-16,UYU,1.24664341,1.24976783,43.5036,44.6683
2025-01-16,PEN,14.68031196,14.71710472,3.6943,3.8496
2025-01-16,BOB,7.90575459,7.92556851,6.86,7.01
2025-01-16,MXP,2.64619376,2.65282582,20.4949,20.4999
2025-01-16,CUC,54.2334765,54.3694,1.0,1.0
2025-01-16,NIO,1.49357433,1.49731763,36.3112,37.2819
2025-01-16,DOP,0.88747302,0.88969726,61.11,61.41
2025-01-16,TTD,8.15921354,8.17966269,6.6469,6.9381
2025-01-16,ANG,30.3829,30.45904761,1.785,1.79
2025-01-17,EUR,56.13943725,56.2801376,1.0277,1.02776
2025-01-17,CNY,7.45087367,7.46954754,7.3311,7.3321
2025-01-17,TRY,1.54175108,1.54561512,35.42926,35.4379
2025-01-17,RUB,0.53327247,0.534609,102.43,102.48
2025-01-17,USD,54.6231,54.76,1.0,1.0
2025-01-17,CAD,37.96935931,38.06452061,1.43861,1.4387
2025-01-17,INR,0.63089743,0.63247863,86.58,86.63
2025-01-17,JPY,0.34992825,0.35080526,156.098,156.109
2025-01-17,ARS,0.05247175,0.05260326,1041.0,1041.005
2025-01-17,BRL,9.07827951,9.10103209,6.0169,6.0189
2025-01-17,CLP,0.05409191,0.05422748,1009.82,1010.47
2025-01-17,COP,0.01259031,0.01262187,4338.5,4340.5
2025-01-17,UYU,1.24250716,1.24562121,43.962,44.062
2025-01-17,PEN,14.51275306,14.54912588,3.7638,3.7688
2025-01-17,BOB,7.96255102,7.98250728,6.86,7.01
2025-01-17,MXP,2.63314918,2.63974855,20.7444,20.7485
2025-01-17,CUC,54.6231,54.76,1.0,1.0
2025-01-17,NIO,1.50313709,1.50690435,36.3394,37.3118
2025-01-17,DOP,0.89399509,0.89623567,61.1,61.4
2025-01-17,TTD,8.09219122,8.1124724,6.7501,6.8566
2025-01-17,ANG,31.12782083,31.20583542,1.7548,1.8521
2025-01-20,EUR,56.44901133,56.59048755,1.03051,1.03058
2025-01-20,CNY,7.47421289,7.49294525,7.3284,7.3294
2025-01-20,TRY,1.54059976,1.54446091,35.5537,35.56
2025-01-20,RUB,0.53448498,0.53582455,102.48,102.53
2025-01-20,USD,54.77402175,54.9113,1.0,1.0
2025-01-20,CAD,38.02035313,38.11564224,1.44065,1.44076
2025-01-20,INR,0.6326625,0.63424812,86.577,86.627
2025-01-20,JPY,0.3511808,0.35206096,155.971,155.986
2025-01-20,ARS,0.05259147,0.05272328,1041.5,1041.505
2025-01-20,BRL,9.04727656,9.06995143,6.0542,6.0562
2025-01-20,CLP,0.05432691,0.05446306,1008.23,1008.88
2025-01-20,COP,0.01261347,0.01264508,4342.5,4344.5
2025-01-20,UYU,1.24557184,1.24869357,43.975,44.075
2025-01-20,PEN,14.60991217,14.6465285,3.7491,3.7541
2025-01-20,BOB,8.15332267,8.17375707,6.718,7.1062
2025-01-20,MXP,2.6433323,2.64995719,20.72158,20.72519
2025-01-20,CUC,54.77402175,54.9113,1.0,1.0
2025-01-20,NIO,1.50833618,1.51211647,36.3142,37.2847
2025-01-20,DOP,0.89354032,0.89577977,61.3,61.6
2025-01-20,TTD,8.1245397,8.14490195,6.7418,6.8483
2025-01-20,ANG,30.68572647,30.76263305,1.785,1.79
2025-01-21,EUR,57.17218409,57.31547277,1.0423,1.04238
2025-01-21,CNY,7.49880191,7.5175959,7.3142,7.3151
2025-01-21,TRY,1.54287707,1.54674393,35.549,35.557
2025-01-21,RUB,0.53830554,0.53965468,101.8896,101.8976
2025-01-21,USD,54.847737,54.9852,1.0,1.0
2025-01-21,CAD,38.37706726,38.47325039,1.42918,1.42934
2025-01-21,INR,0.63349199,0.63507969,86.58,86.59
2025-01-21,JPY,0.35240355,0.35328677,155.639,155.643
2025-01-21,ARS,0.05266225,0.05279423,1041.5,1041.505
2025-01-21,BRL,9.03527559,9.0579204,6.0704,6.0724
2025-01-21,CLP,0.05473115,0.05486833,1002.13,1002.78
2025-01-21,COP,0.01264734,0.01267904,4336.7,4338.7
2025-01-21,UYU,1.24724814,1.25037407,43.975,44.075
2025-01-21,PEN,14.67419455,14.71097198,3.7377,3.7427
2025-01-21,BOB,7.99529693,8.01533527,6.86,7.01
2025-01-21,MXP,2.68219831,2.68892062,20.4488,20.4557
2025-01-21,CUC,54.847737,54.9852,1.0,1.0
2025-01-21,NIO,1.50947657,1.51325972,36.3356,37.3046
2025-01-21,DOP,0.89474285,0.89698531,61.3,61.6
2025-01-21,TTD,8.13547376,8.15586341,6.7418,6.8483
2025-01-21,ANG,30.72702352,30.80403361,1.785,1.79
2025-01-22,EUR,57.30357712,57.44719511,1.03876,1.03883
2025-01-22,CNY,7.57558885,7.59457529,7.2815,7.2825
2025-01-22,TRY,1.54836242,1.55224303,35.6258,35.6321
2025-01-22,RUB,0.55368729,0.55507498,99.626,99.675
2025-01-22,USD,55.16165025,55.2999,1.0,1.0
2025-01-22,CAD,38.2692296,38.36514246,1.44141,1.44153
2025-01-22,INR,0.63761848,0.63921652,86.512,86.562
2025-01-22,JPY,0.35466431,0.35555319,155.532,155.543
2025-01-22,ARS,0.05281153,0.05294389,1044.5,1044.505
2025-01-22,BRL,9.11597069,9.13881773,6.0511,6.0531
2025-01-22,CLP,0.05504056,0.0551785,1002.2,1002.8
2025-01-22,COP,0.01278932,0.01282138,4313.1,4315.1
2025-01-22,UYU,1.260953,1.26411329,43.746,43.846
2025-01-22,PEN,14.79380219,14.83087939,3.7287,3.7337
2025-01-22,BOB,8.05279565,8.0729781,6.85,7.0
2025-01-22,MXP,2.66112444,2.66779392,20.7287,20.7353
2025-01-22,CUC,55.16165025,55.2999,1.0,1.0
2025-01-22,NIO,1.51888918,1.52269592,36.3171,37.283
2025-01-22,DOP,0.9017762,0.90403629,61.17,61.47
2025-01-22,TTD,8.19565124,8.21619172,6.7306,6.8371
2025-01-22,ANG,31.45085252,31.52967672,1.7539,1.8505
2025-01-23,EUR,57.95447123,58.09972053,1.04189,1.04194
2025-01-23,CNY,7.6517997,7.67097714,7.2691,7.2701
2025-01-23,TRY,1.56024217,1.56415255,35.6494,35.6557
2025-01-23,RUB,0.56298916,0.56440016,98.7971,98.8051
2025-01-23,USD,55.62169725,55.7611,1.0,1.0
2025-01-23,CAD,38.66887552,38.76579,1.43841,1.43851
2025-01-23,INR,0.64398579,0.64559979,86.371,86.421
2025-01-23,JPY,0.35623192,0.35712474,156.139,156.143
2025-01-23,ARS,0.05315021,0.05328342,1046.5,1046.505
2025-01-23,BRL,9.3661296,9.38960361,5.9386,5.9406
2025-01-23,CLP,0.05609118,0.05623175,991.63,992.23
2025-01-23,COP,0.0129751,0.01300762,4286.8,4288.8
2025-01-23,UYU,1.2876913,1.2909186,43.1949,44.3442
2025-01-23,PEN,14.95488324,14.99236415,3.7193,3.7243
2025-01-23,BOB,8.10811913,8.12844023,6.86,7.01
2025-01-23,MXP,2.70806197,2.71484909,20.5393,20.5456
2025-01-23,CUC,55.62169725,55.7611,1.0,1.0
2025-01-23,NIO,1.53110136,1.53493871,36.3279,37.2857
2025-01-23,DOP,0.90929699,0.91157593,61.17,61.47
2025-01-23,TTD,8.36328465,8.38424526,6.6507,6.938
2025-01-23,ANG,31.69869336,31.77813871,1.7547,1.8505
2025-01-24,EUR,58.44300364,58.58947734,1.04092,1.04098
2025-01-24,CNY,7.70486818,7.72417862,7.2866,7.2876
2025-01-24,TRY,1.5756144,1.57956331,35.632,35.6445
2025-01-24,RUB,0.56493626,0.56635214,99.3781,99.3861
2025-01-24,USD,56.1422925,56.283,1.0,1.0
2025-01-24,CAD,39.04382862,39.14168283,1.43793,1.43807
2025-01-24,INR,0.64999817,0.65162724,86.373,86.423
2025-01-24,JPY,0.35931757,0.36021811,156.247,156.256
2025-01-24,ARS,0.05362253,0.05375692,1046.9907,1046.9993
2025-01-24,BRL,9.4552255,9.47892281,5.9377,5.9397
2025-01-24,CLP,0.05682993,0.05697236,987.9,988.55
2025-01-24,COP,0.01321274,0.01324586,4249.1,4251.1
2025-01-24,UYU,1.28342841,1.28664502,43.744,43.844
2025-01-24,PEN,15.12331775,15.1612208,3.7123,3.7173
2025-01-24,BOB,8.1959551,8.21649635,6.85,7.0
2025-01-24,MXP,2.7468165,2.75370076,20.43904,20.44442
2025-01-24,CUC,56.1422925,56.283,1.0,1.0
2025-01-24,NIO,1.54510006,1.54897249,36.3357,37.2974
2025-01-24,DOP,0.92598206,0.92830282,60.63,62.169
2025-01-24,TTD,8.2946432,8.31543177,6.7685,6.875
2025-01-24,ANG,31.4522647,31.53109243,1.785,1.79
2025-01-27,EUR,59.19256112,59.34091341,1.04741,1.04746
2025-01-27,CNY,7.7987565,7.81830225,7.2461,7.2471
2025-01-27,TRY,1.58362999,1.58759899,35.6842,35.6942
2025-01-27,RUB,0.57525433,0.57669607,98.2358,98.2438
2025-01-27,USD,56.5105695,56.6522,1.0,1.0
2025-01-27,CAD,39.44148013,39.54033096,1.43277,1.43288
2025-01-27,INR,0.65535457,0.65699706,86.229,86.279
2025-01-27,JPY,0.36126072,0.36216613,156.426,156.431
2025-01-27,ARS,0.0539738,0.05410907,1047.0,1047.005
2025-01-27,BRL,9.60378122,9.62785085,5.8842,5.8862
2025-01-27,CLP,0.05762386,0.05776828,980.68,981.28
2025-01-27,COP,0.01348025,0.01351403,4192.1,4194.1
2025-01-27,UYU,1.2961437,1.29939218,43.599,43.699
2025-01-27,PEN,15.24058618,15.27878313,3.7079,3.7129
2025-01-27,BOB,8.23769234,8.25833819,6.86,7.01
2025-01-27,MXP,2.79655338,2.80356229,20.20722,20.2119
2025-01-27,CUC,56.5105695,56.6522,1.0,1.0
2025-01-27,NIO,1.55521835,1.55911614,36.3361,37.29
2025-01-27,DOP,0.92081749,0.9231253,61.37,61.67
2025-01-27,TTD,8.37044814,8.3914267,6.7512,6.8577
2025-01-27,ANG,32.19792006,32.2786166,1.7551,1.8505
2025-01-28,EUR,59.51970402,59.66887621,1.04942,1.04947
2025-01-28,CNY,7.8224131,7.84201815,7.2502,7.2512
2025-01-28,TRY,1.5875574,1.59153624,35.7241,35.7304
2025-01-28,RUB,0.58047289,0.58192771,97.7032,97.7112
2025-01-28,USD,56.7140595,56.8562,1.0,1.0
2025-01-28,CAD,39.41240696,39.51118492,1.43899,1.4391
2025-01-28,INR,0.65710481,0.65875169,86.309,86.359
2025-01-28,JPY,0.36670153,0.36762058,154.66,154.674
2025-01-28,ARS,0.05403912,0.05417455,1049.5,1049.505
2025-01-28,BRL,9.55119815,9.57513599,5.9379,5.9399
2025-01-28,CLP,0.05746396,0.05760798,986.95,987.55
2025-01-28,COP,0.01341233,0.01344595,4228.5,4230.5
2025-01-28,UYU,1.31152,1.31480702,43.243,43.343
2025-01-28,PEN,15.1755484,15.21358236,3.7372,3.7422
2025-01-28,BOB,8.27942474,8.30017518,6.85,7.0
2025-01-28,MXP,2.74371976,2.75059626,20.6705,20.676
2025-01-28,CUC,56.7140595,56.8562,1.0,1.0
2025-01-28,NIO,1.55380984,1.5577041,36.5,37.0
2025-01-28,DOP,0.92353133,0.92584595,61.41,61.71
2025-01-28,TTD,8.39735548,8.41840149,6.7538,6.8603
2025-01-28,ANG,31.77258235,31.85221288,1.785,1.79
2025-01-29,EUR,59.64607772,59.79556664,1.04354,1.0436
2025-01-29,CNY,7.8916045,7.91138296,7.2424,7.2469
2025-01-29,TRY,1.59827014,1.60227583,35.76001,35.7706
2025-01-29,RUB,0.57921265,0.58066431,98.6756,98.6836
2025-01-29,USD,57.1541565,57.2974,1.0,1.0
2025-01-29,CAD,39.72680269,39.82636861,1.43868,1.43877
2025-01-29,INR,0.6607035,0.6623594,86.505,86.555
2025-01-29,JPY,0.36755557,0.36847676,155.498,155.511
2025-01-29,ARS,0.05443253,0.05456895,1050.0,1050.005
2025-01-29,BRL,9.7293607,9.75374506,5.8744,5.8764
2025-01-29,CLP,0.05768485,0.05782943,990.8,991.4
2025-01-29,COP,0.01355488,0.01358885,4216.5,4218.5
2025-01-29,UYU,1.31518872,1.31848493,43.457,43.557
2025-01-29,PEN,15.30272738,15.34108008,3.7349,3.7399
2025-01-29,BOB,8.33150969,8.35239067,6.86,7.01
2025-01-29,MXP,2.77188204,2.77882911,20.61926,20.62474
2025-01-29,CUC,57.1541565,57.2974,1.0,1.0
2025-01-29,NIO,1.57221647,1.57615686,36.3526,37.3128
2025-01-29,DOP,0.93084945,0.93318241,61.4,61.7
2025-01-29,TTD,8.46377154,8.484984,6.7528,6.8593
2025-01-29,ANG,32.55348664,32.63507432,1.7557,1.8517
2025-01-30,EUR,59.59893385,59.74830461,1.04097,1.04104
2025-01-30,CNY,7.90475778,7.9245692,7.2424,7.2469
2025-01-30,TRY,1.60017826,1.60418873,35.7769,35.7832
2025-01-30,RUB,0.58048101,0.58193585,98.6241,98.6321
2025-01-30,USD,57.24941775,57.3929,1.0,1.0
2025-01-30,CAD,39.64805861,39.74742717,1.44394,1.44406
2025-01-30,INR,0.6616441,0.66330235,86.526,86.576
2025-01-30,JPY,0.36910104,0.37002611,155.105,155.112
2025-01-30,ARS,0.05449808,0.05463467,1050.4849,1050.4949
2025-01-30,BRL,9.78288068,9.80739917,5.852,5.854
2025-01-30,CLP,0.05773962,0.05788433,991.51,992.11
2025-01-30,COP,0.01360328,0.01363737,4208.5,4210.5
2025-01-30,UYU,1.33370493,1.33704755,42.9251,44.0795
2025-01-30,PEN,15.37020907,15.4087309,3.7247,3.7297
2025-01-30,BOB,8.35757923,8.37852554,6.85,7.0
2025-01-30,MXP,2.7773722,2.78433303,20.6128,20.6191
2025-01-30,CUC,57.24941775,57.3929,1.0,1.0
2025-01-30,NIO,1.56847719,1.57240821,36.5,37.0
2025-01-30,DOP,0.92952456,0.93185419,61.59,61.89
2025-01-30,TTD,8.6397262,8.66137965,6.6263,6.9149
2025-01-30,ANG,32.07250294,32.15288515,1.785,1.79
2025-01-31,EUR,60.34906928,60.50032008,1.04367,1.04371
2025-01-31,CNY,8.06304154,8.08324966,7.1712,7.1732
2025-01-31,TRY,1.6167114,1.62076331,35.765,35.77434
2025-01-31,RUB,0.58806097,0.58953481,98.326,98.376
2025-01-31,USD,57.8216835,57.9666,1.0,1.0
2025-01-31,CAD,40.12329713,40.22385677,1.4411,1.44119
2025-01-31,INR,0.66783339,0.66950716,86.581,86.631
2025-01-31,JPY,0.37588041,0.37682246,153.83,153.845
2025-01-31,ARS,0.05498971,0.05512753,1051.5,1051.505
2025-01-31,BRL,9.81459135,9.83918932,5.8914,5.8934
2025-01-31,CLP,0.0586189,0.05876581,986.4,987.0
2025-01-31,COP,0.01385581,0.01389053,4173.1,4175.1
2025-01-31,UYU,1.33670119,1.34005132,43.257,43.357
2025-01-31,PEN,15.58746016,15.62652648,3.7095,3.7145
2025-01-31,BOB,8.42881683,8.44994169,6.86,7.01
2025-01-31,MXP,2.82778422,2.8348714,20.4477,20.4494
2025-01-31,CUC,57.8216835,57.9666,1.0,1.0
2025-01-31,NIO,1.58285473,1.58682179,36.53,37.03
2025-01-31,DOP,0.94018997,0.94254634,61.5,62.0
2025-01-31,TTD,8.6145444,8.63613474,6.7121,6.8186
2025-01-31,ANG,32.98065451,33.06331279,1.7532,1.8493
2025-02-03,EUR,60.47792064,60.62949438,1.03733,1.0374
2025-02-03,CNY,8.04082518,8.06097762,7.2502,7.2512
2025-02-03,TRY,1.62583116,1.62990593,35.8571,35.8634
2025-02-03,RUB,0.5914706,0.59295299,98.5638,98.5718
2025-02-03,USD,58.29759075,58.4437,1.0,1.0
2025-02-03,CAD,40.17088196,40.27156087,1.45124,1.45133
2025-02-03,INR,0.67361015,0.67529839,86.545,86.595
2025-02-03,JPY,0.37714028,0.37808549,154.578,154.593
2025-02-03,ARS,0.05546868,0.0556077,1051.0,1051.005
2025-02-03,BRL,10.02365728,10.04877922,5.816,5.818
2025-02-03,CLP,0.05932147,0.05947015,982.74,983.36
2025-02-03,COP,0.01394745,0.01398241,4179.8,4181.8
2025-02-03,UYU,1.34543251,1.34880452,43.33,43.43
2025-02-03,PEN,15.66844699,15.70771628,3.7207,3.7257
2025-02-03,BOB,8.51059718,8.531927,6.85,7.0
2025-02-03,MXP,2.81959417,2.82666082,20.67588,20.68109
2025-02-03,CUC,58.29759075,58.4437,1.0,1.0
2025-02-03,NIO,1.60590575,1.60993058,36.302,37.2654
2025-02-03,DOP,0.94823667,0.9506132,61.48,61.78
2025-02-03,TTD,8.67459128,8.69633211,6.7205,6.827
2025-02-03,ANG,33.24831227,33.33164138,1.7534,1.8498
2025-02-04,EUR,59.90003152,60.05015691,1.02572,1.02579
2025-02-04,CNY,8.0541294,8.07431519,7.2502,7.2512
2025-02-04,TRY,1.62385036,1.62792016,35.96024,35.96833
2025-02-04,RUB,0.58466547,0.5861308,99.876,99.925
2025-02-04,USD,58.394049,58.5404,1.0,1.0
2025-02-04,CAD,39.77471119,39.87439718,1.46812,1.4683
2025-02-04,INR,0.67096459,0.67264621,87.03,87.08
2025-02-04,JPY,0.37910336,0.38005349,154.032,154.039
2025-02-04,ARS,0.05544861,0.05558758,1053.12,1053.13
2025-02-04,BRL,9.90787603,9.9327078,5.8937,5.8957
2025-02-04,CLP,0.05921416,0.05936257,986.15,986.8
2025-02-04,COP,0.01383515,0.01386983,4220.7,4222.7
2025-02-04,UYU,1.36620472,1.36962879,42.7418,43.9117
2025-02-04,PEN,15.65146452,15.69069125,3.7309,3.7359
2025-02-04,BOB,8.51225204,8.533586,6.86,7.01
2025-02-04,MXP,2.77058933,2.77753316,21.0764,21.084
2025-02-04,CUC,58.394049,58.5404,1.0,1.0
2025-02-04,NIO,1.60877114,1.61280315,36.2973,37.2723
2025-02-04,DOP,0.94780147,0.95017691,61.61,61.91
2025-02-04,TTD,8.80648624,8.82855764,6.6308,6.9233
2025-02-04,ANG,32.71375294,32.79574229,1.785,1.79
2025-02-05,EUR,60.84665754,60.99915543,1.03749,1.03751
2025-02-05,CNY,8.08899278,8.10926595,7.2502,7.2512
2025-02-05,TRY,1.63102637,1.63511416,35.957,35.9645
2025-02-05,RUB,0.58686193,0.58833277,99.9329,99.9409
2025-02-05,USD,58.6468155,58.7938,1.0,1.0
2025-02-05,CAD,40.86031874,40.96272556,1.4353,1.4354
2025-02-05,INR,0.67369865,0.67538712,87.052,87.102
2025-02-05,JPY,0.37909539,0.3800455,154.702,154.714
2025-02-05,ARS,0.05568176,0.05582131,1053.25,1053.255
2025-02-05,BRL,10.17361404,10.19911182,5.7646,5.7666
2025-02-05,CLP,0.0602959,0.06044702,972.65,973.3
2025-02-05,COP,0.01409203,0.01412735,4161.7,4163.7
2025-02-05,UYU,1.37816102,1.38161506,42.5544,43.7169
2025-02-05,PEN,15.8573479,15.89709063,3.6984,3.7034
2025-02-05,BOB,8.5615789,8.58303649,6.85,7.0
2025-02-05,MXP,2.87067157,2.87786623,20.42965,20.43444
2025-02-05,CUC,58.6468155,58.7938,1.0,1.0
2025-02-05,NIO,1.6148985,1.61894586,36.3161,37.2848
2025-02-05,DOP,0.95174968,0.95413502,61.62,61.92
2025-02-05,TTD,8.83700979,8.85915768,6.6365,6.9271
2025-02-05,ANG,33.44176056,33.52557449,1.7537,1.8506
2025-02-06,EUR,61.85336146,62.00838242,1.04278,1.04285
2025-02-06,CNY,8.15720437,8.17764849,7.2711,7.2728
2025-02-06,TRY,1.65116649,1.65530475,35.92118,35.93234
2025-02-06,RUB,0.60513649,0.60665313,98.014,98.022
2025-02-06,USD,59.31184875,59.4605,1.0,1.0
2025-02-06,CAD,41.50177641,41.60579089,1.42914,1.42927
2025-02-06,INR,0.67808218,0.67978163,87.47,87.48
2025-02-06,JPY,0.38920323,0.39017868,152.393,152.406
2025-02-06,ARS,0.0562998,0.05644091,1053.5,1053.505
2025-02-06,BRL,10.30059372,10.32640975,5.7581,5.7601
2025-02-06,CLP,0.06134481,0.06149856,966.86,967.51
2025-02-06,COP,0.01426176,0.01429751,4158.8,4160.8
2025-02-06,UYU,1.36364751,1.36706517,43.495,43.595
2025-02-06,PEN,15.98357463,16.02363371,3.7108,3.7158
2025-02-06,BOB,8.82524867,8.84736708,6.7207,7.1049
2025-02-06,MXP,2.87032769,2.8775215,20.66379,20.66957
2025-02-06,CUC,59.31184875,59.4605,1.0,1.0
2025-02-06,NIO,1.63229843,1.6363894,36.3364,37.2969
2025-02-06,DOP,0.97121088,0.97364499,61.07,62.607
2025-02-06,TTD,8.90849197,8.93081902,6.6579,6.7644
2025-02-06,ANG,33.22792647,33.31120448,1.785,1.79
2025-02-07,EUR,62.23442216,62.39039816,1.03733,1.03739
2025-02-07,CNY,8.23152384,8.25215422,7.288,7.289
2025-02-07,TRY,1.67185515,1.67604526,35.8831,35.8894
2025-02-07,RUB,0.61913896,0.62069068,96.8948,96.9028
2025-02-07,USD,59.99134575,60.1417,1.0,1.0
2025-02-07,CAD,41.86387097,41.96879296,1.43301,1.43311
2025-02-07,INR,0.68507514,0.68679212,87.569,87.619
2025-02-07,JPY,0.39479938,0.39578885,151.954,151.963
2025-02-07,ARS,0.05691778,0.05706043,1054.0,1054.005
2025-02-07,BRL,10.36710832,10.39309105,5.7867,5.7887
2025-02-07,CLP,0.06219942,0.06235531,964.5,965.1
2025-02-07,COP,0.01444739,0.01448359,4152.4,4154.4
2025-02-07,UYU,1.37971403,1.38317196,43.481,43.581
2025-02-07,PEN,16.17802323,16.21856965,3.7082,3.7132
2025-02-07,BOB,8.75786069,8.77981021,6.85,7.0
2025-02-07,MXP,2.91915763,2.92647381,20.55091,20.5564
2025-02-07,CUC,59.99134575,60.1417,1.0,1.0
2025-02-07,NIO,1.65167588,1.65581542,36.3215,37.2867
2025-02-07,DOP,0.9697922,0.97222276,61.86,62.16
2025-02-07,TTD,8.96852278,8.99100028,6.6891,6.7956
2025-02-07,ANG,34.19674271,34.28244883,1.7543,1.8508
2025-02-10,EUR,62.646946,62.80395589,1.03769,1.03772
2025-02-10,CNY,8.28379286,8.30455424,7.2877,7.2887
2025-02-10,TRY,1.67850028,1.68270705,35.96651,35.97807
2025-02-10,RUB,0.62188179,0.62344039,97.076,97.126
2025-02-10,USD,60.36979725,60.5211,1.0,1.0
2025-02-10,CAD,42.25949196,42.36540548,1.42855,1.42867
2025-02-10,INR,0.69016928,0.69189902,87.471,87.521
2025-02-10,JPY,0.39805224,0.39904986,151.663,151.676
2025-02-10,ARS,0.05730403,0.05744765,1053.5,1053.505
2025-02-10,BRL,10.52251921,10.54889144,5.7372,5.7392
2025-02-10,CLP,0.06286228,0.06301983,960.35,960.95
2025-02-10,COP,0.0147344,0.01477133,4097.2,4099.2
2025-02-10,UYU,1.38838593,1.39186559,43.482,43.582
2025-02-10,PEN,16.27042832,16.31120633,3.7104,3.7154
2025-02-10,BOB,8.80026198,8.82231778,6.86,7.01
2025-02-10,MXP,2.94496871,2.95234959,20.4993,20.5046
2025-02-10,CUC,60.36979725,60.5211,1.0,1.0
2025-02-10,NIO,1.65396704,1.65811232,36.5,37.0
2025-02-10,DOP,0.97669951,0.97914738,61.81,62.11
2025-02-10,TTD,8.99752552,9.02007571,6.7096,6.8161
2025-02-10,ANG,33.8206147,33.90537815,1.785,1.79
2025-02-11,EUR,62.27625993,62.43234078,1.03117,1.03121
2025-02-11,CNY,8.26826985,8.28899233,7.304,7.305
2025-02-11,TRY,1.67787565,1.68208086,35.9928,35.9991
2025-02-11,RUB,0.61920063,0.62075251,97.5313,97.5393
2025-02-11,USD,60.391443,60.5428,1.0,1.0
2025-02-11,CAD,42.14483617,42.25046233,1.43295,1.43305
2025-02-11,INR,0.69078001,0.69251129,87.425,87.475
2025-02-11,JPY,0.39827637,0.39927455,151.632,151.638
2025-02-11,ARS,0.05721595,0.05735935,1055.5,1055.505
2025-02-11,BRL,10.44671988,10.47290214,5.7809,5.7829
2025-02-11,CLP,0.06298057,0.06313842,958.89,959.54
2025-02-11,COP,0.01465384,0.01469057,4121.2,4123.2
2025-02-11,UYU,1.4060806,1.40960461,42.9502,44.1139
2025-02-11,PEN,16.27933336,16.3201337,3.7097,3.7147
2025-02-11,BOB,8.95152197,8.97395686,6.7465,7.1344
2025-02-11,MXP,2.92846752,2.93580704,20.6222,20.628
2025-02-11,CUC,60.391443,60.5428,1.0,1.0
2025-02-11,NIO,1.6615614,1.66572571,36.3462,37.3159
2025-02-11,DOP,0.98179907,0.98425972,61.511,63.063
2025-02-11,TTD,9.08046416,9.10322221,6.6507,6.9417
2025-02-11,ANG,33.83274117,33.91753501,1.785,1.79
2025-02-12,EUR,62.88959187,63.0472099,1.03303,1.03309
2025-02-12,CNY,8.33165407,8.35253541,7.3065,7.3075
2025-02-12,TRY,1.68882068,1.69305332,36.046,36.0495
2025-02-12,RUB,0.63673955,0.63833539,95.6046,95.6126
2025-02-12,USD,60.8752305,61.0278,1.0,1.0
2025-02-12,CAD,42.52370176,42.63027745,1.43156,1.43171
2025-02-12,INR,0.70233087,0.70409109,86.676,86.726
2025-02-12,JPY,0.39973229,0.40073412,152.29,152.301
2025-02-12,ARS,0.05766064,0.05780516,1055.75,1055.755
2025-02-12,BRL,10.54299108,10.56941461,5.774,5.776
2025-02-12,CLP,0.0633899,0.06354878,960.33,960.98
2025-02-12,COP,0.01464508,0.01468179,4156.7,4158.7
2025-02-12,UYU,1.42069529,1.42425593,42.8489,44.0112
2025-02-12,PEN,16.39736848,16.43846464,3.7125,3.7175
2025-02-12,BOB,8.8739403,8.89618075,6.86,7.01
2025-02-12,MXP,2.95589747,2.96330573,20.5945,20.6095
2025-02-12,CUC,60.8752305,61.0278,1.0,1.0
2025-02-12,NIO,1.67692044,1.68112325,36.3018,37.2704
2025-02-12,DOP,0.98583369,0.98830445,61.75,62.05
2025-02-12,TTD,9.16726609,9.19024169,6.6405,6.9311
2025-02-12,ANG,34.71839312,34.80540663,1.7534,1.8502
2025-02-13,EUR,63.28991293,63.44853427,1.03421,1.03427
2025-02-13,CNY,8.37306001,8.39404512,7.3083,7.3093
2025-02-13,TRY,1.69525672,1.69950549,36.0965,36.105
2025-02-13,RUB,0.649918,0.65154686,94.1547,94.1627
2025-02-13,USD,61.1928345,61.3462,1.0,1.0
2025-02-13,CAD,42.72944242,42.83653376,1.4321,1.43222
2025-02-13,INR,0.70393229,0.70569653,86.93,86.94
2025-02-13,JPY,0.39589588,0.3968881,154.568,154.58
2025-02-13,ARS,0.05794775,0.05809299,1056.0,1056.005
2025-02-13,BRL,10.58296746,10.60949119,5.7822,5.7842
2025-02-13,CLP,0.06410983,0.0642705,954.5,955.1
2025-02-13,COP,0.01472149,0.01475839,4156.7,4158.7
2025-02-13,UYU,1.41085086,1.41438683,43.373,43.473
2025-02-13,PEN,16.50514753,16.54651382,3.7075,3.715
2025-02-13,BOB,8.92023826,8.94259475,6.86,7.01
2025-02-13,MXP,2.9793918,2.98685895,20.5387,20.5429
2025-02-13,CUC,61.1928345,61.3462,1.0,1.0
2025-02-13,NIO,1.67651601,1.6807178,36.5,37.0
2025-02-13,DOP,0.98857567,0.99105331,61.9,62.2
2025-02-13,TTD,9.09578965,9.11858612,6.7276,6.8341
2025-02-13,ANG,34.87963662,34.96705426,1.7544,1.8508
2025-02-14,EUR,64.15028601,64.31106367,1.0402,1.04025
2025-02-14,CNY,8.43751959,8.45866626,7.3088,7.3093
2025-02-14,TRY,1.70830613,1.7125876,36.099,36.106
2025-02-14,RUB,0.67762424,0.67932255,91.0064,91.0144
2025-02-14,USD,61.66814325,61.8227,1.0,1.0
2025-02-14,CAD,43.23644622,43.34480824,1.4263,1.42642
2025-02-14,INR,0.71012705,0.71190681,86.841,86.891
2025-02-14,JPY,0.40160034,0.40260686,153.556,153.562
2025-02-14,ARS,0.05837022,0.05851651,1056.5,1056.505
2025-02-14,BRL,10.66203482,10.68875672,5.7839,5.7859
2025-02-14,CLP,0.06509885,0.065262,947.3,947.9
2025-02-14,COP,0.01477753,0.01481457,4173.1,4175.1
2025-02-14,UYU,1.42023774,1.42379724,43.421,43.521
2025-02-14,PEN,16.61318514,16.65482219,3.712,3.715
2025-02-14,BOB,9.00264864,9.02521167,6.85,7.0
2025-02-14,MXP,3.0004215,3.00794135,20.55316,20.55794
2025-02-14,CUC,61.66814325,61.8227,1.0,1.0
2025-02-14,NIO,1.69537677,1.69962583,36.3743,37.3371
2025-02-14,DOP,1.00408914,1.00660566,61.417,62.957
2025-02-14,TTD,9.17080233,9.1937868,6.7244,6.8309
2025-02-14,ANG,35.09854482,35.18651109,1.757,1.8533
2025-02-17,EUR,65.04236196,65.2053754,1.05045,1.0505
2025-02-17,CNY,8.53572976,8.55712257,7.2537,7.2547
2025-02-17,TRY,1.70963721,1.71392201,36.21565,36.22495
2025-02-17,RUB,0.68054103,0.68224664,90.98,91.03
2025-02-17,USD,61.915623,62.0708,1.0,1.0
2025-02-17,CAD,43.72911949,43.83871628,1.41589,1.41603
2025-02-17,INR,0.71536577,0.71715866,86.551,86.601
2025-02-17,JPY,0.40669479,0.40771408,152.241,152.253
2025-02-17,ARS,0.05863221,0.05877916,1056.0,1056.005
2025-02-17,BRL,10.81892449,10.84603959,5.7229,5.7249
2025-02-17,CLP,0.06608703,0.06625266,936.88,937.53
2025-02-17,COP,0.01511759,0.01515548,4095.6,4097.6
2025-02-17,UYU,1.42906391,1.43264552,43.326,43.426
2025-02-17,PEN,16.66638573,16.70815612,3.715,3.718
2025-02-17,BOB,9.02560102,9.04822157,6.86,7.01
2025-02-17,MXP,3.05454479,3.06220029,20.27,20.3
2025-02-17,CUC,61.915623,62.0708,1.0,1.0
2025-02-17,NIO,1.70929975,1.7135837,36.2228,37.1755
2025-02-17,DOP,0.99847803,1.00098048,62.01,62.31
2025-02-17,TTD,9.22420377,9.24732208,6.7123,6.8188
2025-02-17,ANG,34.68662352,34.77355742,1.785,1.79
2025-02-18,EUR,64.92852405,65.09125218,1.04812,1.04817
2025-02-18,CNY,8.52832698,8.54970124,7.2634,7.2644
2025-02-18,TRY,1.70995476,1.71424036,36.2259,36.236
2025-02-18,RUB,0.67495993,0.67665156,91.7753,91.7833
2025-02-18,USD,61.94465025,62.0999,1.0,1.0
2025-02-18,CAD,43.67836006,43.78782964,1.4182,1.4187
2025-02-18,INR,0.71368915,0.71547785,86.795,86.845
2025-02-18,JPY,0.40904297,0.41006814,151.438,151.442
2025-02-18,ARS,0.05850734,0.05865397,1058.75,1058.755
2025-02-18,BRL,10.85795797,10.8851709,5.705,5.707
2025-02-18,CLP,0.06528736,0.06545099,948.8,949.4
2025-02-18,COP,0.01503292,0.01507059,4120.6,4122.6
2025-02-18,UYU,1.448293,1.4519228,42.7708,43.9157
2025-02-18,PEN,17.09666875,17.13951755,3.6232,3.7758
2025-02-18,BOB,9.18474122,9.20776062,6.7443,7.1259
2025-02-18,MXP,3.04710759,3.05474445,20.329,20.359
2025-02-18,CUC,61.94465025,62.0999,1.0,1.0
2025-02-18,NIO,1.70546346,1.70973781,36.3213,37.2754
2025-02-18,DOP,1.00201634,1.00452766,61.82,62.12
2025-02-18,TTD,9.32718748,9.35056389,6.6413,6.9275
2025-02-18,ANG,34.70288529,34.78985994,1.785,1.79
2025-02-19,EUR,64.82974361,64.99222417,1.04511,1.04517
2025-02-19,CNY,8.52160924,8.54296665,7.2789,7.2799
2025-02-19,TRY,1.7101485,1.71443459,36.2705,36.2745
2025-02-19,RUB,0.67548549,0.67717843,91.8272,91.8352
2025-02-19,USD,62.0279415,62.1834,1.0,1.0
2025-02-19,CAD,43.67826541,43.78773475,1.42011,1.42014
2025-02-19,INR,0.713851,0.7156401,86.892,86.942
2025-02-19,JPY,0.40869698,0.40972128,151.77,151.784
2025-02-19,ARS,0.05862754,0.05877448,1058.0,1058.005
2025-02-19,BRL,10.8700807,10.89732401,5.7063,5.7083
2025-02-19,CLP,0.06512598,0.0652892,952.43,953.08
2025-02-19,COP,0.01507471,0.01511249,4114.7,4116.7
2025-02-19,UYU,1.45269603,1.45633687,42.6985,43.8463
2025-02-19,PEN,17.13526381,17.17820934,3.6199,3.7729
2025-02-19,BOB,9.04197397,9.06463556,6.86,7.01
2025-02-19,MXP,3.0665003,3.07418576,20.2276,20.231
2025-02-19,CUC,62.0279415,62.1834,1.0,1.0
2025-02-19,NIO,1.70654444,1.71082149,36.3471,37.3036
2025-02-19,DOP,1.00093499,1.0034436,61.97,62.27
2025-02-19,TTD,9.34549832,9.36892062,6.6372,6.9241
2025-02-19,ANG,35.32544079,35.41397573,1.7559,1.8515
2025-02-20,EUR,65.05187559,65.21491288,1.0432,1.04326
2025-02-20,CNY,8.56116968,8.58262624,7.2834,7.2844
2025-02-20,TRY,1.71781895,1.72212426,36.2986,36.3086
2025-02-20,RUB,0.68823866,0.68996357,90.6,91.1
2025-02-20,USD,62.35442325,62.5107,1.0,1.0
2025-02-20,CAD,43.89580027,44.00581481,1.42051,1.42115
2025-02-20,INR,0.71811246,0.71991224,86.831,86.881
2025-02-20,JPY,0.41143641,0.41246758,151.553,151.563
2025-02-20,ARS,0.05890828,0.05905592,1058.5,1058.505
2025-02-20,BRL,10.94474886,10.97217931,5.6972,5.6992
2025-02-20,CLP,0.06551004,0.06567422,951.83,952.48
2025-02-20,COP,0.01523626,0.01527445,4092.5,4094.5
2025-02-20,UYU,1.44318898,1.44680599,43.206,43.306
2025-02-20,PEN,16.93033484,16.97276676,3.683,3.686
2025-02-20,BOB,9.10283551,9.12564963,6.85,7.0
2025-02-20,MXP,3.0661802,3.07386486,20.33619,20.34037
2025-02-20,CUC,62.35442325,62.5107,1.0,1.0
2025-02-20,NIO,1.71767226,1.7219772,36.3017,37.2606
2025-02-20,DOP,1.00474417,1.00726232,62.06,62.36
2025-02-20,TTD,9.28971473,9.31299722,6.7122,6.8187
2025-02-20,ANG,35.55997904,35.64910179,1.7535,1.8494
2025-02-21,EUR,65.90142763,66.06659412,1.04519,1.04525
2025-02-21,CNY,8.69034924,8.71212956,7.255,7.256
2025-02-21,TRY,1.73658579,1.74093813,36.306,36.3123
2025-02-21,RUB,0.71380274,0.71559172,88.3276,88.3356
2025-02-21,USD,63.04848375,63.2065,1.0,1.0
2025-02-21,CAD,44.41378991,44.52510267,1.41957,1.41969
2025-02-21,INR,0.72856414,0.73039011,86.538,86.588
2025-02-21,JPY,0.42081136,0.42186603,149.826,149.844
2025-02-21,ARS,0.05954992,0.05969917,1058.75,1058.755
2025-02-21,BRL,11.07648912,11.10424974,5.6921,5.6941
2025-02-21,CLP,0.06687578,0.06704339,942.77,943.37
2025-02-21,COP,0.01547999,0.01551879,4072.9,4074.9
2025-02-21,UYU,1.45925296,1.46291024,43.206,43.306
2025-02-21,PEN,17.09557585,17.1384219,3.688,3.692
2025-02-21,BOB,9.3869642,9.41049042,6.7166,7.0997
2025-02-21,MXP,3.09561956,3.10337801,20.367,20.3703
2025-02-21,CUC,63.04848375,63.2065,1.0,1.0
2025-02-21,NIO,1.73648535,1.74083744,36.3081,37.2658
2025-02-21,DOP,1.02003694,1.02259343,61.81,62.11
2025-02-21,TTD,9.39311756,9.41665921,6.7122,6.8187
2025-02-21,ANG,35.94759322,36.03768743,1.7539,1.8497
2025-02-24,EUR,66.21887911,66.38484121,1.04682,1.04685
2025-02-24,CNY,8.72162991,8.74348863,7.2527,7.2537
2025-02-24,TRY,1.73760336,1.74195825,36.4038,36.4138
2025-02-24,RUB,0.70935876,0.7111366,89.1726,89.1806
2025-02-24,USD,63.25536525,63.4139,1.0,1.0
2025-02-24,CAD,44.57836687,44.6900921,1.41897,1.41907
2025-02-24,INR,0.73061707,0.73244819,86.578,86.628
2025-02-24,JPY,0.4224544,0.42351318,149.733,149.74
2025-02-24,ARS,0.05977355,0.05992336,1058.25,1058.255
2025-02-24,BRL,11.09256733,11.12036825,5.7025,5.7045
2025-02-24,CLP,0.06724858,0.06741712,940.62,941.27
2025-02-24,COP,0.01555523,0.01559422,4066.5,4068.5
2025-02-24,UYU,1.46689312,1.47056954,43.122,43.222
2025-02-24,PEN,17.17495662,17.21800162,3.683,3.684
2025-02-24,BOB,9.23435989,9.25750364,6.85,7.0
2025-02-24,MXP,3.11351249,3.12131578,20.3164,20.3211
2025-02-24,CUC,63.25536525,63.4139,1.0,1.0
2025-02-24,NIO,1.74051028,1.74487246,36.343,37.2986
2025-02-24,DOP,1.01811307,1.02066473,62.13,62.43
2025-02-24,TTD,9.38339839,9.40691568,6.7412,6.8477
2025-02-24,ANG,35.43717941,35.52599439,1.785,1.79
2025-02-25,EUR,66.26621233,66.43229306,1.04623,1.04628
2025-02-25,CNY,8.73876393,8.76066559,7.2476,7.2486
2025-02-25,TRY,1.73852237,1.74287957,36.4304,36.436
2025-02-25,RUB,0.71882139,0.72062295,88.1096,88.1176
2025-02-25,USD,63.3350655,63.4938,1.0,1.0
2025-02-25,CAD,44.52471089,44.63630164,1.42247,1.4231
2025-02-25,INR,0.73105633,0.73288855,86.635,86.685
2025-02-25,JPY,0.42314211,0.42420262,149.678,149.69
2025-02-25,ARS,0.05973597,0.05988568,1060.25,1060.255
2025-02-25,BRL,11.05690639,11.08461793,5.7281,5.7301
2025-02-25,CLP,0.06679223,0.06695963,948.24,948.89
2025-02-25,COP,0.01541186,0.01545049,4109.5,4111.5
2025-02-25,UYU,1.48829679,1.49202686,42.5554,43.7014
2025-02-25,PEN,17.57208487,17.61612518,3.6043,3.7571
2025-02-25,BOB,9.23251683,9.25565597,6.86,7.01
2025-02-25,MXP,3.09458749,3.10234335,20.4664,20.4701
2025-02-25,CUC,63.3350655,63.4938,1.0,1.0
2025-02-25,NIO,1.74431114,1.74868285,36.3095,37.2645
2025-02-25,DOP,1.01890388,1.02145752,62.16,62.46
2025-02-25,TTD,9.530089,9.55397393,6.6458,6.9322
2025-02-25,ANG,36.10893129,36.19942987,1.754,1.8495
2025-02-26,EUR,67.07690989,67.24502244,1.05033,1.05039
2025-02-26,CNY,8.80098295,8.82304056,7.2559,7.2569
2025-02-26,TRY,1.75311734,1.75751111,36.426,36.4323
2025-02-26,RUB,0.73739393,0.73924204,86.601,86.65
2025-02-26,USD,63.85905225,64.0191,1.0,1.0
2025-02-26,CAD,44.77378055,44.88599554,1.42626,1.42634
2025-02-26,INR,0.73282441,0.73466106,87.141,87.191
2025-02-26,JPY,0.42819628,0.42926945,149.135,149.147
2025-02-26,ARS,0.06020179,0.06035267,1060.75,1060.755
2025-02-26,BRL,11.06416692,11.09189666,5.7717,5.7737
2025-02-26,CLP,0.06785719,0.06802726,941.08,941.73
2025-02-26,COP,0.01549262,0.01553145,4121.9,4123.9
2025-02-26,UYU,1.49053642,1.4942721,42.843,42.943
2025-02-26,PEN,17.34357747,17.38704508,3.682,3.684
2025-02-26,BOB,9.32248937,9.34585401,6.85,7.0
2025-02-26,MXP,3.12339461,3.13122267,20.4454,20.4515
2025-02-26,CUC,63.85905225,64.0191,1.0,1.0
2025-02-26,NIO,1.75946912,1.76387882,36.2945,37.2471
2025-02-26,DOP,1.02832612,1.03090338,62.1,62.4
2025-02-26,TTD,9.47393401,9.49767821,6.7405,6.847
2025-02-26,ANG,36.42428259,36.51557152,1.7532,1.8484
2025-02-27,EUR,67.24811362,67.41665526,1.04884,1.04944
2025-02-27,CNY,8.82960819,8.85173753,7.2574,7.2584
2025-02-27,TRY,1.75824171,1.76264833,36.4455,36.451
2025-02-27,RUB,0.7434461,0.74530937,86.1932,86.2012
2025-02-27,USD,64.0799985,64.2406,1.0,1.0
2025-02-27,CAD,44.70583206,44.81787675,1.43337,1.43347
2025-02-27,INR,0.73602718,0.73787186,87.062,87.112
2025-02-27,JPY,0.42807611,0.42914899,149.693,149.702
2025-02-27,ARS,0.06039585,0.06054721,1061.0,1061.005
2025-02-27,BRL,11.05399318,11.08169742,5.797,5.799
2025-02-27,CLP,0.06781813,0.0679881,944.88,945.53
2025-02-27,COP,0.01549735,0.01553619,4134.9,4136.9
2025-02-27,UYU,1.50105407,1.50481611,42.69,42.79
2025-02-27,PEN,17.41304307,17.45668478,3.68,3.681
2025-02-27,BOB,9.3547443,9.37818978,6.85,7.0
2025-02-27,MXP,3.12158995,3.12941348,20.528,20.558
2025-02-27,CUC,64.0799985,64.2406,1.0,1.0
2025-02-27,NIO,1.7635451,1.76796501,36.3359,37.2893
2025-02-27,DOP,1.03138577,1.0339707,62.13,62.43
2025-02-27,TTD,9.5430986,9.56701614,6.7148,6.8213
2025-02-27,ANG,36.50865912,36.60015952,1.7552,1.8505
2025-02-28,EUR,66.74406232,66.91134067,1.04143,1.04148
2025-02-28,CNY,8.82056073,8.8426674,7.2655,7.2665
2025-02-28,TRY,1.7591969,1.76360591,36.429,36.434
2025-02-28,RUB,0.7342248,0.73606496,87.2836,87.2916
2025-02-28,USD,64.085784,64.2464,1.0,1.0
2025-02-28,CAD,44.45123083,44.56263742,1.44171,1.4419
2025-02-28,INR,0.73576404,0.73760806,87.101,87.151
2025-02-28,JPY,0.4276862,0.4287581,149.843,149.859
2025-02-28,ARS,0.06037285,0.06052416,1061.5,1061.505
2025-02-28,BRL,10.98826926,11.01580878,5.8322,5.8342
2025-02-28,CLP,0.06725836,0.06742692,952.83,953.48
2025-02-28,COP,0.01554763,0.01558659,4121.9,4123.9
2025-02-28,UYU,1.50992587,1.51371015,42.443,42.543
2025-02-28,PEN,17.87658902,17.9213925,3.5849,3.7376
2025-02-28,BOB,9.54069226,9.56460377,6.7171,7.0988
2025-02-28,MXP,3.12720363,3.13504123,20.493,20.523
2025-02-28,CUC,64.085784,64.2464,1.0,1.0
2025-02-28,NIO,1.7649964,1.76941995,36.3093,37.2636
2025-02-28,DOP,1.03181104,1.03439703,62.11,62.41
2025-02-28,TTD,9.53643308,9.56033392,6.7201,6.8266
2025-02-28,ANG,35.9024,35.99238095,1.785,1.79
2025-03-05,EUR,66.95400743,67.12181196,1.04084,1.0409
2025-03-05,CNY,8.83863813,8.8607901,7.2775,7.2785
2025-03-05,TRY,1.76160829,1.76602335,36.5139,36.5202
2025-03-05,RUB,0.72413109,0.72594595,88.8281,88.8361
2025-03-05,USD,64.323189,64.4844,1.0,1.0
2025-03-05,CAD,44.55069814,44.66235403,1.44382,1.44445
2025-03-05,INR,0.7365363,0.73838226,87.332,87.382
2025-03-05,JPY,0.42706743,0.42813778,150.616,150.629
2025-03-05,ARS,0.06059194,0.0607438,1061.5799,1061.5885
2025-03-05,BRL,11.0146219,11.04222747,5.8398,5.8418
2025-03-05,CLP,0.06768154,0.06785117,950.38,951.03
2025-03-05,COP,0.01559236,0.01563144,4125.3,4127.3
2025-03-05,UYU,1.51716369,1.5209661,42.397,42.497
2025-03-05,PEN,17.50767256,17.55155144,3.674,3.679
2025-03-05,BOB,9.37655816,9.4000583,6.86,7.01
2025-03-05,MXP,3.14486535,3.15274722,20.4534,20.4596
2025-03-05,CUC,64.323189,64.4844,1.0,1.0
2025-03-05,NIO,1.771852,1.77629273,36.3028,37.264
2025-03-05,DOP,1.04600756,1.04862913,61.494,63.032
2025-03-05,TTD,9.55285427,9.57679626,6.7334,6.8399
2025-03-05,ANG,36.6890195,36.78097193,1.7532,1.8493
2025-03-06,EUR,69.32120736,69.49494472,1.07556,1.07558
2025-03-06,CNY,8.88954235,8.9118219,7.2501,7.2511
2025-03-06,TRY,1.76910455,1.77353839,36.4309,36.4409
2025-03-06,RUB,0.71910016,0.72090241,89.626,89.675
2025-03-06,USD,64.450071,64.6116,1.0,1.0
2025-03-06,CAD,44.89010538,45.00261191,1.43573,1.4359
2025-03-06,INR,0.74152989,0.74338836,86.915,86.965
2025-03-06,JPY,0.43287038,0.43395526,148.89,148.896
2025-03-06,ARS,0.0606161,0.06076802,1063.25,1063.255
2025-03-06,BRL,10.95121168,10.97865832,5.8852,5.8872
2025-03-06,CLP,0.06886132,0.06903391,935.94,936.54
2025-03-06,COP,0.01564094,0.01568014,4120.6,4122.6
2025-03-06,UYU,1.51344536,1.51723846,42.585,42.685
2025-03-06,PEN,17.57090267,17.61494002,3.668,3.674
2025-03-06,BOB,9.40876948,9.43235036,6.85,7.0
2025-03-06,MXP,3.16319366,3.17112147,20.375,20.383
2025-03-06,CUC,64.450071,64.6116,1.0,1.0
2025-03-06,NIO,1.77647261,1.78092492,36.2798,37.2149
2025-03-06,DOP,1.03484378,1.03743737,62.28,62.58
2025-03-06,TTD,9.58180143,9.60581597,6.7263,6.8328
2025-03-06,ANG,36.10648235,36.19697478,1.785,1.79
2025-03-07,EUR,70.03116094,70.20667764,1.08426,1.08434
2025-03-07,CNY,8.9127051,8.93504271,7.2463,7.2473
2025-03-07,TRY,1.7741432,1.77858967,36.403,36.414
2025-03-07,RUB,0.7252969,0.72711468,89.0451,89.0531
2025-03-07,USD,64.584135,64.746,1.0,1.0
2025-03-07,CAD,45.20925617,45.32256258,1.42856,1.42869
2025-03-07,INR,0.74243171,0.74429244,86.99,87.04
2025-03-07,JPY,0.43678951,0.43788422,147.861,147.867
2025-03-07,ARS,0.06071364,0.0608658,1063.75,1063.755
2025-03-07,BRL,11.248456,11.27664762,5.7416,5.7436
2025-03-07,CLP,0.07000003,0.07017547,922.63,923.28
2025-03-07,COP,0.01577955,0.0158191,4092.9,4094.9
2025-03-07,UYU,1.51627306,1.52007324,42.594,42.694
2025-03-07,PEN,17.73948279,17.78394264,3.6407,3.6457
2025-03-07,BOB,9.41459693,9.43819241,6.86,7.01
2025-03-07,MXP,3.18682201,3.19480903,20.266,20.27153
2025-03-07,CUC,64.584135,64.746,1.0,1.0
2025-03-07,NIO,1.77732161,1.78177605,36.3379,37.2639
2025-03-07,DOP,1.0355,1.03809523,62.37,62.67
2025-03-07,TTD,9.65195627,9.67614663,6.6913,6.7978
2025-03-07,ANG,36.77912015,36.8712984,1.756,1.8486
2025-03-10,EUR,70.73509801,70.91237896,1.08643,1.08651
2025-03-10,CNY,8.99797306,9.02052437,7.2353,7.2363
2025-03-10,TRY,1.78660418,1.79108188,36.43954,36.44539
2025-03-10,RUB,0.73200964,0.73384425,88.9374,88.9454
2025-03-10,USD,65.1030345,65.2662,1.0,1.0
2025-03-10,CAD,45.37144624,45.48515914,1.43489,1.4349
2025-03-10,INR,0.74818174,0.75005688,87.015,87.065
2025-03-10,JPY,0.44118507,0.4422908,147.564,147.571
2025-03-10,ARS,0.06118706,0.06134041,1064.0,1064.005
2025-03-10,BRL,11.26564475,11.29387945,5.7789,5.7809
2025-03-10,CLP,0.07015035,0.07032616,928.05,928.65
2025-03-10,COP,0.015844,0.01588371,4109.0,4111.0
2025-03-10,UYU,1.54718417,1.55106182,42.0784,43.185
2025-03-10,PEN,18.17708133,18.22263792,3.5816,3.7291
2025-03-10,BOB,9.50409262,9.5279124,6.85,7.0
2025-03-10,MXP,3.20680591,3.21484302,20.30152,20.30704
2025-03-10,CUC,65.1030345,65.2662,1.0,1.0
2025-03-10,NIO,1.79046325,1.79495063,36.361,37.2831
2025-03-10,DOP,1.04315068,1.0457651,62.41,62.71
2025-03-10,TTD,9.78492718,9.8094508,6.6534,6.9301
2025-03-10,ANG,36.47228823,36.56369747,1.785,1.79
2025-03-11,EUR,70.70267776,70.87987745,1.08349,1.08354
2025-03-11,CNY,8.99252532,9.01506298,7.2562,7.2572
2025-03-11,TRY,1.78581666,1.79029239,36.53878,36.55106
2025-03-11,RUB,0.74263175,0.74449299,87.8653,87.8733
2025-03-11,USD,65.25156225,65.4151,1.0,1.0
2025-03-11,CAD,45.27522671,45.38869846,1.44122,1.44131
2025-03-11,INR,0.74780891,0.74968311,87.257,87.307
2025-03-11,JPY,0.44349597,0.44460748,147.13,147.143
2025-03-11,ARS,0.06125469,0.06140821,1065.25,1065.255
2025-03-11,BRL,11.27710107,11.30536448,5.7862,5.7882
2025-03-11,CLP,0.07021959,0.07039558,929.25,929.9
2025-03-11,COP,0.01569037,0.01572969,4158.7,4160.7
2025-03-11,UYU,1.53924236,1.54310011,42.392,42.492
2025-03-11,PEN,17.84292104,17.88764014,3.657,3.662
2025-03-11,BOB,9.51188954,9.53572886,6.86,7.01
2025-03-11,MXP,3.21980302,3.22787271,20.2657,20.2703
2025-03-11,CUC,65.25156225,65.4151,1.0,1.0
2025-03-11,NIO,1.78722438,1.79170364,36.51,37.01
2025-03-11,DOP,1.04502822,1.04764734,62.44,62.74
2025-03-11,TTD,9.69317739,9.71747106,6.7317,6.8382
2025-03-11,ANG,37.13594118,37.22901371,1.7571,1.8493
2025-03-12,EUR,71.45257306,71.6316522,1.09144,1.0915
2025-03-12,CNY,9.05669996,9.07939845,7.2281,7.2291
2025-03-12,TRY,1.78926216,1.79374653,36.58644,36.59351
2025-03-12,RUB,0.76659729,0.76851859,85.3939,85.4019
2025-03-12,USD,65.462733,65.6268,1.0,1.0
2025-03-12,CAD,45.11590913,45.22898159,1.45099,1.45167
2025-03-12,INR,0.75135703,0.75324013,87.126,87.176
2025-03-12,JPY,0.44440567,0.44551946,147.304,147.319
2025-03-12,ARS,0.06143851,0.06159249,1065.5,1065.505
2025-03-12,BRL,11.20994794,11.23804305,5.8397,5.8417
2025-03-12,CLP,0.06989774,0.07007292,936.55,937.2
2025-03-12,COP,0.01570602,0.01574539,4168.0,4170.0
2025-03-12,UYU,1.5495605,1.55344411,42.246,42.346
2025-03-12,PEN,17.84455036,17.88927354,3.6685,3.6735
2025-03-12,BOB,9.55660335,9.58055474,6.85,7.0
2025-03-12,MXP,3.2121539,3.22020441,20.3797,20.3857
2025-03-12,CUC,65.462733,65.6268,1.0,1.0
2025-03-12,NIO,1.80146546,1.80598041,36.3386,37.2556
2025-03-12,DOP,1.04690121,1.04952502,62.53,62.83
2025-03-12,TTD,9.70076953,9.72508224,6.7482,6.8547
2025-03-12,ANG,37.27521523,37.36863682,1.7562,1.8479
2025-03-13,EUR,72.12905929,72.30983388,1.09138,1.0914
2025-03-13,CNY,9.12964186,9.15252317,7.2389,7.2399
2025-03-13,TRY,1.80747632,1.81200634,36.564,36.5703
2025-03-13,RUB,0.75767047,0.75956939,87.226,87.275
2025-03-13,USD,66.0885645,66.2542,1.0,1.0
2025-03-13,CAD,45.87922477,45.9942103,1.44049,1.44062
2025-03-13,INR,0.7582355,0.76013584,87.161,87.211
2025-03-13,JPY,0.4456831,0.4468001,148.286,148.292
2025-03-13,ARS,0.06199677,0.06215215,1066.0,1066.005
2025-03-13,BRL,11.34645546,11.37489269,5.8246,5.8266
2025-03-13,CLP,0.0709996,0.07117755,930.83,931.43
2025-03-13,COP,0.01609325,0.01613358,4106.6,4108.6
2025-03-13,UYU,1.55832502,1.5622306,42.41,42.51
2025-03-13,PEN,18.0629071,18.10817754,3.6588,3.6638
2025-03-13,BOB,9.63390153,9.65804664,6.86,7.01
2025-03-13,MXP,3.27396399,3.28216941,20.1861,20.1895
2025-03-13,CUC,66.0885645,66.2542,1.0,1.0
2025-03-13,NIO,1.8171425,1.82169675,36.3695,37.2874
2025-03-13,DOP,1.05792483,1.06057627,62.47,62.77
2025-03-13,TTD,9.81343299,9.83802806,6.7345,6.841
2025-03-13,ANG,37.02440588,37.11719887,1.785,1.79
2025-03-14,EUR,71.97065159,72.15102916,1.086,1.08601
2025-03-14,CNY,9.14797951,9.17090678,7.2443,7.2453
2025-03-14,TRY,1.81030411,1.81484122,36.6075,36.6138
2025-03-14,RUB,0.76745733,0.76938078,86.351,86.359
2025-03-14,USD,66.270708,66.4368,1.0,1.0
2025-03-14,CAD,46.04370735,46.15910512,1.4393,1.43934
2025-03-14,INR,0.76256496,0.76447615,86.905,86.955
2025-03-14,JPY,0.44820812,0.44933144,147.857,147.861
2025-03-14,ARS,0.06215159,0.06230736,1066.2753,1066.2836
2025-03-14,BRL,11.42716625,11.45580577,5.7994,5.8014
2025-03-14,CLP,0.07094985,0.07112766,934.05,934.7
2025-03-14,COP,0.01610584,0.0161462,4114.7,4116.7
2025-03-14,UYU,1.5828222,1.58678917,41.8687,42.9739
2025-03-14,PEN,18.07810246,18.12341098,3.6658,3.6708
2025-03-14,BOB,9.85394079,9.87863738,6.7253,7.0937
2025-03-14,MXP,3.29862561,3.30689284,20.0904,20.0953
2025-03-14,CUC,66.270708,66.4368,1.0,1.0
2025-03-14,NIO,1.82394101,1.82851229,36.3338,37.2548
2025-03-14,DOP,1.07026337,1.07294573,61.92,63.394
2025-03-14,TTD,9.96057715,9.985541,6.6533,6.9296
2025-03-14,ANG,37.73958314,37.83416856,1.756,1.8481
2025-03-17,EUR,72.21737272,72.39836864,1.08775,1.08776
2025-03-17,CNY,9.17356253,9.19655391,7.2372,7.2382
2025-03-17,TRY,1.81044219,1.81497964,36.6711,36.6811
2025-03-17,RUB,0.77716446,0.77911224,85.4271,85.4351
2025-03-17,USD,66.39090675,66.5573,1.0,1.0
2025-03-17,CAD,46.12561694,46.24121999,1.43935,1.43953
2025-03-17,INR,0.76401839,0.76593323,86.897,86.947
2025-03-17,JPY,0.44714004,0.44826069,148.479,148.492
2025-03-17,ARS,0.06226579,0.06242185,1066.25,1066.255
2025-03-17,BRL,11.5756367,11.60464832,5.7354,5.7374
2025-03-17,CLP,0.07114099,0.07131928,933.23,933.88
2025-03-17,COP,0.01615193,0.01619241,4110.4,4112.4
2025-03-17,UYU,1.57926189,1.58321994,42.0392,43.1397
2025-03-17,PEN,18.48093384,18.52725197,3.5924,3.7391
2025-03-17,BOB,9.67797474,9.70223032,6.86,7.01
2025-03-17,MXP,3.3358912,3.34425183,19.902,19.9074
2025-03-17,CUC,66.39090675,66.5573,1.0,1.0
2025-03-17,NIO,1.82818004,1.83276194,36.3153,37.2323
2025-03-17,DOP,1.05903504,1.06168926,62.69,62.99
2025-03-17,TTD,9.98734964,10.01238059,6.6475,6.9226
2025-03-17,ANG,37.82526592,37.92006608,1.7552,1.8469
2025-03-18,EUR,72.73217708,72.91446324,1.09172,1.09173
2025-03-18,CNY,9.21172395,9.23481098,7.2322,7.2332
2025-03-18,TRY,1.81874501,1.82330327,36.63022,36.63402
2025-03-18,RUB,0.8079899,0.81001494,82.4528,83.4608
2025-03-18,USD,66.62103,66.788,1.0,1.0
2025-03-18,CAD,46.62954512,46.74641114,1.42873,1.42886
2025-03-18,INR,0.76878994,0.77071673,86.657,86.707
2025-03-18,JPY,0.44832757,0.4494512,148.599,148.605
2025-03-18,ARS,0.06237924,0.06253558,1068.0,1068.005
2025-03-18,BRL,11.70926427,11.73861079,5.6896,5.6916
2025-03-18,CLP,0.07236618,0.07254754,920.61,921.21
2025-03-18,COP,0.01635714,0.01639814,4072.9,4074.9
2025-03-18,UYU,1.56376381,1.56768302,42.603,42.703
2025-03-18,PEN,18.27637166,18.3221771,3.6452,3.6502
2025-03-18,BOB,9.90146691,9.92628262,6.7284,7.0954
2025-03-18,MXP,3.34713448,3.35552328,19.9039,19.909
2025-03-18,CUC,66.62103,66.788,1.0,1.0
2025-03-18,NIO,1.83260932,1.83720232,36.3531,37.2707
2025-03-18,DOP,1.06747364,1.07014901,62.41,62.71
2025-03-18,TTD,9.86145477,9.88617019,6.7557,6.8622
2025-03-18,ANG,37.32270588,37.41624649,1.785,1.79
2025-03-20,EUR,73.53246968,73.71676159,1.08987,1.08993
2025-03-20,CNY,9.33478809,9.35818355,7.2273,7.2283
2025-03-20,TRY,1.8382769,1.84288411,36.7003,36.7066
2025-03-20,RUB,0.82433205,0.82639805,81.8424,81.8504
2025-03-20,USD,67.465314,67.6344,1.0,1.0
2025-03-20,CAD,47.12778825,47.24590301,1.43154,1.43162
2025-03-20,INR,0.77962135,0.78157529,86.536,86.586
2025-03-20,JPY,0.45086285,0.45199283,149.636,149.642
2025-03-20,ARS,0.06315498,0.06331326,1068.25,1068.255
2025-03-20,BRL,11.87330634,11.903064,5.6821,5.6841
2025-03-20,CLP,0.07354129,0.0737256,917.38,918.03
2025-03-20,COP,0.01633621,0.01637716,4129.8,4131.8
2025-03-20,UYU,1.60318696,1.60720498,42.082,42.182
2025-03-20,PEN,18.51103385,18.55742742,3.6446,3.6496
2025-03-20,BOB,9.83459387,9.85924198,6.86,7.01
2025-03-20,MXP,3.37124126,3.37969049,20.01201,20.01762
2025-03-20,CUC,67.465314,67.6344,1.0,1.0
2025-03-20,NIO,1.8567941,1.86144772,36.3343,37.2502
2025-03-20,DOP,1.07617345,1.07887063,62.69,62.99
2025-03-20,TTD,10.008948,10.03403308,6.7405,6.847
2025-03-20,ANG,38.41550734,38.51178681,1.7562,1.8477
2025-03-21,EUR,73.27499888,73.45864549,1.08249,1.08253
2025-03-21,CNY,9.34087549,9.3642862,7.2465,7.2475
2025-03-21,TRY,1.78628714,1.79076406,37.89349,37.91877
2025-03-21,RUB,0.79821526,0.8002158,84.8,84.851
2025-03-21,USD,67.68865425,67.8583,1.0,1.0
2025-03-21,CAD,47.14613869,47.26429944,1.43572,1.43583
2025-03-21,INR,0.78455039,0.78651668,86.277,86.327
2025-03-21,JPY,0.45497331,0.45611359,148.775,148.779
2025-03-21,ARS,0.0633196,0.06347829,1069.0,1069.005
2025-03-21,BRL,11.93761317,11.967532,5.6702,5.6722
2025-03-21,CLP,0.072916,0.07309874,928.31,928.91
2025-03-21,COP,0.01617101,0.01621154,4185.8,4187.8
2025-03-21,UYU,1.60266731,1.60668402,42.235,42.335
2025-03-21,PEN,18.67994653,18.72676343,3.6236,3.6286
2025-03-21,BOB,9.86715076,9.89188046,6.86,7.01
2025-03-21,MXP,3.35387887,3.36228458,20.1822,20.1871
2025-03-21,CUC,67.68865425,67.8583,1.0,1.0
2025-03-21,NIO,1.86282812,1.86749686,36.3365,37.258
2025-03-21,DOP,1.0776732,1.08037414,62.81,63.11
2025-03-21,TTD,10.03687044,10.0620255,6.744,6.8505
2025-03-21,ANG,37.9208147,38.01585434,1.785,1.79
2025-03-24,EUR,73.77811112,73.96301866,1.08265,1.08273
2025-03-24,CNY,9.40119769,9.42475959,7.2481,7.2491
2025-03-24,TRY,1.79313136,1.79762543,38.00102,38.01101
2025-03-24,RUB,0.80640502,0.80842608,84.4995,84.5075
2025-03-24,USD,68.140821,68.3116,1.0,1.0
2025-03-24,CAD,47.48820196,47.60722001,1.4349,1.43499
2025-03-24,INR,0.79263006,0.7946166,85.968,86.018
2025-03-24,JPY,0.45783716,0.45898462,148.832,148.842
2025-03-24,ARS,0.06380226,0.06396217,1068.0,1068.005
2025-03-24,BRL,11.88758413,11.91737757,5.7321,5.7341
2025-03-24,CLP,0.07323426,0.0734178,930.45,931.05
2025-03-24,COP,0.01633132,0.01637225,4172.4,4174.4
2025-03-24,UYU,1.61540043,1.61944905,42.182,42.282
2025-03-24,PEN,18.75607514,18.80308285,3.633,3.638
2025-03-24,BOB,9.9475651,9.97249635,6.85,7.0
2025-03-24,MXP,3.37158045,3.38003052,20.21035,20.21575
2025-03-24,CUC,68.140821,68.3116,1.0,1.0
2025-03-24,NIO,1.87539586,1.8800961,36.3341,37.2556
2025-03-24,DOP,1.08383682,1.0865532,62.87,63.17
2025-03-24,TTD,10.09164731,10.11693966,6.7522,6.8587
2025-03-24,ANG,38.80456776,38.90182232,1.756,1.8481
2025-03-25,EUR,73.66609853,73.85072534,1.07977,1.07979
2025-03-25,CNY,9.40664258,9.43021812,7.2526,7.2536
2025-03-25,TRY,1.79554037,1.80004047,37.99559,38.00686
2025-03-25,RUB,0.81070122,0.81273305,84.1526,84.1606
2025-03-25,USD,68.222616,68.3936,1.0,1.0
2025-03-25,CAD,47.6478136,47.76723168,1.43181,1.43194
2025-03-25,INR,0.79776671,0.79976612,85.517,85.567
2025-03-25,JPY,0.45317994,0.45431573,150.542,150.546
2025-03-25,ARS,0.06385493,0.06401497,1068.4,1068.405
2025-03-25,BRL,11.90870967,11.93855606,5.7288,5.7308
2025-03-25,CLP,0.0734817,0.07366586,928.43,929.08
2025-03-25,COP,0.01643918,0.01648038,4150.0,4152.0
2025-03-25,UYU,1.61565424,1.6197035,42.226,42.326
2025-03-25,PEN,18.722931,18.76985564,3.6438,3.6488
2025-03-25,BOB,9.94498775,9.96991253,6.86,7.01
2025-03-25,MXP,3.39276913,3.40127231,20.10824,20.11287
2025-03-25,CUC,68.222616,68.3936,1.0,1.0
2025-03-25,NIO,1.8762012,1.88090346,36.3621,37.286
2025-03-25,DOP,1.08341457,1.0861299,62.97,63.27
2025-03-25,TTD,10.09792868,10.12323677,6.7561,6.8626
2025-03-25,ANG,38.21995294,38.31574229,1.785,1.79
2025-03-26,EUR,74.11334037,74.29908809,1.08148,1.08151
2025-03-26,CNY,9.4429725,9.4666391,7.257,7.258
2025-03-26,TRY,1.80476031,1.80928352,37.9705,37.9845
2025-03-26,RUB,0.80974099,0.81177041,84.6291,84.6371
2025-03-26,USD,68.5276515,68.6994,1.0,1.0
2025-03-26,CAD,47.91138327,48.03146193,1.4303,1.4308
2025-03-26,INR,0.80028555,0.80229127,85.629,85.679
2025-03-26,JPY,0.45813378,0.45928198,149.58,149.59
2025-03-26,ARS,0.06401462,0.06417505,1070.5,1070.505
2025-03-26,BRL,12.05560077,12.08581531,5.6843,5.6863
2025-03-26,CLP,0.07448657,0.07467326,920.0,920.6
2025-03-26,COP,0.0166941,0.01673594,4104.9,4106.9
2025-03-26,UYU,1.6271168,1.63119479,42.116,42.216
2025-03-26,PEN,18.84284302,18.89006819,3.6368,3.6418
2025-03-26,BOB,10.00403671,10.02910948,6.85,7.0
2025-03-26,MXP,3.41834945,3.42691674,20.047,20.077
2025-03-26,CUC,68.5276515,68.6994,1.0,1.0
2025-03-26,NIO,1.8774699,1.88217534,36.5,37.0
2025-03-26,DOP,1.0877405,1.09046666,63.0,63.3
2025-03-26,TTD,10.19134925,10.21689147,6.7241,6.8306
2025-03-26,ANG,39.04042129,39.13826696,1.7553,1.8477
2025-03-27,EUR,74.26789542,74.4540305,1.07874,1.07875
2025-03-27,CNY,9.47681982,9.50057125,7.2647,7.2657
2025-03-27,TRY,1.81146701,1.81600703,38.0058,38.0121
2025-03-27,RUB,0.81786029,0.81991007,84.1785,84.1865
2025-03-27,USD,68.846253,69.0188,1.0,1.0
2025-03-27,CAD,48.34403232,48.46519531,1.42409,1.4242
2025-03-27,INR,0.80435382,0.80636975,85.592,85.642
2025-03-27,JPY,0.45700077,0.45814614,150.648,150.657
2025-03-27,ARS,0.06428221,0.06444332,1071.0,1071.005
2025-03-27,BRL,11.99412073,12.02418118,5.74,5.742
2025-03-27,CLP,0.07471431,0.07490156,921.46,922.06
2025-03-27,COP,0.01666172,0.01670348,4132.0,4134.0
2025-03-27,UYU,1.63557486,1.63967405,42.093,42.193
2025-03-27,PEN,18.91172755,18.95912537,3.6404,3.6454
2025-03-27,BOB,10.03589693,10.06104956,6.86,7.01
2025-03-27,MXP,3.42110181,3.429676,20.124,20.154
2025-03-27,CUC,68.846253,69.0188,1.0,1.0
2025-03-27,NIO,1.8933884,1.89813373,36.3614,37.2886
2025-03-27,DOP,1.09279766,1.0955365,63.0,63.5
2025-03-27,TTD,10.18978346,10.21532176,6.7564,6.8629
2025-03-27,ANG,38.56932941,38.66599439,1.785,1.79
2025-03-28,EUR,74.75159207,74.93893942,1.07917,1.07921
2025-03-28,CNY,9.53132656,9.55521459,7.2671,7.2681
2025-03-28,TRY,1.82241577,1.82698323,38.0073,38.0136
2025-03-28,RUB,0.82922426,0.83130252,83.53,83.58
2025-03-28,USD,69.26510325,69.4387,1.0,1.0
2025-03-28,CAD,48.42460569,48.54597062,1.43037,1.43051
2025-03-28,INR,0.80832189,0.81034776,85.69,85.74
2025-03-28,JPY,0.45899502,0.46014538,150.906,150.915
2025-03-28,ARS,0.06464389,0.06480591,1071.4871,1071.4954
2025-03-28,BRL,12.07213874,12.10239472,5.7376,5.7396
2025-03-28,CLP,0.07435468,0.07454103,931.55,932.2
2025-03-28,COP,0.01669682,0.01673867,4148.4,4150.4
2025-03-28,UYU,1.64486115,1.64898361,42.11,42.21
2025-03-28,PEN,18.98818555,19.03577498,3.6478,3.6528
2025-03-28,BOB,10.1116939,10.13703649,6.85,7.0
2025-03-28,MXP,3.41318375,3.4217381,20.2934,20.2995
2025-03-28,CUC,69.26510325,69.4387,1.0,1.0
2025-03-28,NIO,1.90709458,1.91187427,36.3197,37.2462
2025-03-28,DOP,1.10066904,1.10342761,62.93,63.23
2025-03-28,TTD,10.25541949,10.28112229,6.754,6.8605
2025-03-28,ANG,39.46954427,39.56846543,1.7549,1.8476
2025-03-31,EUR,75.16524474,75.35362881,1.08315,1.08319
2025-03-31,CNY,9.5541138,9.57805895,7.2631,7.2641
2025-03-31,TRY,1.8282691,1.83285123,37.95529,37.96764
2025-03-31,RUB,0.81680498,0.81885211,84.956,84.964
2025-03-31,USD,69.392484,69.5664,1.0,1.0
2025-03-31,CAD,48.45674662,48.5781921,1.43205,1.43208
2025-03-31,INR,0.81187387,0.81390864,85.472,85.522
2025-03-31,JPY,0.46208362,0.46324172,150.173,150.189
2025-03-31,ARS,0.06480736,0.06496978,1070.75,1070.755
2025-03-31,BRL,12.07497807,12.10524117,5.7468,5.7474
2025-03-31,CLP,0.07316332,0.07334668,948.46,949.11
2025-03-31,COP,0.01655789,0.01659939,4190.9,4192.9
2025-03-31,UYU,1.64628321,1.65040924,42.151,42.251
2025-03-31,PEN,19.00747343,19.0551112,3.6508,3.6558
2025-03-31,BOB,10.32058003,10.34644615,6.7237,7.095
2025-03-31,MXP,3.40879594,3.41733928,20.35689,20.36151
2025-03-31,CUC,69.392484,69.5664,1.0,1.0
2025-03-31,NIO,1.90993394,1.91472074,36.3324,37.2607
2025-03-31,DOP,1.09989671,1.10265335,63.09,63.39
2025-03-31,TTD,10.3061716,10.3320016,6.7331,6.8396
2025-03-31,ANG,39.52186125,39.62091354,1.7558,1.8486
2025-04-01,EUR,75.26503893,75.45367312,1.08135,1.08137
2025-04-01,CNY,9.59650893,9.62056033,7.2528,7.2538
2025-04-01,TRY,1.83493737,1.83953621,37.9313,37.9376
2025-04-01,RUB,0.81879564,0.82084776,85.0048,85.0128
2025-04-01,USD,69.60156,69.776,1.0,1.0
2025-04-01,CAD,48.38885412,48.51012945,1.43838,1.4384
2025-04-01,INR,0.81514973,0.81719271,85.385,85.435
2025-04-01,JPY,0.46515778,0.46632359,149.63,149.634
2025-04-01,ARS,0.06486631,0.06502889,1073.0,1073.005
2025-04-01,BRL,12.14580926,12.17624989,5.7305,5.7325
2025-04-01,CLP,0.07307633,0.07325948,952.45,953.1
2025-04-01,COP,0.01662722,0.01666889,4186.0,4188.0
2025-04-01,UYU,1.67263997,1.67683205,41.6118,42.7209
2025-04-01,PEN,19.00020746,19.04782703,3.6632,3.6682
2025-04-01,BOB,10.16081167,10.18627737,6.85,7.0
2025-04-01,MXP,3.40699789,3.41553673,20.429,20.459
2025-04-01,CUC,69.60156,69.776,1.0,1.0
2025-04-01,NIO,1.91558302,1.92038398,36.3344,37.2587
2025-04-01,DOP,1.11806142,1.12086358,62.252,63.731
2025-04-01,TTD,10.38953307,10.415572,6.6992,6.8057
2025-04-01,ANG,38.99247058,39.09019607,1.785,1.79
2025-04-02,EUR,75.45691911,75.6460342,1.08037,1.08044
2025-04-02,CNY,9.60726672,9.63134509,7.2694,7.2704
2025-04-02,TRY,1.84327382,1.84789356,37.8886,37.8949
2025-04-02,RUB,0.82381674,0.82588145,84.775,84.826
2025-04-02,USD,69.83906475,70.0141,1.0,1.0
2025-04-02,CAD,48.75633704,48.87853338,1.43241,1.43242
2025-04-02,INR,0.81608666,0.81813199,85.578,85.628
2025-04-02,JPY,0.46748552,0.46865716,149.393,149.398
2025-04-02,ARS,0.06510283,0.06526599,1072.75,1072.755
2025-04-02,BRL,12.27658992,12.30735831,5.6888,5.6908
2025-04-02,CLP,0.07390611,0.07409134,944.97,945.62
2025-04-02,COP,0.01687056,0.01691284,4139.7,4141.7
2025-04-02,UYU,1.65782193,1.66197687,42.127,42.227
2025-04-02,PEN,19.04372828,19.09145693,3.6673,3.6723
2025-04-02,BOB,10.18062168,10.20613702,6.86,7.01
2025-04-02,MXP,3.42761686,3.43620738,20.3754,20.3814
2025-04-02,CUC,69.83906475,70.0141,1.0,1.0
2025-04-02,NIO,1.92094598,1.92576038,36.3566,37.2831
2025-04-02,DOP,1.10926087,1.11204097,62.96,63.26
2025-04-02,TTD,10.5025888,10.52891107,6.6497,6.9276
2025-04-02,ANG,40.04303924,40.14339774,1.7441,1.8363
2025-04-03,EUR,76.04255253,76.23313537,1.0851,1.08518
2025-04-03,CNY,9.64272419,9.66689142,7.267,7.268
2025-04-03,TRY,1.84828204,1.85291432,37.91287,37.92247
2025-04-03,RUB,0.83192857,0.83401361,84.2304,84.2384
2025-04-03,USD,70.07367675,70.2493,1.0,1.0
2025-04-03,CAD,48.96251091,49.08522397,1.43117,1.4312
2025-04-03,INR,0.82021791,0.82227359,85.433,85.483
2025-04-03,JPY,0.4678159,0.46898837,149.789,149.801
2025-04-03,ARS,0.06533067,0.0654944,1072.6,1072.605
2025-04-03,BRL,12.28306837,12.313853,5.7049,5.7069
2025-04-03,CLP,0.07359211,0.07377655,952.19,952.84
2025-04-03,COP,0.01691946,0.01696187,4141.6,4143.6
2025-04-03,UYU,1.65949123,1.66365035,42.226,42.326
2025-04-03,PEN,19.11812859,19.1660437,3.6653,3.6703
2025-04-03,BOB,10.22973383,10.25537226,6.85,7.0
2025-04-03,MXP,3.42817821,3.43677013,20.4405,20.4555
2025-04-03,CUC,70.07367675,70.2493,1.0,1.0
2025-04-03,NIO,1.92930413,1.93413948,36.3207,37.2468
2025-04-03,DOP,1.11458051,1.11737394,62.87,63.17
2025-04-03,TTD,10.46000667,10.48622223,6.6992,6.8057
2025-04-03,ANG,40.17755676,40.27825239,1.7441,1.8363
2025-04-04,EUR,78.28465832,78.48086047,1.1118,1.11186
2025-04-04,CNY,9.67046711,9.69470387,7.2808,7.2818
2025-04-04,TRY,1.85554716,1.86019765,37.945,37.949
2025-04-04,RUB,0.83699457,0.8390923,84.1209,84.1289
2025-04-04,USD,70.408737,70.5852,1.0,1.0
2025-04-04,CAD,50.12796494,50.25359894,1.40458,1.4047
2025-04-04,INR,0.82683033,0.82890258,85.155,85.205
2025-04-04,JPY,0.48405189,0.48526506,145.457,145.471
2025-04-04,ARS,0.06557274,0.06573708,1073.75,1073.755
2025-04-04,BRL,12.58377484,12.61531312,5.5952,5.5972
2025-04-04,CLP,0.07431158,0.07449782,947.48,948.13
2025-04-04,COP,0.01705101,0.01709374,4129.3,4131.3
2025-04-04,UYU,1.6650996,1.66927279,42.285,42.385
2025-04-04,PEN,19.27000301,19.31829875,3.6538,3.6588
2025-04-04,BOB,10.26366428,10.28938775,6.86,7.01
2025-04-04,MXP,3.53937071,3.54824131,19.89301,19.89849
2025-04-04,CUC,70.408737,70.5852,1.0,1.0
2025-04-04,NIO,1.93756362,1.94241967,36.3388,37.2434
2025-04-04,DOP,1.11830903,1.12111181,62.96,63.26
2025-04-04,TTD,10.55650733,10.58296475,6.6697,6.7762
2025-04-04,ANG,39.44467058,39.54352941,1.785,1.79
2025-04-07,EUR,79.12140359,79.31970284,1.09869,1.09883
2025-04-07,CNY,9.88904948,9.91383406,7.2813,7.2828
2025-04-07,TRY,1.89428178,1.89902935,38.01184,38.02054
2025-04-07,RUB,0.84453794,0.84665457,85.2598,85.2678
2025-04-07,USD,72.005136,72.1856,1.0,1.0
2025-04-07,CAD,50.71569961,50.84280663,1.41978,1.41982
2025-04-07,INR,0.84170264,0.84381217,85.547,85.597
2025-04-07,JPY,0.49332777,0.49456418,145.958,145.966
2025-04-07,ARS,0.06707511,0.06724322,1073.5,1073.505
2025-04-07,BRL,12.44020248,12.47138093,5.7881,5.7901
2025-04-07,CLP,0.07357447,0.07375887,978.67,979.32
2025-04-07,COP,0.01683897,0.01688117,4276.1,4278.1
2025-04-07,UYU,1.71001082,1.71429657,42.108,42.208
2025-04-07,PEN,19.51517359,19.5640838,3.6897,3.6947
2025-04-07,BOB,10.51169868,10.53804379,6.85,7.0
2025-04-07,MXP,3.51461957,3.52342814,20.48732,20.49251
2025-04-07,CUC,72.005136,72.1856,1.0,1.0
2025-04-07,NIO,1.98835613,1.99333948,36.2134,37.1167
2025-04-07,DOP,1.14840727,1.15128548,62.7,63.0
2025-04-07,TTD,10.78276318,10.80978765,6.6778,6.7843
2025-04-07,ANG,41.28498136,41.38845249,1.7441,1.8363
2025-04-08,EUR,79.8689141,80.06908682,1.09142,1.09149
2025-04-08,CNY,10.01343888,10.03853522,7.3076,7.3086
2025-04-08,TRY,1.92536846,1.93019394,38.0053,38.0116
2025-04-08,RUB,0.85106078,0.85319376,85.98,86.03
2025-04-08,USD,73.174206,73.3576,1.0,1.0
2025-04-08,CAD,51.52967944,51.65882651,1.42004,1.42023
2025-04-08,INR,0.85280646,0.85494382,85.804,85.854
2025-04-08,JPY,0.49566617,0.49690844,147.628,147.649
2025-04-08,ARS,0.0680532,0.06822376,1075.25,1075.255
2025-04-08,BRL,12.455396,12.48661253,5.8749,5.8769
2025-04-08,CLP,0.07365813,0.07384274,993.43,994.08
2025-04-08,COP,0.01676346,0.01680547,4365.1,4367.1
2025-04-08,UYU,1.72073382,1.72504644,42.525,42.625
2025-04-08,PEN,19.88537583,19.93521387,3.6798,3.6848
2025-04-08,BOB,10.66679387,10.69352769,6.86,7.01
2025-04-08,MXP,3.5431676,3.55204772,20.6522,20.6595
2025-04-08,CUC,73.174206,73.3576,1.0,1.0
2025-04-08,NIO,2.01250298,2.01754685,36.3598,37.2727
2025-04-08,DOP,1.17530044,1.17824606,62.26,62.56
2025-04-08,TTD,10.92119727,10.94856869,6.7002,6.8067
2025-04-08,ANG,40.99395294,41.09669467,1.785,1.79
2025-04-09,EUR,80.84361677,81.04623235,1.09102,1.09111
2025-04-09,CNY,10.09702828,10.12233411,7.3381,7.3391
2025-04-09,TRY,1.94951421,1.95440021,38.00588,38.01367
2025-04-09,RUB,0.86414904,0.86631483,85.741,85.749
2025-04-09,USD,74.09300325,74.2787,1.0,1.0
2025-04-09,CAD,52.20317,52.33400501,1.41932,1.41947
2025-04-09,INR,0.85949774,0.86165187,86.205,86.255
2025-04-09,JPY,0.50277879,0.50403889,147.367,147.372
2025-04-09,ARS,0.06890769,0.06908039,1075.25,1075.255
2025-04-09,BRL,12.45930639,12.49053272,5.9468,5.9488
2025-04-09,CLP,0.07430253,0.07448875,997.18,997.83
2025-04-09,COP,0.01689653,0.01693888,4385.1,4387.1
2025-04-09,UYU,1.72888284,1.73321588,42.856,42.956
2025-04-09,PEN,19.90195902,19.95183862,3.7229,3.7279
2025-04-09,BOB,10.81649682,10.84360583,6.85,7.0
2025-04-09,MXP,3.59481072,3.60382027,20.6111,20.6211
2025-04-09,CUC,74.09300325,74.2787,1.0,1.0
2025-04-09,NIO,2.04115768,2.04627336,36.2995,37.2136
2025-04-09,DOP,1.19408546,1.19707816,62.05,62.35
2025-04-09,TTD,11.03313278,11.06078475,6.7155,6.822
2025-04-09,ANG,42.48208431,42.5885557,1.7441,1.8363
2025-04-10,EUR,83.48733091,83.69657235,1.10354,1.10414
2025-04-10,CNY,10.28860199,10.31438796,7.3492,7.3502
2025-04-10,TRY,1.98943867,1.99442474,38.0072,38.0135
2025-04-10,RUB,0.87621218,0.8784082,86.2953,86.3033
2025-04-10,USD,75.61299375,75.8025,1.0,1.0
2025-04-10,CAD,53.24708722,53.38053857,1.42004,1.42015
2025-04-10,INR,0.87282689,0.87501442,86.63,86.68
2025-04-10,JPY,0.5224273,0.52373664,144.734,144.751
2025-04-10,ARS,0.07023965,0.07041569,1076.5,1076.505
2025-04-10,BRL,12.47162923,12.50288645,6.0628,6.0648
2025-04-10,CLP,0.07510677,0.07529501,1006.74,1007.39
2025-04-10,COP,0.01699359,0.01703618,4449.5,4451.5
2025-04-10,UYU,1.76110384,1.76551764,42.935,43.035
2025-04-10,PEN,20.132327,20.18278396,3.7558,3.7608
2025-04-10,BOB,11.02230229,11.04992711,6.86,7.01
2025-04-10,MXP,3.60266025,3.61168948,20.9881,20.9965
2025-04-10,CUC,75.61299375,75.8025,1.0,1.0
2025-04-10,NIO,2.08201606,2.08723414,36.3172,37.2229
2025-04-10,DOP,1.22489865,1.22796857,61.73,62.03
2025-04-10,TTD,11.27155818,11.2998077,6.7083,6.8148
2025-04-10,ANG,43.35358852,43.46224413,1.7441,1.8363
2025-04-11,EUR,86.09033823,86.30610349,1.11695,1.11702
2025-04-11,CNY,10.53824277,10.5646544,7.3135,7.3145
2025-04-11,TRY,2.03100976,2.03610001,37.94735,37.95569
2025-04-11,RUB,0.91556283,0.91785747,84.1793,84.1873
2025-04-11,USD,77.0714385,77.2646,1.0,1.0
2025-04-11,CAD,54.98779153,55.12560555,1.40161,1.40178
2025-04-11,INR,0.89334367,0.89558262,86.273,86.323
2025-04-11,JPY,0.53297169,0.53430746,144.607,144.613
2025-04-11,ARS,0.07158769,0.07176711,1076.6018,1076.6098
2025-04-11,BRL,12.99971975,13.0323005,5.9287,5.9307
2025-04-11,CLP,0.07805018,0.0782458,987.46,988.11
2025-04-11,COP,0.01764698,0.01769121,4367.4,4369.4
2025-04-11,UYU,1.77735485,1.78180937,43.363,43.463
2025-04-11,PEN,20.65926084,20.71103843,3.7306,3.7356
2025-04-11,BOB,11.25130489,11.27950364,6.85,7.0
2025-04-11,MXP,3.75145178,3.76085391,20.54443,20.55253
2025-04-11,CUC,77.0714385,77.2646,1.0,1.0
2025-04-11,NIO,2.11957159,2.1248838,36.3618,37.2648
2025-04-11,DOP,1.25176934,1.25490661,61.57,61.87
2025-04-11,TTD,11.41900591,11.44762497,6.7494,6.8559
2025-04-11,ANG,43.17727647,43.28549019,1.785,1.79
2025-04-14,EUR,88.63345004,88.85558901,1.13383,1.13389
2025-04-14,CNY,10.71743213,10.74429286,7.2935,7.2945
2025-04-14,TRY,2.05390696,2.0590546,38.058,38.0615
2025-04-14,RUB,0.9358026,0.93814797,83.53,83.58
2025-04-14,USD,78.16759125,78.3635,1.0,1.0
2025-04-14,CAD,56.27494816,56.41598813,1.38903,1.38913
2025-04-14,INR,0.9080702,0.91034606,86.081,86.131
2025-04-14,JPY,0.54460803,0.54597296,143.53,143.536
2025-04-14,ARS,0.07269713,0.07287933,1075.25,1075.255
2025-04-14,BRL,13.27168855,13.30495093,5.8898,5.8918
2025-04-14,CLP,0.08012997,0.0803308,975.51,976.16
2025-04-14,COP,0.01792423,0.01796915,4361.0,4363.0
2025-04-14,UYU,1.82064543,1.82520845,42.934,43.034
2025-04-14,PEN,21.00827543,21.06092775,3.7208,3.7258
2025-04-14,BOB,11.3946926,11.42325072,6.86,7.01
2025-04-14,MXP,3.83298475,3.84259123,20.3934,20.4021
2025-04-14,CUC,78.16759125,78.3635,1.0,1.0
2025-04-14,NIO,2.14930355,2.15469028,36.3688,37.2511
2025-04-14,DOP,1.27766576,1.28086793,61.18,61.48
2025-04-14,TTD,11.55334051,11.58229625,6.7658,6.8723
2025-04-14,ANG,44.81829668,44.93062324,1.7441,1.8363
2025-04-15,EUR,89.08093324,89.30419373,1.13622,1.13631
2025-04-15,CNY,10.72228595,10.74915884,7.3114,7.3124
2025-04-15,TRY,2.06120171,2.06636763,38.0336,38.0399
2025-04-15,RUB,0.95336156,0.95575094,82.23,82.28
2025-04-15,USD,78.3949215,78.5914,1.0,1.0
2025-04-15,CAD,56.48008407,56.62163817,1.38801,1.38817
2025-04-15,INR,0.91170667,0.91399164,85.987,86.037
2025-04-15,JPY,0.54734736,0.54871916,143.227,143.23
2025-04-15,ARS,0.06649272,0.06665937,1179.0,1179.005
2025-04-15,BRL,13.40932239,13.44292971,5.8463,5.8483
2025-04-15,CLP,0.0812189,0.08142245,965.23,965.86
2025-04-15,COP,0.01838831,0.0184344,4263.3,4265.3
2025-04-15,UYU,1.83814207,1.84274895,42.649,42.749
2025-04-15,PEN,21.1210285,21.17396341,3.7117,3.7167
2025-04-15,BOB,11.44451408,11.47319708,6.85,7.0
2025-04-15,MXP,3.90549103,3.91527923,20.073,20.0797
2025-04-15,CUC,78.3949215,78.5914,1.0,1.0
2025-04-15,NIO,2.15589806,2.16130132,36.363,37.2411
2025-04-15,DOP,1.28706159,1.2902873,60.91,61.21
2025-04-15,TTD,11.60890293,11.63799792,6.753,6.8595
2025-04-15,ANG,44.94863912,45.06129235,1.7441,1.8363
2025-04-16,EUR,90.15620644,90.38216185,1.13278,1.13283
2025-04-16,CNY,10.88221992,10.90949366,7.3133,7.3143
2025-04-16,TRY,2.08898061,2.09421615,38.0975,38.101
2025-04-16,RUB,0.96403025,0.96644636,82.5544,82.5624
2025-04-16,USD,79.584939,79.7844,1.0,1.0
2025-04-16,CAD,57.21830397,57.36170824,1.3909,1.39104
2025-04-16,INR,0.92904683,0.93137527,85.663,85.713
2025-04-16,JPY,0.55771586,0.55911365,142.698,142.704
2025-04-16,ARS,0.0664315,0.06659799,1198.0,1198.005
2025-04-16,BRL,13.53968917,13.57362323,5.8779,5.8799
2025-04-16,CLP,0.08237497,0.08258143,966.13,966.78
2025-04-16,COP,0.0183215,0.01836742,4343.8,4345.8
2025-04-16,UYU,1.87917496,1.88388467,42.351,42.451
2025-04-16,PEN,21.33758887,21.39106654,3.7298,3.7348
2025-04-16,BOB,11.60130306,11.630379,6.86,7.01
2025-04-16,MXP,3.98774083,3.99773517,19.9574,19.9621
2025-04-16,CUC,79.584939,79.7844,1.0,1.0
2025-04-16,NIO,2.18677189,2.19225252,36.3938,37.2761
2025-04-16,DOP,1.32156989,1.32488209,60.22,60.52
2025-04-16,TTD,11.77622985,11.80574421,6.7581,6.8646
2025-04-16,ANG,45.63094948,45.74531276,1.7441,1.8363
2025-04-21,EUR,91.86154306,92.0917725,1.1374,1.1375
2025-04-21,CNY,11.05402637,11.0817307,7.3057,7.3067
2025-04-21,TRY,2.11789359,2.12320159,38.131,38.133
2025-04-21,RUB,0.97290922,0.97534759,83.0061,83.0141
2025-04-21,USD,80.7574005,80.9598,1.0,1.0
2025-04-21,CAD,58.15993813,58.30570239,1.38854,1.38871
2025-04-21,INR,0.94391276,0.94627846,85.556,85.606
2025-04-21,JPY,0.56632912,0.56774849,142.598,142.605
2025-04-21,ARS,0.06809224,0.0682629,1186.0,1186.005
2025-04-21,BRL,13.75062157,13.78508428,5.873,5.875
2025-04-21,CLP,0.08352025,0.08372957,966.92,967.57
2025-04-21,COP,0.01871073,0.01875762,4316.1,4318.1
2025-04-21,UYU,1.92641875,1.93124686,41.921,42.021
2025-04-21,PEN,21.64671522,21.70096764,3.7307,3.7357
2025-04-21,BOB,11.78940153,11.8189489,6.85,7.0
2025-04-21,MXP,4.04118379,4.05131207,19.9836,19.9896
2025-04-21,CUC,80.7574005,80.9598,1.0,1.0
2025-04-21,NIO,2.22230356,2.22787325,36.3395,37.2194
2025-04-21,DOP,1.35068406,1.35406924,59.79,60.09
2025-04-21,TTD,12.0058575,12.03594737,6.7265,6.833
2025-04-21,ANG,46.30319391,46.41924201,1.7441,1.8363
2025-04-22,EUR,93.76677976,94.00178422,1.14963,1.14971
2025-04-22,CNY,11.18934485,11.21738832,7.2888,7.2898
2025-04-22,TRY,2.13480728,2.14015768,38.2034,38.2097
2025-04-22,RUB,1.00712394,1.00964806,80.98,81.03
2025-04-22,USD,81.55689675,81.7613,1.0,1.0
2025-04-22,CAD,59.07950737,59.22757631,1.38046,1.38055
2025-04-22,INR,0.95819651,0.96059801,85.115,85.165
2025-04-22,JPY,0.57901725,0.58046842,140.854,140.864
2025-04-22,ARS,0.07565574,0.07584536,1078.0,1078.005
2025-04-22,BRL,14.04530916,14.08051044,5.8067,5.8087
2025-04-22,CLP,0.08476966,0.08498212,962.1,962.7
2025-04-22,COP,0.01912416,0.01917209,4264.6,4266.6
2025-04-22,UYU,1.93212425,1.93696666,42.211,42.311
2025-04-22,PEN,22.02335729,22.07855368,3.7032,3.7082
2025-04-22,BOB,11.88876045,11.91855685,6.86,7.01
2025-04-22,MXP,4.15627372,4.16669044,19.6226,19.6294
2025-04-22,CUC,81.55689675,81.7613,1.0,1.0
2025-04-22,NIO,2.24456991,2.2501954,36.3352,37.2149
2025-04-22,DOP,1.36955326,1.37298572,59.55,59.85
2025-04-22,TTD,12.0918184,12.12212371,6.7448,6.8513
2025-04-22,ANG,46.76159437,46.87879135,1.7441,1.8363
2025-04-23,EUR,94.3188224,94.55521042,1.14774,1.14781
2025-04-23,CNY,11.23792795,11.26609318,7.3121,7.3131
2025-04-23,TRY,2.14784381,2.15322688,38.2583,38.2646
2025-04-23,RUB,1.0109849,1.0135187,81.28,81.33
2025-04-23,USD,82.172853,82.3788,1.0,1.0
2025-04-23,CAD,59.41895743,59.56787713,1.38294,1.38307
2025-04-23,INR,0.96519513,0.96761417,85.136,85.186
2025-04-23,JPY,0.58405371,0.5855175,140.694,140.708
2025-04-23,ARS,0.07580521,0.0759952,1084.0,1084.005
2025-04-23,BRL,14.27876296,14.31454934,5.7549,5.7569
2025-04-23,CLP,0.08637227,0.08658874,951.38,952.03
2025-04-23,COP,0.01914067,0.01918865,4293.1,4295.1
2025-04-23,UYU,1.95004278,1.95493011,42.139,42.239
2025-04-23,PEN,22.27389488,22.32971918,3.6892,3.6942
2025-04-23,BOB,11.99603693,12.02610218,6.85,7.0
2025-04-23,MXP,4.18512582,4.19561486,19.6345,19.6424
2025-04-23,CUC,82.172853,82.3788,1.0,1.0
2025-04-23,NIO,2.25968736,2.26535073,36.3647,37.2351
2025-04-23,DOP,1.38805494,1.39153378,59.2,59.5
2025-04-23,TTD,12.18314153,12.21367572,6.7448,6.8513
2025-04-23,ANG,47.11476004,47.23284215,1.7441,1.8363
2025-04-24,EUR,94.53365638,94.77058283,1.13599,1.13609
2025-04-24,CNY,11.41688109,11.44549483,7.2883,7.2893
2025-04-24,TRY,2.17358431,2.17903189,38.28223,38.29556
2025-04-24,RUB,0.99806233,1.00056374,83.3712,83.3792
2025-04-24,USD,83.2096545,83.4182,1.0,1.0
2025-04-24,CAD,60.09218928,60.24279627,1.3847,1.38487
2025-04-24,INR,0.97463724,0.97707994,85.375,85.425
2025-04-24,JPY,0.5837922,0.58525534,142.533,142.543
2025-04-24,ARS,0.07592121,0.07611149,1096.0,1096.005
2025-04-24,BRL,14.66378614,14.70053749,5.6745,5.6765
2025-04-24,CLP,0.0888119,0.08903449,936.92,937.57
2025-04-24,COP,0.01942018,0.01946885,4284.7,4286.7
2025-04-24,UYU,1.99891548,2.00392529,41.6274,42.6797
2025-04-24,PEN,22.57573783,22.63231862,3.6858,3.6908
2025-04-24,BOB,12.12968724,12.16008746,6.86,7.01
2025-04-24,MXP,4.25276778,4.26342635,19.566,19.5726
2025-04-24,CUC,83.2096545,83.4182,1.0,1.0
2025-04-24,NIO,2.28867688,2.29441292,36.3571,37.234
2025-04-24,DOP,1.40675662,1.41028233,59.15,59.45
2025-04-24,TTD,12.49356693,12.52487913,6.6602,6.9233
2025-04-24,ANG,47.70922223,47.82879422,1.7441,1.8363
2025-04-25,EUR,95.76708215,96.0070999,1.13718,1.13725
2025-04-25,CNY,11.55452099,11.58347969,7.288,7.289
2025-04-25,TRY,2.19784256,2.20335094,38.31455,38.32289
2025-04-25,RUB,1.01156745,1.01410271,83.2464,83.2544
2025-04-25,USD,84.209349,84.4204,1.0,1.0
2025-04-25,CAD,60.69754713,60.84967131,1.38736,1.38751
2025-04-25,INR,0.98749177,0.98996669,85.276,85.326
2025-04-25,JPY,0.59087645,0.59235734,142.516,142.531
2025-04-25,ARS,0.07136385,0.07154271,1180.0,1180.005
2025-04-25,BRL,14.84414479,14.88134816,5.6729,5.6749
2025-04-25,CLP,0.08959871,0.08982326,939.85,940.25
2025-04-25,COP,0.0197304,0.01977985,4268.0,4270.0
2025-04-25,UYU,2.01795708,2.02301461,41.73,41.83
2025-04-25,PEN,22.86619844,22.9235072,3.6827,3.6877
2025-04-25,BOB,12.29333562,12.32414598,6.85,7.0
2025-04-25,MXP,4.30025681,4.31103439,19.5824,19.5887
2025-04-25,CUC,84.209349,84.4204,1.0,1.0
2025-04-25,NIO,2.31741636,2.32322442,36.3376,37.2158
2025-04-25,DOP,1.4282454,1.43182496,58.96,59.26
2025-04-25,TTD,12.49526642,12.52658287,6.7393,6.8458
2025-04-25,ANG,48.28240869,48.40341723,1.7441,1.8363
2025-04-28,EUR,97.59931898,97.8439288,1.13615,1.13621
2025-04-28,CNY,11.78798054,11.81752435,7.287,7.288
2025-04-28,TRY,2.23584139,2.24144501,38.4191,38.4254
2025-04-28,RUB,1.03713335,1.03973268,82.8235,82.8315
2025-04-28,USD,85.89901425,86.1143,1.0,1.0
2025-04-28,CAD,62.003937,62.15933534,1.38538,1.38548
2025-04-28,INR,1.00673918,1.00926234,85.324,85.374
2025-04-28,JPY,0.59673227,0.59822784,143.949,143.961
2025-04-28,ARS,0.07304337,0.07322644,1176.0,1176.005
2025-04-28,BRL,15.11162574,15.14949949,5.6843,5.6863
2025-04-28,CLP,0.09177441,0.09200442,935.98,936.38
2025-04-28,COP,0.02028551,0.02033635,4234.5,4236.5
2025-04-28,UYU,2.05303571,2.05818116,41.84,41.94
2025-04-28,PEN,23.41210527,23.47078222,3.669,3.674
2025-04-28,BOB,12.52172219,12.55310495,6.86,7.01
2025-04-28,MXP,4.39588012,4.40689736,19.5408,19.5463
2025-04-28,CUC,85.89901425,86.1143,1.0,1.0
2025-04-28,NIO,2.3625566,2.36847779,36.3585,37.2391
2025-04-28,DOP,1.46037086,1.46403094,58.82,59.12
2025-04-28,TTD,12.71636036,12.74823094,6.755,6.8615
2025-04-28,ANG,49.25119789,49.37463448,1.7441,1.8363
2025-04-29,EUR,98.35202218,98.59851848,1.13773,1.13781
2025-04-29,CNY,11.8512907,11.88099318,7.2937,7.2947
2025-04-29,TRY,2.24997485,2.25561389,38.4181,38.4244
2025-04-29,RUB,1.0451399,1.0477593,82.7064,82.7144
2025-04-29,USD,86.439759,86.6564,1.0,1.0
2025-04-29,CAD,62.45647326,62.61300578,1.384,1.38413
2025-04-29,INR,1.01478937,1.0173327,85.18,85.23
2025-04-29,JPY,0.60535011,0.60686728,142.793,142.809
2025-04-29,ARS,0.07490447,0.0750922,1154.0,1154.005
2025-04-29,BRL,15.22041114,15.25855754,5.6792,5.6812
2025-04-29,CLP,0.09205904,0.09228976,938.96,939.36
2025-04-29,COP,0.02047898,0.02053031,4220.9,4222.9
2025-04-29,UYU,2.05393273,2.05908043,42.085,42.185
2025-04-29,PEN,23.52294309,23.58189784,3.6747,3.6797
2025-04-29,BOB,12.61894291,12.65056934,6.85,7.0
2025-04-29,MXP,4.41582421,4.42689144,19.575,19.605
2025-04-29,CUC,86.439759,86.6564,1.0,1.0
2025-04-29,NIO,2.37673626,2.382693,36.3691,37.2503
2025-04-29,DOP,1.47156552,1.47525366,58.74,59.04
2025-04-29,TTD,12.86420796,12.89644908,6.7194,6.8259
2025-04-29,ANG,49.56124018,49.68545381,1.7441,1.8363
2025-04-30,EUR,98.76529411,99.01282618,1.14001,1.14009
2025-04-30,CNY,11.91256772,11.94242378,7.2721,7.2731
2025-04-30,TRY,2.25379017,2.25943877,38.4372,38.4435
2025-04-30,RUB,1.05634897,1.05899646,82.0083,82.0163
2025-04-30,USD,86.62938375,86.8465,1.0,1.0
2025-04-30,CAD,62.55687332,62.71365746,1.38481,1.38494
2025-04-30,INR,1.01786395,1.02041499,85.109,85.159
2025-04-30,JPY,0.60917377,0.61070052,142.208,142.218
2025-04-30,ARS,0.07385284,0.07403793,1173.0,1173.005
2025-04-30,BRL,15.38983545,15.42840646,5.629,5.631
2025-04-30,CLP,0.09155988,0.09178935,946.15,946.55
2025-04-30,COP,0.02062751,0.02067921,4199.7,4201.7
2025-04-30,UYU,2.05990687,2.06506955,42.055,42.155
2025-04-30,PEN,23.61567585,23.67486301,3.6683,3.6733
2025-04-30,BOB,12.62819005,12.65983965,6.86,7.01
2025-04-30,MXP,4.42815801,4.43925615,19.5633,19.5689
2025-04-30,CUC,86.62938375,86.8465,1.0,1.0
2025-04-30,NIO,2.38335255,2.38932587,36.3477,37.2263
2025-04-30,DOP,1.47680504,1.4805063,58.66,58.96
2025-04-30,TTD,12.95586386,12.9883347,6.6865,6.793
2025-04-30,ANG,49.66996373,49.79444985,1.7441,1.8363
2025-05-02,EUR,99.23390914,99.48261568,1.13598,1.13606
2025-05-02,CNY,12.01055725,12.0406589,7.2727,7.2737
2025-05-02,TRY,2.27099473,2.27668645,38.46296,38.47727
2025-05-02,RUB,1.06517544,1.06784505,82.0045,82.0125
2025-05-02,USD,87.34917975,87.5681,1.0,1.0
2025-05-02,CAD,63.25479556,63.41332889,1.38091,1.38106
2025-05-02,INR,1.03276478,1.03535316,84.578,84.628
2025-05-02,JPY,0.61220339,0.61373773,142.68,142.693
2025-05-02,ARS,0.07478525,0.07497268,1168.0,1168.005
2025-05-02,BRL,15.44417761,15.48288482,5.6558,5.6578
2025-05-02,CLP,0.09146702,0.09169626,954.98,955.38
2025-05-02,COP,0.02067191,0.02072372,4225.5,4227.5
2025-05-02,UYU,2.07979189,2.0850044,41.999,42.099
2025-05-02,PEN,23.74780592,23.80732423,3.6782,3.6832
2025-05-02,BOB,12.75170507,12.78366423,6.85,7.0
2025-05-02,MXP,4.46007239,4.47125051,19.5847,19.5907
2025-05-02,CUC,87.34917975,87.5681,1.0,1.0
2025-05-02,NIO,2.39312821,2.39912602,36.5,36.9
2025-05-02,DOP,1.49060033,1.49433617,58.6,58.9
2025-05-02,TTD,13.07622451,13.108997,6.68,6.7865
2025-05-02,ANG,50.08266713,50.2081876,1.7441,1.8363
2025-05-05,EUR,100.44740573,100.69915362,1.13596,1.13604
2025-05-05,CNY,12.16249398,12.19297642,7.2698,7.2729
2025-05-05,TRY,2.29279528,2.29854163,38.5638,38.5701
2025-05-05,RUB,1.06747432,1.0701497,82.83,82.88
2025-05-05,USD,88.41889875,88.6405,1.0,1.0
2025-05-05,CAD,64.17304056,64.33387525,1.37782,1.3785
2025-05-05,INR,1.04933301,1.05196292,84.262,84.312
2025-05-05,JPY,0.61345353,0.61499101,144.133,144.142
2025-05-05,ARS,0.07553942,0.07572874,1170.5,1170.505
2025-05-05,BRL,15.69241259,15.73174194,5.6345,5.6365
2025-05-05,CLP,0.09403764,0.09427333,940.25,941.12
2025-05-05,COP,0.02081179,0.02086395,4248.5,4250.5
2025-05-05,UYU,2.10777131,2.11305394,41.949,42.049
2025-05-05,PEN,24.21374157,24.27442764,3.6516,3.6566
2025-05-05,BOB,13.12768529,13.16058675,6.7353,7.0883
2025-05-05,MXP,4.50226026,4.51354412,19.63878,19.64411
2025-05-05,CUC,88.41889875,88.6405,1.0,1.0
2025-05-05,NIO,2.42243558,2.42850684,36.5,37.0
2025-05-05,DOP,1.50808287,1.51186252,58.63,58.93
2025-05-05,TTD,13.20079109,13.23387578,6.698,6.8045
2025-05-05,ANG,50.69600295,50.8230606,1.7441,1.8363
2025-05-06,EUR,100.33577843,100.58724655,1.13364,1.13373
2025-05-06,CNY,12.17322925,12.2037386,7.2701,7.2711
2025-05-06,TRY,2.29394769,2.29969694,38.58004,38.58634
2025-05-06,RUB,1.09926609,1.10202114,80.5088,80.5168
2025-05-06,USD,88.500594,88.7224,1.0,1.0
2025-05-06,CAD,64.07421989,64.2348069,1.38122,1.38135
2025-05-06,INR,1.05038981,1.05302237,84.255,84.305
2025-05-06,JPY,0.61555353,0.61709627,143.774,143.79
2025-05-06,ARS,0.07512783,0.07531612,1178.0,1178.005
2025-05-06,BRL,15.65135626,15.69058272,5.6545,5.6565
2025-05-06,CLP,0.09411452,0.0943504,940.35,940.75
2025-05-06,COP,0.02069463,0.02074649,4276.5,4278.5
2025-05-06,UYU,2.11052378,2.11581332,41.933,42.033
2025-05-06,PEN,24.25138903,24.31216945,3.6493,3.6543
2025-05-06,BOB,12.90096122,12.93329446,6.86,7.01
2025-05-06,MXP,4.51637335,4.52769258,19.5955,19.6003
2025-05-06,CUC,88.500594,88.7224,1.0,1.0
2025-05-06,NIO,2.43628789,2.44239387,36.326,37.2066
2025-05-06,DOP,1.50844714,1.51222771,58.67,58.97
2025-05-06,TTD,13.19525779,13.22832861,6.707,6.8135
2025-05-06,ANG,50.74284387,50.87001892,1.7441,1.8363
2025-05-07,EUR,103.19413665,103.45276857,1.13419,1.13421
2025-05-07,CNY,12.61029407,12.64189882,7.215,7.216
2025-05-07,TRY,2.35687197,2.36277892,38.6034,38.6134
2025-05-07,RUB,1.12134536,1.12415575,81.1376,81.1456
2025-05-07,USD,90.98327175,91.2113,1.0,1.0
2025-05-07,CAD,65.97819545,66.14355434,1.37899,1.37913
2025-05-07,INR,1.0803433,1.08305092,84.217,84.267
2025-05-07,JPY,0.63700393,0.63860043,142.83,142.849
2025-05-07,ARS,0.0755675,0.07575689,1204.0,1204.005
2025-05-07,BRL,15.92677095,15.96668767,5.7126,5.7146
2025-05-07,CLP,0.09698054,0.0972236,938.16,938.56
2025-05-07,COP,0.02113236,0.02118532,4305.4,4307.4
2025-05-07,UYU,2.17340957,2.17885671,41.862,41.962
2025-05-07,PEN,24.85542186,24.91771615,3.6605,3.6655
2025-05-07,BOB,13.28222945,13.31551824,6.85,7.0
2025-05-07,MXP,4.61382636,4.62538983,19.7197,19.72488
2025-05-07,CUC,90.98327175,91.2113,1.0,1.0
2025-05-07,NIO,2.50277891,2.50905154,36.3529,37.2357
2025-05-07,DOP,1.56495358,1.56887577,58.138,59.55
2025-05-07,TTD,13.5858788,13.61992862,6.6969,6.8034
2025-05-07,ANG,52.166316,52.29705865,1.7441,1.8363
2025-05-08,EUR,104.19369269,104.45482976,1.13632,1.13641
2025-05-08,CNY,12.69108017,12.72288739,7.2245,7.2255
2025-05-08,TRY,2.37313308,2.37908078,38.6353,38.6416
2025-05-08,RUB,1.13027972,1.1331125,81.1186,81.1266
2025-05-08,USD,91.68670875,91.9165,1.0,1.0
2025-05-08,CAD,66.4830025,66.64962656,1.3791,1.3796
2025-05-08,INR,1.08326786,1.08598282,84.639,84.689
2025-05-08,JPY,0.63989048,0.64149422,143.285,143.299
2025-05-08,ARS,0.07870103,0.07889828,1165.0,1165.005
2025-05-08,BRL,15.98331858,16.02337703,5.7364,5.7384
2025-05-08,CLP,0.09700654,0.09724967,945.16,945.64
2025-05-08,COP,0.02124886,0.02130211,4314.9,4316.9
2025-05-08,UYU,2.21782618,2.22338464,41.3408,42.3965
2025-05-08,PEN,25.09352147,25.1564125,3.6538,3.6588
2025-05-08,BOB,13.36540943,13.3989067,6.86,7.01
2025-05-08,MXP,4.67906306,4.69079004,19.5951,19.6016
2025-05-08,CUC,91.68670875,91.9165,1.0,1.0
2025-05-08,NIO,2.52138701,2.52770627,36.3636,37.2435
2025-05-08,DOP,1.5646196,1.56854095,58.6,58.9
2025-05-08,TTD,13.77877261,13.81330588,6.6542,6.9182
2025-05-08,ANG,52.56963978,52.70139326,1.7441,1.8363
2025-05-09,EUR,104.38676533,104.6483863,1.1272,1.1273
2025-05-09,CNY,12.79609237,12.82816278,7.2365,7.2375
2025-05-09,TRY,2.39741165,2.4034202,38.62454,38.62814
2025-05-09,RUB,1.1226534,1.12546707,82.4822,82.4902
2025-05-09,USD,92.5989225,92.831,1.0,1.0
2025-05-09,CAD,66.6188884,66.78585303,1.38998,1.3907
2025-05-09,INR,1.08458861,1.08730688,85.377,85.427
2025-05-09,JPY,0.6380676,0.63966676,145.124,145.145
2025-05-09,ARS,0.08209124,0.08229698,1128.0,1128.005
2025-05-09,BRL,16.31699074,16.35788546,5.675,5.677
2025-05-09,CLP,0.09857136,0.0988184,939.41,939.81
2025-05-09,COP,0.02171593,0.02177036,4264.1,4266.1
2025-05-09,UYU,2.2157623,2.22131559,41.791,41.891
2025-05-09,PEN,25.46024814,25.52405828,3.637,3.642
2025-05-09,BOB,13.51809087,13.5519708,6.85,7.0
2025-05-09,MXP,4.73867502,4.7505514,19.5411,19.5461
2025-05-09,CUC,92.5989225,92.831,1.0,1.0
2025-05-09,NIO,2.54938941,2.55577886,36.322,37.207
2025-05-09,DOP,1.57883925,1.58279624,58.65,58.95
2025-05-09,TTD,13.77119949,13.80571377,6.7241,6.8306
2025-05-09,ANG,53.09266813,53.22573246,1.7441,1.8363
2025-05-12,EUR,104.54057588,104.80258234,1.12624,1.12631
2025-05-12,CNY,12.82709732,12.85924543,7.236,7.237
2025-05-12,TRY,2.39545349,2.40145714,38.7471,38.7534
2025-05-12,RUB,1.10843988,1.11121792,83.7365,83.7445
2025-05-12,USD,92.81687625,93.0495,1.0,1.0
2025-05-12,CAD,66.57930409,66.74616951,1.39408,1.39423
2025-05-12,INR,1.08738344,1.09010871,85.358,85.408
2025-05-12,JPY,0.63968845,0.64129168,145.097,145.108
2025-05-12,ARS,0.08395918,0.0841696,1105.5,1105.505
2025-05-12,BRL,16.43009209,16.47127026,5.6492,5.6512
2025-05-12,CLP,0.09983529,0.10008551,929.7,930.1
2025-05-12,COP,0.02188561,0.02194046,4241.0,4243.0
2025-05-12,UYU,2.22182827,2.22739676,41.775,41.875
2025-05-12,PEN,25.50054295,25.56445409,3.6398,3.6448
2025-05-12,BOB,13.53015688,13.56406705,6.86,7.01
2025-05-12,MXP,4.76345514,4.77539363,19.4852,19.4914
2025-05-12,CUC,92.81687625,93.0495,1.0,1.0
2025-05-12,NIO,2.55416644,2.56056786,36.3394,37.2283
2025-05-12,DOP,1.58661326,1.59058974,58.5,58.8
2025-05-12,TTD,13.75166697,13.7861323,6.7495,6.856
2025-05-12,ANG,53.21763445,53.35101198,1.7441,1.8363
2025-05-13,EUR,103.22006633,103.47876323,1.11184,1.11193
2025-05-13,CNY,12.89193181,12.92424242,7.2006,7.2016
2025-05-13,TRY,2.39483119,2.40083327,38.7625,38.7688
2025-05-13,RUB,1.14705609,1.14993092,80.9286,80.9366
2025-05-13,USD,92.82964425,93.0623,1.0,1.0
2025-05-13,CAD,66.31825759,66.48446876,1.39976,1.39989
2025-05-13,INR,1.0941086,1.09685072,84.845,84.895
2025-05-13,JPY,0.62678688,0.62835777,148.104,148.108
2025-05-13,ARS,0.08273586,0.08294322,1122.0,1122.005
2025-05-13,BRL,16.33232067,16.3732538,5.6838,5.6858
2025-05-13,CLP,0.09882117,0.09906884,939.37,939.77
2025-05-13,COP,0.02199233,0.02204745,4221.0,4223.0
2025-05-13,UYU,2.22325152,2.22882358,41.754,41.854
2025-05-13,PEN,25.37646435,25.44006451,3.6581,3.6631
2025-05-13,BOB,13.55177288,13.58573722,6.85,7.0
2025-05-13,MXP,4.72717165,4.7390192,19.63746,19.64151
2025-05-13,CUC,92.82964425,93.0623,1.0,1.0
2025-05-13,NIO,2.5589612,2.56537463,36.2763,37.1772
2025-05-13,DOP,1.58358314,1.58755203,58.62,58.92
2025-05-13,TTD,13.78931138,13.82387106,6.732,6.8385
2025-05-13,ANG,53.22495513,53.35835101,1.7441,1.8363
2025-05-14,EUR,104.24562266,104.50688989,1.11674,1.11677
2025-05-14,CNY,12.96467375,12.99716666,7.2,7.201
2025-05-14,TRY,2.40766493,2.41369918,38.7702,38.7765
2025-05-14,RUB,1.16178574,1.16469749,80.3467,80.3547
2025-05-14,USD,93.345651,93.5796,1.0,1.0
2025-05-14,CAD,66.78566134,66.95304395,1.39769,1.39783
2025-05-14,INR,1.09524629,1.09799127,85.228,85.278
2025-05-14,JPY,0.63135374,0.63293608,147.85,147.856
2025-05-14,ARS,0.08297391,0.08318186,1125.0,1125.005
2025-05-14,BRL,16.64330688,16.68501943,5.6086,5.6106
2025-05-14,CLP,0.09937471,0.09962377,939.33,939.73
2025-05-14,COP,0.02218553,0.02224114,4207.5,4209.5
2025-05-14,UYU,2.23523505,2.24083714,41.761,41.861
2025-05-14,PEN,25.5965918,25.66074366,3.6468,3.6518
2025-05-14,BOB,13.60723775,13.6413411,6.86,7.01
2025-05-14,MXP,4.79359374,4.80560776,19.473,19.4783
2025-05-14,CUC,93.345651,93.5796,1.0,1.0
2025-05-14,NIO,2.56943158,2.57587126,36.3293,37.2294
2025-05-14,DOP,1.59320107,1.59719406,58.59,58.89
2025-05-14,TTD,13.99044543,14.0255092,6.6721,6.7786
2025-05-14,ANG,53.5208136,53.65495097,1.7441,1.8363
2025-05-15,EUR,105.32411488,105.58808509,1.12135,1.12142
2025-05-15,CNY,13.03724469,13.06991948,7.204,7.205
2025-05-15,TRY,2.42423793,2.43031371,38.7422,38.7485
2025-05-15,RUB,1.16766492,1.1705914,80.4343,80.4423
2025-05-15,USD,93.92031075,94.1557,1.0,1.0
2025-05-15,CAD,67.27382242,67.44242849,1.39609,1.3962
2025-05-15,INR,1.10000129,1.10275819,85.382,85.432
2025-05-15,JPY,0.64179959,0.64340811,146.339,146.348
2025-05-15,ARS,0.08333656,0.08354543,1127.0,1127.005
2025-05-15,BRL,16.72608468,16.7680047,5.6152,5.6172
2025-05-15,CLP,0.10005359,0.10030435,938.7,939.1
2025-05-15,COP,0.0223641,0.02242015,4199.6,4201.6
2025-05-15,UYU,2.25531434,2.26096676,41.644,41.744
2025-05-15,PEN,25.53084262,25.59482969,3.6787,3.6837
2025-05-15,BOB,13.71099427,13.74535766,6.85,7.0
2025-05-15,MXP,4.85323612,4.86539962,19.3521,19.3572
2025-05-15,CUC,93.92031075,94.1557,1.0,1.0
2025-05-15,NIO,2.58024249,2.58670926,36.3998,37.2913
2025-05-15,DOP,1.6016424,1.60565654,58.64,58.94
2025-05-15,TTD,13.91948168,13.9543676,6.7474,6.8539
2025-05-15,ANG,53.85030144,53.9852646,1.7441,1.8363
2025-05-16,EUR,105.2640968,105.52791659,1.1187,1.11878
2025-05-16,CNY,13.05639367,13.08911646,7.2063,7.2073
2025-05-16,TRY,2.43252936,2.43862592,38.6792,38.6855
2025-05-16,RUB,1.16888865,1.1718182,80.4938,80.5018
2025-05-16,USD,94.08828975,94.3241,1.0,1.0
2025-05-16,CAD,67.21936512,67.3878347,1.39972,1.39986
2025-05-16,INR,1.10182672,1.10458819,85.393,85.443
2025-05-16,JPY,0.64546158,0.64707928,145.769,145.784
2025-05-16,ARS,0.08289717,0.08310493,1135.0,1135.005
2025-05-16,BRL,16.65191047,16.69364458,5.6503,5.6523
2025-05-16,CLP,0.10000562,0.10025626,940.83,941.23
2025-05-16,COP,0.02233815,0.02239413,4212.0,4214.0
2025-05-16,UYU,2.26222715,2.2678969,41.591,41.691
2025-05-16,PEN,25.68052015,25.74488236,3.6638,3.6688
2025-05-16,BOB,13.71549413,13.7498688,6.86,7.01
2025-05-16,MXP,4.8337164,4.84583097,19.465,19.495
2025-05-16,CUC,94.08828975,94.3241,1.0,1.0
2025-05-16,NIO,2.58612197,2.59260348,36.382,37.2755
2025-05-16,DOP,1.60834683,1.61237777,58.5,58.8
2025-05-16,TTD,14.0321377,14.06730597,6.7052,6.8117
2025-05-16,ANG,53.94661415,54.0818187,1.7441,1.8363
2025-05-19,EUR,105.37107109,105.63515899,1.11466,1.11473
2025-05-19,CNY,13.11314316,13.14600818,7.2085,7.2095
2025-05-19,TRY,2.43416919,2.44026987,38.833,38.8384
2025-05-19,RUB,1.17138075,1.17431654,80.6963,80.7043
2025-05-19,USD,94.5260925,94.763,1.0,1.0
2025-05-19,CAD,67.59105648,67.76045763,1.3985,1.39852
2025-05-19,INR,1.10488343,1.10765256,85.553,85.603
2025-05-19,JPY,0.64764304,0.6492662,145.954,145.962
2025-05-19,ARS,0.0825195,0.08272632,1145.5,1145.505
2025-05-19,BRL,16.61062654,16.65225719,5.6907,5.6927
2025-05-19,CLP,0.10004349,0.10029422,944.85,945.7
2025-05-19,COP,0.02251157,0.02256799,4199.0,4201.0
2025-05-19,UYU,2.26675841,2.2724395,41.701,41.801
2025-05-19,PEN,25.57385761,25.63795249,3.6962,3.7012
2025-05-19,BOB,13.79942956,13.83401459,6.85,7.0
2025-05-19,MXP,4.83495575,4.84707343,19.55056,19.55564
2025-05-19,CUC,94.5260925,94.763,1.0,1.0
2025-05-19,NIO,2.60168808,2.6082086,36.3326,37.2251
2025-05-19,DOP,1.61224786,1.61628858,58.63,58.93
2025-05-19,TTD,14.0452731,14.08047428,6.7301,6.8366
2025-05-19,ANG,54.19763344,54.33346711,1.7441,1.8363
2025-05-20,EUR,106.47590537,106.74276228,1.12588,1.12595
2025-05-20,CNY,13.10877528,13.14162935,7.2139,7.2149
2025-05-20,TRY,2.43479754,2.44089979,38.83912,38.85
2025-05-20,RUB,1.17927843,1.18223401,80.1892,80.1972
2025-05-20,USD,94.565394,94.8024,1.0,1.0
2025-05-20,CAD,67.921735,68.09196492,1.39227,1.39241
2025-05-20,INR,1.10701201,1.10978647,85.424,85.474
2025-05-20,JPY,0.65313005,0.65476696,144.788,144.797
2025-05-20,ARS,0.08331752,0.08352634,1135.0,1135.005
2025-05-20,BRL,16.78417415,16.82623975,5.6342,5.6362
2025-05-20,CLP,0.10123148,0.1014852,934.15,935.2
2025-05-20,COP,0.02271295,0.02276988,4163.5,4165.5
2025-05-20,UYU,2.25806237,2.26372167,41.879,41.979
2025-05-20,PEN,25.67061023,25.7349476,3.6838,3.6888
2025-05-20,BOB,13.78504285,13.81959183,6.86,7.01
2025-05-20,MXP,4.88540887,4.897653,19.3567,19.3622
2025-05-20,CUC,94.565394,94.8024,1.0,1.0
2025-05-20,NIO,2.60105879,2.60757773,36.3565,37.2433
2025-05-20,DOP,1.61154386,1.61558282,58.68,58.98
2025-05-20,TTD,14.07034682,14.10561085,6.7209,6.8274
2025-05-20,ANG,54.22016742,54.35605756,1.7441,1.8363
2025-05-21,EUR,106.30857185,106.57500938,1.12352,1.12355
2025-05-21,CNY,13.10704691,13.13989666,7.2189,7.2199
2025-05-21,TRY,2.43661682,2.44272363,38.8319,38.8383
2025-05-21,RUB,1.1744742,1.17741775,80.5624,80.5704
2025-05-21,USD,94.618461,94.8556,1.0,1.0
2025-05-21,CAD,67.92618668,68.09642775,1.39296,1.39365
2025-05-21,INR,1.10627343,1.10904605,85.529,85.579
2025-05-21,JPY,0.65317175,0.65480878,144.86,144.878
2025-05-21,ARS,0.08358521,0.08379469,1132.0,1132.005
2025-05-21,BRL,16.70081387,16.74267054,5.6655,5.6675
2025-05-21,CLP,0.10065793,0.10091021,940.0,940.5
2025-05-21,COP,0.02270388,0.02276079,4167.5,4169.5
2025-05-21,UYU,2.27267938,2.27837532,41.633,41.733
2025-05-21,PEN,25.64602943,25.71030519,3.6894,3.6944
2025-05-21,BOB,13.81291401,13.84753284,6.85,7.0
2025-05-21,MXP,4.90537282,4.91766699,19.28874,19.29331
2025-05-21,CUC,94.618461,94.8556,1.0,1.0
2025-05-21,NIO,2.60372157,2.61024719,36.3397,37.2287
2025-05-21,DOP,1.61052699,1.6145634,58.75,59.05
2025-05-21,TTD,14.06840445,14.10366361,6.7256,6.8321
2025-05-21,ANG,54.250594,54.3865604,1.7441,1.8363
2025-05-22,EUR,107.38341934,107.65255072,1.13359,1.1336
2025-05-22,CNY,13.15407934,13.18704696,7.2014,7.2024
2025-05-22,TRY,2.44113581,2.44725394,38.8048,38.8111
2025-05-22,RUB,1.18647473,1.18944835,79.8397,79.8477
2025-05-22,USD,94.727787,94.9652,1.0,1.0
2025-05-22,CAD,68.47560829,68.64722635,1.38338,1.38349
2025-05-22,INR,1.10721508,1.10999006,85.555,85.605
2025-05-22,JPY,0.65898049,0.66063207,143.749,143.765
2025-05-22,ARS,0.08276783,0.08297527,1144.5,1144.505
2025-05-22,BRL,16.749675,16.79165414,5.6555,5.6575
2025-05-22,CLP,0.1003887,0.1006403,943.61,944.11
2025-05-22,COP,0.0227323,0.02278927,4167.1,4169.1
2025-05-22,UYU,2.27836994,2.28408014,41.577,41.677
2025-05-22,PEN,25.76364964,25.82822019,3.6768,3.6818
2025-05-22,BOB,13.8087153,13.84332361,6.86,7.01
2025-05-22,MXP,4.89817104,4.91044715,19.33942,19.34469
2025-05-22,CUC,94.727787,94.9652,1.0,1.0
2025-05-22,NIO,2.60572615,2.61225679,36.3537,37.2354
2025-05-22,DOP,1.61651513,1.62056655,58.6,58.9
2025-05-22,TTD,14.05602762,14.09125576,6.7393,6.8458
2025-05-22,ANG,54.31327733,54.44940083,1.7441,1.8363
2025-05-23,EUR,106.91147027,107.17941882,1.12791,1.12798
2025-05-23,CNY,13.15676745,13.18974181,7.204,7.205
2025-05-23,TRY,2.43607083,2.44217627,38.90747,38.91876
2025-05-23,RUB,1.18966834,1.19264996,79.6704,79.6784
2025-05-23,USD,94.78135275,95.0189,1.0,1.0
2025-05-23,CAD,68.30645417,68.47764829,1.38759,1.38762
2025-05-23,INR,1.10266008,1.10542364,85.957,86.007
2025-05-23,JPY,0.65918804,0.66084014,143.785,143.8
2025-05-23,ARS,0.08328765,0.08349639,1138.0,1138.005
2025-05-23,BRL,16.8186235,16.86077544,5.6355,5.6375
2025-05-23,CLP,0.10037632,0.10062789,944.26,944.66
2025-05-23,COP,0.02267713,0.02273396,4179.6,4181.6
2025-05-23,UYU,2.28234812,2.28806829,41.528,41.628
2025-05-23,PEN,25.86403775,25.9288599,3.6646,3.6696
2025-05-23,BOB,13.83669383,13.87137226,6.85,7.0
2025-05-23,MXP,4.89527589,4.90754475,19.3618,19.3669
2025-05-23,CUC,94.78135275,95.0189,1.0,1.0
2025-05-23,NIO,2.6102368,2.61677875,36.3114,37.1959
2025-05-23,DOP,1.61001108,1.6140462,58.87,59.17
2025-05-23,TTD,14.06522812,14.10047932,6.7387,6.8452
2025-05-23,ANG,54.34398988,54.48019035,1.7441,1.8363
2025-05-26,EUR,107.52629051,107.79577996,1.1336,1.13369
2025-05-26,CNY,13.20960571,13.24271249,7.1801,7.1811
2025-05-26,TRY,2.43027365,2.43636456,39.027,39.0333
2025-05-26,RUB,1.19291805,1.19590782,79.5078,79.5158
2025-05-26,USD,94.84629,95.084,1.0,1.0
2025-05-26,CAD,68.93500159,69.10777102,1.37588,1.376
2025-05-26,INR,1.11349381,1.11628453,85.179,85.229
2025-05-26,JPY,0.66417575,0.66584035,142.803,142.81
2025-05-26,ARS,0.0831985,0.08340701,1140.0,1140.005
2025-05-26,BRL,16.69505729,16.73689954,5.6811,5.6831
2025-05-26,CLP,0.10120068,0.10145431,937.21,938.0
2025-05-26,COP,0.02279191,0.02284904,4161.4,4163.4
2025-05-26,UYU,2.28017814,2.28589287,41.596,41.696
2025-05-26,PEN,25.92987314,25.99486029,3.6578,3.6628
2025-05-26,BOB,13.82598979,13.86064139,6.86,7.01
2025-05-26,MXP,4.91862252,4.93094989,19.2831,19.289
2025-05-26,CUC,94.84629,95.084,1.0,1.0
2025-05-26,NIO,2.60746531,2.61400031,36.3749,37.2562
2025-05-26,DOP,1.61029354,1.61432937,58.9,59.2
2025-05-26,TTD,14.04547595,14.08067764,6.7528,6.8593
2025-05-26,ANG,54.3812224,54.51751619,1.7441,1.8363
2025-05-27,EUR,108.11543652,108.38640253,1.13796,1.13805
2025-05-27,CNY,13.22023424,13.25336765,7.186,7.187
2025-05-27,TRY,2.43979154,2.44590631,38.938,38.9443
2025-05-27,RUB,1.19140044,1.1943864,79.7386,79.7466
2025-05-27,USD,95.00060325,95.2387,1.0,1.0
2025-05-27,CAD,69.18896716,69.36237309,1.37306,1.3732
2025-05-27,INR,1.11712844,1.11992826,85.04,85.09
2025-05-27,JPY,0.66534953,0.66701708,142.783,142.798
2025-05-27,ARS,0.08348031,0.08368954,1138.0,1138.005
2025-05-27,BRL,16.77033668,16.8123676,5.6648,5.6668
2025-05-27,CLP,0.10134478,0.10159878,937.4,937.95
2025-05-27,COP,0.02296753,0.02302509,4136.3,4138.3
2025-05-27,UYU,2.31171455,2.31750832,41.0953,42.1495
2025-05-27,PEN,25.97916299,26.04427368,3.6568,3.6618
2025-05-27,BOB,13.84848443,13.88319241,6.86,7.01
2025-05-27,MXP,4.95006217,4.96246834,19.1918,19.1972
2025-05-27,CUC,95.00060325,95.2387,1.0,1.0
2025-05-27,NIO,2.6127563,2.61930457,36.3603,37.2388
2025-05-27,DOP,1.62034117,1.62440218,58.63,58.93
2025-05-27,TTD,14.06832769,14.10358666,6.7528,6.8593
2025-05-27,ANG,54.4696997,54.60621523,1.7441,1.8363
2025-05-28,EUR,108.31128267,108.58273952,1.13329,1.13337
2025-05-28,CNY,13.28482081,13.3181161,7.1936,7.1946
2025-05-28,TRY,2.45105773,2.45720073,38.98957,39.0005
2025-05-28,RUB,1.19121187,1.19419736,80.2256,80.2336
2025-05-28,USD,95.565687,95.8052,1.0,1.0
2025-05-28,CAD,69.43313716,69.60715505,1.37637,1.37651
2025-05-28,INR,1.12000664,1.12281367,85.326,85.376
2025-05-28,JPY,0.66233054,0.66399051,144.287,144.3
2025-05-28,ARS,0.08397687,0.08418734,1138.0,1138.005
2025-05-28,BRL,16.89245523,16.93479221,5.6573,5.6593
2025-05-28,CLP,0.10178148,0.10203657,938.93,939.33
2025-05-28,COP,0.02312371,0.02318166,4132.8,4134.8
2025-05-28,UYU,2.297473,2.30323107,41.596,41.696
2025-05-28,PEN,26.18381472,26.24943832,3.6498,3.6548
2025-05-28,BOB,13.93085816,13.96577259,6.86,7.01
2025-05-28,MXP,4.97295049,4.98541403,19.2171,19.2213
2025-05-28,CUC,95.565687,95.8052,1.0,1.0
2025-05-28,NIO,2.62835536,2.63494272,36.3595,37.2409
2025-05-28,DOP,1.62250741,1.62657385,58.9,59.2
2025-05-28,TTD,14.15200909,14.18747778,6.7528,6.8593
2025-05-28,ANG,54.79369703,54.93102459,1.7441,1.8363
2025-05-29,EUR,108.80942957,109.0821349,1.12994,1.13003
2025-05-29,CNY,13.38462249,13.41816791,7.194,7.195
2025-05-29,TRY,2.46414297,2.47031877,39.07605,39.07995
2025-05-29,RUB,1.20772447,1.21075135,79.7276,79.7356
2025-05-29,USD,96.28897425,96.5303,1.0,1.0
2025-05-29,CAD,69.59659295,69.7710205,1.38353,1.38364
2025-05-29,INR,1.12798104,1.13080806,85.364,85.414
2025-05-29,JPY,0.66452476,0.66619024,144.899,144.917
2025-05-29,ARS,0.08279361,0.08300111,1163.0,1163.005
2025-05-29,BRL,16.97110778,17.01364189,5.6737,5.6757
2025-05-29,CLP,0.10239804,0.10265467,940.34,940.74
2025-05-29,COP,0.02331677,0.02337521,4129.6,4131.6
2025-05-29,UYU,2.31731262,2.32312042,41.552,41.652
2025-05-29,PEN,26.41455415,26.48075604,3.6453,3.6503
2025-05-29,BOB,14.03629362,14.0714723,6.86,7.01
2025-05-29,MXP,4.99425435,5.00677128,19.27995,19.28561
2025-05-29,CUC,96.28897425,96.5303,1.0,1.0
2025-05-29,NIO,2.64751259,2.65414796,36.3696,37.2528
2025-05-29,DOP,1.63617628,1.64027697,58.85,59.15
2025-05-29,TTD,14.24962251,14.28533585,6.7573,6.8638
2025-05-29,ANG,55.20840218,55.3467691,1.7441,1.8363
2025-05-30,EUR,109.72435435,109.99935273,1.1356,1.13568
2025-05-30,CNY,13.44160323,13.47529146,7.1878,7.1888
2025-05-30,TRY,2.47019637,2.47638734,39.1125,39.11915
2025-05-30,RUB,1.23108506,1.23417048,78.48,78.53
2025-05-30,USD,96.61555575,96.8577,1.0,1.0
2025-05-30,CAD,70.01888303,70.19436895,1.37985,1.38051
2025-05-30,INR,1.1305354,1.13336882,85.46,85.51
2025-05-30,JPY,0.66958359,0.67126174,144.292,144.305
2025-05-30,ARS,0.08229604,0.08250229,1174.0,1174.005
2025-05-30,BRL,17.115851,17.15874787,5.6448,5.6468
2025-05-30,CLP,0.10315011,0.10340863,936.65,937.1
2025-05-30,COP,0.02357972,0.02363881,4097.4,4099.4
2025-05-30,UYU,2.32103867,2.32685581,41.626,41.726
2025-05-30,PEN,26.58143883,26.64805898,3.6347,3.6397
2025-05-30,BOB,14.10446069,14.13981021,6.85,7.0
2025-05-30,MXP,4.99382621,5.00634206,19.347,19.377
2025-05-30,CUC,96.61555575,96.8577,1.0,1.0
2025-05-30,NIO,2.65660899,2.66326715,36.368,37.2544
2025-05-30,DOP,1.64200468,1.64611998,58.84,59.14
2025-05-30,TTD,14.30536227,14.34121531,6.7538,6.8603
2025-05-30,ANG,55.39565148,55.5344877,1.7441,1.8363
2025-06-03,EUR,109.94847567,110.22403576,1.13259,1.13268
2025-06-03,CNY,13.48278609,13.51657754,7.1995,7.2005
2025-06-03,TRY,2.4738726,2.48007278,39.2378,39.2478
2025-06-03,RUB,1.22701704,1.23009227,79.11,79.16
2025-06-03,USD,97.0693185,97.3126,1.0,1.0
2025-06-03,CAD,70.46825639,70.64486856,1.37749,1.37752
2025-06-03,INR,1.13504815,1.13789289,85.52,85.57
2025-06-03,JPY,0.67250463,0.6741901,144.34,144.35
2025-06-03,ARS,0.08122955,0.08143313,1195.0,1195.005
2025-06-03,BRL,16.93551974,16.97796465,5.7317,5.7337
2025-06-03,CLP,0.10286253,0.10312033,943.68,944.08
2025-06-03,COP,0.02340429,0.02346295,4147.5,4149.5
2025-06-03,UYU,2.33744265,2.3433009,41.528,41.629
2025-06-03,PEN,26.76445309,26.83153192,3.6268,3.6318
2025-06-03,BOB,14.15004642,14.1855102,6.86,7.01
2025-06-03,MXP,5.01520632,5.02777576,19.355,19.385
2025-06-03,CUC,97.0693185,97.3126,1.0,1.0
2025-06-03,NIO,2.67103224,2.67772656,36.3415,37.2238
2025-06-03,DOP,1.64943616,1.65357009,58.85,59.15
2025-06-03,TTD,14.44419423,14.48039522,6.7203,6.8268
2025-06-03,ANG,55.65582162,55.7953099,1.7441,1.8363
2025-06-04,EUR,110.63859396,110.91588367,1.13848,1.13854
2025-06-04,CNY,13.51993036,13.5538149,7.1876,7.1881
2025-06-04,TRY,2.4811278,2.48734616,39.166,39.1705
2025-06-04,RUB,1.231048,1.23413333,78.9375,78.9455
2025-06-04,USD,97.1758515,97.4194,1.0,1.0
2025-06-04,CAD,70.85060186,71.0281723,1.37156,1.37169
2025-06-04,INR,1.13602819,1.13887537,85.54,85.59
2025-06-04,JPY,0.6756722,0.67736561,143.821,143.836
2025-06-04,ARS,0.08200493,0.08221046,1185.0,1185.005
2025-06-04,BRL,17.20627007,17.24939355,5.6477,5.6497
2025-06-04,CLP,0.10318098,0.10343958,941.8,942.2
2025-06-04,COP,0.0234849,0.02354376,4137.8,4139.8
2025-06-04,UYU,2.33158624,2.33742981,41.678,41.778
2025-06-04,PEN,26.80861054,26.87580004,3.6248,3.6298
2025-06-04,BOB,14.16557602,14.20107871,6.86,7.01
2025-06-04,MXP,5.05150758,5.064168,19.237,19.2432
2025-06-04,CUC,97.1758515,97.4194,1.0,1.0
2025-06-04,NIO,2.67155248,2.6782481,36.3743,37.2521
2025-06-04,DOP,1.65096587,1.65510363,58.86,59.16
2025-06-04,TTD,14.44349754,14.47969678,6.728,6.8345
2025-06-04,ANG,55.71690356,55.85654492,1.7441,1.8363
2025-06-05,EUR,111.61762569,111.89736911,1.14287,1.14294
2025-06-05,CNY,13.59405646,13.62812678,7.1839,7.1849
2025-06-05,TRY,2.49643632,2.50269305,39.1191,39.1254
2025-06-05,RUB,1.23211245,1.23520045,79.2609,79.2689
2025-06-05,USD,97.65834225,97.9031,1.0,1.0
2025-06-05,CAD,71.44826186,71.62733019,1.36684,1.36752
2025-06-05,INR,1.13814279,1.14099527,85.805,85.855
2025-06-05,JPY,0.68212885,0.68383845,143.167,143.175
2025-06-05,ARS,0.08262127,0.08282834,1182.0,1182.005
2025-06-05,BRL,17.34668056,17.39015595,5.6298,5.6318
2025-06-05,CLP,0.10425897,0.10452027,936.69,937.09
2025-06-05,COP,0.02370463,0.02376404,4119.8,4121.8
2025-06-05,UYU,2.34738702,2.35327019,41.603,41.703
2025-06-05,PEN,27.03120633,27.09895372,3.6128,3.6178
2025-06-05,BOB,14.25669229,14.29242335,6.85,7.0
2025-06-05,MXP,5.09029576,5.10305339,19.1852,19.1904
2025-06-05,CUC,97.65834225,97.9031,1.0,1.0
2025-06-05,NIO,2.68678189,2.69351568,36.3477,37.2258
2025-06-05,DOP,1.65916313,1.66332144,58.86,59.24
2025-06-05,TTD,14.71378627,14.75066293,6.6372,6.7437
2025-06-05,ANG,55.99354523,56.13387993,1.7441,1.8363
2025-06-06,EUR,112.65221097,112.93454734,1.14633,1.14639
2025-06-06,CNY,13.70146639,13.73580591,7.172,7.173
2025-06-06,TRY,2.50261467,2.50888689,39.2657,39.272
2025-06-06,RUB,1.23629511,1.23939359,79.485,79.535
2025-06-06,USD,98.266917,98.5132,1.0,1.0
2025-06-06,CAD,72.0020201,72.18247629,1.36478,1.36491
2025-06-06,INR,1.14558245,1.14845358,85.779,85.829
2025-06-06,JPY,0.68548908,0.6872071,143.353,143.368
2025-06-06,ARS,0.08247328,0.08267998,1191.5,1191.505
2025-06-06,BRL,17.56711305,17.6111409,5.5938,5.5958
2025-06-06,CLP,0.10573384,0.10599883,929.38,929.78
2025-06-06,COP,0.02395877,0.02401882,4101.5,4103.5
2025-06-06,UYU,2.36542659,2.37135498,41.543,41.643
2025-06-06,PEN,27.13431368,27.20231948,3.6215,3.6265
2025-06-06,BOB,14.32462346,14.36052478,6.86,7.01
2025-06-06,MXP,5.12522255,5.13806771,19.1732,19.179
2025-06-06,CUC,98.266917,98.5132,1.0,1.0
2025-06-06,NIO,2.70216457,2.70893691,36.366,37.2415
2025-06-06,DOP,1.67006996,1.6742556,58.84,59.14
2025-06-06,TTD,14.79166044,14.82873227,6.6434,6.7499
2025-06-06,ANG,56.34247864,56.48368786,1.7441,1.8363
2025-06-09,EUR,112.58613438,112.86830514,1.13895,1.13903
2025-06-09,CNY,13.75104283,13.7855066,7.1881,7.1891
2025-06-09,TRY,2.5174788,2.52378827,39.26304,39.27188
2025-06-09,RUB,1.247501,1.25062757,79.2335,79.2415
2025-06-09,USD,98.843871,99.0916,1.0,1.0
2025-06-09,CAD,72.24108971,72.42214507,1.36825,1.36834
2025-06-09,INR,1.15292677,1.15581631,85.733,85.783
2025-06-09,JPY,0.68183704,0.68354591,144.967,144.982
2025-06-09,ARS,0.08323764,0.08344626,1187.49,1187.59
2025-06-09,BRL,17.60730182,17.6514304,5.6138,5.6158
2025-06-09,CLP,0.10578891,0.10605404,934.35,934.75
2025-06-09,COP,0.02390709,0.023967,4134.5,4136.5
2025-06-09,UYU,2.37931471,2.3852779,41.543,41.643
2025-06-09,PEN,27.06642323,27.13425887,3.6519,3.6569
2025-06-09,BOB,14.40872755,14.44483965,6.86,7.01
2025-06-09,MXP,5.15776222,5.17068894,19.1641,19.1695
2025-06-09,CUC,98.843871,99.0916,1.0,1.0
2025-06-09,NIO,2.71791767,2.72472949,36.3675,37.2429
2025-06-09,DOP,1.67958999,1.68379949,58.85,59.15
2025-06-09,TTD,14.87850663,14.91579612,6.6434,6.7499
2025-06-09,ANG,56.67328192,56.81532022,1.7441,1.8363
2025-06-10,EUR,112.85115886,113.13399385,1.14132,1.14133
2025-06-10,CNY,13.77153796,13.80605309,7.1798,7.1808
2025-06-10,TRY,2.52097405,2.52729228,39.2217,39.228
2025-06-10,RUB,1.2517773,1.25491459,78.9892,78.9972
2025-06-10,USD,98.87688825,99.1247,1.0,1.0
2025-06-10,CAD,72.25993952,72.44104213,1.36835,1.36847
2025-06-10,INR,1.15487447,1.1577689,85.617,85.667
2025-06-10,JPY,0.68402296,0.68573731,144.552,144.555
2025-06-10,ARS,0.08340521,0.08361425,1185.5,1185.505
2025-06-10,BRL,17.71542771,17.75982728,5.5814,5.5834
2025-06-10,CLP,0.10567157,0.10593641,935.7,936.1
2025-06-10,COP,0.02389254,0.02395242,4138.4,4140.4
2025-06-10,UYU,2.38073986,2.38670663,41.532,41.632
2025-06-10,PEN,27.10366718,27.17159617,3.6481,3.6531
2025-06-10,BOB,14.41354056,14.44966472,6.86,7.01
2025-06-10,MXP,5.18494432,5.19793917,19.07,19.1
2025-06-10,CUC,98.87688825,99.1247,1.0,1.0
2025-06-10,NIO,2.71946115,2.72627685,36.359,37.2347
2025-06-10,DOP,1.67787015,1.68207534,58.93,59.23
2025-06-10,TTD,14.77803674,14.81507443,6.6908,6.7973
2025-06-10,ANG,56.69221274,56.83429849,1.7441,1.8363
2025-06-11,EUR,113.6493847,113.93422025,1.14277,1.14279
2025-06-11,CNY,13.84158977,13.87628048,7.1848,7.1858
2025-06-11,TRY,2.53270142,2.53904905,39.266,39.314
2025-06-11,RUB,1.26791518,1.27109291,78.4351,78.4431
2025-06-11,USD,99.44905425,99.6983,1.0,1.0
2025-06-11,CAD,72.71368613,72.89592594,1.36768,1.36782
2025-06-11,INR,1.16306521,1.16598016,85.506,85.556
2025-06-11,JPY,0.68714453,0.6888667,144.728,144.746
2025-06-11,ARS,0.08392325,0.08413358,1185.0,1185.005
2025-06-11,BRL,17.88008886,17.92490111,5.562,5.564
2025-06-11,CLP,0.10567657,0.10594142,941.07,941.6
2025-06-11,COP,0.02370091,0.02376031,4196.0,4198.0
2025-06-11,UYU,2.40116508,2.40718304,41.417,41.517
2025-06-11,PEN,27.34520849,27.41374285,3.6368,3.6418
2025-06-11,BOB,14.5181101,14.55449635,6.85,7.0
2025-06-11,MXP,5.22025837,5.23334173,19.0506,19.0564
2025-06-11,CUC,99.44905425,99.6983,1.0,1.0
2025-06-11,NIO,2.73634166,2.74319966,36.3438,37.2187
2025-06-11,DOP,1.68557719,1.68980169,59.0,59.3
2025-06-11,TTD,14.84203481,14.87923289,6.7005,6.807
2025-06-11,ANG,57.02027077,57.16317871,1.7441,1.8363
2025-06-12,EUR,114.91489768,115.20290494,1.14806,1.14813
2025-06-12,CNY,13.92907356,13.96398352,7.1856,7.1866
2025-06-12,TRY,2.55465889,2.56106155,39.17891,39.18675
2025-06-12,RUB,1.26121805,1.26437899,79.3588,79.3668
2025-06-12,USD,100.088751,100.3396,1.0,1.0
2025-06-12,CAD,73.23227777,73.41581731,1.36673,1.36684
2025-06-12,INR,1.17117658,1.17411186,85.46,85.51
2025-06-12,JPY,0.69120156,0.69293389,144.804,144.819
2025-06-12,ARS,0.0843563,0.08456772,1186.5,1186.505
2025-06-12,BRL,18.05743505,18.10269178,5.5428,5.5448
2025-06-12,CLP,0.10694842,0.10721646,935.86,936.26
2025-06-12,COP,0.02386133,0.02392113,4194.6,4196.6
2025-06-12,UYU,2.42328041,2.42935379,41.303,41.403
2025-06-12,PEN,27.49842051,27.56733886,3.6398,3.6448
2025-06-12,BOB,14.59019693,14.62676384,6.86,7.01
2025-06-12,MXP,5.28566115,5.29890842,18.9359,18.9401
2025-06-12,CUC,100.088751,100.3396,1.0,1.0
2025-06-12,NIO,2.75180017,2.75869691,36.3721,37.2466
2025-06-12,DOP,1.69929967,1.70355857,58.9,59.2
2025-06-12,TTD,14.88065164,14.9179465,6.7261,6.8326
2025-06-12,ANG,57.38704833,57.53087552,1.7441,1.8363
2025-06-13,EUR,116.78979518,117.08250143,1.1582,1.15829
2025-06-13,CNY,14.05445826,14.08968247,7.1742,7.1752
2025-06-13,TRY,2.56302079,2.5694444,39.3401,39.3464
2025-06-13,RUB,1.26027573,1.26343432,80.0059,80.0139
2025-06-13,USD,100.8294945,101.0822,1.0,1.0
2025-06-13,CAD,74.0407946,74.2263605,1.36181,1.36194
2025-06-13,INR,1.17900275,1.18195764,85.521,85.571
2025-06-13,JPY,0.70206236,0.70382191,143.619,143.637
2025-06-13,ARS,0.08508818,0.08530143,1185.0,1185.005
2025-06-13,BRL,18.22757823,18.27326138,5.5317,5.5337
2025-06-13,CLP,0.10836288,0.10863446,930.48,930.88
2025-06-13,COP,0.0241664,0.02422697,4172.3,4174.3
2025-06-13,UYU,2.45369027,2.45983987,41.093,41.193
2025-06-13,PEN,27.85576,27.92557394,3.6197,3.6247
2025-06-13,BOB,14.71963423,14.75652554,6.85,7.0
2025-06-13,MXP,5.33401899,5.34738746,18.9031,18.9076
2025-06-13,CUC,100.8294945,101.0822,1.0,1.0
2025-06-13,NIO,2.77315705,2.78010731,36.3591,37.2215
2025-06-13,DOP,1.71274833,1.71704093,58.87,59.17
2025-06-13,TTD,15.00639884,15.04400887,6.7191,6.8256
2025-06-13,ANG,57.81176222,57.95665386,1.7441,1.8363
2025-06-17,EUR,117.60974029,117.90450155,1.15406,1.15415
2025-06-17,CNY,14.19025044,14.22581498,7.1811,7.1821
2025-06-17,TRY,2.58462437,2.59110213,39.42608,39.44022
2025-06-17,RUB,1.27653378,1.27973312,79.8268,79.8348
2025-06-17,USD,101.9016075,102.157,1.0,1.0
2025-06-17,CAD,74.97451164,75.16241768,1.35915,1.35929
2025-06-17,INR,1.18413135,1.18709909,86.056,86.106
2025-06-17,JPY,0.70718841,0.70896081,144.094,144.104
2025-06-17,ARS,0.08577576,0.08599074,1188.0,1188.005
2025-06-17,BRL,18.36031918,18.40633502,5.5501,5.5521
2025-06-17,CLP,0.10882157,0.1090943,936.41,937.18
2025-06-17,COP,0.02461094,0.02467262,4140.5,4142.5
2025-06-17,UYU,2.49349371,2.49974306,40.867,40.967
2025-06-17,PEN,28.22133806,28.29206823,3.6108,3.6158
2025-06-17,BOB,14.85446173,14.89169096,6.86,7.01
2025-06-17,MXP,5.36909198,5.38254835,18.9793,18.9844
2025-06-17,CUC,101.9016075,102.157,1.0,1.0
2025-06-17,NIO,2.79970238,2.80671917,36.3973,37.2672
2025-06-17,DOP,1.73184241,1.73618286,58.84,59.14
2025-06-17,TTD,15.11870855,15.15660005,6.7401,6.8466
2025-06-17,ANG,58.42647067,58.57290292,1.7441,1.8363
2025-06-18,EUR,118.24675253,118.54311031,1.15297,1.15305
2025-06-18,CNY,14.27793654,14.31372084,7.1825,7.1835
2025-06-18,TRY,2.60118375,2.607703,39.42485,39.43174
2025-06-18,RUB,1.30821889,1.31149764,78.39,78.44
2025-06-18,USD,102.55127925,102.8083,1.0,1.0
2025-06-18,CAD,75.46194885,75.65107654,1.35898,1.35908
2025-06-18,INR,1.18766464,1.19064124,86.347,86.397
2025-06-18,JPY,0.7066605,0.70843158,145.121,145.127
2025-06-18,ARS,0.08683427,0.0870519,1181.0,1181.005
2025-06-18,BRL,18.70861611,18.75550488,5.4815,5.4835
2025-06-18,CLP,0.10912728,0.10940079,939.74,940.57
2025-06-18,COP,0.0250064,0.02506908,4101.0,4103.0
2025-06-18,UYU,2.51129589,2.51758987,40.836,40.936
2025-06-18,PEN,28.48804912,28.55944774,3.5998,3.6048
2025-06-18,BOB,14.97098967,15.00851094,6.85,7.0
2025-06-18,MXP,5.40739674,5.42094911,18.965,18.9713
2025-06-18,CUC,102.55127925,102.8083,1.0,1.0
2025-06-18,NIO,2.82103963,2.82810991,36.3523,37.2164
2025-06-18,DOP,1.74229152,1.74665817,58.86,59.16
2025-06-18,TTD,15.31027429,15.3486459,6.6982,6.8047
2025-06-18,ANG,58.79896751,58.94633335,1.7441,1.8363
2025-06-19,EUR,119.14762587,119.44624147,1.15136,1.15145
2025-06-19,CNY,14.39768488,14.4337693,7.187,7.188
2025-06-19,TRY,2.61888122,2.62544483,39.51159,39.52496
2025-06-19,RUB,1.32305537,1.3263713,78.21,78.26
2025-06-19,USD,103.47616125,103.7355,1.0,1.0
2025-06-19,CAD,75.58742494,75.77686711,1.36896,1.369
2025-06-19,INR,1.19790418,1.20090644,86.381,86.431
2025-06-19,JPY,0.71534058,0.71713341,144.653,144.667
2025-06-19,ARS,0.09033274,0.09055914,1145.5,1145.505
2025-06-19,BRL,18.85361148,18.90086363,5.4884,5.4904
2025-06-19,CLP,0.10985896,0.1101343,941.9,942.3
2025-06-19,COP,0.02536864,0.02543222,4078.9,4080.9
2025-06-19,UYU,2.53010321,2.53644432,40.898,40.998
2025-06-19,PEN,28.68998287,28.76188759,3.6067,3.6117
2025-06-19,BOB,15.08398852,15.121793,6.86,7.01
2025-06-19,MXP,5.44548322,5.45913104,19.0022,19.0082
2025-06-19,CUC,103.47616125,103.7355,1.0,1.0
2025-06-19,NIO,2.84709271,2.85422828,36.3445,37.214
2025-06-19,DOP,1.75116197,1.75555085,59.09,59.39
2025-06-19,TTD,15.33957354,15.37801858,6.7457,6.8522
2025-06-19,ANG,59.32925936,59.47795424,1.7441,1.8363
2025-06-20,EUR,119.70326979,120.00327799,1.14783,1.14788
2025-06-20,CNY,14.51102659,14.54739507,7.1864,7.1874
2025-06-20,TRY,2.6362608,2.64286797,39.5568,39.5631
2025-06-20,RUB,1.33020273,1.33353657,78.3956,78.4036
2025-06-20,USD,104.2820415,104.5434,1.0,1.0
2025-06-20,CAD,75.96357891,76.15396382,1.37279,1.37288
2025-06-20,INR,1.20268073,1.20569497,86.708,86.758
2025-06-20,JPY,0.71704524,0.71884235,145.433,145.444
2025-06-20,ARS,0.09131527,0.09154413,1142.0,1142.005
2025-06-20,BRL,18.99144809,19.03904571,5.491,5.493
2025-06-20,CLP,0.11004858,0.11032439,947.6,948.0
2025-06-20,COP,0.02558754,0.02565167,4075.5,4077.5
2025-06-20,UYU,2.55186691,2.55826257,40.865,40.965
2025-06-20,PEN,29.01720783,29.08993266,3.5938,3.5988
2025-06-20,BOB,15.22365569,15.26181021,6.85,7.0
2025-06-20,MXP,5.47205186,5.48576627,19.05721,19.06243
2025-06-20,CUC,104.2820415,104.5434,1.0,1.0
2025-06-20,NIO,2.87041917,2.8776132,36.3299,37.2007
2025-06-20,DOP,1.76420303,1.76862459,59.11,59.41
2025-06-20,TTD,15.45903931,15.49778377,6.7457,6.8522
2025-06-20,ANG,59.79132016,59.94117309,1.7441,1.8363
2025-06-25,EUR,121.19674065,121.50049188,1.15213,1.15218
2025-06-25,CNY,14.65947575,14.69621629,7.1755,7.1765
2025-06-25,TRY,2.65142196,2.65806713,39.6727,39.679
2025-06-25,RUB,1.34009397,1.3434526,78.4938,78.5018
2025-06-25,USD,105.18906825,105.4527,1.0,1.0
2025-06-25,CAD,76.60365015,76.79563925,1.37316,1.3733
2025-06-25,INR,1.21534203,1.218388,86.551,86.601
2025-06-25,JPY,0.72127338,0.72308108,145.838,145.845
2025-06-25,ARS,0.09036861,0.0905951,1164.0,1164.005
2025-06-25,BRL,19.09230751,19.1401579,5.5095,5.5115
2025-06-25,CLP,0.11194494,0.1122255,939.65,942.65
2025-06-25,COP,0.02577152,0.02583611,4081.6,4083.6
2025-06-25,UYU,2.5740626,2.58051388,40.865,40.965
2025-06-25,PEN,29.24599445,29.31929268,3.5967,3.6017
2025-06-25,BOB,15.33368341,15.3721137,6.86,7.01
2025-06-25,MXP,5.4967394,5.51051569,19.13663,19.14096
2025-06-25,CUC,105.18906825,105.4527,1.0,1.0
2025-06-25,NIO,2.89080228,2.8980474,36.3875,37.2557
2025-06-25,DOP,1.77954776,1.78400778,59.11,59.49
2025-06-25,TTD,15.58148813,15.62053948,6.7509,6.8574
2025-06-25,ANG,60.31137449,60.46253081,1.7441,1.8363
2025-06-26,EUR,123.12503741,123.43362147,1.16255,1.16262
2025-06-26,CNY,14.75836544,14.79535382,7.1758,7.1768
2025-06-26,TRY,2.66437585,2.67105349,39.7478,39.7541
2025-06-26,RUB,1.35099757,1.35438353,78.3888,78.3968
2025-06-26,USD,105.90307875,106.1685,1.0,1.0
2025-06-26,CAD,77.06189421,77.25503179,1.37426,1.37441
2025-06-26,INR,1.23111621,1.23420171,86.022,86.072
2025-06-26,JPY,0.72714156,0.72896397,145.643,145.657
2025-06-26,ARS,0.09043815,0.09066481,1171.0,1171.005
2025-06-26,BRL,19.05245637,19.10020689,5.5585,5.5605
2025-06-26,CLP,0.1129151,0.1131981,937.9,938.4
2025-06-26,COP,0.02604793,0.02611321,4065.7,4067.7
2025-06-26,UYU,2.63460155,2.64120456,40.197,40.297
2025-06-26,PEN,29.68052429,29.75491157,3.5681,3.5731
2025-06-26,BOB,15.46030346,15.49905109,6.85,7.0
2025-06-26,MXP,5.59933797,5.6133714,18.9135,18.9194
2025-06-26,CUC,105.90307875,106.1685,1.0,1.0
2025-06-26,NIO,2.91312266,2.92042372,36.3538,37.2152
2025-06-26,DOP,1.78799727,1.79247847,59.23,59.53
2025-06-26,TTD,15.7432218,15.78267849,6.7269,6.8334
2025-06-26,ANG,60.7207607,60.87294306,1.7441,1.8363
2025-06-27,EUR,124.81190401,125.1247158,1.17082,1.1709
2025-06-27,CNY,14.87238499,14.90965914,7.1673,7.1683
2025-06-27,TRY,2.68033666,2.6870543,39.7692,39.7797
2025-06-27,RUB,1.35576488,1.35916279,78.6234,78.6314
2025-06-27,USD,106.594845,106.862,1.0,1.0
2025-06-27,CAD,78.12809302,78.32390278,1.36436,1.36437
2025-06-27,INR,1.24474339,1.24786304,85.636,85.686
2025-06-27,JPY,0.7385597,0.74041073,144.328,144.34
2025-06-27,ARS,0.09025812,0.09048433,1181.0,1181.005
2025-06-27,BRL,19.32116095,19.36958491,5.517,5.519
2025-06-27,CLP,0.11458115,0.11486832,930.3,930.7
2025-06-27,COP,0.02640839,0.02647458,4036.4,4038.4
2025-06-27,UYU,2.65181095,2.65845709,40.197,40.297
2025-06-27,PEN,29.85181051,29.92662708,3.5708,3.5758
2025-06-27,BOB,15.53860714,15.57755102,6.86,7.01
2025-06-27,MXP,5.64450825,5.65865488,18.8847,18.8896
2025-06-27,CUC,106.594845,106.862,1.0,1.0
2025-06-27,NIO,2.9272798,2.93461634,36.4143,37.2689
2025-06-27,DOP,1.79755219,1.80205733,59.3,59.6
2025-06-27,TTD,15.8375819,15.87727509,6.7305,6.837
2025-06-27,ANG,61.11739292,61.27056934,1.7441,1.8363
2025-06-30,EUR,125.87747259,126.19295498,1.17246,1.17253
2025-06-30,CNY,14.97244689,15.00997182,7.1702,7.1712
2025-06-30,TRY,2.69206108,2.6988081,39.87853,39.89023
2025-06-30,RUB,1.36766012,1.37108784,78.4957,78.5037
2025-06-30,USD,107.35543875,107.6245,1.0,1.0
2025-06-30,CAD,78.6296637,78.82673053,1.36533,1.36598
2025-06-30,INR,1.25663329,1.25978274,85.431,85.481
2025-06-30,JPY,0.74219944,0.74405959,144.645,144.65
2025-06-30,ARS,0.09021465,0.09044075,1190.0,1190.005
2025-06-30,BRL,19.54048757,19.58946123,5.494,5.496
2025-06-30,CLP,0.11456134,0.11484846,937.1,937.5
2025-06-30,COP,0.02639931,0.02646547,4066.6,4068.6
2025-06-30,UYU,2.67119777,2.67789251,40.19,40.29
2025-06-30,PEN,30.24352445,30.31932275,3.5497,3.5547
2025-06-30,BOB,15.67232682,15.71160583,6.85,7.0
2025-06-30,MXP,5.69198754,5.70625318,18.8608,18.8668
2025-06-30,CUC,107.35543875,107.6245,1.0,1.0
2025-06-30,NIO,2.95262666,2.96002673,36.3593,37.2126
2025-06-30,DOP,1.80824387,1.81277581,59.37,59.67
2025-06-30,TTD,15.90757312,15.94744172,6.7487,6.8552
2025-06-30,ANG,61.55348818,61.70775758,1.7441,1.8363
2025-07-01,EUR,126.82057481,127.13842086,1.17513,1.17515
2025-07-01,CNY,15.06549038,15.1032485,7.1633,7.1643
2025-07-01,TRY,2.71554886,2.72235474,39.741,39.7473
2025-07-01,RUB,1.38041312,1.3838728,78.1785,78.1865
2025-07-01,USD,107.91862725,108.1891,1.0,1.0
2025-07-01,CAD,79.14940244,79.34777187,1.36348,1.36359
2025-07-01,INR,1.25868772,1.26184233,85.739,85.789
2025-07-01,JPY,0.74820868,0.75008389,144.236,144.251
2025-07-01,ARS,0.09053576,0.09076266,1192.0,1192.005
2025-07-01,BRL,19.79831353,19.84793336,5.4509,5.4529
2025-07-01,CLP,0.11581861,0.11610888,931.79,932.19
2025-07-01,COP,0.02643444,0.02650069,4082.5,4084.5
2025-07-01,UYU,2.70228934,2.70906199,39.936,40.036
2025-07-01,PEN,30.50875731,30.58522036,3.5373,3.5423
2025-07-01,BOB,15.73157831,15.77100583,6.86,7.01
2025-07-01,MXP,5.72321331,5.7375572,18.8563,18.8612
2025-07-01,CUC,107.91862725,108.1891,1.0,1.0
2025-07-01,NIO,2.96662306,2.97405821,36.3776,37.2305
2025-07-01,DOP,1.8226419,1.82720993,59.21,59.51
2025-07-01,TTD,16.21544141,16.25608161,6.6553,6.7618
2025-07-01,ANG,61.87639885,62.03147755,1.7441,1.8363
2025-07-02,EUR,127.98833356,128.30910633,1.17736,1.17738
2025-07-02,CNY,15.17605106,15.21408627,7.163,7.164
2025-07-02,TRY,2.7317197,2.73856611,39.794,39.8003
2025-07-02,RUB,1.38213362,1.38559762,78.6509,78.6589
2025-07-02,USD,108.70605375,108.9785,1.0,1.0
2025-07-02,CAD,79.56410793,79.76351672,1.36627,1.36641
2025-07-02,INR,1.27135635,1.27454271,85.504,85.554
2025-07-02,JPY,0.75731182,0.75920984,143.542,143.562
2025-07-02,ARS,0.09047528,0.09070203,1201.5,1201.505
2025-07-02,BRL,19.9062524,19.95614276,5.4609,5.4629
2025-07-02,CLP,0.11738047,0.11767465,926.1,926.55
2025-07-02,COP,0.02676566,0.02683274,4061.4,4063.4
2025-07-02,UYU,2.74871178,2.75560078,39.548,39.648
2025-07-02,PEN,30.65855931,30.7353978,3.5457,3.5507
2025-07-02,BOB,15.86949689,15.90927007,6.85,7.0
2025-07-02,MXP,5.80995781,5.82451911,18.7103,18.7143
2025-07-02,CUC,108.70605375,108.9785,1.0,1.0
2025-07-02,NIO,2.9876448,2.99513263,36.3852,37.2319
2025-07-02,DOP,1.83501103,1.83961006,59.24,59.54
2025-07-02,TTD,16.21824842,16.25889566,6.7027,6.8092
2025-07-02,ANG,62.32787899,62.48408921,1.7441,1.8363
2025-07-03,EUR,128.87253963,129.19552845,1.17686,1.17694
2025-07-03,CNY,15.27807576,15.31636668,7.167,7.168
2025-07-03,TRY,2.75234629,2.75924441,39.7835,39.79007
2025-07-03,RUB,1.38952757,1.3930101,78.8023,78.8103
2025-07-03,USD,109.497969,109.7724,1.0,1.0
2025-07-03,CAD,80.26533426,80.46650051,1.3642,1.36423
2025-07-03,INR,1.27931638,1.28252269,85.591,85.641
2025-07-03,JPY,0.76056629,0.76247247,143.969,143.989
2025-07-03,ARS,0.08851897,0.08874082,1237.0,1237.005
2025-07-03,BRL,20.10981983,20.16022038,5.445,5.447
2025-07-03,CLP,0.11850044,0.11879744,924.03,924.43
2025-07-03,COP,0.02733076,0.02739926,4006.4,4008.4
2025-07-03,UYU,2.73430477,2.74115766,40.046,40.146
2025-07-03,PEN,30.80284938,30.88004951,3.5548,3.5598
2025-07-03,BOB,15.96180306,16.00180758,6.86,7.01
2025-07-03,MXP,5.83407316,5.8486949,18.7687,18.773
2025-07-03,CUC,109.497969,109.7724,1.0,1.0
2025-07-03,NIO,3.01082456,3.01837049,36.3681,37.2178
2025-07-03,DOP,1.83752255,1.84212787,59.59,59.89
2025-07-03,TTD,16.40615639,16.44727457,6.6742,6.7807
2025-07-03,ANG,62.7819328,62.939281,1.7441,1.8363
2025-07-04,EUR,129.84868104,130.17411633,1.17742,1.17744
2025-07-04,CNY,15.38897989,15.42754877,7.1662,7.1672
2025-07-04,TRY,2.76941969,2.77636059,39.8208,39.831
2025-07-04,RUB,1.3947376,1.39823318,79.069,79.077
2025-07-04,USD,110.28050775,110.5569,1.0,1.0
2025-07-04,CAD,81.21999392,81.4235528,1.3578,1.35795
2025-07-04,INR,1.29194596,1.29518392,85.36,85.41
2025-07-04,JPY,0.76219525,0.76410552,144.688,144.69
2025-07-04,ARS,0.0900249,0.09025053,1225.0,1225.005
2025-07-04,BRL,20.39927262,20.45039862,5.4061,5.4081
2025-07-04,CLP,0.11884571,0.11914357,927.93,928.33
2025-07-04,COP,0.02772817,0.02779767,3977.2,3979.2
2025-07-04,UYU,2.74869788,2.75558684,40.121,40.221
2025-07-04,PEN,30.98028141,31.05792622,3.5597,3.5647
2025-07-04,BOB,16.09934419,16.13969343,6.85,7.0
2025-07-04,MXP,5.89944497,5.91423055,18.69337,18.69821
2025-07-04,CUC,110.28050775,110.5569,1.0,1.0
2025-07-04,NIO,3.02138377,3.02895616,36.5,37.0
2025-07-04,DOP,1.85158676,1.85622733,59.56,59.86
2025-07-04,TTD,16.44333394,16.4845453,6.7067,6.8132
2025-07-04,ANG,63.23061048,63.38908319,1.7441,1.8363
2025-07-07,EUR,130.91075761,131.23885475,1.17781,1.17789
2025-07-07,CNY,15.51433665,15.5532197,7.1637,7.1647
2025-07-07,TRY,2.79029731,2.79729054,39.8309,39.8372
2025-07-07,RUB,1.40984855,1.41338201,78.8312,78.8392
2025-07-07,USD,111.1400535,111.4186,1.0,1.0
2025-07-07,CAD,81.66118303,81.86584765,1.36099,1.36119
2025-07-07,INR,1.30132958,1.30459106,85.405,85.455
2025-07-07,JPY,0.76899163,0.77091892,144.527,144.546
2025-07-07,ARS,0.08999194,0.09021748,1235.0,1235.005
2025-07-07,BRL,20.55560655,20.60712436,5.4068,5.4088
2025-07-07,CLP,0.1192669,0.11956581,931.86,932.57
2025-07-07,COP,0.02786512,0.02793496,3988.5,3990.5
2025-07-07,UYU,2.80566012,2.81269185,39.6128,40.6313
2025-07-07,PEN,31.38928841,31.46795831,3.5407,3.5457
2025-07-07,BOB,16.22482532,16.26548905,6.85,7.0
2025-07-07,MXP,5.96693082,5.98188553,18.626,18.656
2025-07-07,CUC,111.1400535,111.4186,1.0,1.0
2025-07-07,NIO,3.05649741,3.06415781,36.3619,37.2107
2025-07-07,DOP,1.86382782,1.86849907,59.63,59.93
2025-07-07,TTD,16.70625822,16.74812855,6.6526,6.9073
2025-07-07,ANG,63.72344102,63.8831489,1.7441,1.8363
2025-07-08,EUR,131.25749226,131.58645841,1.17347,1.17354
2025-07-08,CNY,15.59088926,15.62996417,7.1739,7.1749
2025-07-08,TRY,2.79683727,2.80384689,39.9907,39.997
2025-07-08,RUB,1.4214497,1.42501223,78.6855,78.6935
2025-07-08,USD,111.8474805,112.1278,1.0,1.0
2025-07-08,CAD,81.93774532,82.14310308,1.36503,1.36517
2025-07-08,INR,1.30470896,1.3079789,85.726,85.776
2025-07-08,JPY,0.76671931,0.76864091,145.878,145.892
2025-07-08,ARS,0.09112182,0.09135019,1227.45,1227.55
2025-07-08,BRL,20.45005402,20.50130729,5.4693,5.4713
2025-07-08,CLP,0.1190272,0.11932551,939.68,940.08
2025-07-08,COP,0.02778405,0.02785368,4025.6,4027.6
2025-07-08,UYU,2.78657333,2.79355722,40.138,40.238
2025-07-08,PEN,31.41959674,31.4983426,3.5598,3.5648
2025-07-08,BOB,16.30429744,16.34516034,6.86,7.01
2025-07-08,MXP,5.99011785,6.00513067,18.672,18.702
2025-07-08,CUC,111.8474805,112.1278,1.0,1.0
2025-07-08,NIO,3.07435461,3.08205976,36.3808,37.2337
2025-07-08,DOP,1.87978958,1.88450084,59.5,59.8
2025-07-08,TTD,16.7246068,16.76652311,6.6876,6.7941
2025-07-08,ANG,64.12905251,64.28977696,1.7441,1.8363
2025-07-09,EUR,131.74459856,132.07478553,1.1705,1.17058
2025-07-09,CNY,15.68963081,15.7289532,7.1733,7.1743
2025-07-09,TRY,2.81221945,2.81926762,40.0205,40.023
2025-07-09,RUB,1.43973735,1.44334572,78.1715,78.1795
2025-07-09,USD,112.54642875,112.8285,1.0,1.0
2025-07-09,CAD,82.28521725,82.49144586,1.36776,1.36794
2025-07-09,INR,1.31295413,1.31624475,85.72,85.77
2025-07-09,JPY,0.76605449,0.76797443,146.917,146.923
2025-07-09,ARS,0.08932256,0.08954642,1260.0,1260.005
2025-07-09,BRL,20.63027986,20.68198482,5.4554,5.4574
2025-07-09,CLP,0.11883016,0.11912798,947.12,947.52
2025-07-09,COP,0.02769964,0.02776906,4063.1,4065.1
2025-07-09,UYU,2.78290956,2.78988427,40.442,40.542
2025-07-09,PEN,31.5724826,31.65161163,3.5647,3.5697
2025-07-09,BOB,16.43013558,16.47131386,6.85,7.0
2025-07-09,MXP,6.01881527,6.03390002,18.6991,18.7042
2025-07-09,CUC,112.54642875,112.8285,1.0,1.0
2025-07-09,NIO,3.09596641,3.10372573,36.3526,37.2048
2025-07-09,DOP,1.88583158,1.89055797,59.68,59.98
2025-07-09,TTD,16.76719287,16.80921591,6.7123,6.8188
2025-07-09,ANG,64.52980262,64.69153144,1.7441,1.8363
2025-07-10,EUR,132.93237194,133.26553578,1.17155,1.17156
2025-07-10,CNY,15.80418187,15.84379135,7.1795,7.1805
2025-07-10,TRY,2.83330978,2.84041081,40.0472,40.0535
2025-07-10,RUB,1.45208758,1.4557269,78.14,78.19
2025-07-10,USD,113.46612375,113.7505,1.0,1.0
2025-07-10,CAD,82.87401124,83.08171552,1.36914,1.36923
2025-07-10,INR,1.32473408,1.32805421,85.652,85.702
2025-07-10,JPY,0.7748407,0.77678266,146.438,146.453
2025-07-10,ARS,0.09048335,0.09071012,1254.0,1254.005
2025-07-10,BRL,20.77297128,20.82503386,5.4622,5.4642
2025-07-10,CLP,0.11953239,0.11983197,949.25,950.1
2025-07-10,COP,0.02817144,0.02824204,4027.7,4029.7
2025-07-10,UYU,2.79383753,2.80083963,40.613,40.713
2025-07-10,PEN,32.00917505,32.08939855,3.5448,3.5498
2025-07-10,BOB,16.54025127,16.58170553,6.86,7.01
2025-07-10,MXP,6.11558531,6.13091259,18.5536,18.5564
2025-07-10,CUC,113.46612375,113.7505,1.0,1.0
2025-07-10,NIO,3.12008127,3.12790102,36.3664,37.2209
2025-07-10,DOP,1.89394297,1.8986897,59.91,60.21
2025-07-10,TTD,16.82549991,16.86766908,6.7437,6.8502
2025-07-10,ANG,65.05712043,65.22017086,1.7441,1.8363
2025-07-11,EUR,133.3065392,133.6406408,1.16799,1.16807
2025-07-11,CNY,15.90754097,15.9474095,7.1743,7.1753
2025-07-11,TRY,2.8485954,2.85573474,40.06377,40.07234
2025-07-11,RUB,1.46615456,1.46982913,77.84,77.89
2025-07-11,USD,114.12547125,114.4115,1.0,1.0
2025-07-11,CAD,83.36594026,83.57487746,1.36897,1.36907
2025-07-11,INR,1.33230762,1.33564674,85.66,85.71
2025-07-11,JPY,0.77901877,0.7809712,146.499,146.512
2025-07-11,ARS,0.09068372,0.090911,1258.5,1258.505
2025-07-11,BRL,20.56685371,20.61839971,5.549,5.551
2025-07-11,CLP,0.120189,0.12049023,949.55,949.95
2025-07-11,COP,0.02834429,0.02841533,4026.4,4028.4
2025-07-11,UYU,2.82376957,2.83084669,40.416,40.516
2025-07-11,PEN,32.11454856,32.19503615,3.5537,3.5587
2025-07-11,BOB,16.66065273,16.70240875,6.85,7.0
2025-07-11,MXP,6.11179088,6.12710865,18.673,18.703
2025-07-11,CUC,114.12547125,114.4115,1.0,1.0
2025-07-11,NIO,3.13562526,3.14348397,36.3964,37.2495
2025-07-11,DOP,1.90114061,1.90590538,60.03,60.33
2025-07-11,TTD,16.96957329,17.01210354,6.7253,6.8318
2025-07-11,ANG,65.43516498,65.59916289,1.7441,1.8363
2025-07-14,EUR,134.52038276,134.85752658,1.16926,1.16934
2025-07-14,CNY,16.04994422,16.09016965,7.1676,7.1686
2025-07-14,TRY,2.86370421,2.87088141,40.1716,40.1779
2025-07-14,RUB,1.47506497,1.47876188,77.9895,77.9975
2025-07-14,USD,115.03958025,115.3279,1.0,1.0
2025-07-14,CAD,84.04104193,84.25167111,1.36885,1.36901
2025-07-14,INR,1.34003797,1.34339646,85.848,85.898
2025-07-14,JPY,0.78058028,0.78253662,147.377,147.392
2025-07-14,ARS,0.09121655,0.09144516,1261.17,1261.22
2025-07-14,BRL,20.61973799,20.67141653,5.5791,5.5811
2025-07-14,CLP,0.12011441,0.12041545,957.75,958.15
2025-07-14,COP,0.02875055,0.0288226,4001.3,4003.3
2025-07-14,UYU,2.84638708,2.85352088,40.416,40.516
2025-07-14,PEN,32.40734132,32.48856273,3.5498,3.5548
2025-07-14,BOB,16.7940993,16.83618978,6.85,7.0
2025-07-14,MXP,6.15761168,6.17304429,18.6825,18.6867
2025-07-14,CUC,115.03958025,115.3279,1.0,1.0
2025-07-14,NIO,3.15176932,3.15966849,36.5,37.0
2025-07-14,DOP,1.92052721,1.92534056,59.9,60.2
2025-07-14,TTD,17.10549421,17.14836512,6.7253,6.8318
2025-07-14,ANG,65.95928,66.12459147,1.7441,1.8363
2025-07-15,EUR,135.00751526,135.34587996,1.16828,1.16834
2025-07-15,CNY,16.12432686,16.16473871,7.1665,7.1675
2025-07-15,TRY,2.87220872,2.87940723,40.2321,40.2384
2025-07-15,RUB,1.47984259,1.48355146,78.086,78.135
2025-07-15,USD,115.5549885,115.8446,1.0,1.0
2025-07-15,CAD,84.46261183,84.67429757,1.36812,1.36826
2025-07-15,INR,1.34403773,1.34740625,85.976,86.026
2025-07-15,JPY,0.78300958,0.78497201,147.578,147.596
2025-07-15,ARS,0.09156496,0.09179445,1262.0,1262.005
2025-07-15,BRL,20.74670338,20.79870013,5.5698,5.5718
2025-07-15,CLP,0.11910675,0.11940526,970.18,970.58
2025-07-15,COP,0.0286261,0.02869784,4036.7,4038.7
2025-07-15,UYU,2.83633166,2.84344026,40.741,40.841
2025-07-15,PEN,32.38558014,32.466747,3.5681,3.5731
2025-07-15,BOB,16.86934138,16.91162043,6.85,7.0
2025-07-15,MXP,6.16234113,6.17778559,18.7518,18.7575
2025-07-15,CUC,115.5549885,115.8446,1.0,1.0
2025-07-15,NIO,3.17674324,3.184705,36.3753,37.2304
2025-07-15,DOP,1.92143313,1.92624875,60.14,60.44
2025-07-15,TTD,17.13652101,17.17946968,6.7432,6.8497
2025-07-15,ANG,66.2547953,66.42084742,1.7441,1.8363
2025-07-16,EUR,135.33218794,135.67136635,1.16133,1.16138
2025-07-16,CNY,16.24659141,16.28730968,7.1724,7.1734
2025-07-16,TRY,2.8973027,2.90456411,40.21915,40.23225
2025-07-16,RUB,1.49419709,1.49794194,77.9864,77.9944
2025-07-16,USD,116.52705225,116.8191,1.0,1.0
2025-07-16,CAD,84.91863713,85.13146579,1.37222,1.37236
2025-07-16,INR,1.35861502,1.36202007,85.769,85.819
2025-07-16,JPY,0.78282256,0.78478452,148.855,148.861
2025-07-16,ARS,0.09068253,0.0909098,1285.0,1285.005
2025-07-16,BRL,20.9747016,21.02726978,5.5556,5.5576
2025-07-16,CLP,0.12065589,0.12095829,965.78,966.18
2025-07-16,COP,0.02898034,0.02905297,4020.9,4022.9
2025-07-16,UYU,2.88247791,2.88970217,40.426,40.526
2025-07-16,PEN,32.66075796,32.74261449,3.5678,3.5728
2025-07-16,BOB,16.98645076,17.02902332,6.86,7.01
2025-07-16,MXP,6.20964281,6.22520582,18.7655,18.771
2025-07-16,CUC,116.52705225,116.8191,1.0,1.0
2025-07-16,NIO,3.20130143,3.20932475,36.3999,37.2564
2025-07-16,DOP,1.93824105,1.9430988,60.12,60.42
2025-07-16,TTD,17.29888989,17.34224551,6.7361,6.8426
2025-07-16,ANG,66.81213935,66.97958832,1.7441,1.8363
2025-07-17,EUR,135.81959913,136.15999913,1.15968,1.15976
2025-07-17,CNY,16.30560148,16.34646765,7.1822,7.1832
2025-07-17,TRY,2.90956747,2.91685962,40.25,40.2563
2025-07-17,RUB,1.49657059,1.50032139,78.2523,78.2603
2025-07-17,USD,117.110091,117.4036,1.0,1.0
2025-07-17,CAD,85.24288927,85.4565306,1.37384,1.37395
2025-07-17,INR,1.36271181,1.36612713,85.939,85.989
2025-07-17,JPY,0.78867856,0.7906552,148.489,148.493
2025-07-17,ARS,0.09376308,0.09399807,1249.0,1249.005
2025-07-17,BRL,21.01647273,21.06914559,5.5723,5.5743
2025-07-17,CLP,0.12123574,0.12153959,965.97,966.83
2025-07-17,COP,0.02899123,0.02906389,4039.5,4041.5
2025-07-17,UYU,2.89639875,2.9036579,40.433,40.533
2025-07-17,PEN,32.96647083,33.04909357,3.5524,3.5574
2025-07-17,BOB,17.09636364,17.13921167,6.85,7.0
2025-07-17,MXP,6.24827085,6.26393068,18.7428,18.748
2025-07-17,CUC,117.110091,117.4036,1.0,1.0
2025-07-17,NIO,3.21945944,3.22752826,36.3757,37.2367
2025-07-17,DOP,1.95281125,1.95770551,59.97,60.27
2025-07-17,TTD,17.38673481,17.43031058,6.7356,6.8421
2025-07-17,ANG,67.14643139,67.31471819,1.7441,1.8363
2025-07-18,EUR,136.72286093,137.06552475,1.15874,1.15875
2025-07-18,CNY,16.42720446,16.4683754,7.1827,7.1837
2025-07-18,TRY,2.92927248,2.93661401,40.2802,40.2865
2025-07-18,RUB,1.50327024,1.50703783,78.49,78.54
2025-07-18,USD,117.9916815,118.2874,1.0,1.0
2025-07-18,CAD,85.83273185,86.04785148,1.37467,1.37532
2025-07-18,INR,1.37215584,1.37559483,85.99,86.04
2025-07-18,JPY,0.79450327,0.79649451,148.51,148.528
2025-07-18,ARS,0.09356992,0.09380444,1261.0,1261.005
2025-07-18,BRL,21.21122503,21.26438599,5.5627,5.5647
2025-07-18,CLP,0.12206246,0.12236838,966.65,967.25
2025-07-18,COP,0.02939869,0.02947238,4013.5,4015.5
2025-07-18,UYU,2.92899616,2.936337,40.284,40.384
2025-07-18,PEN,33.22960501,33.31288723,3.5508,3.5558
2025-07-18,BOB,17.19995357,17.24306122,6.86,7.01
2025-07-18,MXP,6.28832854,6.30408876,18.7636,18.7648
2025-07-18,CUC,117.9916815,118.2874,1.0,1.0
2025-07-18,NIO,3.2326488,3.24075068,36.5,37.0
2025-07-18,DOP,1.9599947,1.96490697,60.2,60.5
2025-07-18,TTD,17.50930158,17.55318454,6.7388,6.8453
2025-07-18,ANG,67.65190155,67.82145519,1.7441,1.8363
2025-07-21,EUR,138.49804671,138.84515961,1.16529,1.16535
2025-07-21,CNY,16.55915878,16.60066043,7.1771,7.1781
2025-07-21,TRY,2.94355059,2.95092791,40.3753,40.3852
2025-07-21,RUB,1.51031565,1.5141009,78.69,78.74
2025-07-21,USD,118.8467385,119.1446,1.0,1.0
2025-07-21,CAD,86.63056426,86.84768347,1.37188,1.37202
2025-07-21,INR,1.38111978,1.38458123,86.051,86.101
2025-07-21,JPY,0.80097277,0.80298022,148.378,148.394
2025-07-21,ARS,0.09274033,0.09297276,1281.5,1281.505
2025-07-21,BRL,21.43313588,21.48685302,5.545,5.547
2025-07-21,CLP,0.12353488,0.12384449,962.05,962.69
2025-07-21,COP,0.02976153,0.02983612,3993.3,3995.3
2025-07-21,UYU,2.94481239,2.95219287,40.358,40.458
2025-07-21,PEN,33.36798116,33.45161018,3.5617,3.5667
2025-07-21,BOB,17.34988883,17.39337226,6.85,7.0
2025-07-21,MXP,6.3547609,6.37068762,18.702,18.732
2025-07-21,CUC,118.8467385,119.1446,1.0,1.0
2025-07-21,NIO,3.25607502,3.26423561,36.5,37.0
2025-07-21,DOP,1.97354265,1.97848887,60.22,60.52
2025-07-21,TTD,17.78264308,17.8272111,6.6833,6.7898
2025-07-21,ANG,68.14215841,68.31294077,1.7441,1.8363
2025-07-22,EUR,139.72030755,140.07048376,1.17041,1.17051
2025-07-22,CNY,16.63536122,16.67705386,7.1755,7.1765
2025-07-22,TRY,2.95553671,2.96294407,40.3876,40.3939
2025-07-22,RUB,1.52460002,1.52842107,78.294,78.302
2025-07-22,USD,119.3670345,119.6662,1.0,1.0
2025-07-22,CAD,87.20305842,87.42161246,1.36884,1.36898
2025-07-22,INR,1.3842545,1.38772381,86.232,86.282
2025-07-22,JPY,0.81022381,0.81225445,147.326,147.333
2025-07-22,ARS,0.0924609,0.09269264,1291.0,1291.005
2025-07-22,BRL,21.48280082,21.53664243,5.5564,5.5584
2025-07-22,CLP,0.1249982,0.12531148,954.95,955.45
2025-07-22,COP,0.02962549,0.02969974,4029.2,4031.2
2025-07-22,UYU,2.99829031,3.00580482,39.8117,40.8408
2025-07-22,PEN,33.53289167,33.61693401,3.5597,3.5647
2025-07-22,BOB,17.40044234,17.44405247,6.86,7.01
2025-07-22,MXP,6.40418879,6.42023939,18.6389,18.6434
2025-07-22,CUC,119.3670345,119.6662,1.0,1.0
2025-07-22,NIO,3.28566883,3.29390359,36.3296,37.1873
2025-07-22,DOP,1.98382972,1.98880172,60.17,60.47
2025-07-22,TTD,17.73813928,17.78259577,6.7294,6.8359
2025-07-22,ANG,68.44047617,68.61200619,1.7441,1.8363
2025-07-23,EUR,140.96895794,141.3222636,1.17346,1.17354
2025-07-23,CNY,16.74349277,16.78545642,7.1743,7.1753
2025-07-23,TRY,2.97200611,2.97945474,40.4181,40.4244
2025-07-23,RUB,1.53413589,1.53798084,78.3,78.55
2025-07-23,USD,120.12284025,120.4239,1.0,1.0
2025-07-23,CAD,88.1544944,88.37543298,1.36264,1.36329
2025-07-23,INR,1.39203458,1.39552339,86.293,86.343
2025-07-23,JPY,0.82044955,0.82250582,146.411,146.415
2025-07-23,ARS,0.0951845,0.09542305,1262.0,1262.005
2025-07-23,BRL,21.59589382,21.65001887,5.5623,5.5643
2025-07-23,CLP,0.12620331,0.12651961,951.82,952.22
2025-07-23,COP,0.02955851,0.02963259,4063.9,4065.9
2025-07-23,UYU,3.01314243,3.02069417,39.8663,40.8918
2025-07-23,PEN,33.74616256,33.8307394,3.5596,3.5646
2025-07-23,BOB,17.53618105,17.58013138,6.85,7.0
2025-07-23,MXP,6.45315184,6.46932515,18.6146,18.6199
2025-07-23,CUC,120.12284025,120.4239,1.0,1.0
2025-07-23,NIO,3.30280011,3.31107781,36.37,37.2246
2025-07-23,DOP,1.99274784,1.9977422,60.28,60.58
2025-07-23,TTD,17.93306464,17.97800967,6.6984,6.8049
2025-07-23,ANG,68.87382618,69.04644229,1.7441,1.8363
2025-07-25,EUR,141.99132652,142.34719451,1.17296,1.17306
2025-07-25,CNY,16.90693811,16.94931139,7.1594,7.1604
2025-07-25,TRY,2.99212766,2.99962673,40.454,40.456
2025-07-25,RUB,1.54718076,1.55105841,78.2349,78.2429
2025-07-25,USD,121.04353275,121.3469,1.0,1.0
2025-07-25,CAD,88.8477673,89.07044341,1.36237,1.36248
2025-07-25,INR,1.40187543,1.4053889,86.344,86.394
2025-07-25,JPY,0.8270656,0.82913845,146.353,146.369
2025-07-25,ARS,0.09621902,0.09646017,1258.0,1258.005
2025-07-25,BRL,21.78334852,21.83794338,5.5567,5.5587
2025-07-25,CLP,0.12764804,0.12796796,948.26,948.66
2025-07-25,COP,0.02986959,0.02994445,4052.4,4054.4
2025-07-25,UYU,3.02752639,3.03511417,39.981,40.081
2025-07-25,PEN,34.06222781,34.1475968,3.5536,3.5586
2025-07-25,BOB,17.64482984,17.68905247,6.86,7.01
2025-07-25,MXP,6.50914812,6.52546178,18.59591,18.60019
2025-07-25,CUC,121.04353275,121.3469,1.0,1.0
2025-07-25,NIO,3.32795917,3.33629992,36.3717,37.2245
2025-07-25,DOP,2.0010503,2.00606546,60.49,60.79
2025-07-25,TTD,17.97685128,18.02190604,6.7333,6.8398
2025-07-25,ANG,69.40171592,69.57565506,1.7441,1.8363
2025-07-28,EUR,143.04463813,143.403146,1.17373,1.1738
2025-07-28,CNY,17.00261949,17.04523258,7.1674,7.1684
2025-07-28,TRY,3.0052842,3.01281624,40.5501,40.5564
2025-07-28,RUB,1.53604677,1.53989651,79.3365,79.3445
2025-07-28,USD,121.864575,122.17,1.0,1.0
2025-07-28,CAD,88.93536628,89.15826193,1.37026,1.37038
2025-07-28,INR,1.4094419,1.41297433,86.463,86.513
2025-07-28,JPY,0.8251432,0.82721123,147.689,147.702
2025-07-28,ARS,0.09550515,0.09574451,1276.0,1276.005
2025-07-28,BRL,21.96351716,22.01856357,5.5485,5.5505
2025-07-28,CLP,0.12714092,0.12745957,958.5,958.9
2025-07-28,COP,0.02962623,0.02970049,4113.4,4115.4
2025-07-28,UYU,3.04205129,3.04967548,40.06,40.16
2025-07-28,PEN,34.456168,34.54252431,3.5368,3.5418
2025-07-28,BOB,18.06846588,18.11375025,6.7446,7.0859
2025-07-28,MXP,6.56262015,6.57906782,18.5695,18.5845
2025-07-28,CUC,121.864575,122.17,1.0,1.0
2025-07-28,NIO,3.34813024,3.35652154,36.3978,37.251
2025-07-28,DOP,2.00964008,2.01467678,60.64,60.94
2025-07-28,TTD,18.00972053,18.05485768,6.7666,6.8731
2025-07-28,ANG,69.87247004,70.04758901,1.7441,1.8363
2025-07-29,EUR,142.4846347,142.84173905,1.16276,1.16282
2025-07-29,CNY,17.07429777,17.1170905,7.1765,7.1775
2025-07-29,TRY,3.02285135,3.03042742,40.5358,40.5421
2025-07-29,RUB,1.52540182,1.52922488,80.3288,80.3368
2025-07-29,USD,122.533698,122.8408,1.0,1.0
2025-07-29,CAD,89.34609209,89.57001713,1.37145,1.37212
2025-07-29,INR,1.4141223,1.41766647,86.65,86.7
2025-07-29,JPY,0.82575998,0.82782955,148.389,148.404
2025-07-29,ARS,0.09535696,0.09559595,1285.0,1285.005
2025-07-29,BRL,21.95078965,22.00580416,5.5822,5.5842
2025-07-29,CLP,0.12624531,0.12656171,970.6,971.0
2025-07-29,COP,0.02936978,0.02944339,4172.1,4174.1
2025-07-29,UYU,3.06326586,3.07094322,40.001,40.101
2025-07-29,PEN,34.57789824,34.66455964,3.5437,3.5487
2025-07-29,BOB,17.88813109,17.9329635,6.85,7.0
2025-07-29,MXP,6.55611011,6.57254146,18.69,18.72
2025-07-29,CUC,122.533698,122.8408,1.0,1.0
2025-07-29,NIO,3.36734649,3.37578595,36.3888,37.247
2025-07-29,DOP,2.02267576,2.02774513,60.58,60.88
2025-07-29,TTD,18.17710729,18.22266395,6.7411,6.8476
2025-07-29,ANG,70.25611948,70.43219998,1.7441,1.8363
2025-07-30,EUR,142.3781602,142.7349977,1.15224,1.15228
2025-07-30,CNY,17.21208565,17.25522371,7.1788,7.1798
2025-07-30,TRY,3.04538973,3.05302229,40.5735,40.576
2025-07-30,RUB,1.50085172,1.50461325,82.328,82.336
2025-07-30,USD,123.5621205,123.8718,1.0,1.0
2025-07-30,CAD,89.63129678,89.85593662,1.37856,1.37868
2025-07-30,INR,1.41981362,1.42337205,87.027,87.077
2025-07-30,JPY,0.83218583,0.83427151,148.479,148.493
2025-07-30,ARS,0.09512095,0.09535935,1299.0,1299.005
2025-07-30,BRL,22.09109479,22.14646094,5.5933,5.5953
2025-07-30,CLP,0.12720658,0.1275254,971.35,971.75
2025-07-30,COP,0.02969244,0.02976685,4161.4,4163.4
2025-07-30,UYU,3.08851252,3.09625315,40.007,40.107
2025-07-30,PEN,34.80329,34.89051629,3.5503,3.5553
2025-07-30,BOB,18.01197091,18.0571137,6.86,7.01
2025-07-30,MXP,6.56431765,6.58076957,18.8233,18.828
2025-07-30,CUC,123.5621205,123.8718,1.0,1.0
2025-07-30,NIO,3.39470364,3.40321167,36.3985,37.2633
2025-07-30,DOP,2.03394437,2.03904197,60.75,61.05
2025-07-30,TTD,18.35280879,18.39880581,6.7326,6.8391
2025-07-30,ANG,70.84577747,71.02333581,1.7441,1.8363
2025-07-31,EUR,142.59651118,142.95389592,1.14753,1.14813
2025-07-31,CNY,17.26663763,17.30991241,7.193,7.194
2025-07-31,TRY,3.06038332,3.06805346,40.5828,40.5891
2025-07-31,RUB,1.53350937,1.53735275,80.99,81.04
2025-07-31,USD,124.1989245,124.5102,1.0,1.0
2025-07-31,CAD,89.93470227,90.16010253,1.38099,1.38115
2025-07-31,INR,1.41705182,1.42060333,87.646,87.696
2025-07-31,JPY,0.83403681,0.83612713,148.913,148.927
2025-07-31,ARS,0.09612919,0.09637012,1292.0,1292.005
2025-07-31,BRL,22.16136261,22.21690487,5.6043,5.6063
2025-07-31,CLP,0.12700575,0.12732406,977.9,978.58
2025-07-31,COP,0.02967787,0.02975225,4184.9,4186.9
2025-07-31,UYU,3.09807988,3.10584449,40.089,40.189
2025-07-31,PEN,34.88537848,34.97281051,3.5602,3.5652
2025-07-31,BOB,18.13122985,18.17667153,6.85,7.0
2025-07-31,MXP,6.60520148,6.62175587,18.8032,18.8084
2025-07-31,CUC,124.1989245,124.5102,1.0,1.0
2025-07-31,NIO,3.41348377,3.42203887,36.3848,37.2517
2025-07-31,DOP,2.04510002,2.05022558,60.73,61.03
2025-07-31,TTD,18.3946629,18.44076482,6.7519,6.8584
2025-07-31,ANG,71.21089645,71.38936987,1.7441,1.8363
2025-08-01,EUR,143.14215549,143.50090776,1.14406,1.14412
2025-08-01,CNY,17.38789741,17.4314761,7.1953,7.1963
2025-08-01,TRY,3.08207893,3.08980343,40.5931,40.5994
2025-08-01,RUB,1.55989589,1.5638054,80.2048,80.2128
2025-08-01,USD,125.11113825,125.4247,1.0,1.0
2025-08-01,CAD,90.45639048,90.68309823,1.38311,1.38325
2025-08-01,INR,1.42902499,1.43260651,87.55,87.6
2025-08-01,JPY,0.83152977,0.8336138,150.459,150.474
2025-08-01,ARS,0.09343624,0.09367042,1339.0,1339.005
2025-08-01,BRL,22.35085362,22.4068708,5.5976,5.5996
2025-08-01,CLP,0.12799093,0.12831171,977.5,978.0
2025-08-01,COP,0.02999188,0.03006705,4171.5,4173.5
2025-08-01,UYU,3.11516204,3.12296947,40.162,40.262
2025-08-01,PEN,34.89947787,34.98694524,3.5849,3.5899
2025-08-01,BOB,18.23777525,18.28348396,6.86,7.01
2025-08-01,MXP,6.63128555,6.64790531,18.8668,18.8723
2025-08-01,CUC,125.11113825,125.4247,1.0,1.0
2025-08-01,NIO,3.44195115,3.45057759,36.3489,37.2226
2025-08-01,DOP,2.06488097,2.07005611,60.59,60.89
2025-08-01,TTD,18.69311333,18.73996324,6.6929,6.7994
2025-08-01,ANG,71.7339248,71.91370907,1.7441,1.8363
2025-08-04,EUR,145.52174769,145.88646385,1.15517,1.15526
2025-08-04,CNY,17.46813932,17.51191912,7.2111,7.2121
2025-08-04,TRY,3.09839714,3.10616255,40.65473,40.66573
2025-08-04,RUB,1.56596107,1.56988578,80.4391,80.4471
2025-08-04,USD,125.9644995,126.2802,1.0,1.0
2025-08-04,CAD,91.32296078,91.55184038,1.37933,1.37948
2025-08-04,INR,1.44423232,1.44785195,87.219,87.269
2025-08-04,JPY,0.85043343,0.85256484,148.118,148.134
2025-08-04,ARS,0.09248494,0.09271674,1362.0,1362.005
2025-08-04,BRL,22.70571579,22.76262234,5.5477,5.5497
2025-08-04,CLP,0.13031709,0.13064369,966.6,967.0
2025-08-04,COP,0.03057464,0.03065127,4119.9,4121.9
2025-08-04,UYU,3.13375707,3.1416111,40.196,40.296
2025-08-04,PEN,35.17775343,35.26591823,3.5808,3.5858
2025-08-04,BOB,18.38897802,18.43506569,6.85,7.0
2025-08-04,MXP,6.66258157,6.67927977,18.90626,18.91116
2025-08-04,CUC,125.9644995,126.2802,1.0,1.0
2025-08-04,NIO,3.46500866,3.47369289,36.3533,37.2293
2025-08-04,DOP,2.08068218,2.08589692,60.54,60.84
2025-08-04,TTD,18.76649973,18.81353356,6.7122,6.8187
2025-08-04,ANG,72.22320939,72.40421994,1.7441,1.8363
2025-08-05,EUR,146.80603122,147.17396614,1.15778,1.15785
2025-08-05,CNY,17.67208743,17.71637838,7.1747,7.1761
2025-08-05,TRY,3.1174024,3.12521544,40.6723,40.6823
2025-08-05,RUB,1.58625532,1.59023089,79.9316,79.9396
2025-08-05,USD,126.79192575,127.1097,1.0,1.0
2025-08-05,CAD,92.12654819,92.35744179,1.37628,1.37631
2025-08-05,INR,1.44607579,1.44970004,87.68,87.69
2025-08-05,JPY,0.86190859,0.86406876,147.106,147.121
2025-08-05,ARS,0.09353955,0.09377398,1355.49,1355.51
2025-08-05,BRL,23.0396725,23.09741604,5.5032,5.5052
2025-08-05,CLP,0.13128991,0.13161896,965.74,966.14
2025-08-05,COP,0.03090752,0.03098498,4102.3,4104.3
2025-08-05,UYU,3.15434186,3.16224748,40.196,40.296
2025-08-05,PEN,35.49307889,35.58203398,3.5723,3.5773
2025-08-05,BOB,18.79512685,18.84223243,6.746,7.0912
2025-08-05,MXP,6.7399851,6.75687729,18.8119,18.8178
2025-08-05,CUC,126.79192575,127.1097,1.0,1.0
2025-08-05,NIO,3.47375139,3.48245753,36.5,37.0
2025-08-05,DOP,2.10477964,2.11005478,60.24,60.54
2025-08-05,TTD,18.85241628,18.89966545,6.7255,6.832
2025-08-05,ANG,72.69762384,72.8798234,1.7441,1.8363
2025-08-06,EUR,147.8336505,148.2041609,1.15559,1.15567
2025-08-06,CNY,17.80602966,17.85065631,7.1841,7.1851
2025-08-06,TRY,3.14584152,3.15372584,40.6633,40.6696
2025-08-06,RUB,1.59778541,1.60178988,80.061,80.11
2025-08-06,USD,127.92029775,128.2409,1.0,1.0
2025-08-06,CAD,92.75501606,92.98748477,1.37912,1.37925
2025-08-06,INR,1.4574822,1.46113503,87.768,87.818
2025-08-06,JPY,0.86773277,0.86990754,147.419,147.436
2025-08-06,ARS,0.09454567,0.09478263,1353.0,1353.005
2025-08-06,BRL,23.20760118,23.2657656,5.512,5.514
2025-08-06,CLP,0.1325805,0.13291278,964.85,965.29
2025-08-06,COP,0.0312252,0.03130346,4096.7,4098.7
2025-08-06,UYU,3.18899852,3.196991,40.113,40.213
2025-08-06,PEN,35.9397347,36.02980923,3.5593,3.5643
2025-08-06,BOB,18.67449602,18.72129927,6.85,7.0
2025-08-06,MXP,6.7930157,6.81004081,18.83115,18.83616
2025-08-06,CUC,127.92029775,128.2409,1.0,1.0
2025-08-06,NIO,3.51657387,3.52538733,36.3764,37.2429
2025-08-06,DOP,2.10846048,2.11374484,60.67,60.97
2025-08-06,TTD,19.10940944,19.15730269,6.6941,6.8006
2025-08-06,ANG,73.34458904,73.52841006,1.7441,1.8363
2025-08-07,EUR,149.8710491,150.24666577,1.16416,1.16422
2025-08-07,CNY,17.91860836,17.96351716,7.1842,7.1852
2025-08-07,TRY,3.16617774,3.17411302,40.65813,40.66482
2025-08-07,RUB,1.60740786,1.61143645,80.086,80.135
2025-08-07,USD,128.73086625,129.0535,1.0,1.0
2025-08-07,CAD,93.67899623,93.91378068,1.37417,1.37419
2025-08-07,INR,1.46865863,1.47233947,87.652,87.702
2025-08-07,JPY,0.87425119,0.8764423,147.247,147.256
2025-08-07,ARS,0.09642761,0.09666928,1335.0,1335.005
2025-08-07,BRL,23.49317752,23.55205766,5.4795,5.4815
2025-08-07,CLP,0.13176407,0.13209431,976.98,977.38
2025-08-07,COP,0.03183413,0.03191391,4043.8,4045.8
2025-08-07,UYU,3.20768629,3.2157256,40.132,40.232
2025-08-07,PEN,36.22344145,36.31422702,3.5538,3.5588
2025-08-07,BOB,18.76543239,18.81246355,6.86,7.01
2025-08-07,MXP,6.9215725,6.9389198,18.5985,18.6045
2025-08-07,CUC,128.73086625,129.0535,1.0,1.0
2025-08-07,NIO,3.52687304,3.53571232,36.5,37.0
2025-08-07,DOP,2.11832921,2.1236383,60.77,61.07
2025-08-07,TTD,19.28147897,19.32980348,6.6764,6.7829
2025-08-07,ANG,73.80933791,73.99432371,1.7441,1.8363
2025-08-08,EUR,150.75403079,151.13186044,1.16191,1.16197
2025-08-08,CNY,18.07090145,18.11619193,7.1795,7.1805
2025-08-08,TRY,3.19443441,3.20244051,40.6144,40.6253
2025-08-08,RUB,1.63947731,1.64358627,79.135,79.186
2025-08-08,USD,129.740037,130.0652,1.0,1.0
2025-08-08,CAD,94.2727449,94.50901745,1.37622,1.37635
2025-08-08,INR,1.48447375,1.48819423,87.398,87.448
2025-08-08,JPY,0.87943249,0.88163658,147.527,147.542
2025-08-08,ARS,0.097917,0.09816241,1325.0,1325.005
2025-08-08,BRL,23.70893552,23.76835641,5.4722,5.4742
2025-08-08,CLP,0.13375123,0.13408645,970.01,970.41
2025-08-08,COP,0.03206545,0.03214581,4046.1,4048.1
2025-08-08,UYU,3.23452511,3.24263169,40.111,40.211
2025-08-08,PEN,36.59803582,36.68976022,3.545,3.55
2025-08-08,BOB,18.94015138,18.98762043,6.85,7.0
2025-08-08,MXP,6.93089074,6.9482614,18.7191,18.7245
2025-08-08,CUC,129.740037,130.0652,1.0,1.0
2025-08-08,NIO,3.55452156,3.56343013,36.5,37.0
2025-08-08,DOP,2.13107813,2.13641918,60.88,61.18
2025-08-08,TTD,19.36273964,19.41126781,6.7005,6.807
2025-08-08,ANG,74.38795768,74.57439367,1.7441,1.8363
2025-08-11,EUR,152.46007922,152.84218468,1.16556,1.16563
2025-08-11,CNY,18.20661048,18.25224109,7.184,7.185
2025-08-11,TRY,3.21540215,3.2234608,40.67805,40.6839
2025-08-11,RUB,1.63515801,1.63925615,79.99,79.998
2025-08-11,USD,130.79628975,131.1241,1.0,1.0
2025-08-11,CAD,95.10036699,95.33871378,1.37535,1.37545
2025-08-11,INR,1.49582335,1.49957228,87.441,87.491
2025-08-11,JPY,0.88490071,0.88711851,147.809,147.821
2025-08-11,ARS,0.09875144,0.09899894,1324.5,1324.505
2025-08-11,BRL,24.12503499,24.18549874,5.4216,5.4236
2025-08-11,CLP,0.13582451,0.13616492,962.98,963.38
2025-08-11,COP,0.03240419,0.0324854,4036.4,4038.4
2025-08-11,UYU,3.26696697,3.27515486,40.036,40.136
2025-08-11,PEN,37.05907229,37.15195217,3.5294,3.5344
2025-08-11,BOB,19.06651454,19.11430029,6.86,7.01
2025-08-11,MXP,7.05162115,7.06929438,18.5484,18.5526
2025-08-11,CUC,130.79628975,131.1241,1.0,1.0
2025-08-11,NIO,3.59892056,3.60794041,36.3432,37.202
2025-08-11,DOP,2.14596045,2.1513388,60.95,61.25
2025-08-11,TTD,19.55627668,19.60528991,6.6882,6.7947
2025-08-11,ANG,74.99357247,75.18152628,1.7441,1.8363
2025-08-12,EUR,152.97516239,153.35855879,1.15907,1.15915
2025-08-12,CNY,18.37101263,18.41705527,7.1837,7.1847
2025-08-12,TRY,3.24271078,3.25083787,40.698,40.7
2025-08-12,RUB,1.65267243,1.65681447,79.8536,79.8616
2025-08-12,USD,131.9718435,132.3026,1.0,1.0
2025-08-12,CAD,95.70805968,95.9479295,1.3789,1.3794
2025-08-12,INR,1.50572003,1.50949376,87.647,87.697
2025-08-12,JPY,0.8912199,0.89345353,148.08,148.099
2025-08-12,ARS,0.09907796,0.09932627,1332.0,1332.005
2025-08-12,BRL,24.19237841,24.25301094,5.4551,5.4571
2025-08-12,CLP,0.13629934,0.13664095,968.25,968.65
2025-08-12,COP,0.03262591,0.03270768,4045.0,4047.0
2025-08-12,UYU,3.30557668,3.31386133,39.924,40.024
2025-08-12,PEN,37.35193125,37.44554511,3.5332,3.5382
2025-08-12,BOB,19.26596255,19.31424817,6.85,7.0
2025-08-12,MXP,7.0622274,7.07992722,18.687,18.6914
2025-08-12,CUC,131.9718435,132.3026,1.0,1.0
2025-08-12,NIO,3.62718449,3.63627518,36.3841,37.243
2025-08-12,DOP,2.16453737,2.16996227,60.97,61.27
2025-08-12,TTD,19.72909219,19.77853853,6.6892,6.7957
2025-08-12,ANG,75.66758987,75.85723295,1.7441,1.8363
2025-08-13,EUR,155.37024981,155.75964894,1.16653,1.1666
2025-08-13,CNY,18.53613225,18.58258872,7.185,7.186
2025-08-13,TRY,3.2711384,3.27933674,40.7143,40.7206
2025-08-13,RUB,1.67126087,1.67544949,79.6896,79.6976
2025-08-13,USD,133.18211025,133.5159,1.0,1.0
2025-08-13,CAD,96.76189906,97.00441008,1.37639,1.37651
2025-08-13,INR,1.5199273,1.52373664,87.624,87.674
2025-08-13,JPY,0.89930186,0.90155575,148.095,148.1
2025-08-13,ARS,0.10127917,0.101533,1315.0,1315.005
2025-08-13,BRL,24.68163644,24.74349518,5.396,5.398
2025-08-13,CLP,0.13826328,0.13860981,963.25,963.65
2025-08-13,COP,0.03315544,0.03323854,4016.9,4018.9
2025-08-13,UYU,3.32738995,3.33572927,40.026,40.126
2025-08-13,PEN,37.84872975,37.94358872,3.5188,3.5238
2025-08-13,BOB,19.41430178,19.46295918,6.86,7.01
2025-08-13,MXP,7.17421408,7.19219457,18.564,18.5682
2025-08-13,CUC,133.18211025,133.5159,1.0,1.0
2025-08-13,NIO,3.66101159,3.67018706,36.3785,37.24
2025-08-13,DOP,2.18653932,2.19201937,60.91,61.21
2025-08-13,TTD,19.8361821,19.88589684,6.7141,6.8206
2025-08-13,ANG,76.36151037,76.5528926,1.7441,1.8363
2025-08-14,EUR,157.13744948,157.53127768,1.17139,1.1714
2025-08-14,CNY,18.70111904,18.74798901,7.1731,7.1741
2025-08-14,TRY,3.29193569,3.30018616,40.74958,40.76177
2025-08-14,RUB,1.68414903,1.68836996,79.6515,79.6595
2025-08-14,USD,134.144997,134.4812,1.0,1.0
2025-08-14,CAD,97.44589753,97.69012283,1.37661,1.37674
2025-08-14,INR,1.53475198,1.53859847,87.405,87.455
2025-08-14,JPY,0.91162077,0.91390553,147.15,147.155
2025-08-14,ARS,0.10162499,0.10187969,1320.0,1320.005
2025-08-14,BRL,24.87806179,24.94041282,5.3921,5.3941
2025-08-14,CLP,0.14082725,0.1411802,952.55,952.95
2025-08-14,COP,0.03332794,0.03341147,4025.0,4027.0
2025-08-14,UYU,3.35379261,3.3621981,39.998,40.098
2025-08-14,PEN,37.91441649,38.00944009,3.5381,3.5431
2025-08-14,BOB,19.58321124,19.63229197,6.85,7.0
2025-08-14,MXP,7.19946658,7.21751035,18.63263,18.63709
2025-08-14,CUC,134.144997,134.4812,1.0,1.0
2025-08-14,NIO,3.67520539,3.68441643,36.5,37.0
2025-08-14,DOP,2.18655251,2.19203259,61.35,61.65
2025-08-14,TTD,19.8806961,19.93052241,6.7475,6.854
2025-08-14,ANG,76.91359268,77.10635858,1.7441,1.8363
2025-08-15,EUR,157.66061049,158.05574987,1.16517,1.16526
2025-08-15,CNY,18.85252483,18.89977427,7.1768,7.1778
2025-08-15,TRY,3.31693589,3.32524901,40.7909,40.7972
2025-08-15,RUB,1.7002928,1.70455419,79.575,79.825
2025-08-15,USD,135.30080025,135.6399,1.0,1.0
2025-08-15,CAD,98.03553332,98.28123641,1.38012,1.38018
2025-08-15,INR,1.54435338,1.54822394,87.61,87.66
2025-08-15,JPY,0.91594603,0.91824163,147.717,147.727
2025-08-15,ARS,0.10399754,0.10425818,1301.0,1301.005
2025-08-15,BRL,25.00661668,25.06928991,5.4106,5.4126
2025-08-15,CLP,0.14043656,0.14078853,963.43,963.83
2025-08-15,COP,0.03335489,0.03343849,4056.4,4058.4
2025-08-15,UYU,3.38361968,3.39209993,39.987,40.087
2025-08-15,PEN,38.06893454,38.1643454,3.5541,3.5591
2025-08-15,BOB,19.72314872,19.77258017,6.86,7.01
2025-08-15,MXP,7.18996324,7.2079832,18.81801,18.823
2025-08-15,CUC,135.30080025,135.6399,1.0,1.0
2025-08-15,NIO,3.71846469,3.72778415,36.3862,37.2415
2025-08-15,DOP,2.20503259,2.21055899,61.36,61.66
2025-08-15,TTD,20.12326733,20.17370158,6.7236,6.8301
2025-08-15,ANG,77.5762859,77.77071268,1.7441,1.8363
2025-08-19,EUR,159.88194842,160.28265506,1.17085,1.17086
2025-08-19,CNY,19.01478384,19.06243994,7.1813,7.1823
2025-08-19,TRY,3.33926434,3.34763342,40.8925,40.89973
2025-08-19,RUB,1.70404859,1.70831939,80.1332,80.1412
2025-08-19,USD,136.55086725,136.8931,1.0,1.0
2025-08-19,CAD,98.91908119,99.16699868,1.38043,1.38056
2025-08-19,INR,1.56133077,1.56524388,87.458,87.508
2025-08-19,JPY,0.92917662,0.93150538,146.959,146.974
2025-08-19,ARS,0.10520097,0.10546463,1298.0,1298.005
2025-08-19,BRL,25.30641176,25.36983635,5.3959,5.3979
2025-08-19,CLP,0.14201562,0.14237155,961.52,963.32
2025-08-19,COP,0.03414881,0.0342344,3998.7,4000.7
2025-08-19,UYU,3.40848852,3.4170311,40.062,40.162
2025-08-19,PEN,38.31608598,38.41211628,3.5638,3.5688
2025-08-19,BOB,19.93443317,19.98439416,6.85,7.0
2025-08-19,MXP,7.30374771,7.32205284,18.696,18.726
2025-08-19,CUC,136.55086725,136.8931,1.0,1.0
2025-08-19,NIO,3.75594792,3.76536133,36.3559,37.2113
2025-08-19,DOP,2.21781496,2.22337339,61.57,61.87
2025-08-19,TTD,20.36158049,20.41261202,6.7063,6.8128
2025-08-19,ANG,78.29302634,78.48924946,1.7441,1.8363
2025-08-20,EUR,160.81891555,161.22197047,1.16717,1.16719
2025-08-20,CNY,19.19116641,19.23926457,7.1795,7.1805
2025-08-20,TRY,3.36994947,3.37839546,40.88577,40.89753
2025-08-20,RUB,1.71499849,1.71929673,80.34,80.39
2025-08-20,USD,137.78297925,138.1283,1.0,1.0
2025-08-20,CAD,99.43275858,99.68196349,1.38569,1.38571
2025-08-20,INR,1.58409477,1.58806493,86.979,87.029
2025-08-20,JPY,0.93291384,0.93525197,147.691,147.705
2025-08-20,ARS,0.10676712,0.10703471,1290.5,1290.505
2025-08-20,BRL,25.16905892,25.23213926,5.4743,5.4763
2025-08-20,CLP,0.14299663,0.14335502,963.54,963.94
2025-08-20,COP,0.03419441,0.03428011,4029.4,4031.4
2025-08-20,UYU,3.43162011,3.44022066,40.151,40.251
2025-08-20,PEN,39.3609425,39.45959148,3.5005,3.5055
2025-08-20,BOB,20.08498239,20.13532069,6.86,7.01
2025-08-20,MXP,7.32373578,7.342091,18.81321,18.81677
2025-08-20,CUC,137.78297925,138.1283,1.0,1.0
2025-08-20,NIO,3.78790029,3.79739377,36.3745,37.2302
2025-08-20,DOP,2.23383559,2.23943417,61.68,61.98
2025-08-20,TTD,20.50372464,20.55511242,6.7199,6.8264
2025-08-20,ANG,78.99947207,79.19746574,1.7441,1.8363
2025-08-21,EUR,162.12617621,162.53250748,1.16586,1.16593
2025-08-21,CNY,19.37104312,19.4195921,7.1784,7.1789
2025-08-21,TRY,3.39854324,3.40706089,40.9155,40.9218
2025-08-21,RUB,1.72916555,1.7334993,80.4163,80.4243
2025-08-21,USD,139.053096,139.4016,1.0,1.0
2025-08-21,CAD,100.31098671,100.56239269,1.38622,1.38633
2025-08-21,INR,1.59823796,1.60224357,87.004,87.054
2025-08-21,JPY,0.94579144,0.94816185,147.023,147.033
2025-08-21,ARS,0.10721133,0.10748003,1297.0,1297.005
2025-08-21,BRL,25.43685215,25.50060366,5.4666,5.4686
2025-08-21,CLP,0.14389516,0.1442558,966.35,966.88
2025-08-21,COP,0.03452933,0.03461587,4027.1,4029.1
2025-08-21,UYU,3.46006509,3.46873693,40.188,40.288
2025-08-21,PEN,39.73172638,39.83130464,3.4998,3.5048
2025-08-21,BOB,20.29972204,20.35059854,6.85,7.0
2025-08-21,MXP,7.40550119,7.42406135,18.777,18.7804
2025-08-21,CUC,139.053096,139.4016,1.0,1.0
2025-08-21,NIO,3.80446227,3.81399726,36.55,37.05
2025-08-21,DOP,2.26102595,2.26669268,61.5,62.25
2025-08-21,TTD,20.81103551,20.86319349,6.6817,6.7882
2025-08-21,ANG,79.72770827,79.92752709,1.7441,1.8363
2025-08-22,EUR,162.94289302,163.3512712,1.16125,1.16132
2025-08-22,CNY,19.54781475,19.59680677,7.1777,7.1787
2025-08-22,TRY,3.42772283,3.43631362,40.9334,40.9397
2025-08-22,RUB,1.74109865,1.7454623,80.5861,80.5941
2025-08-22,USD,140.30835,140.66,1.0,1.0
2025-08-22,CAD,100.95796426,101.21099174,1.38977,1.38987
2025-08-22,INR,1.60874552,1.61277747,87.216,87.266
2025-08-22,JPY,0.94617539,0.94854676,148.29,148.311
2025-08-22,ARS,0.10755718,0.10782675,1304.5,1304.505
2025-08-22,BRL,25.57990738,25.64401742,5.4851,5.4871
2025-08-22,CLP,0.1445807,0.14494306,970.45,970.85
2025-08-22,COP,0.03470917,0.03479616,4042.4,4044.4
2025-08-22,UYU,3.50718267,3.5159726,40.006,40.106
2025-08-22,PEN,40.11446093,40.21499842,3.4977,3.5027
2025-08-22,BOB,20.45311224,20.50437317,6.86,7.01
2025-08-22,MXP,7.48041904,7.49916696,18.75675,18.76152
2025-08-22,CUC,140.30835,140.66,1.0,1.0
2025-08-22,NIO,3.8593113,3.86898376,36.3558,37.2139
2025-08-22,DOP,2.25612397,2.26177842,62.19,62.49
2025-08-22,TTD,20.85780225,20.91007745,6.7269,6.8334
2025-08-22,ANG,80.44742273,80.64904535,1.7441,1.8363
2025-08-25,EUR,165.86277152,166.27846769,1.17186,1.17193
2025-08-25,CNY,19.74051039,19.78998535,7.1695,7.1705
2025-08-25,TRY,3.45115837,3.45980789,41.0093,41.0156
2025-08-25,RUB,1.75600034,1.76040135,80.5977,80.6057
2025-08-25,USD,141.52958925,141.8843,1.0,1.0
2025-08-25,CAD,102.3011791,102.55757304,1.38346,1.38347
2025-08-25,INR,1.62332498,1.62739347,87.185,87.235
2025-08-25,JPY,0.96375663,0.96617206,146.852,146.861
2025-08-25,ARS,0.10697625,0.10724436,1323.0,1323.005
2025-08-25,BRL,26.11680708,26.18226273,5.4191,5.4211
2025-08-25,CLP,0.14668558,0.14705322,964.85,965.25
2025-08-25,COP,0.03542756,0.03551635,3994.9,3996.9
2025-08-25,UYU,3.53294032,3.5417948,40.06,40.16
2025-08-25,PEN,40.52154185,40.6230996,3.4927,3.4977
2025-08-25,BOB,20.6612539,20.71303649,6.85,7.0
2025-08-25,MXP,7.61472639,7.63381092,18.5863,18.5889
2025-08-25,CUC,141.52958925,141.8843,1.0,1.0
2025-08-25,NIO,3.8933524,3.90311017,36.3516,37.2136
2025-08-25,DOP,2.28273531,2.28845645,62.0,62.3
2025-08-25,TTD,21.02434589,21.07703848,6.7317,6.8382
2025-08-25,ANG,81.14763445,81.35101198,1.7441,1.8363
2025-08-26,EUR,166.9204957,167.3388428,1.16988,1.16989
2025-08-26,CNY,19.95782752,20.00784714,7.1491,7.1501
2025-08-26,TRY,3.48087828,3.48960229,40.9898,40.9961
2025-08-26,RUB,1.76802723,1.77245837,80.7004,80.7084
2025-08-26,USD,142.68050475,143.0381,1.0,1.0
2025-08-26,CAD,103.23457401,103.49330728,1.3821,1.3826
2025-08-26,INR,1.63113766,1.63522572,87.473,87.523
2025-08-26,JPY,0.9675288,0.96995368,147.469,147.483
2025-08-26,ARS,0.10647798,0.10674485,1340.0,1340.005
2025-08-26,BRL,26.40715603,26.47333937,5.4031,5.4051
2025-08-26,CLP,0.14857135,0.14894371,960.35,961.3
2025-08-26,COP,0.03555811,0.03564723,4012.6,4014.6
2025-08-26,UYU,3.56942197,3.57836789,39.973,40.073
2025-08-26,PEN,40.82768327,40.93000829,3.4947,3.4997
2025-08-26,BOB,20.79890739,20.85103498,6.86,7.01
2025-08-26,MXP,7.69167141,7.71094878,18.55,18.58
2025-08-26,CUC,142.68050475,143.0381,1.0,1.0
2025-08-26,NIO,3.92522901,3.93506668,36.3496,37.2047
2025-08-26,DOP,2.28179281,2.28751159,62.53,62.83
2025-08-26,TTD,21.20791723,21.2610699,6.7277,6.8342
2025-08-26,ANG,81.80752522,82.01255661,1.7441,1.8363
2025-08-27,EUR,167.91974344,168.34059493,1.16593,1.16601
2025-08-27,CNY,20.13115828,20.18161231,7.1537,7.1547
2025-08-27,TRY,3.50992607,3.51872288,41.03,41.0363
2025-08-27,RUB,1.79020872,1.79469546,80.4444,80.4524
2025-08-27,USD,144.012267,144.3732,1.0,1.0
2025-08-27,CAD,104.15595084,104.41699333,1.38266,1.38267
2025-08-27,INR,1.64433229,1.64845343,87.581,87.631
2025-08-27,JPY,0.97697696,0.97942553,147.406,147.42
2025-08-27,ARS,0.10667575,0.10694311,1350.0,1350.005
2025-08-27,BRL,26.52403849,26.59051478,5.4295,5.4315
2025-08-27,CLP,0.14905941,0.149433,966.14,966.54
2025-08-27,COP,0.0356175,0.03570677,4043.3,4045.3
2025-08-27,UYU,3.60273852,3.61176794,39.973,40.073
2025-08-27,PEN,41.07360304,41.1765444,3.5062,3.5112
2025-08-27,BOB,21.02368861,21.07637956,6.85,7.0
2025-08-27,MXP,7.70836323,7.72768244,18.6826,18.6867
2025-08-27,CUC,144.012267,144.3732,1.0,1.0
2025-08-27,NIO,3.96061359,3.97053994,36.3611,37.2197
2025-08-27,DOP,2.30014801,2.30591279,62.61,62.91
2025-08-27,TTD,21.34875061,21.40225625,6.7457,6.8522
2025-08-27,ANG,82.57110658,82.77805171,1.7441,1.8363
2025-08-28,EUR,168.70730805,169.13013338,1.16038,1.16045
2025-08-28,CNY,20.30516728,20.35605743,7.1598,7.1608
2025-08-28,TRY,3.5422306,3.55110837,41.0422,41.0485
2025-08-28,RUB,1.80594071,1.81046688,80.5015,80.5095
2025-08-28,USD,145.38093675,145.7453,1.0,1.0
2025-08-28,CAD,105.17321619,105.43680821,1.3823,1.3828
2025-08-28,INR,1.65706495,1.66121799,87.734,87.784
2025-08-28,JPY,0.98399237,0.98645851,147.746,147.748
2025-08-28,ARS,0.10674077,0.10700829,1362.0,1362.005
2025-08-28,BRL,26.69352344,26.7604245,5.4463,5.4483
2025-08-28,CLP,0.15017916,0.15055554,968.05,968.8
2025-08-28,COP,0.03585138,0.03594123,4055.1,4057.1
2025-08-28,UYU,3.63416,3.64326817,40.004,40.104
2025-08-28,PEN,40.82702034,40.9293437,3.5609,3.5659
2025-08-28,BOB,21.19255637,21.24567055,6.86,7.01
2025-08-28,MXP,7.7608106,7.78026125,18.7327,18.7376
2025-08-28,CUC,145.38093675,145.7453,1.0,1.0
2025-08-28,NIO,3.9991345,4.0091574,36.3531,37.2164
2025-08-28,DOP,2.31719695,2.32300446,62.74,63.04
2025-08-28,TTD,21.58300104,21.63709378,6.7359,6.8424
2025-08-28,ANG,83.35584929,83.56476119,1.7441,1.8363
2025-08-29,EUR,171.12079969,171.54967387,1.16629,1.16635
2025-08-29,CNY,20.57855301,20.63012833,7.1295,7.1305
2025-08-29,TRY,3.57477379,3.58373312,41.0417,41.048
2025-08-29,RUB,1.82234028,1.82690755,80.509,80.517
2025-08-29,USD,146.71479375,147.0825,1.0,1.0
2025-08-29,CAD,106.61095195,106.87814732,1.37617,1.37625
2025-08-29,INR,1.67568721,1.67988692,87.555,87.605
2025-08-29,JPY,0.99799193,1.00049316,147.01,147.024
2025-08-29,ARS,0.10944781,0.10972211,1340.5,1340.505
2025-08-29,BRL,27.09564588,27.16355476,5.4147,5.4167
2025-08-29,CLP,0.15172631,0.15210658,966.97,967.37
2025-08-29,COP,0.03654348,0.03663507,4014.8,4016.8
2025-08-29,UYU,3.66741141,3.67660292,40.005,40.105
2025-08-29,PEN,41.3980795,41.50183408,3.544,3.549
2025-08-29,BOB,21.41821806,21.47189781,6.85,7.0
2025-08-29,MXP,7.86353631,7.88324442,18.65761,18.66079
2025-08-29,CUC,146.71479375,147.0825,1.0,1.0
2025-08-29,NIO,4.03172274,4.04182731,36.3901,37.2474
2025-08-29,DOP,2.33696708,2.34282414,62.78,63.08
2025-08-29,TTD,21.68797211,21.74232793,6.7648,6.8713
2025-08-29,ANG,84.1206317,84.33146035,1.7441,1.8363
2025-09-01,EUR,173.22751255,173.66166672,1.1698,1.16988
2025-09-01,CNY,20.76816881,20.82021936,7.1298,7.1308
2025-09-01,TRY,3.59850905,3.60752787,41.1484,41.1547
2025-09-01,RUB,1.84134075,1.84595564,80.4158,80.4238
2025-09-01,USD,148.07289,148.444,1.0,1.0
2025-09-01,CAD,107.80619726,108.07638823,1.37351,1.37354
2025-09-01,INR,1.67957362,1.68378307,88.161,88.211
2025-09-01,JPY,1.0080323,1.0105587,146.893,146.907
2025-09-01,ARS,0.11260295,0.11288517,1315.0,1315.005
2025-09-01,BRL,27.2799591,27.34832992,5.4279,5.4299
2025-09-01,CLP,0.1538068,0.15419228,962.72,963.0
2025-09-01,COP,0.03686064,0.03695302,4017.1,4019.1
2025-09-01,UYU,3.74725775,3.75664937,39.515,40.5436
2025-09-01,PEN,41.84268396,41.94755284,3.5388,3.5438
2025-09-01,BOB,21.96992343,22.0249859,6.7398,7.0827
2025-09-01,MXP,7.94071899,7.96062055,18.64729,18.65052
2025-09-01,CUC,148.07289,148.444,1.0,1.0
2025-09-01,NIO,4.07041904,4.08062059,36.3778,37.235
2025-09-01,DOP,2.35859971,2.36451099,62.78,63.08
2025-09-01,TTD,21.88970212,21.94456353,6.7645,6.871
2025-09-01,ANG,84.89931196,85.11209219,1.7441,1.8363
2025-09-02,EUR,174.49368982,174.93101737,1.17029,1.17036
2025-09-02,CNY,20.89966508,20.95204519,7.1338,7.1348
2025-09-02,TRY,3.6297292,3.63882626,41.0758,41.0821
2025-09-02,RUB,1.85053198,1.8551699,80.5682,80.5762
2025-09-02,USD,149.09403075,149.4677,1.0,1.0
2025-09-02,CAD,108.39497099,108.66663758,1.37547,1.37616
2025-09-02,INR,1.6912714,1.69551018,88.155,88.205
2025-09-02,JPY,1.01222066,1.01475755,147.294,147.3
2025-09-02,ARS,0.10882775,0.10910051,1370.0,1370.005
2025-09-02,BRL,27.39188512,27.46053646,5.443,5.445
2025-09-02,CLP,0.1537559,0.15414126,969.68,970.08
2025-09-02,COP,0.03714628,0.03723938,4013.7,4015.7
2025-09-02,UYU,3.72781674,3.73715964,39.995,40.095
2025-09-02,PEN,42.26141068,42.367329,3.5279,3.5329
2025-09-02,BOB,21.76555193,21.82010218,6.85,7.0
2025-09-02,MXP,8.00523774,8.025301,18.62456,18.6289
2025-09-02,CUC,149.09403075,149.4677,1.0,1.0
2025-09-02,NIO,4.10082296,4.11110072,36.3571,37.21
2025-09-02,DOP,2.37373078,2.37967998,62.81,63.11
2025-09-02,TTD,22.34220924,22.39820475,6.6732,6.7009
2025-09-02,ANG,85.48479487,85.69904248,1.7441,1.8363
2025-09-03,EUR,175.4372732,175.87696561,1.16625,1.16633
2025-09-03,CNY,21.05252865,21.10529188,7.1449,7.1459
2025-09-03,TRY,3.6545199,3.6636791,41.1595,41.1658
2025-09-03,RUB,1.86627954,1.87095693,80.5979,80.6059
2025-09-03,USD,150.418212,150.7952,1.0,1.0
2025-09-03,CAD,109.05164971,109.32496211,1.37933,1.37943
2025-09-03,INR,1.70729954,1.71157849,88.103,88.153
2025-09-03,JPY,1.01600289,1.01854926,148.049,148.056
2025-09-03,ARS,0.11052036,0.11079735,1361.0,1361.005
2025-09-03,BRL,27.56022793,27.62930118,5.4578,5.4598
2025-09-03,CLP,0.154283,0.15466967,974.95,975.35
2025-09-03,COP,0.03742677,0.03752057,4019.0,4021.0
2025-09-03,UYU,3.75979733,3.76922038,40.007,40.107
2025-09-03,PEN,42.43587767,42.54223325,3.5446,3.5496
2025-09-03,BOB,21.92685306,21.98180758,6.86,7.01
2025-09-03,MXP,8.02833766,8.04845881,18.73591,18.73929
2025-09-03,CUC,150.418212,150.7952,1.0,1.0
2025-09-03,NIO,4.13593627,4.14630202,36.3686,37.2282
2025-09-03,DOP,2.39252762,2.39852393,62.87,63.17
2025-09-03,TTD,22.54064197,22.5971348,6.6732,6.7009
2025-09-03,ANG,86.24402958,86.46018003,1.7441,1.8363
2025-09-04,EUR,176.57498707,177.0175309,1.16633,1.16641
2025-09-04,CNY,21.19620459,21.24932791,7.142,7.143
2025-09-04,TRY,3.6775214,3.68673825,41.16449,41.17063
2025-09-04,RUB,1.87105238,1.87574173,80.9081,80.9161
2025-09-04,USD,151.38329325,151.7627,1.0,1.0
2025-09-04,CAD,109.76644376,110.04154763,1.37914,1.37917
2025-09-04,INR,1.71999106,1.72430181,88.014,88.064
2025-09-04,JPY,1.02116275,1.02372205,148.246,148.257
2025-09-04,ARS,0.11143415,0.11171343,1358.5,1358.505
2025-09-04,BRL,27.82269679,27.89242786,5.441,5.443
2025-09-04,CLP,0.15607329,0.15646445,969.95,970.35
2025-09-04,COP,0.03778348,0.03787817,4006.6,4008.6
2025-09-04,UYU,3.77929132,3.78876323,40.056,40.156
2025-09-04,PEN,42.9005847,43.00810496,3.5287,3.5337
2025-09-04,BOB,22.09975083,22.15513868,6.85,7.0
2025-09-04,MXP,8.10116839,8.12147207,18.6866,18.6902
2025-09-04,CUC,151.38329325,151.7627,1.0,1.0
2025-09-04,NIO,4.16250672,4.17293907,36.3683,37.2271
2025-09-04,DOP,2.40864428,2.41468098,62.85,63.15
2025-09-04,TTD,22.56387492,22.62042598,6.7091,6.7368
2025-09-04,ANG,86.79737013,87.0149074,1.7441,1.8363
2025-09-05,EUR,177.39694847,177.84155235,1.16364,1.16372
2025-09-05,CNY,21.34798353,21.40148724,7.1407,7.1417
2025-09-05,TRY,3.70371067,3.71299315,41.1586,41.1649
2025-09-05,RUB,1.87723258,1.88193743,81.2044,81.2124
2025-09-05,USD,152.439546,152.8216,1.0,1.0
2025-09-05,CAD,110.10997016,110.385935,1.38443,1.38451
2025-09-05,INR,1.72890798,1.73324108,88.171,88.221
2025-09-05,JPY,1.02470033,1.02726851,148.765,148.778
2025-09-05,ARS,0.1119233,0.11220381,1362.0,1362.005
2025-09-05,BRL,27.90450969,27.9744458,5.4629,5.4649
2025-09-05,CLP,0.15679209,0.15718505,972.24,972.64
2025-09-05,COP,0.03819869,0.03829443,3990.7,3992.7
2025-09-05,UYU,3.80623086,3.81577028,40.05,40.15
2025-09-05,PEN,43.08392572,43.19190548,3.5382,3.5432
2025-09-05,BOB,22.22150816,22.27720116,6.86,7.01
2025-09-05,MXP,8.13164437,8.15202443,18.74646,18.74882
2025-09-05,CUC,152.439546,152.8216,1.0,1.0
2025-09-05,NIO,4.16729212,4.17773646,36.58,36.68
2025-09-05,DOP,2.41775647,2.42381601,63.05,63.35
2025-09-05,TTD,22.70067101,22.75756492,6.7152,6.7429
2025-09-05,ANG,87.40298492,87.62204002,1.7441,1.8363
2025-09-08,EUR,180.43039787,180.88260438,1.17441,1.17448
2025-09-08,CNY,21.53702779,21.59100531,7.1331,7.1341
2025-09-08,TRY,3.7243063,3.7336404,41.2495,41.2558
2025-09-08,RUB,1.88974142,1.89447761,81.2946,81.3026
2025-09-08,USD,153.625773,154.0108,1.0,1.0
2025-09-08,CAD,111.03176667,111.31004177,1.38362,1.38372
2025-09-08,INR,1.7431525,1.7475213,88.131,88.181
2025-09-08,JPY,1.04556406,1.04818452,146.931,146.946
2025-09-08,ARS,0.11246396,0.11274582,1366.0,1366.005
2025-09-08,BRL,28.41764206,28.48886422,5.406,5.408
2025-09-08,CLP,0.15950347,0.15990323,963.15,963.55
2025-09-08,COP,0.03876012,0.03885727,3963.5,3965.5
2025-09-08,UYU,3.82696293,3.83655431,40.143,40.243
2025-09-08,PEN,43.65856911,43.76798908,3.5188,3.5238
2025-09-08,BOB,22.39442755,22.45055393,6.86,7.01
2025-09-08,MXP,8.20391933,8.22448053,18.7259,18.72898
2025-09-08,CUC,153.625773,154.0108,1.0,1.0
2025-09-08,NIO,4.22109128,4.23167045,36.3948,37.2505
2025-09-08,DOP,2.43386839,2.43996831,63.12,63.42
2025-09-08,TTD,22.90802138,22.96543497,6.7062,6.7339
2025-09-08,ANG,88.08312195,88.30388165,1.7441,1.8363
2025-09-09,EUR,181.63835475,182.09358872,1.17486,1.17493
2025-09-09,CNY,21.68567994,21.74003001,7.1289,7.1299
2025-09-09,TRY,3.74651433,3.75590409,41.2637,41.27
2025-09-09,RUB,1.88333021,1.88805033,82.086,82.135
2025-09-09,USD,154.59504375,154.9825,1.0,1.0
2025-09-09,CAD,111.86165449,112.14200952,1.38202,1.38214
2025-09-09,INR,1.75746085,1.76186551,87.965,88.015
2025-09-09,JPY,1.04756932,1.05019481,147.575,147.587
2025-09-09,ARS,0.10784446,0.10811475,1433.5,1433.505
2025-09-09,BRL,28.49573172,28.56714959,5.4252,5.4272
2025-09-09,CLP,0.15957703,0.15997698,968.78,969.18
2025-09-09,COP,0.03916376,0.03926191,3947.4,3949.4
2025-09-09,UYU,3.85110838,3.86076028,40.143,40.243
2025-09-09,PEN,43.92154206,44.03162111,3.5198,3.5248
2025-09-09,BOB,22.53572066,22.59220116,6.86,7.01
2025-09-09,MXP,8.29221299,8.31299548,18.6434,18.6474
2025-09-09,CUC,154.59504375,154.9825,1.0,1.0
2025-09-09,NIO,4.2519409,4.26259739,36.3587,37.2112
2025-09-09,DOP,2.43994702,2.44606218,63.36,63.66
2025-09-09,TTD,23.05255491,23.11033073,6.7062,6.7339
2025-09-09,ANG,88.6388646,88.86101714,1.7441,1.8363
2025-09-10,EUR,182.88066777,183.33901531,1.17241,1.17244
2025-09-10,CNY,21.90372056,21.9586171,7.1213,7.1214
2025-09-10,TRY,3.77931628,3.78878825,41.2728,41.2791
2025-09-10,RUB,1.86244091,1.86710868,83.7519,83.7599
2025-09-10,USD,155.98296525,156.3739,1.0,1.0
2025-09-10,CAD,112.77942364,113.06207883,1.38308,1.38318
2025-09-10,INR,1.7694171,1.77385173,88.155,88.205
2025-09-10,JPY,1.05975327,1.06240929,147.188,147.203
2025-09-10,ARS,0.10984715,0.11012246,1420.0,1420.005
2025-09-10,BRL,28.76110285,28.83318582,5.4234,5.4254
2025-09-10,CLP,0.16148976,0.1618945,965.9,966.3
2025-09-10,COP,0.03984442,0.03994428,3914.8,3916.8
2025-09-10,UYU,3.88568281,3.89542136,40.143,40.243
2025-09-10,PEN,44.31586034,44.42692766,3.5198,3.5248
2025-09-10,BOB,22.73804158,22.79502915,6.86,7.01
2025-09-10,MXP,8.37384526,8.39483234,18.6274,18.6309
2025-09-10,CUC,155.98296525,156.3739,1.0,1.0
2025-09-10,NIO,4.28838011,4.29912793,36.3734,37.2242
2025-09-10,DOP,2.45952326,2.46568748,63.42,63.72
2025-09-10,TTD,23.25951585,23.31781038,6.7062,6.7339
2025-09-10,ANG,89.43464551,89.6587925,1.7441,1.8363
2025-09-11,EUR,184.41319809,184.87538655,1.17203,1.17211
2025-09-11,CNY,22.09287063,22.14824124,7.1215,7.1225
2025-09-11,TRY,3.81102922,3.82058068,41.28396,41.28582
2025-09-11,RUB,1.8592807,1.86394055,84.6211,84.6291
2025-09-11,USD,157.33437825,157.7287,1.0,1.0
2025-09-11,CAD,113.58652727,113.87120528,1.38515,1.38519
2025-09-11,INR,1.78616538,1.79064199,88.085,88.135
2025-09-11,JPY,1.0677741,1.07045022,147.348,147.357
2025-09-11,ARS,0.11072088,0.11099838,1421.0,1421.005
2025-09-11,BRL,29.11173619,29.18469793,5.4045,5.4065
2025-09-11,CLP,0.16380295,0.16421349,960.51,960.91
2025-09-11,COP,0.04008212,0.04018258,3925.3,3927.3
2025-09-11,UYU,3.92844889,3.93829463,40.05,40.15
2025-09-11,PEN,45.06211606,45.1750537,3.4915,3.4965
2025-09-11,BOB,23.34961536,23.4081357,6.7382,7.08
2025-09-11,MXP,8.46717269,8.48839368,18.58169,18.58611
2025-09-11,CUC,157.33437825,157.7287,1.0,1.0
2025-09-11,NIO,4.32587889,4.33672069,36.3705,37.225
2025-09-11,DOP,2.47614696,2.48235284,63.54,63.84
2025-09-11,TTD,23.42958932,23.4883101,6.7152,6.7429
2025-09-11,ANG,90.20949386,90.43558282,1.7441,1.8363
2025-09-12,EUR,186.11765759,186.58411788,1.17393,1.17401
2025-09-12,CNY,22.25691831,22.31270006,7.1228,7.1238
2025-09-12,TRY,3.83947315,3.84909589,41.28993,41.29646
2025-09-12,RUB,1.87025469,1.87494204,84.7647,84.7727
2025-09-12,USD,158.53157775,158.9289,1.0,1.0
2025-09-12,CAD,114.55918151,114.84629725,1.38384,1.38393
2025-09-12,INR,1.7922083,1.79670005,88.456,88.506
2025-09-12,JPY,1.07743463,1.08013497,147.138,147.146
2025-09-12,ARS,0.11101651,0.11129474,1428.0,1428.005
2025-09-12,BRL,29.48108337,29.5549708,5.3774,5.3794
2025-09-12,CLP,0.16677001,0.16718798,950.6,951.0
2025-09-12,COP,0.04061267,0.04071446,3903.5,3905.5
2025-09-12,UYU,3.95834151,3.96826217,40.05,40.15
2025-09-12,PEN,45.6758032,45.79027889,3.4708,3.4758
2025-09-12,BOB,23.10955943,23.16747813,6.86,7.01
2025-09-12,MXP,8.55817197,8.57962103,18.524,18.554
2025-09-12,CUC,158.53157775,158.9289,1.0,1.0
2025-09-12,NIO,4.36066603,4.37159502,36.3549,37.2105
2025-09-12,DOP,2.5080142,2.51429995,63.21,63.51
2025-09-12,TTD,23.60787135,23.66703895,6.7152,6.7429
2025-09-12,ANG,90.8959221,91.12373143,1.7441,1.8363
2025-09-16,EUR,187.55882177,188.02889401,1.17189,1.1719
2025-09-16,CNY,22.47374573,22.53007091,7.1215,7.1225
2025-09-16,TRY,3.8687705,3.87846667,41.3689,41.3752
2025-09-16,RUB,1.90895491,1.91373926,83.84,83.89
2025-09-16,USD,160.04678025,160.4479,1.0,1.0
2025-09-16,CAD,115.4788665,115.76828722,1.38594,1.38601
2025-09-16,INR,1.81364345,1.81818892,88.246,88.296
2025-09-16,JPY,1.08268468,1.08539817,147.824,147.84
2025-09-16,ARS,0.11033942,0.11061596,1450.495,1450.505
2025-09-16,BRL,29.89684498,29.97177441,5.3533,5.3553
2025-09-16,CLP,0.16734818,0.1677676,956.37,956.77
2025-09-16,COP,0.04093582,0.04103841,3909.7,3911.7
2025-09-16,UYU,3.9892019,3.9991999,40.12,40.22
2025-09-16,PEN,45.75902911,45.8737134,3.4976,3.5026
2025-09-16,BOB,23.36449346,23.42305109,6.85,7.0
2025-09-16,MXP,8.65528974,8.67698219,18.49121,18.49393
2025-09-16,CUC,160.04678025,160.4479,1.0,1.0
2025-09-16,NIO,4.39878684,4.40981137,36.3843,37.2367
2025-09-16,DOP,2.54973363,2.55612394,62.77,63.07
2025-09-16,TTD,23.69974978,23.75914765,6.7531,6.7808
2025-09-16,ANG,91.76468106,91.99466773,1.7441,1.8363
2025-09-17,EUR,191.30439731,191.78385696,1.1846,1.18467
2025-09-17,CNY,22.69936463,22.75625527,7.114,7.115
2025-09-17,TRY,3.91228025,3.92208547,41.276,41.2785
2025-09-17,RUB,1.94942416,1.95430994,82.8364,82.8444
2025-09-17,USD,161.48328,161.888,1.0,1.0
2025-09-17,CAD,117.41762101,117.71190076,1.37529,1.37538
2025-09-17,INR,1.83509983,1.83969908,87.997,88.047
2025-09-17,JPY,1.10180865,1.10457007,146.562,146.576
2025-09-17,ARS,0.11041591,0.11069264,1462.5,1462.505
2025-09-17,BRL,30.41402768,30.49025331,5.3095,5.3115
2025-09-17,CLP,0.17022429,0.17065092,948.65,949.05
2025-09-17,COP,0.04158938,0.04169362,3882.8,3884.8
2025-09-17,UYU,4.01829646,4.02836738,40.187,40.287
2025-09-17,PEN,46.35528763,46.47146629,3.4836,3.4886
2025-09-17,BOB,23.57420145,23.63328467,6.85,7.0
2025-09-17,MXP,8.81680334,8.83890059,18.3154,18.3189
2025-09-17,CUC,161.48328,161.888,1.0,1.0
2025-09-17,NIO,4.4377071,4.44882917,36.3889,37.2361
2025-09-17,DOP,2.60372911,2.61025475,62.02,62.32
2025-09-17,TTD,23.99597004,24.05611031,6.7296,6.7573
2025-09-17,ANG,92.58831489,92.8203658,1.7441,1.8363
2025-09-18,EUR,193.42267213,193.90744073,1.18485,1.18491
2025-09-18,CNY,22.98224383,23.03984344,7.1028,7.1038
2025-09-18,TRY,3.95466481,3.96457625,41.2774,41.2837
2025-09-18,RUB,1.96117356,1.96608878,83.235,83.285
2025-09-18,USD,163.2382815,163.6474,1.0,1.0
2025-09-18,CAD,118.65058003,118.9479499,1.37579,1.3759
2025-09-18,INR,1.86071061,1.86537404,87.729,87.779
2025-09-18,JPY,1.11544987,1.11824549,146.343,146.357
2025-09-18,ARS,0.11082028,0.11109803,1473.0,1473.005
2025-09-18,BRL,30.76774696,30.8448591,5.3055,5.3075
2025-09-18,CLP,0.17137697,0.17180649,952.51,952.95
2025-09-18,COP,0.04209233,0.04219782,3878.1,3880.1
2025-09-18,UYU,4.08371354,4.09394841,39.973,40.073
2025-09-18,PEN,46.85235254,46.96977698,3.4841,3.4891
2025-09-18,BOB,23.79566785,23.85530612,6.86,7.01
2025-09-18,MXP,8.90251423,8.92482629,18.3362,18.3398
2025-09-18,CUC,163.2382815,163.6474,1.0,1.0
2025-09-18,NIO,4.48790944,4.49915733,36.3729,37.2176
2025-09-18,DOP,2.64782289,2.65445904,61.65,61.95
2025-09-18,TTD,24.26252697,24.32333531,6.728,6.7557
2025-09-18,ANG,93.59456539,93.82913823,1.7441,1.8363
2025-09-19,EUR,194.25706731,194.74392713,1.17726,1.17734
2025-09-19,CNY,23.2039848,23.26214015,7.1107,7.1117
2025-09-19,TRY,3.99351765,4.00352647,41.3161,41.3224
2025-09-19,RUB,1.98258145,1.98755033,83.2231,83.2311
2025-09-19,USD,164.99657475,165.4101,1.0,1.0
2025-09-19,CAD,119.60693789,119.90670465,1.37949,1.3796
2025-09-19,INR,1.87177055,1.87646171,88.15,88.2
2025-09-19,JPY,1.11500746,1.11780197,147.978,147.992
2025-09-19,ARS,0.11193797,0.11221852,1474.0,1474.005
2025-09-19,BRL,31.17554553,31.25367973,5.2925,5.2945
2025-09-19,CLP,0.17302856,0.17346221,953.58,956.58
2025-09-19,COP,0.04250736,0.04261389,3881.6,3883.6
2025-09-19,UYU,4.13214562,4.14250187,39.93,40.03
2025-09-19,PEN,47.44962319,47.56854456,3.4773,3.4823
2025-09-19,BOB,24.0870912,24.14745985,6.85,7.0
2025-09-19,MXP,9.01813802,9.04073987,18.29608,18.30122
2025-09-19,CUC,164.99657475,165.4101,1.0,1.0
2025-09-19,NIO,4.53338356,4.54474542,36.3959,37.2411
2025-09-19,DOP,2.67851582,2.68522889,61.6,61.9
2025-09-19,TTD,24.8077845,24.8699594,6.651,6.6787
2025-09-19,ANG,94.60270325,94.83980276,1.7441,1.8363
2025-09-22,EUR,195.18633616,195.67552497,1.17459,1.17464
2025-09-22,CNY,23.3560955,23.41463208,7.1145,7.1155
2025-09-22,TRY,4.01670191,4.02676883,41.369,41.3715
2025-09-22,RUB,1.99701159,2.00201663,83.2078,83.2158
2025-09-22,USD,166.1669415,166.5834,1.0,1.0
2025-09-22,CAD,120.63198581,120.93432161,1.37747,1.37759
2025-09-22,INR,1.88665275,1.8913812,88.075,88.125
2025-09-22,JPY,1.12369107,1.12650734,147.876,147.889
2025-09-22,ARS,0.11269375,0.11297619,1474.5,1474.505
2025-09-22,BRL,31.18924517,31.2674137,5.3277,5.3297
2025-09-22,CLP,0.17405511,0.17449134,954.68,955.53
2025-09-22,COP,0.04269448,0.04280149,3892.0,3894.0
2025-09-22,UYU,4.16562901,4.17606919,39.89,39.99
2025-09-22,PEN,47.64780108,47.76721913,3.4874,3.4924
2025-09-22,BOB,24.22258622,24.28329446,6.86,7.01
2025-09-22,MXP,9.05014196,9.07282402,18.3607,18.3658
2025-09-22,CUC,166.1669415,166.5834,1.0,1.0
2025-09-22,NIO,4.56669446,4.57813981,36.3867,37.2372
2025-09-22,DOP,2.6944534,2.70120642,61.67,61.97
2025-09-22,TTD,24.75522041,24.81726357,6.7124,6.7401
2025-09-22,ANG,95.27374663,95.51252795,1.7441,1.8363
2025-09-23,EUR,197.71963602,198.21517395,1.17693,1.17694
2025-09-23,CNY,23.62362166,23.68282873,7.1113,7.1123
2025-09-23,TRY,4.06569846,4.07588818,41.32,41.3263
2025-09-23,RUB,2.00878465,2.0138192,83.63,83.638
2025-09-23,USD,167.99466075,168.4157,1.0,1.0
2025-09-23,CAD,121.61628895,121.92109168,1.38135,1.38144
2025-09-23,INR,1.90329871,1.90806888,88.265,88.315
2025-09-23,JPY,1.13635058,1.13919857,147.837,147.85
2025-09-23,ARS,0.11666295,0.11695534,1440.0,1440.005
2025-09-23,BRL,31.38210056,31.46075244,5.3532,5.3552
2025-09-23,CLP,0.17566783,0.1761081,956.32,956.72
2025-09-23,COP,0.04349038,0.04359938,3862.8,3864.8
2025-09-23,UYU,4.22044116,4.23101871,39.805,39.905
2025-09-23,PEN,47.90540114,48.02546481,3.5068,3.5118
2025-09-23,BOB,24.4890176,24.55039358,6.86,7.01
2025-09-23,MXP,9.12231131,9.14517425,18.4158,18.4191
2025-09-23,CUC,167.99466075,168.4157,1.0,1.0
2025-09-23,NIO,4.61971804,4.63129628,36.3647,37.2138
2025-09-23,DOP,2.72320733,2.73003242,61.69,61.99
2025-09-23,TTD,25.16208503,25.2251479,6.6765,6.7042
2025-09-23,ANG,96.3216907,96.56309844,1.7441,1.8363
2025-09-24,EUR,199.97202883,200.47321186,1.17938,1.17942
2025-09-24,CNY,23.84316909,23.90292641,7.1111,7.1121
2025-09-24,TRY,4.10336785,4.11365198,41.32,41.3263
2025-09-24,RUB,2.03195449,2.03704711,83.4424,83.4504
2025-09-24,USD,169.55115975,169.9761,1.0,1.0
2025-09-24,CAD,122.63654822,122.94390799,1.38255,1.3827
2025-09-24,INR,1.91069395,1.91548265,88.738,88.788
2025-09-24,JPY,1.1469644,1.14983899,147.826,147.838
2025-09-24,ARS,0.12568655,0.12600155,1349.0,1349.005
2025-09-24,BRL,31.99802969,32.07822525,5.2988,5.3008
2025-09-24,CLP,0.17813176,0.17857821,951.83,952.23
2025-09-24,COP,0.04419768,0.04430845,3836.2,3838.2
2025-09-24,UYU,4.25238663,4.26304424,39.872,39.972
2025-09-24,PEN,48.51526832,48.63686047,3.4948,3.4998
2025-09-24,BOB,24.7159125,24.77785714,6.86,7.01
2025-09-24,MXP,9.25805861,9.28126177,18.3139,18.3174
2025-09-24,CUC,169.55115975,169.9761,1.0,1.0
2025-09-24,NIO,4.65947097,4.67114885,36.3885,37.2365
2025-09-24,DOP,2.74710239,2.75398736,61.72,62.02
2025-09-24,TTD,25.27181883,25.33515672,6.7091,6.7368
2025-09-24,ANG,97.21412748,97.45777191,1.7441,1.8363
2025-09-25,EUR,201.23060264,201.73493999,1.17392,1.17393
2025-09-25,CNY,24.03884353,24.09909126,7.1308,7.1318
2025-09-25,TRY,4.13456535,4.14492767,41.4593,41.4656
2025-09-25,RUB,2.04676042,2.05189014,83.75,84.0
2025-09-25,USD,171.4161855,171.8458,1.0,1.0
2025-09-25,CAD,123.42133209,123.73065873,1.38887,1.38898
2025-09-25,INR,1.93205952,1.93690178,88.722,88.772
2025-09-25,JPY,1.15241645,1.15530471,148.745,148.755
2025-09-25,ARS,0.12622694,0.12654329,1358.0,1358.005
2025-09-25,BRL,32.2769047,32.3577992,5.3108,5.3128
2025-09-25,CLP,0.179578,0.18002807,954.55,954.95
2025-09-25,COP,0.04424328,0.04435417,3874.4,3876.4
2025-09-25,UYU,4.29732972,4.30809997,39.889,39.989
2025-09-25,PEN,48.93131579,49.05395067,3.5032,3.5082
2025-09-25,BOB,25.02426065,25.0869781,6.85,7.0
2025-09-25,MXP,9.31179539,9.33513322,18.4085,18.4133
2025-09-25,CUC,171.4161855,171.8458,1.0,1.0
2025-09-25,NIO,4.70755459,4.71935297,36.413,37.2648
2025-09-25,DOP,2.76790223,2.77483933,61.93,62.23
2025-09-25,TTD,25.49546144,25.55935984,6.7234,6.7511
2025-09-25,ANG,98.28346167,98.52978613,1.7441,1.8363
2025-09-26,EUR,202.26914889,202.77608911,1.16708,1.16715
2025-09-26,CNY,24.30429279,24.3652058,7.1305,7.1315
2025-09-26,TRY,4.17811058,4.18858203,41.4785,41.4814
2025-09-26,RUB,2.06458351,2.06975791,83.9403,83.9483
2025-09-26,USD,173.30175975,173.7361,1.0,1.0
2025-09-26,CAD,124.4581563,124.77008151,1.39245,1.39255
2025-09-26,INR,1.95240989,1.95730315,88.763,88.813
2025-09-26,JPY,1.15797753,1.16087973,149.659,149.672
2025-09-26,ARS,0.1309915,0.1313198,1323.0,1323.005
2025-09-26,BRL,32.38679868,32.4679686,5.351,5.353
2025-09-26,CLP,0.18070902,0.18116192,959.01,959.41
2025-09-26,COP,0.04439081,0.04450207,3904.0,3906.0
2025-09-26,UYU,4.34514491,4.356035,39.884,39.984
2025-09-26,PEN,49.43005126,49.5539361,3.506,3.511
2025-09-26,BOB,25.26264719,25.32596209,6.86,7.01
2025-09-26,MXP,9.39589099,9.41943959,18.44442,18.44723
2025-09-26,CUC,173.30175975,173.7361,1.0,1.0
2025-09-26,NIO,4.76218865,4.77412396,36.3912,37.2429
2025-09-26,DOP,2.81956526,2.82663184,61.464,62.827
2025-09-26,TTD,25.77591096,25.84051224,6.7234,6.7511
2025-09-26,ANG,99.36457757,99.6136116,1.7441,1.8363
2025-09-29,EUR,204.8741978,205.38766697,1.16924,1.16932
2025-09-29,CNY,24.56611408,24.62768329,7.1321,7.1331
2025-09-29,TRY,4.21527684,4.22584145,41.565,41.5713
2025-09-29,RUB,2.09497983,2.10023041,83.6323,83.6403
2025-09-29,USD,175.20798225,175.6471,1.0,1.0
2025-09-29,CAD,125.62323511,125.93808031,1.39471,1.39482
2025-09-29,INR,1.97682506,1.98177951,88.631,88.681
2025-09-29,JPY,1.17194406,1.17488127,149.502,149.511
2025-09-29,ARS,0.13177633,0.1321066,1329.5861,1329.5961
2025-09-29,BRL,32.80188382,32.88409405,5.3414,5.3434
2025-09-29,CLP,0.18237533,0.18283241,960.7,961.2
2025-09-29,COP,0.04483774,0.04495012,3907.6,3909.6
2025-09-29,UYU,4.39602524,4.40704285,39.856,39.956
2025-09-29,PEN,50.09807058,50.22362965,3.4973,3.5023
2025-09-29,BOB,25.57780762,25.6419124,6.85,7.0
2025-09-29,MXP,9.5491597,9.57309243,18.348,18.378
2025-09-29,CUC,175.20798225,175.6471,1.0,1.0
2025-09-29,NIO,4.81931108,4.83138955,36.3554,37.2124
2025-09-29,DOP,2.83370503,2.84080705,61.83,62.13
2025-09-29,TTD,26.0052813,26.07045744,6.7374,6.7651
2025-09-29,ANG,100.45753239,100.70930565,1.7441,1.8363
2025-09-30,EUR,207.76402548,208.28473732,1.17263,1.17268
2025-09-30,CNY,24.88730902,24.94968323,7.1189,7.1199
2025-09-30,TRY,4.26385116,4.2745375,41.5517,41.558
2025-09-30,RUB,2.13684191,2.1421974,82.9122,82.9202
2025-09-30,USD,177.17026425,177.6143,1.0,1.0
2025-09-30,CAD,127.27200282,127.59098027,1.39206,1.39214
2025-09-30,INR,1.99781538,2.00282244,88.682,88.732
2025-09-30,JPY,1.19229497,1.19528318,148.596,148.615
2025-09-30,ARS,0.13256286,0.13289509,1336.5,1336.505
2025-09-30,BRL,33.26266601,33.34603109,5.3264,5.3284
2025-09-30,CLP,0.18391058,0.18437151,963.35,963.75
2025-09-30,COP,0.04546441,0.04557835,3896.9,3898.9
2025-09-30,UYU,4.44046878,4.45159778,39.899,39.999
2025-09-30,PEN,50.8452473,50.972679,3.4845,3.4895
2025-09-30,BOB,25.82656913,25.89129737,6.86,7.01
2025-09-30,MXP,9.66400303,9.68822359,18.33301,18.33739
2025-09-30,CUC,177.17026425,177.6143,1.0,1.0
2025-09-30,NIO,4.86875952,4.88096193,36.3892,37.2429
2025-09-30,DOP,2.85574249,2.86289974,62.04,62.34
2025-09-30,TTD,26.30356081,26.36948452,6.7356,6.7633
2025-09-30,ANG,101.58262957,101.83722263,1.7441,1.8363
2025-10-01,EUR,209.98731349,210.51359748,1.17322,1.17323
2025-10-01,CNY,25.1432497,25.20626536,7.1185,7.1195
2025-10-01,TRY,4.30539654,4.31618701,41.5716,41.5779
2025-10-01,RUB,2.16903716,2.17447335,82.5169,82.5249
2025-10-01,USD,178.982223,179.4308,1.0,1.0
2025-10-01,CAD,128.50994291,128.83202297,1.39275,1.39284
2025-10-01,INR,2.01574717,2.02079917,88.792,88.842
2025-10-01,JPY,1.20986252,1.21289476,147.936,147.954
2025-10-01,ARS,0.13045351,0.13078046,1372.0,1372.005
2025-10-01,BRL,33.58960739,33.67379187,5.3285,5.3305
2025-10-01,CLP,0.18611411,0.18658056,961.68,962.08
2025-10-01,COP,0.04560753,0.04572184,3924.4,3926.4
2025-10-01,UYU,4.49151102,4.50276794,39.849,39.949
2025-10-01,PEN,51.69908232,51.82865395,3.462,3.467
2025-10-01,BOB,26.12879167,26.19427737,6.85,7.0
2025-10-01,MXP,9.76103395,9.78549769,18.3364,18.3407
2025-10-01,CUC,178.982223,179.4308,1.0,1.0
2025-10-01,NIO,4.89022467,4.90248087,36.6,36.65
2025-10-01,DOP,2.88587911,2.89311189,62.02,62.32
2025-10-01,TTD,26.56192555,26.6284968,6.7383,6.766
2025-10-01,ANG,102.62153718,102.87873401,1.7441,1.8363
2025-10-02,EUR,212.41065116,212.94300868,1.17447,1.17451
2025-10-02,CNY,25.40569512,25.46936854,7.1185,7.1195
2025-10-02,TRY,4.34943652,4.36033737,41.5802,41.5865
2025-10-02,RUB,2.22391642,2.22949015,81.3207,81.3287
2025-10-02,USD,180.85044075,181.3037,1.0,1.0
2025-10-02,CAD,129.73768499,130.06284209,1.39397,1.39411
2025-10-02,INR,2.04064859,2.04576299,88.624,88.674
2025-10-02,JPY,1.23128861,1.23437455,146.879,146.892
2025-10-02,ARS,0.12695713,0.12727532,1424.5,1424.505
2025-10-02,BRL,33.98677755,34.07195745,5.3212,5.3232
2025-10-02,CLP,0.18839961,0.18887179,959.93,960.33
2025-10-02,COP,0.04656893,0.04668564,3883.5,3885.5
2025-10-02,UYU,4.53884905,4.55022462,39.845,39.945
2025-10-02,PEN,52.25381125,52.38477318,3.461,3.466
2025-10-02,BOB,26.36303801,26.42911078,6.86,7.01
2025-10-02,MXP,9.87304236,9.89778682,18.3176,18.3215
2025-10-02,CUC,180.85044075,181.3037,1.0,1.0
2025-10-02,NIO,4.93991916,4.95229991,36.61,36.66
2025-10-02,DOP,2.90569474,2.91297718,62.24,62.54
2025-10-02,TTD,26.84515508,26.91243617,6.7368,6.7645
2025-10-02,ANG,103.69270153,103.95258299,1.7441,1.8363
2025-10-03,EUR,213.98659466,214.52290192,1.1713,1.17138
2025-10-03,CNY,25.66257747,25.72689471,7.1185,7.1195
2025-10-03,TRY,4.3903916,4.40139508,41.60883,41.61125
2025-10-03,RUB,2.24289738,2.24851868,81.4478,81.4558
2025-10-03,USD,182.67905775,183.1369,1.0,1.0
2025-10-03,CAD,130.83361939,131.1615232,1.39627,1.3964
2025-10-03,INR,2.0592837,2.06444482,88.71,88.76
2025-10-03,JPY,1.24117798,1.2442887,147.182,147.194
2025-10-03,ARS,0.12824082,0.12856223,1424.5,1424.505
2025-10-03,BRL,34.1852348,34.27091208,5.3438,5.3458
2025-10-03,CLP,0.18942642,0.18990118,964.38,964.78
2025-10-03,COP,0.04681677,0.04693411,3902.0,3904.0
2025-10-03,UYU,4.58129298,4.59277492,39.875,39.975
2025-10-03,PEN,52.40964475,52.54099724,3.4856,3.4906
2025-10-03,BOB,26.66847558,26.73531386,6.85,7.0
2025-10-03,MXP,9.89618152,9.92098398,18.45955,18.46488
2025-10-03,CUC,182.67905775,183.1369,1.0,1.0
2025-10-03,NIO,5.02173193,5.03431772,36.3777,37.2287
2025-10-03,DOP,2.93130708,2.93865372,62.32,62.62
2025-10-03,TTD,27.26390331,27.33223389,6.7004,6.7281
2025-10-03,ANG,104.74116034,105.00366951,1.7441,1.8363
2025-10-06,EUR,217.10421344,217.64833428,1.17389,1.17395
2025-10-06,CNY,25.9776379,26.04274476,7.119,7.1201
2025-10-06,TRY,4.43688771,4.44800773,41.6812,41.6875
2025-10-06,RUB,2.25420287,2.25985251,82.04,84.09
2025-10-06,USD,184.93480425,185.3983,1.0,1.0
2025-10-06,CAD,132.52795121,132.86010147,1.39544,1.39548
2025-10-06,INR,2.08447705,2.0897013,88.72,88.77
2025-10-06,JPY,1.25412688,1.25727005,147.461,147.475
2025-10-06,ARS,0.12980368,0.130129,1424.7269,1424.7369
2025-10-06,BRL,34.52595105,34.61248226,5.3564,5.3584
2025-10-06,CLP,0.19177145,0.19225208,964.35,964.75
2025-10-06,COP,0.04771649,0.04783608,3875.7,3877.7
2025-10-06,UYU,4.63356394,4.64517688,39.912,40.012
2025-10-06,PEN,53.3676173,53.50137073,3.4653,3.4703
2025-10-06,BOB,26.95842627,27.02599125,6.86,7.01
2025-10-06,MXP,10.03901964,10.06418009,18.4216,18.425
2025-10-06,CUC,184.93480425,185.3983,1.0,1.0
2025-10-06,NIO,5.082288,5.09502557,36.3881,37.2405
2025-10-06,DOP,2.96607544,2.97350922,62.35,62.65
2025-10-06,TTD,27.6802928,27.74966697,6.6811,6.7088
2025-10-06,ANG,106.0345188,106.30026947,1.7441,1.8363
2025-10-07,EUR,218.85341856,219.40192337,1.17138,1.17146
2025-10-07,CNY,26.2444443,26.31021984,7.1185,7.1195
2025-10-07,TRY,4.48085243,4.49208264,41.6932,41.6995
2025-10-07,RUB,2.24978566,2.25542422,83.0395,83.0475
2025-10-07,USD,186.82107675,187.2893,1.0,1.0
2025-10-07,CAD,133.88832676,134.22388648,1.39535,1.39546
2025-10-07,INR,2.10642654,2.11170581,88.691,88.741
2025-10-07,JPY,1.24586421,1.24898668,149.953,149.966
2025-10-07,ARS,0.1306898,0.13101734,1429.5,1429.505
2025-10-07,BRL,35.11278366,35.20078562,5.3206,5.3226
2025-10-07,CLP,0.19417244,0.19465909,962.14,962.54
2025-10-07,COP,0.04850479,0.04862636,3851.6,3853.6
2025-10-07,UYU,4.68587315,4.69761719,39.869,39.969
2025-10-07,PEN,54.11809528,54.25372961,3.4521,3.4571
2025-10-07,BOB,27.27314989,27.34150364,6.85,7.0
2025-10-07,MXP,10.16945787,10.19494523,18.3708,18.3741
2025-10-07,CUC,186.82107675,187.2893,1.0,1.0
2025-10-07,NIO,5.13865872,5.15153757,36.356,37.213
2025-10-07,DOP,2.9977708,3.00528401,62.32,62.62
2025-10-07,TTD,27.88624007,27.95613039,6.6994,6.7271
2025-10-07,ANG,107.11603506,107.3844963,1.7441,1.8363
2025-10-08,EUR,220.38340641,220.93574577,1.16729,1.16737
2025-10-08,CNY,26.51864749,26.58511026,7.119,7.1201
2025-10-08,TRY,4.52702025,4.53836617,41.7021,41.7084
2025-10-08,RUB,2.30034692,2.3061122,82.0686,82.0766
2025-10-08,USD,188.7862515,189.2594,1.0,1.0
2025-10-08,CAD,135.39567498,135.73501251,1.39433,1.39445
2025-10-08,INR,2.1280802,2.13341374,88.712,88.762
2025-10-08,JPY,1.25008278,1.25321582,151.019,151.036
2025-10-08,ARS,0.13204029,0.13237122,1429.7624,1429.7724
2025-10-08,BRL,35.40162609,35.49035197,5.3327,5.3347
2025-10-08,CLP,0.19660114,0.19709388,960.25,960.65
2025-10-08,COP,0.04881982,0.04894217,3867.0,3869.0
2025-10-08,UYU,4.73207799,4.74393783,39.895,39.995
2025-10-08,PEN,54.80325461,54.94060613,3.4448,3.4498
2025-10-08,BOB,27.93729211,28.00731039,6.7575,7.1004
2025-10-08,MXP,10.28718212,10.31296453,18.3516,18.3556
2025-10-08,CUC,188.7862515,189.2594,1.0,1.0
2025-10-08,NIO,5.18724776,5.20024839,36.3943,37.2515
2025-10-08,DOP,3.02445132,3.0320314,62.42,62.72
2025-10-08,TTD,28.13002913,28.20053045,6.7112,6.7389
2025-10-08,ANG,108.24279083,108.51407602,1.7441,1.8363
2025-10-09,EUR,221.72177246,222.27746613,1.16148,1.16153
2025-10-09,CNY,26.81571746,26.88292477,7.1185,7.1195
2025-10-09,TRY,4.57615534,4.5876244,41.71355,41.716
2025-10-09,RUB,2.3424676,2.34833844,81.49,81.54
2025-10-09,USD,190.88768475,191.3661,1.0,1.0
2025-10-09,CAD,136.84882194,137.19180144,1.39488,1.39498
2025-10-09,INR,2.15147744,2.15686961,88.724,88.774
2025-10-09,JPY,1.25070555,1.25384015,152.624,152.635
2025-10-09,ARS,0.13353458,0.13386925,1429.5,1429.505
2025-10-09,BRL,35.69995974,35.78943332,5.347,5.349
2025-10-09,CLP,0.20095555,0.2014592,949.9,950.3
2025-10-09,COP,0.04922957,0.04935295,3877.5,3879.5
2025-10-09,UYU,4.78355305,4.79554191,39.905,40.005
2025-10-09,PEN,55.43903483,55.57797978,3.4432,3.4482
2025-10-09,BOB,27.82619311,27.89593294,6.86,7.01
2025-10-09,MXP,10.39982155,10.42588627,18.3549,18.3584
2025-10-09,CUC,190.88768475,191.3661,1.0,1.0
2025-10-09,NIO,5.21408589,5.22715378,36.61,36.71
2025-10-09,DOP,3.04446068,3.0520909,62.7,63.0
2025-10-09,TTD,28.52731636,28.5988134,6.6914,6.7191
2025-10-09,ANG,109.447672,109.72197695,1.7441,1.8363
2025-10-10,EUR,223.07887728,223.63797222,1.15688,1.15695
2025-10-10,CNY,27.0657427,27.13357664,7.124,7.125
2025-10-10,TRY,4.62243009,4.63401513,41.7132,41.7195
2025-10-10,RUB,2.37372907,2.37967826,81.2293,81.2373
2025-10-10,USD,192.816351,193.2996,1.0,1.0
2025-10-10,CAD,137.62765952,137.972591,1.401,1.4011
2025-10-10,INR,2.17166099,2.17710375,88.7875,88.7975
2025-10-10,JPY,1.25948848,1.26264509,153.091,153.107
2025-10-10,ARS,0.13251982,0.13285195,1455.0,1455.005
2025-10-10,BRL,35.94905492,36.0391528,5.3636,5.3656
2025-10-10,CLP,0.20317845,0.20368767,949.0,949.44
2025-10-10,COP,0.04951245,0.04963654,3894.3,3896.3
2025-10-10,UYU,4.81643521,4.82850648,40.033,40.133
2025-10-10,PEN,56.25075879,56.39173814,3.4278,3.4328
2025-10-10,BOB,28.1483724,28.2189197,6.85,7.0
2025-10-10,MXP,10.48975328,10.51604339,18.3814,18.3845
2025-10-10,CUC,192.816351,193.2996,1.0,1.0
2025-10-10,NIO,5.2723118,5.28552561,36.5715,37.4369
2025-10-10,DOP,3.07081304,3.07850931,62.79,63.09
2025-10-10,TTD,28.68010575,28.75198572,6.723,6.7507
2025-10-10,ANG,110.55349521,110.83057164,1.7441,1.8363
2025-10-13,EUR,225.47088814,226.03597808,1.15761,1.15768
2025-10-13,CNY,27.34830825,27.41685038,7.1215,7.1225
2025-10-13,TRY,4.65666869,4.66833954,41.8241,41.8304
2025-10-13,RUB,2.38604566,2.39202572,81.625,81.875
2025-10-13,USD,194.76097725,195.2491,1.0,1.0
2025-10-13,CAD,139.21641285,139.56532616,1.39898,1.39909
2025-10-13,INR,2.19793227,2.20344088,88.611,88.661
2025-10-13,JPY,1.2767193,1.2799191,152.548,152.56
2025-10-13,ARS,0.13734906,0.1376933,1418.0,1418.005
2025-10-13,BRL,35.79441238,35.88412269,5.4411,5.4431
2025-10-13,CLP,0.20331016,0.20381971,957.95,958.35
2025-10-13,COP,0.04990672,0.0500318,3902.5,3904.5
2025-10-13,UYU,4.86233871,4.87452502,40.055,40.155
2025-10-13,PEN,56.5984648,56.74031559,3.4411,3.4461
2025-10-13,BOB,28.39081301,28.46196793,6.86,7.01
2025-10-13,MXP,10.54700407,10.57343766,18.466,18.496
2025-10-13,CUC,194.76097725,195.2491,1.0,1.0
2025-10-13,NIO,5.35432726,5.36774663,36.3745,37.2387
2025-10-13,DOP,3.10326604,3.11104365,62.76,63.06
2025-10-13,TTD,28.85219579,28.92450705,6.7503,6.778
2025-10-13,ANG,111.66846926,111.94834011,1.7441,1.8363
2025-10-14,EUR,227.52063976,228.09086692,1.15636,1.15638
2025-10-14,CNY,27.58921489,27.65836079,7.1315,7.1325
2025-10-14,TRY,4.70873206,4.7205334,41.7846,41.81
2025-10-14,RUB,2.44719761,2.45333094,80.3991,80.4071
2025-10-14,USD,196.752486,197.2456,1.0,1.0
2025-10-14,CAD,140.26697511,140.61852142,1.4027,1.40281
2025-10-14,INR,2.21965553,2.22521857,88.641,88.691
2025-10-14,JPY,1.29172183,1.29495923,152.318,152.334
2025-10-14,ARS,0.14628437,0.146651,1345.0,1345.005
2025-10-14,BRL,36.07952725,36.16995213,5.4533,5.4553
2025-10-14,CLP,0.2056897,0.20620521,956.55,956.95
2025-10-14,COP,0.05017276,0.0502985,3921.5,3923.5
2025-10-14,UYU,4.8981176,4.91039358,40.169,40.269
2025-10-14,PEN,57.51651251,57.66066417,3.4208,3.4258
2025-10-14,BOB,28.72299065,28.7949781,6.85,7.0
2025-10-14,MXP,10.66732916,10.69406432,18.4444,18.4487
2025-10-14,CUC,196.752486,197.2456,1.0,1.0
2025-10-14,NIO,5.41345287,5.42702042,36.3451,37.2078
2025-10-14,DOP,3.13300136,3.1408535,62.8,63.1
2025-10-14,TTD,29.1295283,29.20253464,6.7544,6.7821
2025-10-14,ANG,112.81032394,113.09305659,1.7441,1.8363
2025-10-15,EUR,229.87651487,230.45264649,1.15737,1.15743
2025-10-15,CNY,27.8215126,27.8912407,7.1387,7.1397
2025-10-15,TRY,4.74812766,4.76002773,41.829,41.832
2025-10-15,RUB,2.49051907,2.49676097,79.7462,79.7542
2025-10-15,USD,198.609432,199.1072,1.0,1.0
2025-10-15,CAD,141.42344697,141.7778917,1.40436,1.40445
2025-10-15,INR,2.23742417,2.24303175,88.767,88.817
2025-10-15,JPY,1.30670977,1.30998473,151.992,152.011
2025-10-15,ARS,0.14733637,0.14770563,1348.0,1348.005
2025-10-15,BRL,36.05704803,36.14741657,5.5082,5.5102
2025-10-15,CLP,0.2059751,0.20649132,964.24,964.64
2025-10-15,COP,0.05036119,0.05048741,3943.7,3945.7
2025-10-15,UYU,4.95507789,4.96749663,40.082,40.182
2025-10-15,PEN,57.89687266,58.04197761,3.4304,3.4354
2025-10-15,BOB,28.95181224,29.02437317,6.86,7.01
2025-10-15,MXP,10.70459585,10.73142441,18.55366,18.55741
2025-10-15,CUC,198.609432,199.1072,1.0,1.0
2025-10-15,NIO,5.46005311,5.47373745,36.375,37.2406
2025-10-15,DOP,3.16106051,3.16898296,62.83,63.13
2025-10-15,TTD,29.48696191,29.56086407,6.7355,6.7632
2025-10-15,ANG,113.87502551,114.16042658,1.7441,1.8363
2025-10-16,EUR,233.61527497,234.20077692,1.16247,1.16248
2025-10-16,CNY,28.20253922,28.27322227,7.1257,7.1267
2025-10-16,TRY,4.80325328,4.81529151,41.8389,41.8452
2025-10-16,RUB,2.5497494,2.55613975,78.8167,78.8247
2025-10-16,USD,200.96283375,201.4665,1.0,1.0
2025-10-16,CAD,143.14611706,143.50487926,1.4039,1.4044
2025-10-16,INR,2.28372046,2.28944407,87.998,88.048
2025-10-16,JPY,1.32773182,1.33105947,151.358,151.373
2025-10-16,ARS,0.14489029,0.14525342,1387.0,1387.005
2025-10-16,BRL,36.90845263,37.00095502,5.4449,5.4469
2025-10-16,CLP,0.2094279,0.20995279,959.58,959.98
2025-10-16,COP,0.05153421,0.05166337,3899.6,3901.6
2025-10-16,UYU,5.00667265,5.0192207,40.139,40.239
2025-10-16,PEN,58.81437377,58.96177822,3.4169,3.4219
2025-10-16,BOB,29.33763996,29.41116788,6.85,7.0
2025-10-16,MXP,10.88926086,10.91655224,18.45514,18.45823
2025-10-16,CUC,200.96283375,201.4665,1.0,1.0
2025-10-16,NIO,5.52734986,5.54120287,36.3579,37.2178
2025-10-16,DOP,3.18584073,3.1938253,63.08,63.38
2025-10-16,TTD,29.82352394,29.89826961,6.7384,6.7661
2025-10-16,ANG,115.22437575,115.51315864,1.7441,1.8363
2025-10-17,EUR,237.32898585,237.92379534,1.1677,1.16777
2025-10-17,CNY,28.5290853,28.60058677,7.1237,7.1247
2025-10-17,TRY,4.85615811,4.86832893,41.8505,41.8568
2025-10-17,RUB,2.52520945,2.5315383,80.4815,80.4895
2025-10-17,USD,203.232645,203.742,1.0,1.0
2025-10-17,CAD,144.78559571,145.14846688,1.40368,1.4038
2025-10-17,INR,2.31319452,2.318992,87.858,87.908
2025-10-17,JPY,1.34800945,1.35138792,150.765,150.775
2025-10-17,ARS,0.14716339,0.14753222,1381.0,1381.005
2025-10-17,BRL,37.47190887,37.56582343,5.4236,5.4256
2025-10-17,CLP,0.2127244,0.21325755,955.38,955.78
2025-10-17,COP,0.0524959,0.05262747,3871.4,3873.4
2025-10-17,UYU,5.07878461,5.09151339,40.016,40.116
2025-10-17,PEN,60.025,60.17543859,3.3858,3.3908
2025-10-17,BOB,29.62575,29.7,6.86,7.01
2025-10-17,MXP,11.06792967,11.09566884,18.3623,18.3659
2025-10-17,CUC,203.232645,203.742,1.0,1.0
2025-10-17,NIO,5.56344497,5.57738844,36.53,36.73
2025-10-17,DOP,3.22335678,3.23143536,63.05,63.35
2025-10-17,TTD,30.30609081,30.38204592,6.706,6.7337
2025-10-17,ANG,116.5257984,116.81784301,1.7441,1.8363
2025-10-20,EUR,239.32465643,239.9244676,1.16649,1.16652
2025-10-20,CNY,28.7998107,28.87199067,7.1237,7.1247
2025-10-20,TRY,4.89257226,4.90483435,41.9332,41.9663
2025-10-20,RUB,2.52226716,2.52858864,81.34,81.39
2025-10-20,USD,205.1612115,205.6754,1.0,1.0
2025-10-20,CAD,146.03780581,146.40381535,1.40485,1.40497
2025-10-20,INR,2.33174836,2.33759234,87.986,88.036
2025-10-20,JPY,1.36493873,1.36835963,150.308,150.329
2025-10-20,ARS,0.14227545,0.14263203,1442.0,1442.005
2025-10-20,BRL,37.81703775,37.91181729,5.4251,5.4271
2025-10-20,CLP,0.21345833,0.21399332,961.13,961.53
2025-10-20,COP,0.05394294,0.05407814,3803.3,3805.3
2025-10-20,UYU,5.13544959,5.1483204,39.95,40.05
2025-10-20,PEN,60.6573076,60.80933092,3.3823,3.3873
2025-10-20,BOB,29.95054182,30.02560583,6.85,7.0
2025-10-20,MXP,11.12358686,11.15146553,18.4438,18.44638
2025-10-20,CUC,205.1612115,205.6754,1.0,1.0
2025-10-20,NIO,5.63911657,5.6532497,36.3818,37.2375
2025-10-20,DOP,3.24519474,3.25332806,63.22,63.52
2025-10-20,TTD,30.62244749,30.69919548,6.6997,6.7274
2025-10-20,ANG,117.63156441,117.92638036,1.7441,1.8363
2025-10-21,EUR,241.60944997,242.21498744,1.16504,1.16509
2025-10-21,CNY,29.12025409,29.19323718,7.1213,7.1223
2025-10-21,TRY,4.95245302,4.96486518,41.873,41.8793
2025-10-21,RUB,2.56544071,2.57187039,80.8337,80.8417
2025-10-21,USD,207.3740655,207.8938,1.0,1.0
2025-10-21,CAD,147.72336906,148.09360307,1.4038,1.4043
2025-10-21,INR,2.36060087,2.36651716,87.848,87.898
2025-10-21,JPY,1.37617255,1.3796216,150.689,150.704
2025-10-21,ARS,0.14174577,0.14210102,1463.0,1463.005
2025-10-21,BRL,38.57548002,38.67216042,5.3758,5.3778
2025-10-21,CLP,0.21788711,0.2184332,951.75,952.15
2025-10-21,COP,0.05368768,0.05382224,3862.6,3864.6
2025-10-21,UYU,5.20190807,5.21494544,39.865,39.965
2025-10-21,PEN,61.39141641,61.54527961,3.3779,3.3829
2025-10-21,BOB,30.22945561,30.30521865,6.86,7.01
2025-10-21,MXP,11.27527483,11.30353366,18.39193,18.39552
2025-10-21,CUC,207.3740655,207.8938,1.0,1.0
2025-10-21,NIO,5.70202415,5.71631494,36.3685,37.2266
2025-10-21,DOP,3.26882196,3.2770145,63.44,63.74
2025-10-21,TTD,30.952739,31.03031479,6.6997,6.7274
2025-10-21,ANG,118.90032996,119.19832578,1.7441,1.8363
2025-10-22,EUR,243.4122713,244.02232712,1.16041,1.16045
2025-10-22,CNY,29.46146519,29.53530345,7.1197,7.1207
2025-10-22,TRY,4.99866056,5.01118853,41.9626,41.9689
2025-10-22,RUB,2.57799543,2.58445657,81.3643,81.3723
2025-10-22,USD,209.75679375,210.2825,1.0,1.0
2025-10-22,CAD,149.57094228,149.9458068,1.40239,1.40252
2025-10-22,INR,2.38449411,2.39047028,87.967,88.017
2025-10-22,JPY,1.3819154,1.38537885,151.787,151.796
2025-10-22,ARS,0.14163186,0.14198683,1481.0,1481.005
2025-10-22,BRL,38.9159172,39.01345083,5.39,5.392
2025-10-22,CLP,0.22106422,0.22161827,948.85,949.3
2025-10-22,COP,0.05428628,0.05442234,3863.9,3865.9
2025-10-22,UYU,5.27093337,5.28414373,39.795,39.895
2025-10-22,PEN,62.00502342,62.16042448,3.3829,3.3879
2025-10-22,BOB,30.62142974,30.69817518,6.85,7.0
2025-10-22,MXP,11.37836763,11.40688484,18.4347,18.4374
2025-10-22,CUC,209.75679375,210.2825,1.0,1.0
2025-10-22,NIO,5.77066625,5.78512908,36.3488,37.2091
2025-10-22,DOP,3.30951078,3.3178053,63.38,63.68
2025-10-22,TTD,31.24077235,31.31907003,6.7142,6.7419
2025-10-22,ANG,120.26649489,120.56791468,1.7441,1.8363
2025-10-23,EUR,246.06200508,246.67870184,1.16087,1.16093
2025-10-23,CNY,29.73644945,29.81097689,7.1277,7.1287
2025-10-23,TRY,5.0495657,5.06222125,41.9744,41.9807
2025-10-23,RUB,2.59691278,2.60342134,81.6171,81.6251
2025-10-23,USD,211.95249075,212.4837,1.0,1.0
2025-10-23,CAD,151.48769297,151.86736137,1.39914,1.39928
2025-10-23,INR,2.41709325,2.42315113,87.689,87.739
2025-10-23,JPY,1.39577414,1.39927232,151.853,151.866
2025-10-23,ARS,0.14258492,0.14294228,1486.5,1486.505
2025-10-23,BRL,39.34591151,39.44452282,5.3869,5.3889
2025-10-23,CLP,0.22330768,0.22386735,949.15,949.55
2025-10-23,COP,0.05435236,0.05448858,3899.6,3901.6
2025-10-23,UYU,5.39419512,5.40771441,39.2927,40.3283
2025-10-23,PEN,62.41974636,62.57618683,3.3956,3.4006
2025-10-23,BOB,30.89686454,30.97430029,6.86,7.01
2025-10-23,MXP,11.51903189,11.54790165,18.4002,18.4053
2025-10-23,CUC,211.95249075,212.4837,1.0,1.0
2025-10-23,NIO,5.80532705,5.81987674,36.51,36.71
2025-10-23,DOP,3.32944534,3.33778982,63.66,63.96
2025-10-23,TTD,31.65643438,31.73577381,6.6954,6.7231
2025-10-23,ANG,121.52542328,121.82999827,1.7441,1.8363
2025-10-24,EUR,248.39938337,249.02193822,1.16137,1.16138
2025-10-24,CNY,30.03383499,30.10910775,7.1214,7.1224
2025-10-24,TRY,5.09434343,5.10711121,41.9844,41.9907
2025-10-24,RUB,2.63272959,2.63932791,81.24,81.29
2025-10-24,USD,213.8829525,214.419,1.0,1.0
2025-10-24,CAD,152.84668555,153.22975995,1.39933,1.39943
2025-10-24,INR,2.43710705,2.44321509,87.761,87.811
2025-10-24,JPY,1.40144514,1.40495754,152.616,152.624
2025-10-24,ARS,0.14422316,0.14458462,1483.0,1483.005
2025-10-24,BRL,39.71975792,39.81930619,5.3848,5.3868
2025-10-24,CLP,0.22674867,0.22731696,943.26,943.9
2025-10-24,COP,0.0548474,0.05498487,3899.6,3901.6
2025-10-24,UYU,5.36518129,5.37862786,39.865,39.965
2025-10-24,PEN,63.04953939,63.20755829,3.3923,3.3973
2025-10-24,BOB,31.17827295,31.25641399,6.86,7.01
2025-10-24,MXP,11.61502767,11.64413801,18.41433,18.41693
2025-10-24,CUC,213.8829525,214.419,1.0,1.0
2025-10-24,NIO,5.88081673,5.89555562,36.3696,37.2327
2025-10-24,DOP,3.348199,3.35659048,63.88,64.18
2025-10-24,TTD,31.90616133,31.98612665,6.7035,6.7312
2025-10-24,ANG,122.63227595,122.93962502,1.7441,1.8363
2025-10-27,EUR,251.02594648,251.65508419,1.16304,1.16307
2025-10-27,CNY,30.30347942,30.37942799,7.1223,7.1233
2025-10-27,TRY,5.14624604,5.1591439,41.9394,41.9457
2025-10-27,RUB,2.69845431,2.70521735,79.983,79.991
2025-10-27,USD,215.8304715,216.3714,1.0,1.0
2025-10-27,CAD,153.93921151,154.32502407,1.40205,1.40217
2025-10-27,INR,2.45828982,2.46445094,87.797,87.847
2025-10-27,JPY,1.41330778,1.4168499,152.713,152.721
2025-10-27,ARS,0.14543832,0.14580283,1484.0,1484.005
2025-10-27,BRL,40.09706494,40.19755884,5.3827,5.3847
2025-10-27,CLP,0.22946042,0.2300355,940.6,941.1
2025-10-27,COP,0.05602639,0.0561668,3852.3,3854.3
2025-10-27,UYU,5.41471328,5.42828399,39.86,39.96
2025-10-27,PEN,63.89865041,64.0587974,3.3777,3.3827
2025-10-27,BOB,31.50809802,31.58706569,6.85,7.0
2025-10-27,MXP,11.74434204,11.77377648,18.3774,18.3817
2025-10-27,CUC,215.8304715,216.3714,1.0,1.0
2025-10-27,NIO,5.93369581,5.94856723,36.3737,37.2348
2025-10-27,DOP,3.37868615,3.38715403,63.88,64.18
2025-10-27,TTD,32.00997708,32.09020259,6.7426,6.7703
2025-10-27,ANG,123.7489086,124.05905624,1.7441,1.8363
2025-10-28,EUR,253.26930413,253.9040643,1.16373,1.16379
2025-10-28,CNY,30.61211334,30.68883543,7.1091,7.1101
2025-10-28,TRY,5.19188418,5.20489642,41.9163,41.9226
2025-10-28,RUB,2.7430747,2.74994958,79.336,79.385
2025-10-28,USD,217.624575,218.17,1.0,1.0
2025-10-28,CAD,155.40838296,155.79787765,1.40034,1.40046
2025-10-28,INR,2.46689536,2.47307805,88.218,88.268
2025-10-28,JPY,1.42170451,1.42526768,153.073,153.087
2025-10-28,ARS,0.15815739,0.15855377,1376.0,1376.005
2025-10-28,BRL,40.45668036,40.55807555,5.3792,5.3812
2025-10-28,CLP,0.23240308,0.23298555,936.41,936.81
2025-10-28,COP,0.0568151,0.05695749,3830.4,3832.4
2025-10-28,UYU,5.4524735,5.46613885,39.913,40.013
2025-10-28,PEN,64.57127703,64.73310981,3.3703,3.3753
2025-10-28,BOB,31.72369897,31.80320699,6.86,7.01
2025-10-28,MXP,11.83514112,11.86480313,18.388,18.418
2025-10-28,CUC,217.624575,218.17,1.0,1.0
2025-10-28,NIO,5.98285552,5.99785015,36.3747,37.2334
2025-10-28,DOP,3.41104349,3.41959247,63.8,64.1
2025-10-28,TTD,32.26075113,32.34160514,6.7458,6.7735
2025-10-28,ANG,124.77757869,125.09030445,1.7441,1.8363
2025-10-29,EUR,255.72083616,256.36174051,1.1659,1.16595
2025-10-29,CNY,30.89462266,30.97205279,7.0991,7.1001
2025-10-29,TRY,5.22857343,5.24167763,41.9472,41.9535
2025-10-29,RUB,2.7644955,2.77142406,79.336,79.385
2025-10-29,USD,219.32401575,219.8737,1.0,1.0
2025-10-29,CAD,157.11339562,157.50716352,1.39596,1.39605
2025-10-29,INR,2.48517348,2.49140199,88.253,88.303
2025-10-29,JPY,1.44287369,1.44648991,152.005,152.017
2025-10-29,ARS,0.14869424,0.14906691,1475.0,1475.005
2025-10-29,BRL,40.87366811,40.97610838,5.3659,5.3679
2025-10-29,CLP,0.23270452,0.23328774,942.5,942.9
2025-10-29,COP,0.05668459,0.05682665,3869.2,3871.2
2025-10-29,UYU,5.50484452,5.51864113,39.842,39.942
2025-10-29,PEN,64.6839932,64.84610847,3.3907,3.3957
2025-10-29,BOB,32.01810448,32.09835036,6.85,7.0
2025-10-29,MXP,11.91674598,11.94661252,18.40469,18.40834
2025-10-29,CUC,219.32401575,219.8737,1.0,1.0
2025-10-29,NIO,6.02535194,6.04045307,36.4002,37.2584
2025-10-29,DOP,3.42747328,3.43606344,63.99,64.29
2025-10-29,TTD,32.48763379,32.56905643,6.751,6.7787
2025-10-29,ANG,125.75197279,126.06714064,1.7441,1.8363
2025-10-30,EUR,257.69675765,258.34261419,1.16499,1.16505
2025-10-30,CNY,31.16002542,31.23812072,7.0985,7.0995
2025-10-30,TRY,5.27292982,5.28614519,41.94811,41.95551
2025-10-30,RUB,2.76538651,2.7723173,79.985,80.035
2025-10-30,USD,221.1894405,221.7438,1.0,1.0
2025-10-30,CAD,159.15199345,159.55087062,1.3898,1.3903
2025-10-30,INR,2.50682201,2.51310477,88.235,88.285
2025-10-30,JPY,1.45566294,1.45931122,151.951,151.965
2025-10-30,ARS,0.15254444,0.15292675,1450.0,1450.005
2025-10-30,BRL,41.4546246,41.5585209,5.3357,5.3377
2025-10-30,CLP,0.23564634,0.23623693,938.65,939.05
2025-10-30,COP,0.05710177,0.05724488,3873.6,3875.6
2025-10-30,UYU,5.5469315,5.56083358,39.876,39.976
2025-10-30,PEN,65.35172265,65.51551143,3.3846,3.3896
2025-10-30,BOB,32.24335867,32.32416909,6.86,7.01
2025-10-30,MXP,12.01574509,12.04585974,18.4083,18.4117
2025-10-30,CUC,221.1894405,221.7438,1.0,1.0
2025-10-30,NIO,6.08236443,6.09760846,36.3657,37.2248
2025-10-30,DOP,3.48395666,3.49268838,63.488,64.863
2025-10-30,TTD,33.11863693,33.20164103,6.6787,6.7064
2025-10-30,ANG,126.82153574,127.1393842,1.7441,1.8363
2025-10-31,EUR,258.16272049,258.80974485,1.15719,1.15723
2025-10-31,CNY,31.38001255,31.4586592,7.1092,7.1102
2025-10-31,TRY,5.31537416,5.3286959,41.9701,41.97702
2025-10-31,RUB,2.783887,2.79086416,80.135,80.186
2025-10-31,USD,223.08678525,223.6459,1.0,1.0
2025-10-31,CAD,159.52888298,159.92870474,1.39841,1.3985
2025-10-31,INR,2.5176822,2.52399219,88.608,88.658
2025-10-31,JPY,1.44658651,1.45021204,154.216,154.227
2025-10-31,ARS,0.15573301,0.15612332,1432.4951,1432.5051
2025-10-31,BRL,41.43129078,41.5351286,5.3845,5.3865
2025-10-31,CLP,0.23675714,0.23735051,942.26,942.66
2025-10-31,COP,0.05759605,0.0577404,3873.3,3875.3
2025-10-31,UYU,5.59577558,5.60980008,39.867,39.967
2025-10-31,PEN,65.66010867,65.82467035,3.3976,3.4026
2025-10-31,BOB,32.5674139,32.64903649,6.85,7.0
2025-10-31,MXP,12.0155541,12.04566827,18.5665,18.5691
2025-10-31,CUC,223.08678525,223.6459,1.0,1.0
2025-10-31,NIO,6.13084636,6.14621189,36.3876,37.2503
2025-10-31,DOP,3.48627575,3.49501328,63.99,64.29
2025-10-31,TTD,33.45231304,33.53615343,6.6688,6.6965
2025-10-31,ANG,127.9094004,128.22997534,1.7441,1.8363
2025-11-03,EUR,257.50242073,258.1477902,1.15259,1.15264
2025-11-03,CNY,31.39259941,31.47127761,7.1164,7.1174
2025-11-03,TRY,5.31332085,5.32663744,42.0457,42.052
2025-11-03,RUB,2.76539325,2.77232407,80.785,80.836
2025-11-03,USD,223.4022945,223.9622,1.0,1.0
2025-11-03,CAD,159.46827406,159.86794392,1.40092,1.40101
2025-11-03,INR,2.51814527,2.52445641,88.717,88.767
2025-11-03,JPY,1.45091863,1.45455501,153.973,153.987
2025-11-03,ARS,0.1549253,0.15531359,1442.0,1442.005
2025-11-03,BRL,41.41451059,41.51830636,5.3943,5.3963
2025-11-03,CLP,0.23691346,0.23750723,942.97,943.34
2025-11-03,COP,0.05787024,0.05801528,3860.4,3862.4
2025-11-03,UYU,5.60706509,5.62111788,39.843,39.943
2025-11-03,PEN,66.16386628,66.3296905,3.3765,3.3815
2025-11-03,BOB,32.56593214,32.64755102,6.86,7.01
2025-11-03,MXP,12.01979396,12.04991875,18.5862,18.5904
2025-11-03,CUC,223.4022945,223.9622,1.0,1.0
2025-11-03,NIO,6.11725888,6.13259036,36.52,36.92
2025-11-03,DOP,3.50050602,3.50927922,63.82,64.12
2025-11-03,TTD,33.51671235,33.60071413,6.6654,6.6931
2025-11-03,ANG,128.0903013,128.41132962,1.7441,1.8363
2025-11-04,EUR,257.76803436,258.41406954,1.15164,1.1517
2025-11-04,CNY,31.43252011,31.51129836,7.1205,7.1215
2025-11-04,TRY,5.32339588,5.33673772,42.0437,42.05
2025-11-04,RUB,2.773767,2.7807188,80.69,80.74
2025-11-04,USD,223.8152595,224.3762,1.0,1.0
2025-11-04,CAD,159.17449647,159.57343005,1.4061,1.40623
2025-11-04,INR,2.52228838,2.5286099,88.735,88.785
2025-11-04,JPY,1.45269495,1.45633579,154.069,154.083
2025-11-04,ARS,0.15382492,0.15421044,1455.0,1455.005
2025-11-04,BRL,41.83697394,41.94182851,5.3497,5.3517
2025-11-04,CLP,0.2381064,0.23870316,939.98,940.38
2025-11-04,COP,0.05807349,0.05821904,3854.0,3856.0
2025-11-04,UYU,5.61742989,5.63150867,39.843,39.943
2025-11-04,PEN,66.57205814,66.73890541,3.362,3.367
2025-11-04,BOB,32.67376051,32.75564963,6.85,7.0
2025-11-04,MXP,12.1072844,12.13762847,18.486,18.4899
2025-11-04,CUC,223.8152595,224.3762,1.0,1.0
2025-11-04,NIO,6.1550612,6.17048742,36.3628,37.2311
2025-11-04,DOP,3.4867621,3.49550085,64.19,64.49
2025-11-04,TTD,33.55299595,33.63708867,6.6705,6.6982
2025-11-04,ANG,128.32707958,128.64870133,1.7441,1.8363
2025-11-05,EUR,258.98490989,259.63399488,1.1481,1.14816
2025-11-05,CNY,31.67027136,31.74964547,7.1223,7.1233
2025-11-05,TRY,5.35967584,5.37310861,42.0856,42.0919
2025-11-05,RUB,2.78585237,2.79283446,80.9681,80.9761
2025-11-05,USD,225.56517375,226.1305,1.0,1.0
2025-11-05,CAD,160.13884658,160.54019708,1.40856,1.40866
2025-11-05,INR,2.545078,2.55145665,88.628,88.678
2025-11-05,JPY,1.46970017,1.47338363,153.477,153.486
2025-11-05,ARS,0.15261513,0.15299763,1478.0,1478.005
2025-11-05,BRL,41.90791723,42.01294961,5.3824,5.3844
2025-11-05,CLP,0.23866552,0.23926368,945.11,945.51
2025-11-05,COP,0.05834286,0.05848908,3866.2,3868.2
2025-11-05,UYU,5.67345373,5.68767292,39.758,39.858
2025-11-05,PEN,66.57178341,66.73862999,3.3883,3.3933
2025-11-05,BOB,32.88122066,32.96362973,6.86,7.01
2025-11-05,MXP,12.13320038,12.1636094,18.59074,18.59397
2025-11-05,CUC,225.56517375,226.1305,1.0,1.0
2025-11-05,NIO,6.20258793,6.21813327,36.3663,37.2368
2025-11-05,DOP,3.52721147,3.5360516,63.95,64.25
2025-11-05,TTD,33.80519651,33.88992131,6.6725,6.7002
2025-11-05,ANG,129.33041325,129.65454962,1.7441,1.8363
2025-11-06,EUR,260.50936777,261.16227345,1.14763,1.14768
2025-11-06,CNY,31.85123247,31.93106012,7.1265,7.1275
2025-11-06,TRY,5.39272319,5.40623878,42.0915,42.0978
2025-11-06,RUB,2.79046774,2.79746139,81.344,81.352
2025-11-06,USD,226.98780825,227.5567,1.0,1.0
2025-11-06,CAD,160.66520968,161.06787938,1.4128,1.41282
2025-11-06,INR,2.56003212,2.56644824,88.666,88.716
2025-11-06,JPY,1.47172965,1.4754182,154.232,154.24
2025-11-06,ARS,0.15665135,0.15704396,1449.0,1449.005
2025-11-06,BRL,42.24286452,42.34873636,5.3734,5.3754
2025-11-06,CLP,0.23991946,0.24052076,946.1,946.5
2025-11-06,COP,0.05911602,0.05926418,3839.7,3841.7
2025-11-06,UYU,5.70206511,5.716356,39.808,39.908
2025-11-06,PEN,67.18398397,67.35236488,3.3786,3.3836
2025-11-06,BOB,33.70972559,33.79421112,6.7336,7.0817
2025-11-06,MXP,12.19368087,12.22424148,18.6152,18.6174
2025-11-06,CUC,226.98780825,227.5567,1.0,1.0
2025-11-06,NIO,6.24340716,6.2590548,36.3564,37.2265
2025-11-06,DOP,3.53839139,3.54725954,64.15,64.45
2025-11-06,TTD,34.08532424,34.17075111,6.6594,6.6871
2025-11-06,ANG,130.14609727,130.47227796,1.7441,1.8363
2025-11-07,EUR,262.63480406,263.29303665,1.15234,1.15237
2025-11-07,CNY,32.0118549,32.09208511,7.1195,7.1205
2025-11-07,TRY,5.41189435,5.42545799,42.1125,42.1188
2025-11-07,RUB,2.80827543,2.81531371,81.156,81.164
2025-11-07,USD,227.908401,228.4796,1.0,1.0
2025-11-07,CAD,161.4127886,161.81733193,1.41196,1.41203
2025-11-07,INR,2.57108176,2.57752558,88.643,88.693
2025-11-07,JPY,1.48484201,1.48856342,153.49,153.497
2025-11-07,ARS,0.15723242,0.15762649,1449.5,1449.505
2025-11-07,BRL,42.65631043,42.76321847,5.3429,5.3449
2025-11-07,CLP,0.24212089,0.24272771,941.3,941.7
2025-11-07,COP,0.05978238,0.05993221,3812.3,3814.3
2025-11-07,UYU,5.72533476,5.73968397,39.807,39.907
2025-11-07,PEN,67.54842946,67.71772377,3.374,3.379
2025-11-07,BOB,33.27129941,33.35468613,6.85,7.0
2025-11-07,MXP,12.24629244,12.27698491,18.6104,18.6138
2025-11-07,CUC,227.908401,228.4796,1.0,1.0
2025-11-07,NIO,6.26960799,6.28532129,36.3513,37.2191
2025-11-07,DOP,3.55440425,3.56331253,64.12,64.42
2025-11-07,TTD,34.19121787,34.27691015,6.6657,6.6934
2025-11-07,ANG,130.67392982,131.0014334,1.7441,1.8363
2025-11-10,EUR,266.97019891,267.63929715,1.15833,1.15838
2025-11-10,CNY,32.36918321,32.45030898,7.12,7.121
2025-11-10,TRY,5.46003407,5.47371837,42.2101,42.2164
2025-11-10,RUB,2.84574789,2.85288009,80.987,80.995
2025-11-10,USD,230.4685845,231.0462,1.0,1.0
2025-11-10,CAD,163.84915611,164.25980562,1.40659,1.40666
2025-11-10,INR,2.59981707,2.60633291,88.648,88.698
2025-11-10,JPY,1.50510096,1.50887314,153.125,153.133
2025-11-10,ARS,0.15949383,0.15989356,1445.0,1445.005
2025-11-10,BRL,43.10885947,43.21690172,5.3462,5.3482
2025-11-10,CLP,0.24337217,0.24398213,946.98,947.38
2025-11-10,COP,0.06093667,0.06108939,3782.1,3784.1
2025-11-10,UYU,5.79445327,5.80897571,39.774,39.874
2025-11-10,PEN,68.37410167,68.54546533,3.3707,3.3757
2025-11-10,BOB,33.59600357,33.68020408,6.86,7.01
2025-11-10,MXP,12.44955134,12.48075323,18.5122,18.5143
2025-11-10,CUC,230.4685845,231.0462,1.0,1.0
2025-11-10,NIO,6.3401939,6.35608411,36.3504,37.2153
2025-11-10,DOP,3.58761806,3.59660958,64.24,64.54
2025-11-10,TTD,34.48476545,34.57119344,6.6832,6.7109
2025-11-10,ANG,132.14184077,132.47302333,1.7441,1.8363
2025-11-11,EUR,266.60796587,267.27615626,1.15653,1.15657
2025-11-11,CNY,32.38358393,32.46474579,7.1183,7.1193
2025-11-11,TRY,5.45822618,5.47190594,42.23278,42.23422
2025-11-11,RUB,2.83539339,2.84249964,81.2995,81.3075
2025-11-11,USD,230.5160655,231.0938,1.0,1.0
2025-11-11,CAD,164.39599593,164.80801597,1.4022,1.40224
2025-11-11,INR,2.60029402,2.60681105,88.65,88.7
2025-11-11,JPY,1.49668263,1.50043371,154.018,154.029
2025-11-11,ARS,0.16267894,0.16308666,1417.0,1417.005
2025-11-11,BRL,43.35779737,43.46646352,5.3166,5.3186
2025-11-11,CLP,0.24514379,0.24575819,940.33,940.73
2025-11-11,COP,0.06149226,0.06164638,3748.7,3750.7
2025-11-11,UYU,5.79520993,5.80973426,39.777,39.877
2025-11-11,PEN,68.42675893,68.59825457,3.3688,3.3738
2025-11-11,BOB,34.10303658,34.18850785,6.7594,7.1051
2025-11-11,MXP,12.52804703,12.55944565,18.4,18.43
2025-11-11,CUC,230.5160655,231.0938,1.0,1.0
2025-11-11,NIO,6.34214565,6.35804075,36.3467,37.211
2025-11-11,DOP,3.59283144,3.60183603,64.16,64.46
2025-11-11,TTD,34.5549491,34.64155299,6.671,6.6987
2025-11-11,ANG,132.16906456,132.50031534,1.7441,1.8363
2025-11-12,EUR,269.58058232,270.25622288,1.15963,1.15967
2025-11-12,CNY,32.66767643,32.7495503,7.116,7.117
2025-11-12,TRY,5.50509711,5.51889435,42.2269,42.2332
2025-11-12,RUB,2.87162821,2.87882527,80.9517,80.9597
2025-11-12,USD,232.4631855,233.0458,1.0,1.0
2025-11-12,CAD,165.95504261,166.37097004,1.40076,1.40085
2025-11-12,INR,2.62946582,2.63605596,88.407,88.457
2025-11-12,JPY,1.50890352,1.51268523,154.061,154.067
2025-11-12,ARS,0.16347622,0.16388593,1422.0,1422.005
2025-11-12,BRL,44.13913824,44.24976265,5.2666,5.2686
2025-11-12,CLP,0.24814601,0.24876793,936.8,937.24
2025-11-12,COP,0.06228082,0.06243691,3732.5,3734.5
2025-11-12,UYU,5.84827757,5.86293491,39.749,39.849
2025-11-12,PEN,69.31750521,69.4912333,3.3536,3.3586
2025-11-12,BOB,33.93623145,34.02128467,6.85,7.0
2025-11-12,MXP,12.67965335,12.71143193,18.33356,18.33708
2025-11-12,CUC,232.4631855,233.0458,1.0,1.0
2025-11-12,NIO,6.3937638,6.40978827,36.3578,37.2216
2025-11-12,DOP,3.62317932,3.63225997,64.16,64.46
2025-11-12,TTD,34.65720245,34.74406261,6.7075,6.7352
2025-11-12,ANG,133.28546843,133.61951722,1.7441,1.8363
2025-11-13,EUR,269.65308627,270.32890854,1.1574,1.15744
2025-11-13,CNY,32.7361988,32.81824441,7.1167,7.1177
2025-11-13,TRY,5.51514957,5.528972,42.2425,42.2488
2025-11-13,RUB,2.86736868,2.87455507,81.25,81.258
2025-11-13,USD,232.973706,233.5576,1.0,1.0
2025-11-13,CAD,166.21152339,166.62809363,1.40167,1.40175
2025-11-13,INR,2.62970783,2.63629857,88.593,88.643
2025-11-13,JPY,1.50423043,1.50800043,154.879,154.889
2025-11-13,ARS,0.16700624,0.1674248,1395.0,1395.005
2025-11-13,BRL,43.99382619,44.10408641,5.2956,5.2976
2025-11-13,CLP,0.25042319,0.25105082,930.32,931.18
2025-11-13,COP,0.06259536,0.06275225,3721.9,3723.9
2025-11-13,UYU,5.86097373,5.87566289,39.75,39.85
2025-11-13,PEN,69.23644268,69.4099676,3.3649,3.3699
2025-11-13,BOB,33.96118163,34.04629737,6.86,7.01
2025-11-13,MXP,12.73205593,12.76396585,18.2982,18.3004
2025-11-13,CUC,232.973706,233.5576,1.0,1.0
2025-11-13,NIO,6.40505715,6.42110993,36.3734,37.2371
2025-11-13,DOP,3.64078302,3.64990779,63.99,64.29
2025-11-13,TTD,35.09274356,35.1806953,6.6388,6.6665
2025-11-13,ANG,133.57818129,133.9129637,1.7441,1.8363
2025-11-14,EUR,272.39769463,273.08039562,1.16264,1.16268
2025-11-14,CNY,33.01592723,33.09867391,7.0961,7.0971
2025-11-14,TRY,5.54526978,5.5591677,42.2494,42.2557
2025-11-14,RUB,2.90123166,2.90850292,80.7534,80.7614
2025-11-14,USD,234.28432125,234.8715,1.0,1.0
2025-11-14,CAD,167.26231259,167.68151638,1.4007,1.4012
2025-11-14,INR,2.64220504,2.64882711,88.67,88.72
2025-11-14,JPY,1.51705143,1.52085356,154.434,154.441
2025-11-14,ARS,0.16604133,0.16645747,1411.0,1411.005
2025-11-14,BRL,44.30741555,44.41846171,5.2877,5.2897
2025-11-14,CLP,0.25332142,0.25395631,924.85,925.25
2025-11-14,COP,0.06343323,0.06359221,3693.4,3695.4
2025-11-14,UYU,5.89083305,5.90559704,39.771,39.871
2025-11-14,PEN,69.71295303,69.88767221,3.3607,3.3657
2025-11-14,BOB,34.20209069,34.28781021,6.85,7.0
2025-11-14,MXP,12.82702457,12.85917251,18.2649,18.2669
2025-11-14,CUC,234.28432125,234.8715,1.0,1.0
2025-11-14,NIO,6.44528899,6.46144259,36.3497,37.2109
2025-11-14,DOP,3.64815199,3.65729523,64.22,64.52
2025-11-14,TTD,34.98765288,35.07534123,6.6962,6.7239
2025-11-14,ANG,134.32963777,134.66630353,1.7441,1.8363
2025-11-17,EUR,274.15519767,274.84230343,1.1623,1.16232
2025-11-17,CNY,33.22706266,33.31033851,7.0987,7.0997
2025-11-17,TRY,5.57230419,5.58626986,42.3288,42.3351
2025-11-17,RUB,2.91889562,2.92621114,80.8076,80.8156
2025-11-17,USD,235.86894975,236.4601,1.0,1.0
2025-11-17,CAD,168.12955289,168.55093021,1.4029,1.40298
2025-11-17,INR,2.65941629,2.66608149,88.692,88.742
2025-11-17,JPY,1.52826231,1.53209255,154.338,154.351
2025-11-17,ARS,0.16787825,0.168299,1405.0,1405.005
2025-11-17,BRL,44.65608015,44.76800015,5.2819,5.2839
2025-11-17,CLP,0.25267702,0.2533103,933.48,933.88
2025-11-17,COP,0.06272276,0.06287996,3760.5,3762.5
2025-11-17,UYU,5.93261607,5.94748478,39.758,39.858
2025-11-17,PEN,69.89330896,70.06848016,3.3747,3.3797
2025-11-17,BOB,34.38322882,34.46940233,6.86,7.01
2025-11-17,MXP,12.86574282,12.89798779,18.3331,18.3355
2025-11-17,CUC,235.86894975,236.4601,1.0,1.0
2025-11-17,NIO,6.48879372,6.50505636,36.3502,37.2103
2025-11-17,DOP,3.6906423,3.69989203,63.91,64.21
2025-11-17,TTD,35.06614976,35.15403484,6.7264,6.7541
2025-11-17,ANG,135.23820294,135.5771458,1.7441,1.8363
2025-11-18,EUR,273.67065877,274.35655014,1.15834,1.15841
2025-11-18,CNY,33.23955352,33.32286068,7.1074,7.1084
2025-11-18,TRY,5.58286892,5.59686107,42.31638,42.32266
2025-11-18,RUB,2.90594694,2.91323001,81.2977,81.3057
2025-11-18,USD,236.24680275,236.8389,1.0,1.0
2025-11-18,CAD,168.36408665,168.78605178,1.40319,1.40331
2025-11-18,INR,2.6674661,2.67415148,88.566,88.616
2025-11-18,JPY,1.52177734,1.52559132,155.244,155.252
2025-11-18,ARS,0.16850699,0.16892931,1402.0,1402.005
2025-11-18,BRL,44.48003365,44.59151243,5.3113,5.3133
2025-11-18,CLP,0.25603858,0.25668028,922.7,923.1
2025-11-18,COP,0.06298067,0.06313851,3751.1,3753.1
2025-11-18,UYU,5.94017758,5.95506524,39.771,39.871
2025-11-18,PEN,70.29690324,70.47308596,3.3607,3.3657
2025-11-18,BOB,34.48858434,34.57502189,6.85,7.0
2025-11-18,MXP,12.87329254,12.90555643,18.3517,18.3542
2025-11-18,CUC,236.24680275,236.8389,1.0,1.0
2025-11-18,NIO,6.49645413,6.51273597,36.3655,37.2275
2025-11-18,DOP,3.71340463,3.72271141,63.62,63.92
2025-11-18,TTD,35.28072679,35.36914966,6.6962,6.7239
2025-11-18,ANG,135.45484934,135.79433518,1.7441,1.8363
2025-11-19,EUR,275.12481916,275.81435505,1.16006,1.1601
2025-11-19,CNY,33.36655463,33.45018008,7.1076,7.1086
2025-11-19,TRY,5.60120461,5.61524272,42.3402,42.3465
2025-11-19,RUB,2.9253181,2.93264972,81.0702,81.0782
2025-11-19,USD,237.15612375,237.7505,1.0,1.0
2025-11-19,CAD,169.22438063,169.64850188,1.40143,1.40149
2025-11-19,INR,2.67924582,2.68596073,88.516,88.566
2025-11-19,JPY,1.52852084,1.53235172,155.154,155.161
2025-11-19,ARS,0.17037077,0.17079777,1392.0,1392.005
2025-11-19,BRL,44.41791349,44.52923658,5.3392,5.3412
2025-11-19,CLP,0.25485312,0.25549185,930.56,930.96
2025-11-19,COP,0.06346842,0.06362749,3736.6,3738.6
2025-11-19,UYU,5.95690052,5.9718301,39.812,39.912
2025-11-19,PEN,70.43543918,70.61196911,3.367,3.372
2025-11-19,BOB,34.57086352,34.65750728,6.86,7.01
2025-11-19,MXP,12.87625345,12.90852476,18.4181,18.4205
2025-11-19,CUC,237.15612375,237.7505,1.0,1.0
2025-11-19,NIO,6.52289414,6.53924224,36.3575,37.2205
2025-11-19,DOP,3.73415405,3.74351283,63.51,63.81
2025-11-19,TTD,35.4207551,35.50952893,6.6954,6.7231
2025-11-19,ANG,135.97621911,136.31701163,1.7441,1.8363
2025-11-20,EUR,276.91986251,277.61389726,1.15514,1.15518
2025-11-20,CNY,33.71922661,33.80373595,7.1093,7.1103
2025-11-20,TRY,5.66161402,5.67580352,42.3413,42.3743
2025-11-20,RUB,2.97232138,2.97977081,80.6508,80.6588
2025-11-20,USD,239.72009775,240.3209,1.0,1.0
2025-11-20,CAD,171.03805598,171.46672279,1.40156,1.40162
2025-11-20,INR,2.70992649,2.71671829,88.46,88.51
2025-11-20,JPY,1.53015432,1.5339893,156.664,156.667
2025-11-20,ARS,0.1711675,0.1715965,1400.5,1400.505
2025-11-20,BRL,45.0001122,45.11289444,5.3271,5.3291
2025-11-20,CLP,0.25813548,0.25878243,928.66,929.06
2025-11-20,COP,0.06440972,0.06457114,3721.8,3723.8
2025-11-20,UYU,6.02039524,6.03548395,39.818,39.918
2025-11-20,PEN,71.13567101,71.3139559,3.3699,3.3749
2025-11-20,BOB,34.9956347,35.08334306,6.85,7.0
2025-11-20,MXP,13.08915922,13.12196413,18.3144,18.3161
2025-11-20,CUC,239.72009775,240.3209,1.0,1.0
2025-11-20,NIO,6.59058748,6.60710525,36.3731,37.2362
2025-11-20,DOP,3.79243945,3.80194431,63.21,63.51
2025-11-20,TTD,35.78018713,35.86986178,6.6998,6.7275
2025-11-20,ANG,137.44630339,137.79078034,1.7441,1.8363
2025-11-21,EUR,277.73223734,278.42830812,1.1525,1.15254
2025-11-21,CNY,33.87321549,33.95811076,7.114,7.115
2025-11-21,TRY,5.68754894,5.70180345,42.3687,42.375
2025-11-21,RUB,3.00503872,3.01257014,80.19,80.198
2025-11-21,USD,240.974055,241.578,1.0,1.0
2025-11-21,CAD,171.41539988,171.84501241,1.40579,1.40581
2025-11-21,INR,2.7174358,2.72424642,88.677,88.727
2025-11-21,JPY,1.5272014,1.53102897,157.788,157.799
2025-11-21,ARS,0.17066151,0.17108923,1412.0,1412.005
2025-11-21,BRL,45.21343696,45.32675385,5.3297,5.3317
2025-11-21,CLP,0.26009914,0.26075102,926.47,926.9
2025-11-21,COP,0.06477623,0.06493857,3720.1,3722.1
2025-11-21,UYU,6.05188746,6.0670551,39.818,39.918
2025-11-21,PEN,71.40395134,71.58290861,3.3748,3.3798
2025-11-21,BOB,35.12741326,35.21545189,6.86,7.01
2025-11-21,MXP,13.15310304,13.18606821,18.3207,18.3239
2025-11-21,CUC,240.974055,241.578,1.0,1.0
2025-11-21,NIO,6.62586386,6.64247003,36.3687,37.2373
2025-11-21,DOP,3.83900039,3.84862195,62.77,63.07
2025-11-21,TTD,35.92873937,36.01878634,6.707,6.7347
2025-11-21,ANG,138.16527435,138.51155323,1.7441,1.8363
2025-11-25,EUR,279.34858759,280.04870937,1.1519,1.15194
2025-11-25,CNY,34.12023183,34.2057462,7.1073,7.1083
2025-11-25,TRY,5.71351516,5.72783475,42.4437,42.45
2025-11-25,RUB,3.07004334,3.07773768,78.99,79.04
2025-11-25,USD,242.50272375,243.1105,1.0,1.0
2025-11-25,CAD,171.91337346,172.34423405,1.41061,1.41069
2025-11-25,INR,2.70750079,2.71428651,89.567,89.617
2025-11-25,JPY,1.54993432,1.55381886,156.46,156.471
2025-11-25,ARS,0.17029685,0.17072366,1424.0,1424.005
2025-11-25,BRL,44.92871213,45.04131542,5.3975,5.3995
2025-11-25,CLP,0.25780609,0.25845222,940.64,941.04
2025-11-25,COP,0.06375107,0.06391085,3803.9,3805.9
2025-11-25,UYU,6.10023705,6.11552587,39.753,39.853
2025-11-25,PEN,71.64039106,71.81994091,3.385,3.39
2025-11-25,BOB,35.35025127,35.43884839,6.86,7.01
2025-11-25,MXP,13.11428081,13.14714868,18.4915,18.4941
2025-11-25,CUC,242.50272375,243.1105,1.0,1.0
2025-11-25,NIO,6.67117982,6.68789957,36.3508,37.2196
2025-11-25,DOP,3.85905034,3.86872215,62.84,63.14
2025-11-25,TTD,36.04219843,36.13252976,6.7283,6.756
2025-11-25,ANG,139.04175434,139.39022991,1.7441,1.8363
2025-11-26,EUR,281.05562783,281.7600279,1.15675,1.15678
2025-11-26,CNY,34.29753927,34.38349802,7.084,7.085
2025-11-26,TRY,5.72681985,5.74117278,42.4256,42.4319
2025-11-26,RUB,3.08438078,3.09211105,78.7723,78.7803
2025-11-26,USD,242.96376825,243.5727,1.0,1.0
2025-11-26,CAD,172.17552351,172.60704111,1.41114,1.41123
2025-11-26,INR,2.72500048,2.73183006,89.161,89.211
2025-11-26,JPY,1.55701091,1.56091319,156.045,156.05
2025-11-26,ARS,0.16767685,0.1680971,1449.0,1449.005
2025-11-26,BRL,44.98162851,45.09436442,5.4014,5.4034
2025-11-26,CLP,0.25923601,0.25988572,937.23,937.63
2025-11-26,COP,0.06390588,0.06406604,3801.9,3803.9
2025-11-26,UYU,6.11706659,6.13239759,39.719,39.819
2025-11-26,PEN,71.83176686,72.01179635,3.3824,3.3874
2025-11-26,BOB,35.46916324,35.55805839,6.85,7.0
2025-11-26,MXP,13.15272801,13.18569224,18.4725,18.4753
2025-11-26,CUC,242.96376825,243.5727,1.0,1.0
2025-11-26,NIO,6.682374,6.69912181,36.3589,37.2262
2025-11-26,DOP,3.89427421,3.9040343,62.39,62.69
2025-11-26,TTD,35.99463233,36.08484444,6.75,6.7777
2025-11-26,ANG,139.30609956,139.65523765,1.7441,1.8363
2025-11-27,EUR,282.78969092,283.49843701,1.15876,1.15879
2025-11-27,CNY,34.48336498,34.56978945,7.077,7.078
2025-11-27,TRY,5.74966482,5.76407501,42.444,42.4503
2025-11-27,RUB,3.10963379,3.11742736,78.4783,78.4863
2025-11-27,USD,244.038774,244.6504,1.0,1.0
2025-11-27,CAD,173.30699154,173.7413449,1.40813,1.40818
2025-11-27,INR,2.73622879,2.74308651,89.188,89.238
2025-11-27,JPY,1.55860625,1.56251253,156.575,156.582
2025-11-27,ARS,0.16882654,0.16924967,1445.5,1445.505
2025-11-27,BRL,45.44399061,45.55788532,5.3701,5.3721
2025-11-27,CLP,0.26262472,0.26328293,929.23,929.63
2025-11-27,COP,0.06455369,0.06471547,3780.4,3782.4
2025-11-27,UYU,6.14119417,6.15658563,39.738,39.838
2025-11-27,PEN,72.51404706,72.69578653,3.3654,3.3704
2025-11-27,BOB,35.5741653,35.66332361,6.86,7.01
2025-11-27,MXP,13.29360994,13.32692726,18.3576,18.36
2025-11-27,CUC,244.038774,244.6504,1.0,1.0
2025-11-27,NIO,6.70804766,6.72485981,36.38,37.2441
2025-11-27,DOP,3.90774658,3.91754043,62.45,62.75
2025-11-27,TTD,36.17747479,36.26814516,6.7456,6.7733
2025-11-27,ANG,139.9224666,140.27314947,1.7441,1.8363
2025-11-28,EUR,284.16883821,284.88104081,1.15956,1.15961
2025-11-28,CNY,34.6089406,34.6956798,7.0807,7.0817
2025-11-28,TRY,5.77496696,5.78944056,42.4341,42.4404
2025-11-28,RUB,3.13166799,3.13951678,78.2508,78.2588
2025-11-28,USD,245.05552575,245.6697,1.0,1.0
2025-11-28,CAD,174.57578844,175.01332174,1.40372,1.40383
2025-11-28,INR,2.74258579,2.74945944,89.352,89.402
2025-11-28,JPY,1.56761294,1.57154179,156.324,156.332
2025-11-28,ARS,0.16958859,0.17001363,1445.0,1445.005
2025-11-28,BRL,45.80049074,45.91527894,5.3505,5.3525
2025-11-28,CLP,0.2637842,0.26444531,929.0,929.45
2025-11-28,COP,0.06547909,0.0656432,3742.5,3744.5
2025-11-28,UYU,6.16678055,6.18223614,39.738,39.838
2025-11-28,PEN,72.84213951,73.02470126,3.3642,3.3692
2025-11-28,BOB,36.37619691,36.46736532,6.7367,7.0819
2025-11-28,MXP,13.35768382,13.39116172,18.34566,18.34935
2025-11-28,CUC,245.05552575,245.6697,1.0,1.0
2025-11-28,NIO,6.73836659,6.75525473,36.3672,37.2303
2025-11-28,DOP,3.95589012,3.96580463,61.947,63.328
2025-11-28,TTD,36.76255655,36.85469328,6.6659,6.9248
2025-11-28,ANG,140.50543303,140.85757697,1.7441,1.8363
2025-12-01,EUR,285.68741487,286.40342343,1.15808,1.15812
2025-12-01,CNY,34.87115664,34.95855303,7.0741,7.0751
2025-12-01,TRY,5.80506207,5.8196111,42.4943,42.5006
2025-12-01,RUB,3.17049221,3.17843831,77.8056,77.8136
2025-12-01,USD,246.68204925,247.3003,1.0,1.0
2025-12-01,CAD,176.60260395,177.04521699,1.39682,1.3969
2025-12-01,INR,2.75986271,2.76677966,89.382,89.432
2025-12-01,JPY,1.57853275,1.58248897,156.273,156.299
2025-12-01,ARS,0.17024296,0.17066963,1449.0,1449.005
2025-12-01,BRL,46.1951403,46.3109176,5.34,5.342
2025-12-01,CLP,0.26614238,0.2668094,926.88,927.28
2025-12-01,COP,0.06612396,0.06628968,3730.6,3732.6
2025-12-01,UYU,6.20771174,6.22326991,39.738,39.838
2025-12-01,PEN,73.39324901,73.57719199,3.3611,3.3661
2025-12-01,BOB,36.01197799,36.10223357,6.85,7.0
2025-12-01,MXP,13.46951525,13.50327343,18.3141,18.31865
2025-12-01,CUC,246.68204925,247.3003,1.0,1.0
2025-12-01,NIO,6.79392686,6.81095424,36.3092,37.1724
2025-12-01,DOP,3.95323796,3.96314583,62.4,62.7
2025-12-01,TTD,36.56932656,36.660979,6.7456,6.7733
2025-12-01,ANG,141.43801917,141.79250043,1.7441,1.8363
2025-12-02,EUR,287.10890081,287.82847199,1.16333,1.16338
2025-12-02,CNY,34.89805594,34.98551974,7.0717,7.0718
2025-12-02,TRY,5.81604109,5.83061764,42.4324,42.4387
2025-12-02,RUB,3.17468907,3.18264568,77.7363,77.7443
2025-12-02,USD,246.78858225,247.4071,1.0,1.0
2025-12-02,CAD,176.81051616,177.25365028,1.39578,1.39583
2025-12-02,INR,2.75701386,2.76392367,89.513,89.563
2025-12-02,JPY,1.59112707,1.59511485,155.103,155.116
2025-12-02,ARS,0.1704341,0.17086125,1448.0,1448.005
2025-12-02,BRL,46.22547805,46.34133138,5.3388,5.3408
2025-12-02,CLP,0.26559825,0.26626391,929.18,929.58
2025-12-02,COP,0.06538311,0.06554698,3774.5,3776.5
2025-12-02,UYU,6.26939798,6.28511076,39.364,39.464
2025-12-02,PEN,73.38782629,73.57175567,3.3628,3.3678
2025-12-02,BOB,35.97501198,36.06517492,6.86,7.01
2025-12-02,MXP,13.52147659,13.555365,18.2516,18.2541
2025-12-02,CUC,246.78858225,247.4071,1.0,1.0
2025-12-02,NIO,6.78822354,6.80523663,36.3554,37.215
2025-12-02,DOP,3.92101338,3.93084048,62.94,63.24
2025-12-02,TTD,36.89413856,36.98660507,6.6891,6.7168
2025-12-02,ANG,141.49910111,141.85373545,1.7441,1.8363
2025-12-03,EUR,288.43753451,289.1604356,1.16032,1.16036
2025-12-03,CNY,35.1567644,35.24487659,7.0705,7.0715
2025-12-03,TRY,5.85665824,5.87133658,42.4433,42.4496
2025-12-03,RUB,3.21236768,3.22041873,77.3809,77.3889
2025-12-03,USD,248.57590275,249.1989,1.0,1.0
2025-12-03,CAD,177.80695613,178.2525876,1.39801,1.39812
2025-12-03,INR,2.76468844,2.77161748,89.911,89.961
2025-12-03,JPY,1.59180265,1.59579213,156.16,156.169
2025-12-03,ARS,0.17096004,0.17138851,1454.0,1454.005
2025-12-03,BRL,46.55589735,46.6725788,5.3393,5.3413
2025-12-03,CLP,0.2685478,0.26922085,925.63,926.03
2025-12-03,COP,0.06527557,0.06543916,3808.1,3810.1
2025-12-03,UYU,6.32122629,6.33706896,39.324,39.424
2025-12-03,PEN,73.77890975,73.9638193,3.3692,3.3742
2025-12-03,BOB,36.28845295,36.37940145,6.85,7.0
2025-12-03,MXP,13.58560981,13.61965896,18.297,18.2993
2025-12-03,CUC,248.57590275,249.1989,1.0,1.0
2025-12-03,NIO,6.83298796,6.85011325,36.3788,37.2403
2025-12-03,DOP,3.94627564,3.95616605,62.99,63.29
2025-12-03,TTD,37.26998661,37.3633951,6.6696,6.6973
2025-12-03,ANG,142.52388208,142.8810848,1.7441,1.8363
2025-12-04,EUR,293.14654749,293.88125062,1.16666,1.16672
2025-12-04,CNY,35.5721806,35.66133393,7.0633,7.0643
2025-12-04,TRY,5.9194223,5.93425795,42.4462,42.4525
2025-12-04,RUB,3.23826502,3.24638097,77.59,77.64
2025-12-04,USD,251.25698325,251.8867,1.0,1.0
2025-12-04,CAD,180.11382393,180.56523702,1.39499,1.3951
2025-12-04,INR,2.78700634,2.79399132,90.153,90.203
2025-12-04,JPY,1.61838161,1.62243771,155.252,155.26
2025-12-04,ARS,0.1729229,0.17335629,1453.0,1453.005
2025-12-04,BRL,47.39088295,47.50965709,5.3018,5.3038
2025-12-04,CLP,0.27340259,0.27408781,919.0,919.7
2025-12-04,COP,0.06669772,0.06686488,3767.1,3769.1
2025-12-04,UYU,6.41681947,6.43290172,39.156,39.256
2025-12-04,PEN,74.69660886,74.88381841,3.3637,3.3687
2025-12-04,BOB,36.62638239,36.71817784,6.86,7.01
2025-12-04,MXP,13.7574046,13.79188431,18.2634,18.2662
2025-12-04,CUC,251.25698325,251.8867,1.0,1.0
2025-12-04,NIO,6.90756039,6.92487257,36.3742,37.2315
2025-12-04,DOP,3.96617179,3.97611207,63.35,63.65
2025-12-04,TTD,37.60825386,37.70251014,6.6809,6.7086
2025-12-04,ANG,144.06111074,144.42216616,1.7441,1.8363
2025-12-05,EUR,296.63435748,297.37780199,1.16675,1.16678
2025-12-05,CNY,35.95233245,36.04243855,7.0714,7.0719
2025-12-05,TRY,5.98948617,6.00449741,42.4466,42.4529
2025-12-05,RUB,3.2936044,3.30185904,77.19,77.24
2025-12-05,USD,254.23332375,254.8705,1.0,1.0
2025-12-05,CAD,182.37292149,182.82999648,1.39403,1.39406
2025-12-05,INR,2.82899533,2.83608554,89.867,89.917
2025-12-05,JPY,1.64307712,1.64719511,154.73,154.738
2025-12-05,ARS,0.17642839,0.17687057,1441.0,1441.005
2025-12-05,BRL,48.03017527,48.15055165,5.2932,5.2952
2025-12-05,CLP,0.2771751,0.27786978,917.23,917.63
2025-12-05,COP,0.06789331,0.06806347,3744.6,3746.6
2025-12-05,UYU,6.50262996,6.51892728,39.097,39.197
2025-12-05,PEN,75.75034972,75.94020022,3.3562,3.3612
2025-12-05,BOB,37.11435383,37.20737226,6.85,7.0
2025-12-05,MXP,13.94151712,13.97645826,18.2357,18.2373
2025-12-05,CUC,254.23332375,254.8705,1.0,1.0
2025-12-05,NIO,6.98880957,7.00632539,36.3772,37.2335
2025-12-05,DOP,3.98422384,3.99420937,63.81,64.11
2025-12-05,TTD,38.11194083,38.20745948,6.6707,6.6984
2025-12-05,ANG,145.76763015,146.13296255,1.7441,1.8363
2025-12-09,EUR,299.75630087,300.50756979,1.16502,1.16508
2025-12-09,CNY,36.39556354,36.48678049,7.0691,7.0701
2025-12-09,TRY,6.05331101,6.06848222,42.503,42.5093
2025-12-09,RUB,3.35823619,3.36665283,76.6128,76.6208
2025-12-09,USD,257.28387825,257.9287,1.0,1.0
2025-12-09,CAD,185.42314024,185.88785989,1.38755,1.38766
2025-12-09,INR,2.8617623,2.86893464,89.904,89.954
2025-12-09,JPY,1.65752198,1.66167617,155.222,155.231
2025-12-09,ARS,0.17854537,0.17899285,1441.0,1441.005
2025-12-09,BRL,48.1318289,48.25246005,5.3454,5.3474
2025-12-09,CLP,0.27937397,0.28007416,920.93,921.33
2025-12-09,COP,0.06738002,0.06754889,3818.4,3820.4
2025-12-09,UYU,6.58840691,6.6049192,39.051,39.151
2025-12-09,PEN,76.40431141,76.59580091,3.3674,3.3724
2025-12-09,BOB,37.50493852,37.59893586,6.86,7.01
2025-12-09,MXP,14.15210635,14.18757528,18.1799,18.1834
2025-12-09,CUC,257.28387825,257.9287,1.0,1.0
2025-12-09,NIO,7.07630618,7.09404128,36.3585,37.2168
2025-12-09,DOP,4.01629532,4.02636122,64.06,64.36
2025-12-09,TTD,38.48328919,38.57973854,6.6856,6.7133
2025-12-09,ANG,147.51670102,147.88641706,1.7441,1.8363
2025-12-10,EUR,304.08533645,304.84745508,1.16305,1.16308
2025-12-10,CNY,37.01766169,37.11043778,7.0628,7.0638
2025-12-10,TRY,6.13859917,6.15398413,42.59088,42.59368
2025-12-10,RUB,3.38996942,3.39846558,77.1241,77.1321
2025-12-10,USD,261.448341,262.1036,1.0,1.0
2025-12-10,CAD,189.0115533,189.48526647,1.38324,1.38335
2025-12-10,INR,2.91041434,2.91770861,89.832,89.882
2025-12-10,JPY,1.66861328,1.67279527,156.686,156.695
2025-12-10,ARS,0.18143535,0.18189007,1441.0,1441.005
2025-12-10,BRL,47.93874747,48.05889471,5.4538,5.4558
2025-12-10,CLP,0.28199445,0.28270121,927.14,927.68
2025-12-10,COP,0.06781706,0.06798703,3855.2,3857.2
2025-12-10,UYU,6.67334578,6.69007095,39.178,39.278
2025-12-10,PEN,77.79579879,77.99077573,3.3607,3.3657
2025-12-10,BOB,38.11200306,38.20752186,6.86,7.01
2025-12-10,MXP,14.35007607,14.38604117,18.2193,18.2214
2025-12-10,CUC,261.448341,262.1036,1.0,1.0
2025-12-10,NIO,7.18321902,7.20122207,36.3971,37.2565
2025-12-10,DOP,4.08576872,4.09600875,63.99,64.29
2025-12-10,TTD,39.14014506,39.23824066,6.6798,6.7075
2025-12-10,ANG,149.90444412,150.28014448,1.7441,1.8363
2025-12-11,EUR,308.0459819,308.81802697,1.165,1.16506
2025-12-11,CNY,37.44031924,37.53415463,7.062,7.063
2025-12-11,TRY,6.20697774,6.22253407,42.59779,42.61054
2025-12-11,RUB,3.39331708,3.40182163,77.9189,77.9269
2025-12-11,USD,264.4035345,265.0662,1.0,1.0
2025-12-11,CAD,190.82654394,191.30480596,1.38557,1.38569
2025-12-11,INR,2.94187029,2.9492434,89.876,89.926
2025-12-11,JPY,1.69089483,1.69513266,156.369,156.378
2025-12-11,ARS,0.18348614,0.183946,1441.0,1441.005
2025-12-11,BRL,48.41668824,48.53803332,5.461,5.463
2025-12-11,CLP,0.28608908,0.2868061,924.2,924.68
2025-12-11,COP,0.06867981,0.06885194,3849.8,3851.8
2025-12-11,UYU,6.7173988,6.73423439,39.361,39.461
2025-12-11,PEN,78.51860025,78.71538872,3.3674,3.3724
2025-12-11,BOB,38.54278928,38.63938775,6.86,7.01
2025-12-11,MXP,14.53886645,14.57530471,18.18598,18.18918
2025-12-11,CUC,264.4035345,265.0662,1.0,1.0
2025-12-11,NIO,7.26944521,7.28766437,36.3719,37.2314
2025-12-11,DOP,4.14101072,4.15138919,63.85,64.15
2025-12-11,TTD,39.45673613,39.55562519,6.7011,6.7288
2025-12-11,ANG,151.59883865,151.97878562,1.7441,1.8363
2025-12-12,EUR,313.59526952,314.38122258,1.17411,1.17416
2025-12-12,CNY,37.84296719,37.93781172,7.0576,7.058
2025-12-12,TRY,6.26700968,6.28271648,42.6169,42.6232
2025-12-12,RUB,3.36273083,3.37115873,79.4237,79.4317
2025-12-12,USD,267.08052525,267.7499,1.0,1.0
2025-12-12,CAD,193.99629938,194.48250564,1.37673,1.37686
2025-12-12,INR,2.96305096,2.97047716,90.137,90.187
2025-12-12,JPY,1.72231123,1.7266278,155.071,155.079
2025-12-12,ARS,0.18579514,0.1862608,1437.5,1437.505
2025-12-12,BRL,49.33419385,49.45783844,5.4137,5.4157
2025-12-12,CLP,0.29205726,0.29278923,914.48,915.18
2025-12-12,COP,0.07018461,0.07036051,3805.4,3807.4
2025-12-12,UYU,6.80893627,6.82600127,39.225,39.325
2025-12-12,PEN,79.46933029,79.66850154,3.3608,3.3658
2025-12-12,BOB,38.9898577,39.08757664,6.85,7.0
2025-12-12,MXP,14.78335493,14.82040594,18.0663,18.0686
2025-12-12,CUC,267.08052525,267.7499,1.0,1.0
2025-12-12,NIO,7.34528737,7.36369661,36.3608,37.2144
2025-12-12,DOP,4.2139559,4.22451719,63.38,63.68
2025-12-12,TTD,39.72461815,39.8241786,6.7233,6.751
2025-12-12,ANG,153.1337224,153.51751619,1.7441,1.8363
2025-12-15,EUR,317.10376823,317.89851452,1.17391,1.17397
2025-12-15,CNY,38.28936519,38.38532851,7.0545,7.0555
2025-12-15,TRY,6.32688244,6.34273929,42.6928,42.6991
2025-12-15,RUB,3.39187953,3.40038048,79.635,79.686
2025-12-15,USD,270.11232675,270.7893,1.0,1.0
2025-12-15,CAD,196.26833019,196.76023077,1.37624,1.37626
2025-12-15,INR,2.9873073,2.99479429,90.42,90.47
2025-12-15,JPY,1.73259991,1.73694227,155.9,155.903
2025-12-15,ARS,0.18783889,0.18830966,1438.0,1438.005
2025-12-15,BRL,50.04582416,50.17125229,5.3973,5.3993
2025-12-15,CLP,0.29614981,0.29689204,912.08,913.18
2025-12-15,COP,0.07150368,0.07168289,3777.6,3779.6
2025-12-15,UYU,6.89660232,6.91388704,39.166,39.266
2025-12-15,PEN,80.24965885,80.45078582,3.3659,3.3709
2025-12-15,BOB,39.37497474,39.47365889,6.86,7.01
2025-12-15,MXP,14.97155626,15.00907896,18.0417,18.0457
2025-12-15,CUC,270.11232675,270.7893,1.0,1.0
2025-12-15,NIO,7.42323789,7.4418425,36.3874,37.2403
2025-12-15,DOP,4.27257713,4.28328535,63.22,63.52
2025-12-15,TTD,40.08612361,40.18659008,6.7383,6.766
2025-12-15,ANG,154.87204102,155.2601915,1.7441,1.8363
2025-12-16,EUR,321.06936153,321.87404665,1.17645,1.1765
2025-12-16,CNY,38.72874969,38.82581423,7.0465,7.0475
2025-12-16,TRY,6.39168957,6.40770884,42.6964,42.7027
2025-12-16,RUB,3.44655214,3.45519012,79.1812,79.1892
2025-12-16,USD,272.90213475,273.5861,1.0,1.0
2025-12-16,CAD,198.25511779,198.75199779,1.37652,1.37655
2025-12-16,INR,3.0093415,3.01688371,90.685,90.735
2025-12-16,JPY,1.76144306,1.7658577,154.931,154.94
2025-12-16,ARS,0.18944959,0.1899244,1440.5,1440.505
2025-12-16,BRL,50.45894067,50.58540418,5.4084,5.4104
2025-12-16,CLP,0.29840697,0.29915486,914.53,915.48
2025-12-16,COP,0.07146841,0.07164753,3818.5,3820.5
2025-12-16,UYU,6.97763122,6.99511902,39.111,39.211
2025-12-16,PEN,81.03516784,81.2382635,3.3677,3.3727
2025-12-16,BOB,39.8397277,39.93957664,6.85,7.0
2025-12-16,MXP,15.17418677,15.21221732,17.98463,17.98697
2025-12-16,CUC,272.90213475,273.5861,1.0,1.0
2025-12-16,NIO,7.50411457,7.52292187,36.367,37.2179
2025-12-16,DOP,4.31875509,4.32957904,63.19,63.49
2025-12-16,TTD,40.51999031,40.62154417,6.735,6.7627
2025-12-16,ANG,156.47160985,156.86376927,1.7441,1.8363
2025-12-17,EUR,325.3406849,326.15607509,1.17919,1.17926
2025-12-17,CNY,39.18215303,39.28035392,7.0411,7.0421
2025-12-17,TRY,6.4595806,6.47577002,42.7095,42.7158
2025-12-17,RUB,3.46791049,3.47660199,79.5538,79.5618
2025-12-17,USD,275.88545775,276.5769,1.0,1.0
2025-12-17,CAD,200.68775569,201.19073252,1.3747,1.3748
2025-12-17,INR,3.03534406,3.04295144,90.891,90.941
2025-12-17,JPY,1.78404977,1.78852108,154.64,154.651
2025-12-17,ARS,0.18987299,0.19034886,1453.0,1453.005
2025-12-17,BRL,50.59426319,50.72106585,5.4529,5.4549
2025-12-17,CLP,0.3017351,0.30249133,914.33,915.18
2025-12-17,COP,0.07179282,0.07197275,3842.8,3844.8
2025-12-17,UYU,7.08343067,7.10118362,38.948,39.048
2025-12-17,PEN,81.91859901,82.12390878,3.3678,3.3728
2025-12-17,BOB,40.21653903,40.31733236,6.86,7.01
2025-12-17,MXP,15.37700494,15.4155438,17.94143,17.94418
2025-12-17,CUC,275.88545775,276.5769,1.0,1.0
2025-12-17,NIO,7.58539748,7.6044085,36.3706,37.2206
2025-12-17,DOP,4.31003683,4.32083893,64.01,64.31
2025-12-17,TTD,41.0415581,41.14441915,6.7221,6.7498
2025-12-17,ANG,158.18213276,158.5785792,1.7441,1.8363
2025-12-18,EUR,327.55085724,328.37178671,1.17451,1.17459
2025-12-18,CNY,39.59561435,39.69485147,7.0428,7.0438
2025-12-18,TRY,6.52765406,6.5440141,42.7204,42.7267
2025-12-18,RUB,3.47122078,3.47992058,80.336,80.385
2025-12-18,USD,278.86399275,279.5629,1.0,1.0
2025-12-18,CAD,202.53914234,203.04675924,1.37684,1.37693
2025-12-18,INR,3.08672495,3.0944611,90.343,90.393
2025-12-18,JPY,1.79357979,1.79807498,155.479,155.495
2025-12-18,ARS,0.19258563,0.1930683,1448.0,1448.005
2025-12-18,BRL,50.62798292,50.7548701,5.5081,5.5101
2025-12-18,CLP,0.30383298,0.30459447,917.82,918.28
2025-12-18,COP,0.07228013,0.07246128,3858.1,3860.1
2025-12-18,UYU,7.12023471,7.13807991,39.165,39.265
2025-12-18,PEN,82.85221722,83.05986689,3.3658,3.3708
2025-12-18,BOB,40.71007193,40.81210218,6.85,7.0
2025-12-18,MXP,15.50447723,15.54333557,17.98603,17.98911
2025-12-18,CUC,278.86399275,279.5629,1.0,1.0
2025-12-18,NIO,7.63801678,7.65715968,36.51,36.91
2025-12-18,DOP,4.45114114,4.46229688,62.65,62.95
2025-12-18,TTD,41.47293169,41.57687388,6.724,6.7517
2025-12-18,ANG,159.88991041,160.290637,1.7441,1.8363
2025-12-19,EUR,330.36178105,331.18975544,1.17224,1.1723
2025-12-19,CNY,40.02933494,40.12965909,7.04,7.041
2025-12-19,TRY,6.59458774,6.61111553,42.733,42.7393
2025-12-19,RUB,3.53185258,3.54070434,79.79,79.84
2025-12-19,USD,281.806518,282.5128,1.0,1.0
2025-12-19,CAD,204.58566045,205.09840647,1.37745,1.37757
2025-12-19,INR,3.12479506,3.13262663,90.184,90.234
2025-12-19,JPY,1.81051408,1.81505171,155.65,155.652
2025-12-19,ARS,0.19381466,0.19430041,1454.0,1454.005
2025-12-19,BRL,51.11858184,51.24669859,5.5128,5.5148
2025-12-19,CLP,0.30822106,0.30899354,914.3,915.1
2025-12-19,COP,0.07262305,0.07280507,3880.4,3882.4
2025-12-19,UYU,7.18033271,7.19832853,39.247,39.347
2025-12-19,PEN,83.79616949,84.00618495,3.363,3.368
2025-12-19,BOB,41.07966734,41.1826239,6.86,7.01
2025-12-19,MXP,15.67010781,15.70938127,17.9837,17.98667
2025-12-19,CUC,281.806518,282.5128,1.0,1.0
2025-12-19,NIO,7.74346898,7.76287617,36.3928,37.2465
2025-12-19,DOP,4.51251429,4.52382385,62.45,62.75
2025-12-19,TTD,41.87629363,41.98124674,6.7295,6.7572
2025-12-19,ANG,161.57704145,161.98199644,1.7441,1.8363
2025-12-22,EUR,333.56428332,334.40028403,1.17162,1.17168
2025-12-22,CNY,40.43646582,40.53781035,7.0404,7.0414
2025-12-22,TRY,6.6753164,6.69204652,42.648,42.6543
2025-12-22,RUB,3.53914587,3.54801591,80.44,80.49
2025-12-22,USD,284.688894,285.4024,1.0,1.0
2025-12-22,CAD,206.6812063,207.19920431,1.37743,1.37753
2025-12-22,INR,3.17754418,3.18550795,89.594,89.644
2025-12-22,JPY,1.80791585,1.81244697,157.468,157.479
2025-12-22,ARS,0.19599923,0.19649046,1452.5,1452.505
2025-12-22,BRL,51.71366442,51.8432726,5.5051,5.5071
2025-12-22,CLP,0.313769,0.31455539,907.32,908.2
2025-12-22,COP,0.07489841,0.07508613,3801.0,3803.0
2025-12-22,UYU,7.26580812,7.28401817,39.182,39.282
2025-12-22,PEN,84.55017492,84.76208012,3.3671,3.3721
2025-12-22,BOB,41.56042248,41.66458394,6.85,7.0
2025-12-22,MXP,15.81487233,15.8545086,18.00134,18.0044
2025-12-22,CUC,284.688894,285.4024,1.0,1.0
2025-12-22,NIO,7.82613304,7.84574741,36.3767,37.2306
2025-12-22,DOP,4.55866923,4.57009447,62.45,62.75
2025-12-22,TTD,42.28136606,42.3873344,6.7332,6.7609
2025-12-22,ANG,163.22968522,163.63878217,1.7441,1.8363
2025-12-23,EUR,338.40298055,339.25110832,1.17605,1.17612
2025-12-23,CNY,40.89314769,40.99563678,7.0361,7.0371
2025-12-23,TRY,6.72126018,6.73810544,42.80868,42.81471
2025-12-23,RUB,3.65751479,3.66668149,78.6677,78.6757
2025-12-23,USD,287.7282765,288.4494,1.0,1.0
2025-12-23,CAD,209.28889248,209.81342605,1.37479,1.3749
2025-12-23,INR,3.21272319,3.22077513,89.559,89.609
2025-12-23,JPY,1.83197573,1.83656714,157.059,157.078
2025-12-23,ARS,0.19829653,0.19879352,1451.0,1451.005
2025-12-23,BRL,51.88406601,52.01410126,5.5456,5.5476
2025-12-23,CLP,0.31635874,0.31715162,909.5,910.3
2025-12-23,COP,0.0761609,0.07635178,3777.9,3779.9
2025-12-23,UYU,7.36952274,7.38799272,39.043,39.143
2025-12-23,PEN,85.58501933,85.79951812,3.3619,3.3669
2025-12-23,BOB,41.94289744,42.04801749,6.86,7.01
2025-12-23,MXP,16.00933627,16.04945992,17.97253,17.97487
2025-12-23,CUC,287.7282765,288.4494,1.0,1.0
2025-12-23,NIO,7.91223089,7.93206104,36.365,37.2171
2025-12-23,DOP,4.61620851,4.62777795,62.33,62.63
2025-12-23,TTD,42.6586423,42.76555619,6.7449,6.7726
2025-12-23,ANG,164.97235049,165.38581503,1.7441,1.8363
2025-12-26,EUR,342.07900156,342.93634242,1.17698,1.17705
2025-12-26,CNY,41.35524994,41.45889718,7.0275,7.0285
2025-12-26,TRY,6.79822266,6.81526081,42.75,42.7563
2025-12-26,RUB,3.71729909,3.72661563,78.1815,78.1895
2025-12-26,USD,290.624019,291.3524,1.0,1.0
2025-12-26,CAD,211.88840615,212.41945479,1.37159,1.37169
2025-12-26,INR,3.24509277,3.25322584,89.558,89.608
2025-12-26,JPY,1.85854257,1.86320057,156.372,156.392
2025-12-26,ARS,0.20056868,0.20107135,1449.0,1449.005
2025-12-26,BRL,52.28461257,52.4156517,5.5585,5.5605
2025-12-26,CLP,0.32092938,0.32173371,905.57,906.05
2025-12-26,COP,0.07719917,0.07739265,3764.6,3766.6
2025-12-26,UYU,7.44369077,7.46234664,39.043,39.143
2025-12-26,PEN,86.32567545,86.54203053,3.3666,3.3716
2025-12-26,BOB,42.42686408,42.53319708,6.85,7.0
2025-12-26,MXP,16.19873068,16.239329,17.94116,17.94438
2025-12-26,CUC,290.624019,291.3524,1.0,1.0
2025-12-26,NIO,7.99175094,8.01178039,36.3655,37.213
2025-12-26,DOP,4.65072842,4.66238438,62.49,62.79
2025-12-26,TTD,43.05222116,43.16012147,6.7505,6.7782
2025-12-26,ANG,166.6326581,167.05028381,1.7441,1.8363
2025-12-29,EUR,346.90891529,347.77836119,1.17895,1.17903
2025-12-29,CNY,41.99721313,42.10246931,7.006,7.007
2025-12-29,TRY,6.85541779,6.87259929,42.9197,42.926
2025-12-29,RUB,3.79458956,3.80409981,77.54,77.59
2025-12-29,USD,294.23247525,294.9699,1.0,1.0
2025-12-29,CAD,215.6007322,216.14108491,1.36471,1.36479
2025-12-29,INR,3.27992771,3.28814808,89.707,89.757
2025-12-29,JPY,1.88196769,1.8866844,156.343,156.355
2025-12-29,ARS,0.2027791,0.20328731,1451.0,1451.005
2025-12-29,BRL,53.27788998,53.41141853,5.5226,5.5246
2025-12-29,CLP,0.3258208,0.32663739,903.05,903.85
2025-12-29,COP,0.07924173,0.07944033,3713.1,3715.1
2025-12-29,UYU,7.51033706,7.52915996,39.177,39.277
2025-12-29,PEN,87.41569127,87.63477821,3.3659,3.3709
2025-12-29,BOB,42.89103137,42.99852769,6.86,7.01
2025-12-29,MXP,16.44372336,16.4849357,17.8933,17.8959
2025-12-29,CUC,294.23247525,294.9699,1.0,1.0
2025-12-29,NIO,8.0871756,8.10744421,36.3826,37.2307
2025-12-29,DOP,4.6986981,4.71047428,62.62,62.92
2025-12-29,TTD,43.52229498,43.63137341,6.7605,6.7882
2025-12-29,ANG,168.70160842,169.12441947,1.7441,1.8363
2025-12-30,EUR,350.36725412,351.24536754,1.17807,1.17811
2025-12-30,CNY,42.45264256,42.55904016,7.0054,7.0064
2025-12-30,TRY,6.92940855,6.94677549,42.9182,42.9513
2025-12-30,RUB,3.82478078,3.8343667,77.7555,77.7635
2025-12-30,USD,297.39774225,298.1431,1.0,1.0
2025-12-30,CAD,217.22293074,217.76734911,1.36909,1.36922
2025-12-30,INR,3.30905203,3.31734539,89.874,89.924
2025-12-30,JPY,1.90360139,1.90837232,156.229,156.238
2025-12-30,ARS,0.20425669,0.20476861,1456.0,1456.005
2025-12-30,BRL,53.36498811,53.49873494,5.5729,5.5749
2025-12-30,CLP,0.3270443,0.32786396,909.35,910.05
2025-12-30,COP,0.08031481,0.0805161,3702.9,3704.9
2025-12-30,UYU,7.59888959,7.61793443,39.137,39.237
2025-12-30,PEN,88.3429605,88.56437143,3.3664,3.3714
2025-12-30,BOB,44.00416404,44.11445016,6.7584,7.0985
2025-12-30,MXP,16.56000079,16.60150455,17.9588,17.961
2025-12-30,CUC,297.39774225,298.1431,1.0,1.0
2025-12-30,NIO,8.17163706,8.19211736,36.3939,37.2443
2025-12-30,DOP,4.73865108,4.7505274,62.76,63.06
2025-12-30,TTD,44.00025776,44.1105341,6.759,6.7867
2025-12-30,ANG,170.51645103,170.94381056,1.7441,1.8363
2026-01-02,EUR,353.60731467,354.49354854,1.17622,1.17627
2026-01-02,CNY,42.9944898,43.10224542,6.992,6.993
2026-01-02,TRY,7.00067214,7.01821768,42.94123,42.94745
2026-01-02,RUB,3.76734869,3.77679067,79.7955,79.8035
2026-01-02,USD,300.61747275,301.3709,1.0,1.0
2026-01-02,CAD,219.44643201,219.99642307,1.36989,1.36996
2026-01-02,INR,3.34688791,3.3552761,89.82,89.87
2026-01-02,JPY,1.92396413,1.9287861,156.249,156.252
2026-01-02,ARS,0.20590237,0.20641842,1460.0,1460.005
2026-01-02,BRL,54.73534699,54.87252831,5.4922,5.4942
2026-01-02,CLP,0.33279546,0.33362954,903.31,904.2
2026-01-02,COP,0.08028455,0.08048576,3744.4,3746.4
2026-01-02,UYU,7.68135406,7.70060558,39.136,39.236
2026-01-02,PEN,89.35513264,89.57908034,3.3643,3.3693
2026-01-02,BOB,43.88576244,43.99575182,6.85,7.0
2026-01-02,MXP,16.74133592,16.78329416,17.9566,17.9586
2026-01-02,CUC,300.61747275,301.3709,1.0,1.0
2026-01-02,NIO,8.26296676,8.28367595,36.3813,37.2313
2026-01-02,DOP,4.77777292,4.78974729,62.92,63.22
2026-01-02,TTD,44.77938908,44.89161813,6.7133,6.741
2026-01-02,ANG,172.36252092,172.79450719,1.7441,1.8363
2026-01-05,EUR,356.99108405,357.88579854,1.17459,1.17463
2026-01-05,CNY,43.46278937,43.57171867,6.9926,6.9936
2026-01-05,TRY,7.06179815,7.07949689,43.0369,43.0432
2026-01-05,RUB,3.78480911,3.79429485,80.2994,80.3074
2026-01-05,USD,303.917901,304.6796,1.0,1.0
2026-01-05,CAD,221.3257652,221.88046636,1.37317,1.37324
2026-01-05,INR,3.37427861,3.38273545,90.069,90.119
2026-01-05,JPY,1.94075212,1.94561616,156.598,156.605
2026-01-05,ARS,0.20688761,0.20740612,1469.0,1469.005
2026-01-05,BRL,55.88472518,56.02478715,5.4383,5.4403
2026-01-05,CLP,0.33616633,0.33700885,904.07,904.6
2026-01-05,COP,0.08033992,0.08054127,3782.9,3784.9
2026-01-05,UYU,7.7845829,7.80409313,39.041,39.141
2026-01-05,PEN,90.51910677,90.7459717,3.3575,3.3625
2026-01-05,BOB,44.30290102,44.41393586,6.86,7.01
2026-01-05,MXP,16.99526917,17.03786383,17.8825,17.8847
2026-01-05,CUC,303.917901,304.6796,1.0,1.0
2026-01-05,NIO,8.35609612,8.37703872,36.3708,37.2236
2026-01-05,DOP,4.83176313,4.84387281,62.9,63.2
2026-01-05,TTD,45.08097499,45.19395989,6.7416,6.7693
2026-01-05,ANG,174.25485981,174.69158878,1.7441,1.8363
2026-01-06,EUR,359.60264368,360.50390344,1.16985,1.16988
2026-01-06,CNY,44.019564,44.12988872,6.9829,6.9839
2026-01-06,TRY,7.14466513,7.16257156,43.0229,43.0292
2026-01-06,RUB,3.8023777,3.81190747,80.84,80.89
2026-01-06,USD,307.3842135,308.1546,1.0,1.0
2026-01-06,CAD,223.41891635,223.97886351,1.37582,1.37591
2026-01-06,INR,3.405391,3.41392581,90.264,90.314
2026-01-06,JPY,1.96363958,1.96856098,156.538,156.541
2026-01-06,ARS,0.20853745,0.2090601,1474.0,1474.005
2026-01-06,BRL,56.7024928,56.84460431,5.421,5.423
2026-01-06,CLP,0.33953851,0.34038948,905.3,906.4
2026-01-06,COP,0.08129276,0.0814965,3781.2,3783.2
2026-01-06,UYU,7.9047527,7.92456411,38.886,38.986
2026-01-06,PEN,91.36103834,91.59001337,3.3645,3.3695
2026-01-06,BOB,44.87360781,44.98607299,6.85,7.0
2026-01-06,MXP,17.15136626,17.19435214,17.92185,17.92487
2026-01-06,CUC,307.3842135,308.1546,1.0,1.0
2026-01-06,NIO,8.43123319,8.4523641,36.4578,37.3127
2026-01-06,DOP,4.85675799,4.86893032,63.29,63.59
2026-01-06,TTD,45.86660302,45.98155691,6.7017,6.7294
2026-01-06,ANG,176.24231036,176.68402041,1.7441,1.8363
2026-01-07,EUR,363.92676456,364.83886172,1.16976,1.1698
2026-01-07,CNY,44.55384763,44.66551141,6.9826,6.9836
2026-01-07,TRY,7.2284008,7.24651709,43.0388,43.04086
2026-01-07,RUB,3.85268598,3.86234184,80.7493,80.7573
2026-01-07,USD,311.1016965,311.8814,1.0,1.0
2026-01-07,CAD,225.86646761,226.43254898,1.37737,1.37749
2026-01-07,INR,3.45380734,3.4624635,90.075,90.125
2026-01-07,JPY,1.98696882,1.9919487,156.571,156.578
2026-01-07,ARS,0.21148993,0.21201998,1471.0,1471.005
2026-01-07,BRL,57.81484789,57.95974725,5.381,5.383
2026-01-07,CLP,0.34812476,0.34899725,893.65,894.4
2026-01-07,COP,0.08383456,0.08404467,3710.9,3712.9
2026-01-07,UYU,7.99110468,8.01113251,38.931,39.031
2026-01-07,PEN,92.65873313,92.89096053,3.3575,3.3625
2026-01-07,BOB,46.0775355,46.19301805,6.7517,7.0932
2026-01-07,MXP,17.33900873,17.3824649,17.9423,17.9457
2026-01-07,CUC,311.1016965,311.8814,1.0,1.0
2026-01-07,NIO,8.55650526,8.57795013,36.3585,37.2124
2026-01-07,DOP,4.95645317,4.96887536,62.767,64.134
2026-01-07,TTD,46.64473079,46.76163488,6.6696,6.6973
2026-01-07,ANG,178.37377243,178.82082449,1.7441,1.8363
2026-01-08,EUR,374.37095788,375.30923096,1.16904,1.16907
2026-01-08,CNY,45.81123848,45.92605361,6.9902,6.9912
2026-01-08,TRY,7.44097312,7.45962217,43.036,43.0423
2026-01-08,RUB,3.97252635,3.98248256,80.6111,80.6191
2026-01-08,USD,320.22971925,321.0323,1.0,1.0
2026-01-08,CAD,231.9076795,232.48890176,1.38085,1.38096
2026-01-08,INR,3.56619135,3.57512918,89.796,89.846
2026-01-08,JPY,2.04473296,2.0498576,156.612,156.618
2026-01-08,ARS,0.21754736,0.21809259,1472.0,1472.005
2026-01-08,BRL,59.36226142,59.51103902,5.3945,5.3965
2026-01-08,CLP,0.35739924,0.35829497,896.0,896.7
2026-01-08,COP,0.08534224,0.08555613,3752.3,3754.3
2026-01-08,UYU,8.3286012,8.34947489,38.4494,39.4765
2026-01-08,PEN,95.25826791,95.49701044,3.3617,3.3667
2026-01-08,BOB,46.68071709,46.79771137,6.86,7.01
2026-01-08,MXP,17.81914959,17.86380911,17.9711,17.9732
2026-01-08,CUC,320.22971925,321.0323,1.0,1.0
2026-01-08,NIO,8.7987042,8.82075609,36.3951,37.251
2026-01-08,DOP,5.05972063,5.07240164,63.29,63.59
2026-01-08,TTD,47.59020333,47.70947703,6.7289,6.7566
2026-01-08,ANG,183.60743033,184.06759933,1.7441,1.8363
2026-01-09,EUR,378.69247072,379.64157466,1.1667,1.16673
2026-01-09,CNY,46.493522,46.61004712,6.9811,6.9821
2026-01-09,TRY,7.5411168,7.56001684,43.04083,43.05294
2026-01-09,RUB,4.03185384,4.04195873,80.5029,80.5109
2026-01-09,USD,324.5759265,325.3894,1.0,1.0
2026-01-09,CAD,234.23753599,234.82459748,1.38567,1.38572
2026-01-09,INR,3.61097308,3.62002314,89.886,89.936
2026-01-09,JPY,2.06684916,2.07202924,157.039,157.046
2026-01-09,ARS,0.22231227,0.22286945,1460.0,1460.005
2026-01-09,BRL,60.26512802,60.41616844,5.3858,5.3878
2026-01-09,CLP,0.36194291,0.36285003,896.76,897.35
2026-01-09,COP,0.08688025,0.08709799,3735.9,3737.9
2026-01-09,UYU,8.33913792,8.36003802,38.922,39.022
2026-01-09,PEN,96.51667504,96.75857147,3.3629,3.3679
2026-01-09,BOB,47.38334693,47.50210218,6.85,7.0
2026-01-09,MXP,18.05702495,18.10228066,17.97505,17.97827
2026-01-09,CUC,324.5759265,325.3894,1.0,1.0
2026-01-09,NIO,8.92101394,8.94337237,36.3833,37.2399
2026-01-09,DOP,5.11304232,5.12585696,63.48,63.78
2026-01-09,TTD,48.48831421,48.6098388,6.6939,6.7216
2026-01-09,ANG,186.09937876,186.56579324,1.7441,1.8363
2026-01-13,EUR,383.37113142,384.33196133,1.16327,1.16332
2026-01-13,CNY,47.23229407,47.35067075,6.9772,6.9782
2026-01-13,TRY,7.66536011,7.68457154,42.992,42.9983
2026-01-13,RUB,4.16715133,4.17759532,79.0826,79.0906
2026-01-13,USD,329.54916225,330.3751,1.0,1.0
2026-01-13,CAD,237.29229203,237.88700955,1.38879,1.38887
2026-01-13,INR,3.65378142,3.66293877,90.194,90.244
2026-01-13,JPY,2.08529225,2.09051855,158.035,158.042
2026-01-13,ARS,0.22456501,0.22512783,1467.5,1467.505
2026-01-13,BRL,61.50255906,61.65670081,5.3583,5.3603
2026-01-13,CLP,0.36876759,0.36969182,893.65,894.5
2026-01-13,COP,0.08848857,0.08871035,3724.2,3726.2
2026-01-13,UYU,8.46408532,8.48529857,38.935,39.035
2026-01-13,PEN,98.03342522,98.27912303,3.3616,3.3666
2026-01-13,BOB,48.03923647,48.15963556,6.86,7.01
2026-01-13,MXP,18.32182458,18.36774394,17.9867,17.989
2026-01-13,CUC,329.54916225,330.3751,1.0,1.0
2026-01-13,NIO,9.05845092,9.08115381,36.3803,37.2392
2026-01-13,DOP,5.21851404,5.23159303,63.15,63.45
2026-01-13,TTD,49.06633944,49.18931272,6.7164,6.7441
2026-01-13,ANG,188.95084126,189.42440227,1.7441,1.8363
2026-01-14,EUR,390.90487843,391.8845899,1.1647,1.16473
2026-01-14,CNY,48.12217011,48.24277705,6.9743,6.9753
2026-01-14,TRY,7.77694219,7.79643327,43.15558,43.15886
2026-01-14,RUB,4.26995484,4.28065648,78.6,78.8
2026-01-14,USD,335.618451,336.4596,1.0,1.0
2026-01-14,CAD,241.59116829,242.19665994,1.3892,1.38929
2026-01-14,INR,3.7196295,3.72895188,90.229,90.279
2026-01-14,JPY,2.11082114,2.11611142,158.999,159.007
2026-01-14,ARS,0.22862292,0.22919591,1468.0,1468.005
2026-01-14,BRL,62.27611723,62.43219772,5.3892,5.3912
2026-01-14,CLP,0.3800458,0.3809983,883.1,883.84
2026-01-14,COP,0.09158642,0.09181596,3664.5,3666.5
2026-01-14,UYU,8.66783189,8.68955578,38.72,38.82
2026-01-14,PEN,100.01443841,100.26510117,3.3557,3.3607
2026-01-14,BOB,48.9953943,49.11818978,6.85,7.0
2026-01-14,MXP,18.77144676,18.81849299,17.8792,17.88
2026-01-14,CUC,335.618451,336.4596,1.0,1.0
2026-01-14,NIO,9.22619289,9.24931618,36.3767,37.2339
2026-01-14,DOP,5.28699513,5.30024574,63.48,63.78
2026-01-14,TTD,49.87419954,49.99919753,6.7293,6.757
2026-01-14,ANG,192.43073848,192.91302104,1.7441,1.8363
2026-01-15,EUR,394.28039634,395.26856776,1.16539,1.16547
2026-01-15,CNY,48.51941574,48.64101828,6.9725,6.9735
2026-01-15,TRY,7.83455632,7.8541918,43.1807,43.187
2026-01-15,RUB,4.3175775,4.32839849,78.3545,78.3625
2026-01-15,USD,338.30162625,339.1495,1.0,1.0
2026-01-15,CAD,243.82099189,244.43207207,1.3875,1.38761
2026-01-15,INR,3.74488444,3.75427012,90.337,90.387
2026-01-15,JPY,2.13644394,2.14179844,158.348,158.36
2026-01-15,ARS,0.23266961,0.23325275,1454.0,1454.005
2026-01-15,BRL,62.85447229,63.0120023,5.3823,5.3843
2026-01-15,CLP,0.38395372,0.38491601,881.1,881.74
2026-01-15,COP,0.09234383,0.09257526,3663.5,3665.5
2026-01-15,UYU,8.76497205,8.78693939,38.597,38.697
2026-01-15,PEN,100.741975,100.99446115,3.3581,3.3631
2026-01-15,BOB,49.31510586,49.43870262,6.86,7.01
2026-01-15,MXP,19.00380895,19.05143755,17.80178,17.80448
2026-01-15,CUC,338.30162625,339.1495,1.0,1.0
2026-01-15,NIO,9.30176923,9.32508193,36.3696,37.2282
2026-01-15,DOP,5.32004444,5.33337788,63.59,63.89
2026-01-15,TTD,50.38749273,50.51377718,6.714,6.7417
2026-01-15,ANG,193.96916819,194.45530646,1.7441,1.8363
2026-01-16,EUR,395.48819773,396.47939622,1.16013,1.16017
2026-01-16,CNY,48.93178074,49.05441678,6.9666,6.9676
2026-01-16,TRY,7.89301578,7.91279778,43.18858,43.19192
2026-01-16,RUB,4.34327658,4.35416199,78.4864,78.4944
2026-01-16,USD,340.88814375,341.7425,1.0,1.0
2026-01-16,CAD,245.14097984,245.75536826,1.39058,1.39064
2026-01-16,INR,3.77330747,3.78276438,90.342,90.392
2026-01-16,JPY,2.15023902,2.15562809,158.535,158.543
2026-01-16,ARS,0.23607212,0.23666378,1444.0,1444.005
2026-01-16,BRL,63.3209146,63.47961363,5.3835,5.3855
2026-01-16,CLP,0.38598247,0.38694985,883.17,883.9
2026-01-16,COP,0.09298893,0.09322199,3665.9,3667.9
2026-01-16,UYU,8.81189462,8.83397957,38.685,38.785
2026-01-16,PEN,101.46386396,101.71815935,3.3597,3.3647
2026-01-16,BOB,49.76469251,49.88941605,6.85,7.0
2026-01-16,MXP,19.22717187,19.27536027,17.7295,17.7305
2026-01-16,CUC,340.88814375,341.7425,1.0,1.0
2026-01-16,NIO,9.37515521,9.39865184,36.3608,37.2204
2026-01-16,DOP,5.36662694,5.38007714,63.52,63.82
2026-01-16,TTD,50.50419185,50.63076877,6.7497,6.7774
2026-01-16,ANG,195.45217805,195.94203314,1.7441,1.8363
2026-01-20,EUR,399.49171644,400.49294882,1.16247,1.16251
2026-01-20,CNY,49.31700639,49.44060791,6.9681,6.9691
2026-01-20,TRY,7.94116171,7.96106438,43.274,43.2803
2026-01-20,RUB,4.41989914,4.43097658,77.7497,77.7577
2026-01-20,USD,343.64583225,344.5071,1.0,1.0
2026-01-20,CAD,247.32685992,247.94672673,1.38944,1.3895
2026-01-20,INR,3.78848428,3.79797923,90.708,90.758
2026-01-20,JPY,2.17644754,2.1819023,157.893,157.901
2026-01-20,ARS,0.23997613,0.24057758,1432.0,1432.005
2026-01-20,BRL,63.84265001,64.00265665,5.3827,5.3847
2026-01-20,CLP,0.38765209,0.38862365,886.48,887.2
2026-01-20,COP,0.09296016,0.09319314,3696.7,3698.7
2026-01-20,UYU,8.90297241,8.92528562,38.599,38.699
2026-01-20,PEN,102.30903934,102.56545297,3.3589,3.3639
2026-01-20,BOB,50.09414464,50.21969387,6.86,7.01
2026-01-20,MXP,19.41271556,19.46136899,17.7021,17.7043
2026-01-20,CUC,343.64583225,344.5071,1.0,1.0
2026-01-20,NIO,9.44951623,9.47319923,36.3665,37.227
2026-01-20,DOP,5.42113633,5.43472314,63.39,63.69
2026-01-20,TTD,51.03069931,51.1585958,6.7341,6.7618
2026-01-20,ANG,197.0333308,197.52714867,1.7441,1.8363
2026-01-21,EUR,406.15499768,407.17293001,1.17248,1.17252
2026-01-21,CNY,49.76724311,49.89197304,6.9603,6.9613
2026-01-21,TRY,8.00200843,8.02206359,43.2885,43.2948
2026-01-21,RUB,4.45542378,4.46659026,77.7468,77.7548
2026-01-21,USD,346.39494225,347.2631,1.0,1.0
2026-01-21,CAD,250.48444735,251.11222792,1.3829,1.383
2026-01-21,INR,3.80750016,3.81704276,90.977,91.027
2026-01-21,JPY,2.19245631,2.19795118,157.994,157.997
2026-01-21,ARS,0.2413902,0.24199519,1435.0,1435.005
2026-01-21,BRL,64.59820268,64.76010294,5.3623,5.3643
2026-01-21,CLP,0.39100907,0.39198905,885.9,886.6
2026-01-21,COP,0.09434441,0.09458086,3671.6,3673.6
2026-01-21,UYU,9.03269817,9.05533651,38.349,38.449
2026-01-21,PEN,103.16127888,103.41982845,3.3578,3.3628
2026-01-21,BOB,50.49488954,50.62144314,6.86,7.01
2026-01-21,MXP,19.67350491,19.72281194,17.60718,17.60988
2026-01-21,CUC,346.39494225,347.2631,1.0,1.0
2026-01-21,NIO,9.5285694,9.55245053,36.3533,37.205
2026-01-21,DOP,5.51233198,5.52614735,62.84,63.14
2026-01-21,TTD,51.77105355,51.90080557,6.6909,6.7186
2026-01-21,ANG,198.60956496,199.10733329,1.7441,1.8363
2026-01-22,EUR,408.62515203,409.64927522,1.17064,1.17067
2026-01-22,CNY,50.12815688,50.25379136,6.9632,6.9642
2026-01-22,TRY,8.0623545,8.0825609,43.2941,43.3004
2026-01-22,RUB,4.54546188,4.55685402,76.7914,76.7994
2026-01-22,USD,349.052382,349.9272,1.0,1.0
2026-01-22,CAD,252.82658409,253.46023468,1.3806,1.3811
2026-01-22,INR,3.81065712,3.82020764,91.599,91.649
2026-01-22,JPY,2.20520059,2.21072741,158.286,158.292
2026-01-22,ARS,0.24409257,0.24470433,1430.0,1430.005
2026-01-22,BRL,65.51160488,65.67579437,5.3281,5.3301
2026-01-22,CLP,0.3983934,0.39939188,876.15,876.7
2026-01-22,COP,0.09518225,0.09542081,3667.2,3669.2
2026-01-22,UYU,9.13319331,9.15608352,38.218,38.318
2026-01-22,PEN,104.12325328,104.38421382,3.3523,3.3573
2026-01-22,BOB,50.95655211,51.08426277,6.85,7.0
2026-01-22,MXP,20.00495074,20.05508846,17.4483,17.4519
2026-01-22,CUC,349.052382,349.9272,1.0,1.0
2026-01-22,NIO,9.60132643,9.6253899,36.3546,37.2078
2026-01-22,DOP,5.55727403,5.57120203,62.81,63.11
2026-01-22,TTD,51.76130822,51.89103581,6.7435,6.7712
2026-01-22,ANG,200.13323891,200.63482598,1.7441,1.8363
2026-01-23,EUR,412.35594536,413.38941891,1.17201,1.17205
2026-01-23,CNY,50.45887906,50.58534241,6.9725,6.9735
2026-01-23,TRY,8.12985918,8.15023477,43.2756,43.2819
2026-01-23,RUB,4.63667666,4.64829741,75.8786,75.8866
2026-01-23,USD,351.82453425,352.7063,1.0,1.0
2026-01-23,CAD,254.69984308,255.33818855,1.38133,1.38139
2026-01-23,INR,3.84096305,3.85058953,91.598,91.648
2026-01-23,JPY,2.21807583,2.22363491,158.617,158.626
2026-01-23,ARS,0.24663479,0.24725292,1426.5,1426.505
2026-01-23,BRL,66.20585503,66.37178449,5.3141,5.3161
2026-01-23,CLP,0.40323728,0.4042479,872.5,873.2
2026-01-23,COP,0.0961637,0.09640471,3658.6,3660.6
2026-01-23,UYU,9.29424986,9.31754372,37.854,37.954
2026-01-23,PEN,104.87823712,105.14108984,3.3546,3.3596
2026-01-23,BOB,51.36124587,51.4899708,6.85,7.0
2026-01-23,MXP,20.11368379,20.16409403,17.4918,17.4948
2026-01-23,CUC,351.82453425,352.7063,1.0,1.0
2026-01-23,NIO,9.67640843,9.70066008,36.359,37.2133
2026-01-23,DOP,5.60140955,5.61544817,62.81,63.11
2026-01-23,TTD,52.32680918,52.45795407,6.7236,6.7513
2026-01-23,ANG,201.72268462,202.22825526,1.7441,1.8363
2026-01-26,EUR,416.54213177,417.58609701,1.17443,1.17447
2026-01-26,CNY,50.93038442,51.05802949,6.9637,6.9647
2026-01-26,TRY,8.17964668,8.20014705,43.35932,43.36511
2026-01-26,RUB,4.68231625,4.69405138,75.7454,75.7534
2026-01-26,USD,354.663918,355.5528,1.0,1.0
2026-01-26,CAD,257.69375717,258.33960619,1.3763,1.3768
2026-01-26,INR,3.86020351,3.8698782,91.877,91.927
2026-01-26,JPY,2.24162964,2.24724776,158.217,158.225
2026-01-26,ARS,0.24801672,0.24863832,1430.0,1430.005
2026-01-26,BRL,66.95056405,67.11835995,5.2974,5.2994
2026-01-26,CLP,0.40798324,0.40900576,869.31,870.28
2026-01-26,COP,0.0974057,0.09764983,3641.1,3643.1
2026-01-26,UYU,9.45467898,9.47837492,37.512,37.612
2026-01-26,PEN,105.74671814,106.01174751,3.3539,3.3589
2026-01-26,BOB,51.77575445,51.90551824,6.85,7.0
2026-01-26,MXP,20.29492249,20.34578695,17.4755,17.477
2026-01-26,CUC,354.663918,355.5528,1.0,1.0
2026-01-26,NIO,9.75471607,9.77916398,36.3582,37.2099
2026-01-26,DOP,5.65922958,5.67341311,62.67,62.97
2026-01-26,TTD,52.67937883,52.81140735,6.7325,6.7602
2026-01-26,ANG,203.35067828,203.8603291,1.7441,1.8363
2026-01-27,EUR,425.1217208,426.18718878,1.18738,1.1874
2026-01-27,CNY,51.4873216,51.61636251,6.9537,6.9547
2026-01-27,TRY,8.25741295,8.27810822,43.3583,43.3913
2026-01-27,RUB,4.69004683,4.70180133,76.3377,76.3457
2026-01-27,USD,358.02738825,358.9247,1.0,1.0
2026-01-27,CAD,261.41400155,262.06917449,1.36958,1.36966
2026-01-27,INR,3.90322687,3.91300939,91.726,91.776
2026-01-27,JPY,2.32760397,2.33343756,153.818,153.822
2026-01-27,ARS,0.24897593,0.24959993,1438.0,1438.005
2026-01-27,BRL,67.86605786,68.03614823,5.2755,5.2775
2026-01-27,CLP,0.41609319,0.41713603,860.45,861.0
2026-01-27,COP,0.09756046,0.09780497,3669.8,3671.8
2026-01-27,UYU,9.55912287,9.58308057,37.454,37.554
2026-01-27,PEN,106.88022814,107.14809839,3.3498,3.3548
2026-01-27,BOB,52.19058137,52.32138483,6.86,7.01
2026-01-27,MXP,20.72409473,20.77603482,17.2759,17.2777
2026-01-27,CUC,358.02738825,358.9247,1.0,1.0
2026-01-27,NIO,9.84072948,9.86539296,36.3822,37.2257
2026-01-27,DOP,5.70834483,5.72265146,62.72,63.02
2026-01-27,TTD,53.04188036,53.1748174,6.7499,6.7776
2026-01-27,ANG,205.27916303,205.79364715,1.7441,1.8363
2026-01-28,EUR,431.63330518,432.71509291,1.19699,1.19703
2026-01-28,CNY,51.85315983,51.98311763,6.954,6.955
2026-01-28,TRY,8.31094275,8.33177218,43.387,43.3933
2026-01-28,RUB,4.72191137,4.73374574,76.3646,76.3726
2026-01-28,USD,360.5868735,361.4906,1.0,1.0
2026-01-28,CAD,265.00295695,265.66712476,1.36069,1.36076
2026-01-28,INR,3.93851577,3.94838674,91.554,91.604
2026-01-28,JPY,2.35645351,2.36235941,153.021,153.032
2026-01-28,ARS,0.25023377,0.25086092,1441.0,1441.005
2026-01-28,BRL,69.01316264,69.18612796,5.2249,5.2269
2026-01-28,CLP,0.41889739,0.41994725,860.8,861.65
2026-01-28,COP,0.098443,0.09868972,3662.9,3664.9
2026-01-28,UYU,9.53151842,9.55540694,37.831,37.931
2026-01-28,PEN,107.71504167,107.98500418,3.3476,3.3526
2026-01-28,BOB,52.64041948,52.77235036,6.85,7.0
2026-01-28,MXP,20.89813518,20.95051146,17.2545,17.2575
2026-01-28,CUC,360.5868735,361.4906,1.0,1.0
2026-01-28,NIO,9.92534726,9.95022281,36.3299,37.1695
2026-01-28,DOP,5.80048055,5.81501809,62.165,63.508
2026-01-28,TTD,53.4353186,53.56924171,6.7481,6.7758
2026-01-28,ANG,206.74667364,207.26483573,1.7441,1.8363
2026-01-29,EUR,433.34127858,434.42734695,1.19455,1.19459
2026-01-29,CNY,52.22701012,52.35790489,6.9457,6.9467
2026-01-29,TRY,8.35667486,8.37761891,43.40879,43.41923
2026-01-29,RUB,4.75523555,4.76715343,76.285,76.336
2026-01-29,USD,362.75314425,363.6623,1.0,1.0
2026-01-29,CAD,267.18407313,267.8537074,1.35769,1.35778
2026-01-29,INR,3.94369768,3.95358164,91.983,92.033
2026-01-29,JPY,2.36150499,2.36742355,153.611,153.621
2026-01-29,ARS,0.25235001,0.25298246,1437.5,1437.505
2026-01-29,BRL,69.73205902,69.90682608,5.2021,5.2041
2026-01-29,CLP,0.42295188,0.42401191,857.67,858.78
2026-01-29,COP,0.09896416,0.09921219,3665.5,3667.5
2026-01-29,UYU,9.71944848,9.743808,37.3224,38.3245
2026-01-29,PEN,108.61848197,108.89070874,3.3397,3.3447
2026-01-29,BOB,52.87946709,53.01199708,6.86,7.01
2026-01-29,MXP,21.05308897,21.1058536,17.2304,17.2341
2026-01-29,CUC,362.75314425,363.6623,1.0,1.0
2026-01-29,NIO,9.97605065,10.00105328,36.3624,37.1976
2026-01-29,DOP,5.79107829,5.80559227,62.64,62.94
2026-01-29,TTD,53.86089743,53.99588715,6.735,6.7627
2026-01-29,ANG,207.98873014,208.51000516,1.7441,1.8363
2026-01-30,EUR,438.36934354,439.46801357,1.19642,1.19646
2026-01-30,CNY,52.74283224,52.87501979,6.9467,6.9477
2026-01-30,TRY,8.44098688,8.46214224,43.4059,43.4122
2026-01-30,RUB,4.82471204,4.83680405,75.94,75.99
2026-01-30,USD,366.38863275,367.3069,1.0,1.0
2026-01-30,CAD,271.03158884,271.71086601,1.35183,1.35193
2026-01-30,INR,3.98807711,3.99807229,91.871,91.921
2026-01-30,JPY,2.39189858,2.39789331,153.179,153.19
2026-01-30,ARS,0.25355614,0.25419162,1445.0,1445.005
2026-01-30,BRL,70.45122346,70.62779294,5.2006,5.2026
2026-01-30,CLP,0.42506454,0.42612986,861.96,862.95
2026-01-30,COP,0.10013354,0.1003845,3659.0,3661.0
2026-01-30,UYU,9.44470994,9.46838089,38.793,38.893
2026-01-30,PEN,109.75634556,110.03142412,3.3382,3.3432
2026-01-30,BOB,53.48739164,53.62144525,6.85,7.0
2026-01-30,MXP,21.29398895,21.34735734,17.2062,17.2097
2026-01-30,CUC,366.38863275,367.3069,1.0,1.0
2026-01-30,NIO,10.07112769,10.09636861,36.3801,37.217
2026-01-30,DOP,5.83700227,5.85163135,62.77,63.07
2026-01-30,TTD,54.28542704,54.42148074,6.7493,6.777
2026-01-30,ANG,210.07317972,210.59967891,1.7441,1.8363
2026-02-02,EUR,439.37565738,440.4768495,1.1896,1.18966
2026-02-02,CNY,53.14082935,53.27401438,6.95,6.951
2026-02-02,TRY,8.49129242,8.51257385,43.495,43.5013
2026-02-02,RUB,4.8615784,4.87376281,75.9689,75.9769
2026-02-02,USD,369.328764,370.2544,1.0,1.0
2026-02-02,CAD,273.13983848,273.82439947,1.35216,1.35224
2026-02-02,INR,4.01863644,4.02870821,91.904,91.954
2026-02-02,JPY,2.38848316,2.39446934,154.629,154.64
2026-02-02,ARS,0.25523757,0.25587726,1447.0,1447.005
2026-02-02,BRL,70.78653838,70.96394825,5.2175,5.2195
2026-02-02,CLP,0.42674766,0.4278172,865.45,866.3
2026-02-02,COP,0.10100608,0.10125923,3656.5,3658.5
2026-02-02,UYU,9.52270946,9.5465759,38.784,38.884
2026-02-02,PEN,110.22436028,110.50061181,3.3507,3.3557
2026-02-02,BOB,53.83801224,53.9729446,6.86,7.01
2026-02-02,MXP,21.33268741,21.38615279,17.31281,17.31604
2026-02-02,CUC,369.328764,370.2544,1.0,1.0
2026-02-02,NIO,10.15041016,10.17584978,36.3856,37.2226
2026-02-02,DOP,5.88571735,5.90046852,62.75,63.05
2026-02-02,TTD,54.91061016,55.04823074,6.726,6.7537
2026-02-02,ANG,211.75893813,212.28966229,1.7441,1.8363
2026-02-03,EUR,438.54006558,439.63916349,1.18145,1.18149
2026-02-03,CNY,53.45884257,53.59282463,6.9432,6.9442
2026-02-03,TRY,8.53490726,8.55629801,43.4891,43.4954
2026-02-03,RUB,4.8399457,4.85207588,76.69,76.74
2026-02-03,USD,371.17543575,372.1057,1.0,1.0
2026-02-03,CAD,271.62490724,272.30567142,1.3665,1.36658
2026-02-03,INR,4.05820316,4.06837409,91.463,91.513
2026-02-03,JPY,2.38771733,2.39370159,155.452,155.478
2026-02-03,ARS,0.25607135,0.25671314,1449.5,1449.505
2026-02-03,BRL,70.55762379,70.73445994,5.2606,5.2626
2026-02-03,CLP,0.42747372,0.42854508,868.3,869.3
2026-02-03,COP,0.10236498,0.10262153,3626.0,3628.0
2026-02-03,UYU,9.6409204,9.66508311,38.5,38.6
2026-02-03,PEN,110.33752549,110.61406064,3.364,3.369
2026-02-03,BOB,54.186195,54.322,6.85,7.0
2026-02-03,MXP,21.35057266,21.40408287,17.3848,17.3883
2026-02-03,CUC,371.17543575,372.1057,1.0,1.0
2026-02-03,NIO,10.19292697,10.21847315,36.415,37.2587
2026-02-03,DOP,5.91231977,5.92713762,62.78,63.08
2026-02-03,TTD,55.57350437,55.71278634,6.679,6.7067
2026-02-03,ANG,212.81774883,213.35112665,1.7441,1.8363
2026-02-04,EUR,441.48337372,442.58984835,1.17992,1.17998
2026-02-04,CNY,53.93311332,54.06828403,6.9372,6.9382
2026-02-04,TRY,8.60466941,8.626235,43.4816,43.4879
2026-02-04,RUB,4.85459111,4.86675801,77.0703,77.0783
2026-02-04,USD,374.14479375,375.0825,1.0,1.0
2026-02-04,CAD,273.884057,274.57048321,1.36607,1.36609
2026-02-04,INR,4.14693526,4.15732858,90.222,90.272
2026-02-04,JPY,2.40155073,2.40756965,155.793,155.803
2026-02-04,ARS,0.25829809,0.25894546,1448.5,1448.505
2026-02-04,BRL,71.59706713,71.77650841,5.2257,5.2277
2026-02-04,CLP,0.4358376,0.43692993,858.45,859.1
2026-02-04,COP,0.10307871,0.10333705,3629.7,3631.7
2026-02-04,UYU,9.84853326,9.8732163,37.9899,39.0075
2026-02-04,PEN,111.18055204,111.45920004,3.3652,3.3702
2026-02-04,BOB,54.61967791,54.75656934,6.85,7.0
2026-02-04,MXP,21.65045692,21.70471872,17.28115,17.28425
2026-02-04,CUC,374.14479375,375.0825,1.0,1.0
2026-02-04,NIO,10.28950144,10.31528967,36.3618,37.2098
2026-02-04,DOP,5.94919373,5.96410399,62.89,63.19
2026-02-04,TTD,56.32081313,56.46196805,6.6431,6.8975
2026-02-04,ANG,214.52026474,215.05790952,1.7441,1.8363
2026-02-05,EUR,446.09844456,447.21648577,1.18163,1.18168
2026-02-05,CNY,54.38871264,54.52502521,6.941,6.942
2026-02-05,TRY,8.67638362,8.69812894,43.5103,43.5166
2026-02-05,RUB,4.91936479,4.93169403,76.74,76.79
2026-02-05,USD,377.5120545,378.4582,1.0,1.0
2026-02-05,CAD,276.37730667,277.06998162,1.36593,1.36595
2026-02-05,INR,4.17782068,4.1882914,90.361,90.411
2026-02-05,JPY,2.41198641,2.41803149,156.515,156.527
2026-02-05,ARS,0.2609831,0.26163719,1446.5,1446.505
2026-02-05,BRL,72.01679788,72.19729111,5.242,5.244
2026-02-05,CLP,0.44055041,0.44165454,856.91,857.75
2026-02-05,COP,0.10357551,0.1038351,3644.8,3646.8
2026-02-05,UYU,9.8055079,9.83008311,38.5,38.6
2026-02-05,PEN,114.6686272,114.95601725,3.2922,3.4276
2026-02-05,BOB,56.03396878,56.17440479,6.7372,7.0758
2026-02-05,MXP,21.88894423,21.94380374,17.2467,17.2485
2026-02-05,CUC,377.5120545,378.4582,1.0,1.0
2026-02-05,NIO,10.38364784,10.40967202,36.3564,37.2027
2026-02-05,DOP,5.99987372,6.01491099,62.92,63.22
2026-02-05,TTD,56.52224202,56.66390178,6.679,6.7067
2026-02-05,ANG,216.45092282,216.99340634,1.7441,1.8363
2026-02-06,EUR,448.73452702,449.85917496,1.18035,1.1804
2026-02-06,CNY,54.79864378,54.93598374,6.9373,6.9383
2026-02-06,TRY,8.73145908,8.75334244,43.5385,43.5448
2026-02-06,RUB,4.96706907,4.97951786,76.535,76.586
2026-02-06,USD,380.1546315,381.1074,1.0,1.0
2026-02-06,CAD,278.28749423,278.98495662,1.36605,1.36618
2026-02-06,INR,4.21364034,4.22420084,90.22,90.27
2026-02-06,JPY,2.42453287,2.43060939,156.795,156.806
2026-02-06,ARS,0.26299178,0.26365091,1445.5,1445.505
2026-02-06,BRL,72.33875618,72.52005632,5.2552,5.2572
2026-02-06,CLP,0.43778963,0.43888685,868.35,868.97
2026-02-06,COP,0.10344343,0.10370269,3675.0,3677.0
2026-02-06,UYU,9.83811577,9.8627727,38.641,38.741
2026-02-06,PEN,112.85241094,113.13524906,3.3686,3.3736
2026-02-06,BOB,55.49702649,55.63611678,6.85,7.0
2026-02-06,MXP,21.86750984,21.92231563,17.38445,17.38775
2026-02-06,CUC,380.1546315,381.1074,1.0,1.0
2026-02-06,NIO,10.44797052,10.47415591,36.3855,37.2337
2026-02-06,DOP,6.08744145,6.1026982,62.449,63.806
2026-02-06,TTD,57.14892235,57.29215273,6.652,6.6797
2026-02-06,ANG,217.96607505,218.51235594,1.7441,1.8363
2026-02-09,EUR,450.74698515,451.87667684,1.18091,1.18097
2026-02-09,CNY,55.00990451,55.14777395,6.9383,6.9393
2026-02-09,TRY,8.75120879,8.77314165,43.614,43.616
2026-02-09,RUB,4.95778684,4.97021237,76.985,77.035
2026-02-09,USD,381.6752205,382.6318,1.0,1.0
2026-02-09,CAD,279.87183904,280.57327222,1.36375,1.3638
2026-02-09,INR,4.21805826,4.22862984,90.486,90.536
2026-02-09,JPY,2.42995346,2.43604357,157.071,157.077
2026-02-09,ARS,0.26653297,0.26720097,1432.0,1432.005
2026-02-09,BRL,73.01714502,73.20014539,5.2272,5.2292
2026-02-09,CLP,0.44457865,0.44569288,858.51,859.2
2026-02-09,COP,0.10406107,0.10432188,3667.8,3669.8
2026-02-09,UYU,9.84307872,9.86774809,38.776,38.876
2026-02-09,PEN,113.60395883,113.88868053,3.3597,3.3647
2026-02-09,BOB,55.63778724,55.77723032,6.86,7.01
2026-02-09,MXP,22.05386533,22.10913818,17.3065,17.3096
2026-02-09,CUC,381.6752205,382.6318,1.0,1.0
2026-02-09,NIO,10.491607,10.51790176,36.3791,37.2273
2026-02-09,DOP,6.06603974,6.08124284,62.92,63.22
2026-02-09,TTD,56.89851229,57.04111508,6.708,6.7357
2026-02-09,ANG,218.83792242,219.38638839,1.7441,1.8363
2026-02-10,EUR,457.73102006,458.8782156,1.19101,1.19105
2026-02-10,CNY,55.52392111,55.66307881,6.9215,6.9225
2026-02-10,TRY,8.81614122,8.83823681,43.5915,43.5978
2026-02-10,RUB,4.95626541,4.96868712,77.54,77.59
2026-02-10,USD,384.30882,385.272,1.0,1.0
2026-02-10,CAD,282.86704155,283.57598151,1.35862,1.35867
2026-02-10,INR,4.23966661,4.25029234,90.646,90.696
2026-02-10,JPY,2.46682298,2.4730055,155.791,155.801
2026-02-10,ARS,0.26931241,0.26998738,1427.0,1427.005
2026-02-10,BRL,74.08505609,74.27073292,5.1874,5.1894
2026-02-10,CLP,0.45024757,0.45137601,853.55,854.2
2026-02-10,COP,0.10477054,0.10503312,3668.1,3670.1
2026-02-10,UYU,9.97790061,10.00290788,38.516,38.616
2026-02-10,PEN,114.44233941,114.72916232,3.3581,3.3631
2026-02-10,BOB,56.02169387,56.16209912,6.86,7.01
2026-02-10,MXP,22.36967735,22.4257417,17.1799,17.182
2026-02-10,CUC,384.30882,385.272,1.0,1.0
2026-02-10,NIO,10.57050887,10.59700137,36.3567,37.1987
2026-02-10,DOP,6.12151672,6.13685887,62.78,63.08
2026-02-10,TTD,57.52781569,57.67199568,6.6804,6.7081
2026-02-10,ANG,220.34792729,220.90017774,1.7441,1.8363
2026-02-11,EUR,461.62563703,462.78259351,1.19044,1.19047
2026-02-11,CNY,56.10144121,56.24204632,6.9119,6.9125
2026-02-11,TRY,8.88771731,8.90999229,43.6296,43.6359
2026-02-11,RUB,5.02029455,5.03287674,77.24,77.29
2026-02-11,USD,387.7675515,388.7394,1.0,1.0
2026-02-11,CAD,286.48611519,287.2041255,1.35353,1.35361
2026-02-11,INR,4.28363566,4.29437159,90.523,90.573
2026-02-11,JPY,2.51117138,2.51746504,154.417,154.429
2026-02-11,ARS,0.27618771,0.27687991,1404.0,1404.005
2026-02-11,BRL,74.54344595,74.73027163,5.2019,5.2039
2026-02-11,CLP,0.45310534,0.45424094,855.8,856.4
2026-02-11,COP,0.10623768,0.10650394,3650.0,3652.0
2026-02-11,UYU,10.10758918,10.13292148,38.364,38.464
2026-02-11,PEN,115.56177961,115.85140813,3.3555,3.3605
2026-02-11,BOB,56.60840167,56.75027737,6.85,7.0
2026-02-11,MXP,22.47458799,22.53091528,17.2536,17.2574
2026-02-11,CUC,387.7675515,388.7394,1.0,1.0
2026-02-11,NIO,10.66276797,10.6894917,36.3665,37.2062
2026-02-11,DOP,6.2271969,6.24280391,62.27,62.57
2026-02-11,TTD,58.0768559,58.22241193,6.6768,6.7045
2026-02-11,ANG,222.33103119,222.88825182,1.7441,1.8363
2026-02-12,EUR,461.92659483,463.0843056,1.18648,1.1865
2026-02-12,CNY,56.34215603,56.48336444,6.9099,6.9103
2026-02-12,TRY,8.92122439,8.94358335,43.6396,43.6459
2026-02-12,RUB,5.05044578,5.06310354,77.086,77.135
2026-02-12,USD,389.318664,390.2944,1.0,1.0
2026-02-12,CAD,286.29951096,287.0170536,1.35983,1.3599
2026-02-12,INR,4.29332448,4.30408469,90.68,90.73
2026-02-12,JPY,2.54026624,2.54663282,153.259,153.267
2026-02-12,ARS,0.27753959,0.27823518,1402.75,1402.755
2026-02-12,BRL,75.05806242,75.24617787,5.1869,5.1889
2026-02-12,CLP,0.45406359,0.45520159,857.41,858.2
2026-02-12,COP,0.10638866,0.10665529,3659.4,3661.4
2026-02-12,UYU,10.28667246,10.31245359,37.8469,38.8548
2026-02-12,PEN,116.08285049,116.37378496,3.3538,3.3588
2026-02-12,BOB,56.75199183,56.8942274,6.86,7.01
2026-02-12,MXP,22.59159305,22.64821359,17.2329,17.2362
2026-02-12,CUC,389.318664,390.2944,1.0,1.0
2026-02-12,NIO,10.66042343,10.68714129,36.52,36.92
2026-02-12,DOP,6.2591425,6.27482958,62.2,62.5
2026-02-12,TTD,58.58027716,58.7270949,6.6459,6.6736
2026-02-12,ANG,223.22037956,223.77982913,1.7441,1.8363
2026-02-13,EUR,466.16374476,467.33207495,1.18844,1.18847
2026-02-13,CNY,56.84204709,56.98450836,6.9005,6.9015
2026-02-13,TRY,8.98741258,9.00993742,43.6431,43.6494
2026-02-13,RUB,5.08008633,5.09281838,77.211,77.26
2026-02-13,USD,392.238546,393.2216,1.0,1.0
2026-02-13,CAD,288.96312509,289.68734345,1.3574,1.35748
2026-02-13,INR,4.33159084,4.34244696,90.553,90.603
2026-02-13,JPY,2.56291358,2.56933692,153.044,153.052
2026-02-13,ARS,0.282186,0.28289323,1390.0,1390.005
2026-02-13,BRL,76.05354364,76.24415403,5.1574,5.1594
2026-02-13,CLP,0.45932261,0.46047379,853.95,854.6
2026-02-13,COP,0.10724811,0.10751691,3657.3,3659.3
2026-02-13,UYU,10.1782325,10.20374185,38.537,38.637
2026-02-13,PEN,116.97439639,117.26756531,3.3532,3.3582
2026-02-13,BOB,57.2611016,57.40461313,6.85,7.0
2026-02-13,MXP,22.88419564,22.94154951,17.14015,17.14355
2026-02-13,CUC,392.238546,393.2216,1.0,1.0
2026-02-13,NIO,10.7804044,10.80742296,36.3844,37.2261
2026-02-13,DOP,6.27581673,6.2915456,62.5,62.8
2026-02-13,TTD,58.39837804,58.54473989,6.7166,6.7443
2026-02-13,ANG,224.89452783,225.45817326,1.7441,1.8363
2026-02-18,EUR,469.10628777,470.28199275,1.18642,1.18648
2026-02-18,CNY,57.23872334,57.38217879,6.9075,6.9085
2026-02-18,TRY,9.04021423,9.06287141,43.7353,43.7416
2026-02-18,RUB,5.16420215,5.17714502,76.561,76.61
2026-02-18,USD,395.3764815,396.3674,1.0,1.0
2026-02-18,CAD,290.28683976,291.0143757,1.36202,1.36207
2026-02-18,INR,4.36513515,4.37607534,90.576,90.626
2026-02-18,JPY,2.58388979,2.59036571,153.016,153.036
2026-02-18,ARS,0.28362731,0.28433816,1394.0,1394.005
2026-02-18,BRL,75.44344868,75.63253,5.2407,5.2427
2026-02-18,CLP,0.45787664,0.4590242,863.5,864.35
2026-02-18,COP,0.10796146,0.10823204,3662.2,3664.2
2026-02-18,UYU,10.20826938,10.23385401,38.731,38.831
2026-02-18,PEN,117.9594491,118.25508681,3.3518,3.3568
2026-02-18,BOB,57.63505561,57.77950437,6.86,7.01
2026-02-18,MXP,22.98767298,23.0452862,17.1995,17.2021
2026-02-18,CUC,395.3764815,396.3674,1.0,1.0
2026-02-18,NIO,10.86841077,10.8956499,36.3785,37.2218
2026-02-18,DOP,6.35551328,6.37144189,62.21,62.51
2026-02-18,TTD,58.86819848,59.01573783,6.7163,6.744
2026-02-18,ANG,226.69369961,227.26185425,1.7441,1.8363
2026-02-19,EUR,470.23844313,471.4169856,1.18221,1.18225
2026-02-19,CNY,57.58215504,57.72647122,6.9075,6.9085
2026-02-19,TRY,9.09310398,9.11589372,43.7418,43.7773
2026-02-19,RUB,5.18546807,5.19846423,76.7045,76.7125
2026-02-19,USD,397.748736,398.7456,1.0,1.0
2026-02-19,CAD,291.03495064,291.76436155,1.36667,1.36673
2026-02-19,INR,4.38575752,4.3967494,90.691,90.741
2026-02-19,JPY,2.57699413,2.58345276,154.346,154.349
2026-02-19,ARS,0.28319596,0.28390573,1404.5,1404.505
2026-02-19,BRL,76.16205882,76.35294117,5.2224,5.2244
2026-02-19,CLP,0.46206869,0.46322676,860.8,861.7
2026-02-19,COP,0.10826335,0.10853469,3673.9,3675.9
2026-02-19,UYU,10.240435,10.26610025,38.841,38.941
2026-02-19,PEN,118.8302868,119.12810707,3.3472,3.3522
2026-02-19,BOB,57.9808653,58.12618075,6.86,7.01
2026-02-19,MXP,23.24086057,23.29910834,17.1142,17.1169
2026-02-19,CUC,397.748736,398.7456,1.0,1.0
2026-02-19,NIO,10.93822149,10.96563558,36.3632,37.2078
2026-02-19,DOP,6.48432892,6.50058037,61.34,61.64
2026-02-19,TTD,59.39207645,59.54092877,6.697,6.7247
2026-02-19,ANG,228.05385929,228.62542285,1.7441,1.8363
2026-02-20,EUR,471.64923775,472.83131604,1.17514,1.17522
2026-02-20,CNY,58.13658364,58.28228937,6.9032,6.9065
2026-02-20,TRY,9.17005706,9.19303965,43.7651,43.7714
2026-02-20,RUB,5.23362458,5.24674144,76.6827,76.6907
2026-02-20,USD,401.32846425,402.3343,1.0,1.0
2026-02-20,CAD,292.79088367,293.52469541,1.3707,1.37072
2026-02-20,INR,4.40381495,4.41485208,91.132,91.182
2026-02-20,JPY,2.58572933,2.59220985,155.209,155.218
2026-02-20,ARS,0.28872551,0.28944913,1390.0,1390.005
2026-02-20,BRL,76.73731127,76.92963536,5.2299,5.2319
2026-02-20,CLP,0.46374909,0.46491137,865.4,866.15
2026-02-20,COP,0.10860511,0.1088773,3695.3,3697.3
2026-02-20,UYU,10.33259865,10.35849488,38.841,38.941
2026-02-20,PEN,119.72806212,120.02813245,3.352,3.355
2026-02-20,BOB,58.50269158,58.64931486,6.86,7.01
2026-02-20,MXP,23.22731196,23.28552577,17.2783,17.281
2026-02-20,CUC,401.32846425,402.3343,1.0,1.0
2026-02-20,NIO,11.02777946,11.05541801,36.3925,37.2418
2026-02-20,DOP,6.5683873,6.58484942,61.1,61.4
2026-02-20,TTD,59.92660359,60.07679558,6.697,6.7247
2026-02-20,ANG,230.10633808,230.68304569,1.7441,1.8363
2026-02-23,EUR,475.51411266,476.70587735,1.17596,1.17603
2026-02-23,CNY,58.531908,58.67860451,6.908,6.9093
2026-02-23,TRY,9.22308998,9.2462055,43.8398,43.8461
2026-02-23,RUB,5.26208251,5.27527069,76.84,76.89
2026-02-23,USD,404.3384205,405.3518,1.0,1.0
2026-02-23,CAD,294.92011035,295.6592585,1.37101,1.37104
2026-02-23,INR,4.44562429,4.4567662,90.952,91.002
2026-02-23,JPY,2.60039758,2.60691486,155.491,155.508
2026-02-23,ARS,0.29162525,0.29235614,1386.5,1386.505
2026-02-23,BRL,77.78281755,77.97776196,5.1983,5.2003
2026-02-23,CLP,0.46644566,0.46761469,866.85,867.5
2026-02-23,COP,0.10969869,0.10997362,3685.9,3687.9
2026-02-23,UYU,10.43184779,10.45799277,38.76,38.86
2026-02-23,PEN,120.63321812,120.93555701,3.3518,3.354
2026-02-23,BOB,59.98374384,60.13407904,6.7408,7.0808
2026-02-23,MXP,23.52336524,23.58232104,17.1888,17.1918
2026-02-23,CUC,404.3384205,405.3518,1.0,1.0
2026-02-23,NIO,11.11506894,11.14292625,36.3775,37.2275
2026-02-23,DOP,6.62632613,6.64293346,61.02,61.32
2026-02-23,TTD,60.19628115,60.34714902,6.717,6.7447
2026-02-23,ANG,231.83213147,232.41316438,1.7441,1.8363
2026-02-24,EUR,479.60250756,480.80451886,1.1802,1.18024
2026-02-24,CNY,58.82883148,58.97627216,6.9075,6.9085
2026-02-24,TRY,9.27030595,9.2935398,43.8346,43.8409
2026-02-24,RUB,5.28307875,5.29631955,76.9173,76.9253
2026-02-24,USD,406.3601535,407.3786,1.0,1.0
2026-02-24,CAD,297.01432847,297.75872528,1.36815,1.36821
2026-02-24,INR,4.47035955,4.48156345,90.901,90.951
2026-02-24,JPY,2.63070767,2.63730092,154.468,154.477
2026-02-24,ARS,0.29857469,0.29932299,1361.0,1361.005
2026-02-24,BRL,78.94167252,79.13952133,5.1476,5.1496
2026-02-24,CLP,0.46877793,0.46995281,866.85,867.5
2026-02-24,COP,0.10995485,0.11023042,3695.7,3697.7
2026-02-24,UYU,10.49809221,10.52440322,38.708,38.808
2026-02-24,PEN,121.1099316,121.41346526,3.3553,3.3557
2026-02-24,BOB,59.32265014,59.47132846,6.85,7.0
2026-02-24,MXP,23.64315773,23.70241377,17.18722,17.19044
2026-02-24,CUC,406.3601535,407.3786,1.0,1.0
2026-02-24,NIO,11.1861127,11.21414807,36.3272,37.176
2026-02-24,DOP,6.6846546,6.70140812,60.79,61.09
2026-02-24,TTD,60.77140495,60.92371423,6.6867,6.7144
2026-02-24,ANG,232.99131557,233.57525371,1.7441,1.8363
2026-02-25,EUR,482.70795908,483.91775346,1.17712,1.17717
2026-02-25,CNY,59.5746082,59.723918,6.8831,6.8841
2026-02-25,TRY,9.35071832,9.3741537,43.8531,43.8594
2026-02-25,RUB,5.35393635,5.36735474,76.59,76.64
2026-02-25,USD,410.05798575,411.0857,1.0,1.0
2026-02-25,CAD,298.98068256,299.73000758,1.37152,1.37162
2026-02-25,INR,4.51039428,4.52169852,90.914,90.964
2026-02-25,JPY,2.62930157,2.6358913,155.957,155.968
2026-02-25,ARS,0.29800725,0.29875414,1376.0,1376.005
2026-02-25,BRL,79.41012156,79.60914442,5.1638,5.1658
2026-02-25,CLP,0.47343699,0.47462355,866.13,866.8
2026-02-25,COP,0.11082049,0.11109823,3700.2,3702.2
2026-02-25,UYU,10.69167954,10.71847573,38.353,38.453
2026-02-25,PEN,122.11375394,122.41980345,3.358,3.3585
2026-02-25,BOB,59.77521658,59.92502915,6.86,7.01
2026-02-25,MXP,23.74078644,23.80028716,17.2723,17.2747
2026-02-25,CUC,410.05798575,411.0857,1.0,1.0
2026-02-25,NIO,11.23138827,11.25953711,36.51,36.91
2026-02-25,DOP,6.76886737,6.78583195,60.58,60.88
2026-02-25,TTD,61.10418813,61.25733146,6.7108,6.7385
2026-02-25,ANG,235.11151066,235.70076257,1.7441,1.8363
2026-02-26,EUR,487.3811665,488.60267318,1.18002,1.18007
2026-02-26,CNY,60.12933833,60.28003843,6.8687,6.8697
2026-02-26,TRY,9.41518762,9.43878458,43.8664,43.8727
2026-02-26,RUB,5.38896641,5.40247259,76.64,76.69
2026-02-26,USD,413.01038625,414.0455,1.0,1.0
2026-02-26,CAD,301.83095425,302.5874228,1.36835,1.36838
2026-02-26,INR,4.5440185,4.55540702,90.891,90.941
2026-02-26,JPY,2.64066383,2.64728203,156.404,156.413
2026-02-26,ARS,0.29766514,0.29841117,1387.5,1387.505
2026-02-26,BRL,80.20709343,80.40811372,5.1493,5.1513
2026-02-26,CLP,0.4810277,0.48223328,858.6,859.55
2026-02-26,COP,0.11152797,0.11180749,3703.2,3705.2
2026-02-26,UYU,10.75631914,10.78327733,38.397,38.497
2026-02-26,PEN,123.07726741,123.38573174,3.3557,3.3579
2026-02-26,BOB,60.29348704,60.44459854,6.85,7.0
2026-02-26,MXP,24.02200815,24.08221369,17.193,17.223
2026-02-26,CUC,413.01038625,414.0455,1.0,1.0
2026-02-26,NIO,11.3122538,11.34060531,36.51,36.91
2026-02-26,DOP,6.84812446,6.86528768,60.31,60.61
2026-02-26,TTD,61.33119292,61.48490518,6.7341,6.7618
2026-02-26,ANG,236.80430379,237.39779829,1.7441,1.8363
2026-02-27,EUR,491.87975109,493.11253242,1.18147,1.18151
2026-02-27,CNY,60.86291413,61.01545276,6.8402,6.8407
2026-02-27,TRY,9.48765497,9.51143355,43.8796,43.8859
2026-02-27,RUB,5.40593769,5.4194864,77.0106,77.0186
2026-02-27,USD,416.31450525,417.3579,1.0,1.0
2026-02-27,CAD,304.19005206,304.95243314,1.3686,1.36866
2026-02-27,INR,4.57986716,4.59134552,90.901,90.951
2026-02-27,JPY,2.67104557,2.67773992,155.862,155.873
2026-02-27,ARS,0.29504925,0.29578873,1411.0,1411.005
2026-02-27,BRL,80.88174254,81.08445368,5.1472,5.1492
2026-02-27,CLP,0.48189568,0.48310344,863.91,865.05
2026-02-27,COP,0.11118917,0.11146784,3744.2,3746.2
2026-02-27,UYU,10.84265301,10.86982758,38.396,38.496
2026-02-27,PEN,124.06189625,124.37282832,3.3557,3.358
2026-02-27,BOB,60.68724566,60.83934402,6.86,7.01
2026-02-27,MXP,24.17495631,24.23554518,17.2209,17.2237
2026-02-27,CUC,416.31450525,417.3579,1.0,1.0
2026-02-27,NIO,11.40587685,11.43446301,36.5,36.9
2026-02-27,DOP,6.9397317,6.95712452,59.99,60.29
2026-02-27,TTD,61.92668202,62.08188674,6.7227,6.7504
2026-02-27,ANG,238.69875881,239.29700131,1.7441,1.8363
2026-03-02,EUR,494.36699833,495.60601336,1.18004,1.18005
2026-03-02,CNY,61.09273656,61.24585119,6.8574,6.8584
2026-03-02,TRY,9.53029179,9.55417723,43.9585,43.961
2026-03-02,RUB,5.42735239,5.44095478,77.19,77.24
2026-03-02,USD,418.93733175,419.9873,1.0,1.0
2026-03-02,CAD,306.6240196,307.39250085,1.36629,1.36635
2026-03-02,INR,4.60138096,4.61291325,91.046,91.096
2026-03-02,JPY,2.68245216,2.6891751,156.177,156.187
2026-03-02,ARS,0.29711867,0.29786333,1410.0,1410.005
2026-03-02,BRL,81.26973011,81.47341364,5.1549,5.1569
2026-03-02,CLP,0.48073593,0.48194078,871.45,872.2
2026-03-02,COP,0.1115738,0.11185344,3754.8,3756.8
2026-03-02,UYU,10.89960796,10.92692527,38.436,38.536
2026-03-02,PEN,124.88071414,125.19369839,3.3547,3.3569
2026-03-02,BOB,61.15873456,61.31201459,6.85,7.0
2026-03-02,MXP,24.31469499,24.37563407,17.2298,17.2332
2026-03-02,CUC,418.93733175,419.9873,1.0,1.0
2026-03-02,NIO,11.52097824,11.54985287,36.363,37.2101
2026-03-02,DOP,7.04096355,7.05861008,59.5,59.8
2026-03-02,TTD,62.59242081,62.74929404,6.6931,6.7208
2026-03-02,ANG,240.20258686,240.80459836,1.7441,1.8363
2026-03-03,EUR,492.30341803,493.53726119,1.16982,1.16986
2026-03-03,CNY,61.1518407,61.30510346,6.8816,6.8817
2026-03-03,TRY,9.57389585,9.59789057,43.9552,43.9615
2026-03-03,RUB,5.44824581,5.46190056,77.24,77.29
2026-03-03,USD,420.822507,421.8772,1.0,1.0
2026-03-03,CAD,307.57832083,308.34919381,1.36818,1.36824
2026-03-03,INR,4.59749496,4.60901751,91.533,91.583
2026-03-03,JPY,2.67054941,2.67724252,157.579,157.587
2026-03-03,ARS,0.29951779,0.30026846,1405.0,1405.005
2026-03-03,BRL,80.93363085,81.13647203,5.1996,5.2016
2026-03-03,CLP,0.47669065,0.47788536,882.8,883.55
2026-03-03,COP,0.11136111,0.11164021,3778.9,3780.9
2026-03-03,UYU,10.94865508,10.97609532,38.436,38.536
2026-03-03,PEN,125.12190616,125.4354949,3.3633,3.3657
2026-03-03,BOB,62.23435824,62.39033407,6.7619,7.1032
2026-03-03,MXP,24.24944865,24.31022421,17.3539,17.3576
2026-03-03,CUC,420.822507,421.8772,1.0,1.0
2026-03-03,NIO,11.55620047,11.58516337,36.4153,37.2685
2026-03-03,DOP,7.02893781,7.0465542,59.87,60.17
2026-03-03,TTD,62.87408032,63.03165947,6.6931,6.7208
2026-03-03,ANG,241.28347399,241.88819448,1.7441,1.8363
2026-03-04,EUR,490.26309976,491.49182934,1.15459,1.15462
2026-03-04,CNY,61.5456965,61.69994636,6.8991,6.9001
2026-03-04,TRY,9.65481137,9.67900889,43.9791,43.9854
2026-03-04,RUB,5.46193731,5.47562638,77.7398,77.7478
2026-03-04,USD,424.60991475,425.6741,1.0,1.0
2026-03-04,CAD,308.85213467,309.62620017,1.3748,1.37488
2026-03-04,INR,4.60561332,4.61715621,92.194,92.244
2026-03-04,JPY,2.69173173,2.69847793,157.746,157.756
2026-03-04,ARS,0.30156954,0.30232535,1408.0,1408.005
2026-03-04,BRL,79.64173586,79.84133921,5.3315,5.3335
2026-03-04,CLP,0.46524945,0.46641549,912.65,913.7
2026-03-04,COP,0.11116024,0.11143884,3819.8,3821.8
2026-03-04,UYU,10.96050373,10.98797367,38.74,38.84
2026-03-04,PEN,124.58114448,124.89337793,3.4083,3.4105
2026-03-04,BOB,61.98684886,62.14220437,6.85,7.0
2026-03-04,MXP,23.78900301,23.84862457,17.849,17.8524
2026-03-04,CUC,424.60991475,425.6741,1.0,1.0
2026-03-04,NIO,11.67922529,11.70849653,36.356,37.2179
2026-03-04,DOP,7.17974154,7.19773588,59.14,59.44
2026-03-04,TTD,63.70167948,63.86133281,6.6656,6.6933
2026-03-04,ANG,243.45502823,244.06519121,1.7441,1.8363
2026-03-05,EUR,496.17823071,497.42178517,1.16234,1.16239
2026-03-05,CNY,61.89611601,62.05124412,6.8964,6.8974
2026-03-05,TRY,9.70811708,9.7324482,43.96943,43.97991
2026-03-05,RUB,5.4829091,5.49665073,77.8529,77.8609
2026-03-05,USD,426.8603745,427.9302,1.0,1.0
2026-03-05,CAD,312.12370174,312.90596665,1.3676,1.36767
2026-03-05,INR,4.63666197,4.64828267,92.062,92.112
2026-03-05,JPY,2.71367053,2.72047171,157.3,157.312
2026-03-05,ARS,0.30446531,0.30522838,1402.0,1402.005
2026-03-05,BRL,81.93097399,82.13631477,5.21,5.212
2026-03-05,CLP,0.47643325,0.47762732,895.95,896.7
2026-03-05,COP,0.11393577,0.11422132,3746.5,3748.5
2026-03-05,UYU,10.88041329,10.9076825,39.232,39.332
2026-03-05,PEN,125.45860995,125.77304255,3.4024,3.4047
2026-03-05,BOB,62.22454438,62.38049562,6.86,7.01
2026-03-05,MXP,24.28254182,24.34340032,17.5789,17.5828
2026-03-05,CUC,426.8603745,427.9302,1.0,1.0
2026-03-05,NIO,11.74597216,11.77541069,36.341,37.1997
2026-03-05,DOP,7.19953406,7.217578,59.29,59.59
2026-03-05,TTD,64.38122145,64.5425779,6.6302,6.6579
2026-03-05,ANG,244.74535548,245.35875236,1.7441,1.8363
2026-03-06,EUR,498.36633019,499.61536862,1.15911,1.15917
2026-03-06,CNY,62.39333765,62.54971193,6.8907,6.8917
2026-03-06,TRY,9.77279905,9.79729229,43.9929,43.9992
2026-03-06,RUB,5.4635698,5.47726296,78.691,78.699
2026-03-06,USD,429.93377175,431.0113,1.0,1.0
2026-03-06,CAD,314.61945068,315.40797061,1.36652,1.36657
2026-03-06,INR,4.68577345,4.69751724,91.753,91.803
2026-03-06,JPY,2.72811002,2.73494739,157.594,157.604
2026-03-06,ARS,0.30556771,0.30633354,1407.0,1407.005
2026-03-06,BRL,81.93584611,82.14119911,5.2472,5.2492
2026-03-06,CLP,0.47481835,0.47600837,905.47,906.19
2026-03-06,COP,0.11434408,0.11463066,3760.0,3762.0
2026-03-06,UYU,10.93144601,10.95884312,39.33,39.43
2026-03-06,PEN,125.44020883,125.75459532,3.4274,3.4295
2026-03-06,BOB,62.76405427,62.92135766,6.85,7.0
2026-03-06,MXP,24.38143956,24.44254592,17.63365,17.63777
2026-03-06,CUC,429.93377175,431.0113,1.0,1.0
2026-03-06,NIO,11.82231273,11.85194259,36.3663,37.2274
2026-03-06,DOP,7.24403996,7.26219545,59.35,59.65
2026-03-06,TTD,64.36037959,64.5216838,6.6801,6.7078
2026-03-06,ANG,246.5075235,247.12533684,1.7441,1.8363
2026-03-09,EUR,500.47365784,501.72797779,1.15823,1.15828
2026-03-09,CNY,62.56004806,62.71684016,6.9067,6.9077
2026-03-09,TRY,9.80459238,9.82916529,44.0695,44.0758
2026-03-09,RUB,5.46969506,5.48340356,78.9959,79.0039
2026-03-09,USD,432.083484,433.1664,1.0,1.0
2026-03-09,CAD,317.16739385,317.9622996,1.36232,1.36241
2026-03-09,INR,4.70069826,4.71247946,91.919,91.969
2026-03-09,JPY,2.74034237,2.7472104,157.675,157.685
2026-03-09,ARS,0.30600813,0.30677507,1412.0,1412.005
2026-03-09,BRL,81.85104548,82.05618594,5.2789,5.2809
2026-03-09,CLP,0.47129524,0.47247643,916.8,918.7
2026-03-09,COP,0.11380501,0.11409023,3796.7,3798.7
2026-03-09,UYU,10.80478829,10.83186796,39.99,40.09
2026-03-09,PEN,123.77778274,124.08800275,3.4908,3.4928
2026-03-09,BOB,62.98593061,63.14379008,6.86,7.01
2026-03-09,MXP,24.28622326,24.34709099,17.7913,17.7953
2026-03-09,CUC,432.083484,433.1664,1.0,1.0
2026-03-09,NIO,11.87926956,11.90904217,36.3729,37.2379
2026-03-09,DOP,7.22064645,7.23874331,59.84,60.14
2026-03-09,TTD,64.71318785,64.87537629,6.6769,6.7046
2026-03-09,ANG,247.740086,248.36098847,1.7441,1.8363
2026-03-10,EUR,504.15323613,505.41677808,1.15851,1.15857
2026-03-10,CNY,62.94225721,63.10000723,6.9135,6.9145
2026-03-10,TRY,9.87122631,9.89596622,44.0828,44.0891
2026-03-10,RUB,5.54156377,5.5554524,78.525,78.675
2026-03-10,USD,435.15129525,436.2419,1.0,1.0
2026-03-10,CAD,320.23497461,321.03756853,1.35885,1.35893
2026-03-10,INR,4.71903109,4.73085823,92.212,92.262
2026-03-10,JPY,2.74997974,2.75687192,158.238,158.258
2026-03-10,ARS,0.30687679,0.3076459,1418.0,1418.005
2026-03-10,BRL,83.61701259,83.82657904,5.2041,5.2061
2026-03-10,CLP,0.47474503,0.47593486,916.6,918.35
2026-03-10,COP,0.11640352,0.11669526,3738.3,3740.3
2026-03-10,UYU,10.79271051,10.81975991,40.319,40.419
2026-03-10,PEN,124.68875762,125.00126078,3.4899,3.492
2026-03-10,BOB,63.52573653,63.6849489,6.85,7.0
2026-03-10,MXP,24.50949033,24.57091763,17.7544,17.7581
2026-03-10,CUC,435.15129525,436.2419,1.0,1.0
2026-03-10,NIO,11.96364578,11.99362985,36.3728,37.2377
2026-03-10,DOP,7.22242813,7.24052946,60.25,60.75
2026-03-10,TTD,64.80673387,64.96915676,6.7146,6.7423
2026-03-10,ANG,249.49905122,250.12436213,1.7441,1.8363
2026-03-11,EUR,508.93531848,510.2108456,1.16427,1.16432
2026-03-11,CNY,63.56939071,63.72871249,6.8761,6.8771
2026-03-11,TRY,9.92405318,9.94892549,44.04546,44.04916
2026-03-11,RUB,5.53934213,5.55322519,78.91,78.961
2026-03-11,USD,437.1094875,438.205,1.0,1.0
2026-03-11,CAD,322.40919299,323.21723608,1.35576,1.35582
2026-03-11,INR,4.76164499,4.77357894,91.798,91.848
2026-03-11,JPY,2.77142713,2.77837306,157.72,157.73
2026-03-11,ARS,0.31155344,0.31233428,1403.0,1403.005
2026-03-11,BRL,84.82127714,85.03386179,5.1533,5.1553
2026-03-11,CLP,0.4929065,0.49414185,886.8,887.75
2026-03-11,COP,0.11816324,0.11845939,3699.2,3701.2
2026-03-11,UYU,10.87093654,10.89818199,40.209,40.309
2026-03-11,PEN,127.34435178,127.66351056,3.4325,3.4348
2026-03-11,BOB,63.71858418,63.87827988,6.86,7.01
2026-03-11,MXP,24.96912415,25.03170341,17.506,17.5104
2026-03-11,CUC,437.1094875,438.205,1.0,1.0
2026-03-11,NIO,12.00843642,12.03853275,36.4002,37.2601
2026-03-11,DOP,7.2273394,7.24545304,60.48,60.78
2026-03-11,TTD,65.25288302,65.41642408,6.6987,6.7264
2026-03-11,ANG,250.6218035,251.24992832,1.7441,1.8363
2026-03-12,EUR,509.21213138,510.48835226,1.15763,1.15766
2026-03-12,CNY,64.07331183,64.23389657,6.865,6.866
2026-03-12,TRY,9.97804795,10.00305559,44.0831,44.0894
2026-03-12,RUB,5.55804,5.57196992,79.14,79.19
2026-03-12,USD,439.86328575,440.9657,1.0,1.0
2026-03-12,CAD,323.51452277,324.32533611,1.35964,1.35969
2026-03-12,INR,4.77951218,4.79149091,92.031,92.081
2026-03-12,JPY,2.77135098,2.77829672,158.718,158.728
2026-03-12,ARS,0.31503189,0.31582145,1396.25,1396.255
2026-03-12,BRL,85.45514847,85.66932178,5.1473,5.1493
2026-03-12,CLP,0.49342451,0.49466117,891.45,892.45
2026-03-12,COP,0.11960281,0.11990257,3677.7,3679.7
2026-03-12,UYU,11.00566181,11.03324492,39.967,40.067
2026-03-12,PEN,128.65637653,128.97882359,3.4189,3.4201
2026-03-12,BOB,64.21361835,64.37455474,6.85,7.0
2026-03-12,MXP,24.98612757,25.04874945,17.6043,17.6074
2026-03-12,CUC,439.86328575,440.9657,1.0,1.0
2026-03-12,NIO,12.09708412,12.12740263,36.3611,37.2234
2026-03-12,DOP,7.22390024,7.24200525,60.89,61.19
2026-03-12,TTD,65.74052605,65.90528927,6.6909,6.7186
2026-03-12,ANG,252.20072573,252.83280775,1.7441,1.8363
2026-03-13,EUR,509.06561797,510.34147165,1.15131,1.15134
2026-03-13,CNY,64.37460736,64.53594723,6.8684,6.8694
2026-03-13,TRY,10.02372577,10.04884789,44.1104,44.1167
2026-03-13,RUB,5.55374119,5.56766034,79.6131,79.6211
2026-03-13,USD,442.15055325,443.2587,1.0,1.0
2026-03-13,CAD,324.37846423,325.19144284,1.36307,1.36315
2026-03-13,INR,4.78222907,4.7942146,92.457,92.507
2026-03-13,JPY,2.77697872,2.78393857,159.22,159.234
2026-03-13,ARS,0.31582182,0.31661335,1400.0,1400.005
2026-03-13,BRL,84.45240249,84.66406264,5.2355,5.2375
2026-03-13,CLP,0.48446891,0.48568312,912.65,913.5
2026-03-13,COP,0.11968776,0.11998773,3694.2,3696.2
2026-03-13,UYU,11.01027325,11.03786792,40.158,40.258
2026-03-13,PEN,128.42760347,128.74947716,3.4428,3.4451
2026-03-13,BOB,64.45343341,64.61497084,6.86,7.01
2026-03-13,MXP,24.74981825,24.81184787,17.8648,17.8682
2026-03-13,CUC,442.15055325,443.2587,1.0,1.0
2026-03-13,NIO,12.14382381,12.17425946,36.4095,37.2757
2026-03-13,DOP,7.21878454,7.23687673,61.25,61.55
2026-03-13,TTD,65.63797886,65.80248508,6.7362,6.7639
2026-03-13,ANG,253.51215712,254.14752594,1.7441,1.8363
2026-03-16,EUR,509.94259639,511.22064801,1.14413,1.14417
2026-03-16,CNY,64.6336487,64.79563779,6.8956,6.8966
2026-03-16,TRY,10.08669746,10.1119774,44.1857,44.192
2026-03-16,RUB,5.56380876,5.57775314,80.1048,80.1128
2026-03-16,USD,445.687788,446.8048,1.0,1.0
2026-03-16,CAD,324.58036296,325.39384758,1.37312,1.37324
2026-03-16,INR,4.82095651,4.83303911,92.448,92.498
2026-03-16,JPY,2.79294999,2.79994986,159.576,159.584
2026-03-16,ARS,0.31850767,0.31930593,1399.3,1399.305
2026-03-16,BRL,84.24462951,84.45576893,5.2904,5.2924
2026-03-16,CLP,0.488227,0.48945063,912.87,913.6
2026-03-16,COP,0.12064527,0.12094764,3694.2,3696.2
2026-03-16,UYU,11.03952709,11.06719508,40.372,40.472
2026-03-16,PEN,128.62191221,128.94427289,3.4651,3.4672
2026-03-16,BOB,65.06391065,65.2269781,6.85,7.0
2026-03-16,MXP,24.84047419,24.90273102,17.942,17.9448
2026-03-16,CUC,445.687788,446.8048,1.0,1.0
2026-03-16,NIO,12.25426967,12.28498212,36.37,37.2422
2026-03-16,DOP,7.30635718,7.32466885,61.0,61.3
2026-03-16,TTD,66.33542024,66.50167443,6.7187,6.7464
2026-03-16,ANG,255.54027177,256.18072358,1.7441,1.8363
2026-03-17,EUR,513.69079361,514.97823921,1.14851,1.14856
2026-03-17,CNY,64.86550812,65.02807831,6.895,6.896
2026-03-17,TRY,10.12365015,10.14902271,44.1785,44.1848
2026-03-17,RUB,5.48837499,5.50213032,81.49,81.54
2026-03-17,USD,447.2476785,448.3686,1.0,1.0
2026-03-17,CAD,327.06215017,327.88185481,1.36747,1.36751
2026-03-17,INR,4.84947496,4.86162904,92.226,92.276
2026-03-17,JPY,2.81005075,2.81709349,159.16,159.169
2026-03-17,ARS,0.32083764,0.32164175,1394.0,1394.005
2026-03-17,BRL,84.79915029,85.01167949,5.2742,5.2762
2026-03-17,CLP,0.49234662,0.49358058,908.4,909.34
2026-03-17,COP,0.12118234,0.12148605,3690.7,3692.7
2026-03-17,UYU,11.00511019,11.03269192,40.64,40.74
2026-03-17,PEN,130.36250393,130.689227,3.4308,3.4331
2026-03-17,BOB,65.19645459,65.35985422,6.86,7.01
2026-03-17,MXP,25.13587654,25.19887372,17.7932,17.7952
2026-03-17,CUC,447.2476785,448.3686,1.0,1.0
2026-03-17,NIO,12.30304513,12.33387983,36.3526,37.2235
2026-03-17,DOP,7.36816603,7.38663261,60.7,61.0
2026-03-17,TTD,66.44002592,66.60654227,6.7316,6.7593
2026-03-17,ANG,256.43465311,257.07734648,1.7441,1.8363
2026-03-18,EUR,519.3403775,520.64198246,1.15307,1.15312
2026-03-18,CNY,65.39354628,65.55743988,6.8872,6.8877
2026-03-18,TRY,10.18771335,10.21324647,44.208,44.2143
2026-03-18,RUB,5.46310567,5.47679767,82.44,82.49
2026-03-18,USD,450.378432,451.5072,1.0,1.0
2026-03-18,CAD,328.50359737,329.32691466,1.371,1.3715
2026-03-18,INR,4.87607245,4.88829318,92.365,92.415
2026-03-18,JPY,2.83299637,2.84009661,158.976,158.987
2026-03-18,ARS,0.32250514,0.32331342,1396.5,1396.505
2026-03-18,BRL,86.53136181,86.7482324,5.2048,5.2068
2026-03-18,CLP,0.49625743,0.49750118,907.55,908.5
2026-03-18,COP,0.12232893,0.12263552,3681.7,3683.7
2026-03-18,UYU,11.12677401,11.15466067,40.477,40.577
2026-03-18,PEN,132.40972305,132.74157699,3.4014,3.4036
2026-03-18,BOB,65.7486762,65.91345985,6.85,7.0
2026-03-18,MXP,25.44094086,25.50470261,17.7029,17.706
2026-03-18,CUC,450.378432,451.5072,1.0,1.0
2026-03-18,NIO,12.32900169,12.35990145,36.53,36.91
2026-03-18,DOP,7.41974352,7.43833937,60.7,61.0
2026-03-18,TTD,67.00464651,67.17257795,6.7216,6.7493
2026-03-18,ANG,258.22970701,258.87689926,1.7441,1.8363
2026-03-20,EUR,523.19677485,524.50804496,1.1521,1.15212
2026-03-20,CNY,66.08600082,66.25162989,6.8716,6.8725
2026-03-20,TRY,10.27064487,10.29638584,44.215,44.2213
2026-03-20,RUB,5.41363842,5.42720644,83.8838,83.8918
2026-03-20,USD,454.11656325,455.2547,1.0,1.0
2026-03-20,CAD,331.40904883,332.23964795,1.37026,1.37034
2026-03-20,INR,4.89107299,4.90333132,92.846,92.896
2026-03-20,JPY,2.84884045,2.8559804,159.404,159.424
2026-03-20,ARS,0.32460083,0.32541436,1399.0,1399.005
2026-03-20,BRL,87.35698739,87.5759272,5.1984,5.2004
2026-03-20,CLP,0.49798943,0.49923752,911.9,912.95
2026-03-20,COP,0.1226149,0.12292221,3703.6,3705.6
2026-03-20,UYU,11.21496995,11.24307764,40.492,40.592
2026-03-20,PEN,132.68562841,133.01817384,3.4225,3.4248
2026-03-20,BOB,66.19774974,66.36365889,6.86,7.01
2026-03-20,MXP,25.71847779,25.78293512,17.65721,17.66096
2026-03-20,CUC,454.11656325,455.2547,1.0,1.0
2026-03-20,NIO,12.43814196,12.46931525,36.51,36.93
2026-03-20,DOP,7.6002772,7.61932552,59.75,60.05
2026-03-20,TTD,67.9134047,68.08361374,6.6867,6.7144
2026-03-20,ANG,260.37300799,261.02557192,1.7441,1.8363
2026-03-23,EUR,526.47496617,527.7944523,1.15465,1.15472
2026-03-23,CNY,66.1865997,66.35248091,6.8886,6.8892
2026-03-23,TRY,10.29126785,10.3170605,44.3029,44.3092
2026-03-23,RUB,5.4424686,5.45610887,83.7732,83.7812
2026-03-23,USD,455.93301075,457.0757,1.0,1.0
2026-03-23,CAD,332.22067557,333.05330885,1.37238,1.37243
2026-03-23,INR,4.87581955,4.88803965,93.509,93.559
2026-03-23,JPY,2.86593505,2.87311785,159.087,159.094
2026-03-23,ARS,0.32706815,0.32788787,1394.0,1394.005
2026-03-23,BRL,86.31498442,86.53131271,5.2822,5.2842
2026-03-23,CLP,0.49386158,0.49509932,923.2,924.4
2026-03-23,COP,0.12336183,0.12367101,3695.9,3697.9
2026-03-23,UYU,11.19375931,11.22181385,40.731,40.831
2026-03-23,PEN,131.12450339,131.45313623,3.4771,3.4784
2026-03-23,BOB,66.46253801,66.62911078,6.86,7.01
2026-03-23,MXP,25.48291978,25.54678675,17.89171,17.89613
2026-03-23,CUC,455.93301075,457.0757,1.0,1.0
2026-03-23,NIO,12.54106732,12.57249856,36.3552,37.2191
2026-03-23,DOP,7.74869154,7.76811182,58.84,59.14
2026-03-23,TTD,67.83405155,68.00406171,6.7213,6.749
2026-03-23,ANG,261.41448927,262.06966343,1.7441,1.8363
2026-03-24,EUR,532.12287288,533.45651417,1.16101,1.16107
2026-03-24,CNY,66.61587091,66.78282798,6.8798,6.8808
2026-03-24,TRY,10.34189498,10.36781452,44.31527,44.32171
2026-03-24,RUB,5.56667588,5.58062745,82.3299,82.3379
2026-03-24,USD,458.30386875,459.4525,1.0,1.0
2026-03-24,CAD,334.22098562,335.0586322,1.37126,1.37134
2026-03-24,INR,4.91953487,4.93186453,93.16,93.21
2026-03-24,JPY,2.89103281,2.89827851,158.526,158.537
2026-03-24,ARS,0.32810987,0.3289322,1396.8,1396.805
2026-03-24,BRL,87.61807573,87.83766991,5.2307,5.2327
2026-03-24,CLP,0.50493457,0.50620007,907.65,908.51
2026-03-24,COP,0.12376221,0.12407239,3703.1,3705.1
2026-03-24,UYU,11.25086212,11.27905977,40.735,40.835
2026-03-24,PEN,133.46842237,133.80292969,3.4338,3.436
2026-03-24,BOB,66.90567427,67.07335766,6.85,7.0
2026-03-24,MXP,25.80554331,25.87021886,17.7599,17.764
2026-03-24,CUC,458.30386875,459.4525,1.0,1.0
2026-03-24,NIO,12.62065299,12.6522837,36.3138,37.1778
2026-03-24,DOP,7.67421079,7.6934444,59.72,60.02
2026-03-24,TTD,68.18678957,68.35768378,6.7213,6.749
2026-03-24,ANG,262.77384825,263.43242933,1.7441,1.8363
2026-03-25,EUR,534.75398713,536.09422269,1.15864,1.1587
2026-03-25,CNY,66.93527509,67.10303267,6.8949,6.8959
2026-03-25,TRY,10.40721311,10.43329635,44.3454,44.3571
2026-03-25,RUB,5.71200874,5.72632455,80.7968,80.8048
2026-03-25,USD,461.51202825,462.6687,1.0,1.0
2026-03-25,CAD,335.51334621,336.35423179,1.37554,1.37559
2026-03-25,INR,4.92090534,4.93323843,93.786,93.836
2026-03-25,JPY,2.907547,2.91483408,158.729,158.735
2026-03-25,ARS,0.33034753,0.33117547,1397.05,1397.055
2026-03-25,BRL,87.76161945,87.98157339,5.2587,5.2607
2026-03-25,CLP,0.50460532,0.50586999,914.6,915.2
2026-03-25,COP,0.12449408,0.1248061,3707.1,3709.1
2026-03-25,UYU,11.40521508,11.43379957,40.465,40.565
2026-03-25,PEN,133.37726959,133.71154846,3.4602,3.4607
2026-03-25,BOB,67.37401872,67.54287591,6.85,7.0
2026-03-25,MXP,25.895055,25.95995488,17.8224,17.8272
2026-03-25,CUC,461.51202825,462.6687,1.0,1.0
2026-03-25,NIO,12.64070195,12.6723829,36.51,36.93
2026-03-25,DOP,7.72405068,7.7434092,59.75,60.05
2026-03-25,TTD,68.59674315,68.76866481,6.7279,6.7556
2026-03-25,ANG,264.61328378,265.27647497,1.7441,1.8363
2026-03-26,EUR,538.82001663,540.17044273,1.15762,1.15767
2026-03-26,CNY,67.4308786,67.5998783,6.9024,6.9034
2026-03-26,TRY,10.49314291,10.51944151,44.3561,44.3585
2026-03-26,RUB,5.75221712,5.7666337,80.914,80.922
2026-03-26,USD,465.4348965,466.6014,1.0,1.0
2026-03-26,CAD,337.28388456,338.12920757,1.37995,1.38005
2026-03-26,INR,4.9570249,4.96944852,93.894,93.944
2026-03-26,JPY,2.92546038,2.93279236,159.098,159.107
2026-03-26,ARS,0.33788377,0.33873059,1377.5,1377.505
2026-03-26,BRL,89.19282074,89.41636165,5.2183,5.2203
2026-03-26,CLP,0.50894456,0.51022011,914.51,915.35
2026-03-26,COP,0.12575582,0.126071,3701.1,3703.1
2026-03-26,UYU,11.48541349,11.51419899,40.524,40.624
2026-03-26,PEN,134.5576457,134.89488291,3.459,3.4608
2026-03-26,BOB,67.84765255,68.01769679,6.86,7.01
2026-03-26,MXP,26.21518589,26.28088811,17.7544,17.7561
2026-03-26,CUC,465.4348965,466.6014,1.0,1.0
2026-03-26,NIO,12.7411688,12.77310156,36.53,36.91
2026-03-26,DOP,7.82243523,7.84204033,59.5,60.5
2026-03-26,TTD,68.98295512,69.15584473,6.7471,6.7748
2026-03-26,ANG,266.86250587,267.53133421,1.7441,1.8363
2026-03-27,EUR,539.83749306,541.19046924,1.15508,1.15512
2026-03-27,CNY,67.64952502,67.8190727,6.9083,6.9093
2026-03-27,TRY,10.53590428,10.56231006,44.3572,44.3635
2026-03-27,RUB,5.67232933,5.68654569,82.39,82.44
2026-03-27,USD,467.34321375,468.5145,1.0,1.0
2026-03-27,CAD,337.80509425,338.65172356,1.38347,1.38357
2026-03-27,INR,4.96687511,4.97932342,94.092,94.142
2026-03-27,JPY,2.92893134,2.93627202,159.561,159.57
2026-03-27,ARS,0.34087761,0.34173194,1371.0,1371.005
2026-03-27,BRL,89.34791682,89.57184644,5.2306,5.2326
2026-03-27,CLP,0.50693482,0.50820533,921.9,922.75
2026-03-27,COP,0.12691956,0.12723765,3682.2,3684.2
2026-03-27,UYU,11.55188881,11.58084091,40.456,40.556
2026-03-27,PEN,135.19924024,135.53808545,3.4567,3.459
2026-03-27,BOB,69.26373716,69.43733048,6.7473,7.0941
2026-03-27,MXP,26.32044637,26.3864124,17.7559,17.7578
2026-03-27,CUC,467.34321375,468.5145,1.0,1.0
2026-03-27,NIO,12.85951906,12.89174843,36.3422,37.2093
2026-03-27,DOP,7.8756861,7.89542467,59.34,59.64
2026-03-27,TTD,69.16430571,69.33764984,6.757,6.7847
2026-03-27,ANG,267.95666174,268.62823232,1.7441,1.8363
2026-03-30,EUR,542.58146296,543.94131626,1.1531,1.15315
2026-03-30,CNY,68.08194773,68.25257918,6.9111,6.9121
2026-03-30,TRY,10.58314081,10.60966497,44.4595,44.46184
2026-03-30,RUB,5.7847784,5.79927659,81.3378,81.3458
2026-03-30,USD,470.521149,471.7004,1.0,1.0
2026-03-30,CAD,339.45930567,340.31008087,1.38609,1.38616
2026-03-30,INR,4.96162844,4.9740636,94.832,94.882
2026-03-30,JPY,2.94281715,2.95019263,159.888,159.896
2026-03-30,ARS,0.34269566,0.34355455,1373.0,1373.005
2026-03-30,BRL,89.84211964,90.06728786,5.2372,5.2392
2026-03-30,CLP,0.50947014,0.510747,923.55,924.7
2026-03-30,COP,0.12806432,0.12838529,3674.1,3676.1
2026-03-30,UYU,11.58548122,11.61451751,40.613,40.713
2026-03-30,PEN,134.72716441,135.06482648,3.4924,3.4944
2026-03-30,BOB,68.68921883,68.86137226,6.85,7.0
2026-03-30,MXP,26.0621236,26.12744221,18.05383,18.05685
2026-03-30,CUC,470.521149,471.7004,1.0,1.0
2026-03-30,NIO,12.93685418,12.96927738,36.3706,37.2397
2026-03-30,DOP,7.90526123,7.92507392,59.52,59.82
2026-03-30,TTD,69.5903375,69.76474938,6.7613,6.789
2026-03-30,ANG,269.77876784,270.4549051,1.7441,1.8363
2026-03-31,EUR,541.28164781,542.63824342,1.14505,1.14512
2026-03-31,CNY,68.38621592,68.55760995,6.912,6.913
2026-03-31,TRY,10.62959928,10.65623988,44.4688,44.4751
2026-03-31,RUB,5.81412584,5.82869759,81.2995,81.3075
2026-03-31,USD,472.6855245,473.8702,1.0,1.0
2026-03-31,CAD,339.44612967,340.29687185,1.39252,1.39258
2026-03-31,INR,5.00503509,5.01757904,94.442,94.492
2026-03-31,JPY,2.96146608,2.9688883,159.612,159.618
2026-03-31,ARS,0.33884266,0.33969189,1395.0,1395.005
2026-03-31,BRL,90.15210644,90.37805157,5.2432,5.2452
2026-03-31,CLP,0.50739107,0.50866273,931.6,932.4
2026-03-31,COP,0.12875153,0.12907422,3671.3,3673.3
2026-03-31,UYU,11.65398235,11.68319033,40.56,40.66
2026-03-31,PEN,135.73166532,136.07184493,3.4825,3.483
2026-03-31,BOB,68.9045954,69.07728862,6.86,7.01
2026-03-31,MXP,26.07272812,26.1380733,18.1295,18.1328
2026-03-31,CUC,472.6855245,473.8702,1.0,1.0
2026-03-31,NIO,12.94674129,12.97918926,36.51,36.93
2026-03-31,DOP,7.91237905,7.93220957,59.74,60.04
2026-03-31,TTD,70.21055262,70.38651892,6.7324,6.7601
2026-03-31,ANG,271.01973768,271.69898514,1.7441,1.8363
2026-04-01,EUR,544.58346518,545.94833602,1.15196,1.15199
2026-04-01,CNY,68.54180165,68.71358561,6.897,6.898
2026-04-01,TRY,10.62868827,10.65532658,44.47706,44.48219
2026-04-01,RUB,5.78216918,5.79666083,81.757,81.765
2026-04-01,USD,472.732806,473.9176,1.0,1.0
2026-04-01,CAD,338.70902994,339.55792475,1.39569,1.39579
2026-04-01,INR,5.0319631,5.04457454,93.946,93.996
2026-04-01,JPY,2.97269489,2.98014526,159.025,159.033
2026-04-01,ARS,0.34231195,0.34316987,1381.0,1381.005
2026-04-01,BRL,90.57919256,90.80620808,5.219,5.221
2026-04-01,CLP,0.50890583,0.51018128,928.92,929.8
2026-04-01,COP,0.12950519,0.12982976,3650.3,3652.3
2026-04-01,UYU,11.63621341,11.66537685,40.626,40.726
2026-04-01,PEN,135.53896611,135.87866276,3.4878,3.493
2026-04-01,BOB,69.01208846,69.18505109,6.85,7.0
2026-04-01,MXP,26.2332027,26.29895007,18.0204,18.024
2026-04-01,CUC,472.732806,473.9176,1.0,1.0
2026-04-01,NIO,13.0062098,13.03880682,36.3467,37.2189
2026-04-01,DOP,7.88150726,7.90126042,59.98,60.28
2026-04-01,TTD,70.2175756,70.3935595,6.7324,6.7601
2026-04-01,ANG,271.04684708,271.72616249,1.7441,1.8363
2026-04-06,EUR,549.51817385,550.89541238,1.16203,1.16208
2026-04-06,CNY,68.79577666,68.96819716,6.8736,6.8746
2026-04-06,TRY,10.63098349,10.65762756,44.4808,44.4871
2026-04-06,RUB,5.8768182,5.89154706,80.4644,80.4724
2026-04-06,USD,472.8746505,474.0598,1.0,1.0
2026-04-06,CAD,340.50870255,341.36210782,1.38873,1.3888
2026-04-06,INR,5.05964744,5.07232826,93.46,93.51
2026-04-06,JPY,2.98443423,2.99191401,158.447,158.455
2026-04-06,ARS,0.3411794,0.34203448,1386.0,1386.005
2026-04-06,BRL,91.80071256,92.03078954,5.1511,5.1531
2026-04-06,CLP,0.51708545,0.51838141,914.5,915.35
2026-04-06,COP,0.12862787,0.12895024,3676.3,3678.3
2026-04-06,UYU,11.68168603,11.71096343,40.48,40.58
2026-04-06,PEN,136.87864373,137.22169797,3.4547,3.4552
2026-04-06,BOB,68.93216479,69.10492711,6.86,7.01
2026-04-06,MXP,26.5393032,26.60581774,17.8179,17.821
2026-04-06,CUC,472.8746505,474.0598,1.0,1.0
2026-04-06,NIO,13.00392284,13.03651413,36.364,37.2259
2026-04-06,DOP,7.84723947,7.86690673,60.26,60.56
2026-04-06,TTD,70.4384804,70.61501794,6.7133,6.741
2026-04-06,ANG,271.12817527,271.80769451,1.7441,1.8363
2026-04-07,EUR,546.19090696,547.55980648,1.15383,1.15389
2026-04-07,CNY,68.78150881,68.95389354,6.8819,6.8829
2026-04-07,TRY,10.61507592,10.64168012,44.592,44.5983
2026-04-07,RUB,5.99249861,6.0075174,78.99,79.04
2026-04-07,USD,473.3474655,474.5338,1.0,1.0
2026-04-07,CAD,340.0289247,340.88112752,1.39208,1.39212
2026-04-07,INR,5.08756949,5.10032029,93.04,93.09
2026-04-07,JPY,2.96258779,2.97001283,159.775,159.784
2026-04-07,ARS,0.34102843,0.34188314,1388.0,1388.005
2026-04-07,BRL,91.83723283,92.06740134,5.1542,5.1562
2026-04-07,CLP,0.51850965,0.51980917,912.9,914.41
2026-04-07,COP,0.12919929,0.1295231,3663.7,3665.7
2026-04-07,UYU,11.67663588,11.70590063,40.538,40.638
2026-04-07,PEN,138.25611633,138.60262289,3.4237,3.4321
2026-04-07,BOB,70.42603485,70.60254121,6.7212,7.0679
2026-04-07,MXP,26.60077358,26.66744218,17.7945,17.7967
2026-04-07,CUC,473.3474655,474.5338,1.0,1.0
2026-04-07,NIO,12.96132161,12.99380613,36.52,36.91
2026-04-07,DOP,7.81746433,7.83705697,60.55,60.85
2026-04-07,TTD,70.55620461,70.7330372,6.7088,6.7365
2026-04-07,ANG,271.39926925,272.07946792,1.7441,1.8363
2026-04-08,EUR,548.32435857,549.69860509,1.15717,1.15724
2026-04-08,CNY,69.10836604,69.28156996,6.8562,6.8572
2026-04-08,TRY,10.62121709,10.64783668,44.61078,44.61344
2026-04-08,RUB,5.98712129,6.00212661,79.14,79.19
2026-04-08,USD,473.82077925,475.0083,1.0,1.0
2026-04-08,CAD,340.66258717,341.51637812,1.39088,1.39098
2026-04-08,INR,5.09862994,5.11140846,92.931,92.981
2026-04-08,JPY,2.96219447,2.96961852,159.956,159.967
2026-04-08,ARS,0.33941316,0.34026382,1396.0,1396.005
2026-04-08,BRL,91.79548971,92.02555359,5.1617,5.1637
2026-04-08,CLP,0.51296514,0.51425077,923.69,926.03
2026-04-08,COP,0.12881865,0.1291415,3678.2,3680.2
2026-04-08,UYU,11.66701416,11.6962548,40.612,40.712
2026-04-08,PEN,137.94712334,138.29285547,3.4348,3.4353
2026-04-08,BOB,69.17091667,69.34427737,6.85,7.0
2026-04-08,MXP,26.67534295,26.74219845,17.7625,17.7647
2026-04-08,CUC,473.82077925,475.0083,1.0,1.0
2026-04-08,NIO,13.02610823,13.05875512,36.3747,37.2403
2026-04-08,DOP,7.86033144,7.88003151,60.28,60.58
2026-04-08,TTD,70.62675579,70.8037652,6.7088,6.7365
2026-04-08,ANG,271.67064918,272.351528,1.7441,1.8363
2026-04-09,EUR,555.12770435,556.51900185,1.16919,1.16926
2026-04-09,CNY,69.5254447,69.69969393,6.8287,6.8317
2026-04-09,TRY,10.66753855,10.69427424,44.5059,44.5122
2026-04-09,RUB,6.04067169,6.05581122,78.5953,78.6033
2026-04-09,USD,474.76840425,475.9583,1.0,1.0
2026-04-09,CAD,342.86733895,343.72665559,1.3847,1.38478
2026-04-09,INR,5.14754536,5.16044648,92.232,92.282
2026-04-09,JPY,2.99742666,3.00493901,158.392,158.399
2026-04-09,ARS,0.34254574,0.34340425,1386.0,1386.005
2026-04-09,BRL,93.1338455,93.36726366,5.0977,5.0997
2026-04-09,CLP,0.53028974,0.53161878,895.3,896.67
2026-04-09,COP,0.13047389,0.13080089,3638.8,3640.8
2026-04-09,UYU,11.70187331,11.73120132,40.572,40.672
2026-04-09,PEN,140.04967676,140.40067846,3.39,3.3932
2026-04-09,BOB,69.30925609,69.4829635,6.85,7.0
2026-04-09,MXP,27.23763979,27.30590455,17.4306,17.4334
2026-04-09,CUC,474.76840425,475.9583,1.0,1.0
2026-04-09,NIO,13.00379085,13.03638181,36.51,36.93
2026-04-09,DOP,7.85390246,7.87358643,60.45,60.75
2026-04-09,TTD,70.96899821,71.14686537,6.6898,6.7175
2026-04-09,ANG,272.21398099,272.89622154,1.7441,1.8363
2026-04-10,EUR,555.26930255,556.66095493,1.16837,1.16839
2026-04-10,CNY,69.52979685,69.70405699,6.8351,6.8361
2026-04-10,TRY,10.65823223,10.68494459,44.5893,44.5956
2026-04-10,RUB,6.12238919,6.13773353,77.6238,77.6318
2026-04-10,USD,475.2431145,476.4342,1.0,1.0
2026-04-10,CAD,343.78367501,344.64528823,1.38239,1.38244
2026-04-10,INR,5.14226635,5.15515424,92.419,92.469
2026-04-10,JPY,2.98517669,2.99265833,159.201,159.209
2026-04-10,ARS,0.34264103,0.34349978,1387.0,1387.005
2026-04-10,BRL,93.50393784,93.73828355,5.0826,5.0846
2026-04-10,CLP,0.53311247,0.53444859,891.45,892.96
2026-04-10,COP,0.13043945,0.13076637,3643.4,3645.4
2026-04-10,UYU,11.78356883,11.81310158,40.331,40.431
2026-04-10,PEN,140.48393818,140.83602825,3.3829,3.3852
2026-04-10,BOB,69.27742193,69.45104956,6.86,7.01
2026-04-10,MXP,27.30199601,27.37042207,17.4069,17.4094
2026-04-10,CUC,475.2431145,476.4342,1.0,1.0
2026-04-10,NIO,13.08269025,13.11547895,36.3261,37.1819
2026-04-10,DOP,7.91807921,7.93792402,60.02,60.32
2026-04-10,TTD,70.92228126,71.10003133,6.7009,6.7286
2026-04-10,ANG,272.48616163,273.16908434,1.7441,1.8363
2026-04-13,EUR,558.64851093,560.04863251,1.17372,1.17374
2026-04-13,CNY,69.71363906,69.88835996,6.8273,6.8283
2026-04-13,TRY,10.65593648,10.68264309,44.6658,44.6721
2026-04-13,RUB,6.17496659,6.1904427,77.0783,77.0863
2026-04-13,USD,475.955928,477.1488,1.0,1.0
2026-04-13,CAD,344.20469637,345.06736478,1.38277,1.38282
2026-04-13,INR,5.12336976,5.13621029,92.899,92.949
2026-04-13,JPY,2.99217265,2.99967183,159.067,159.075
2026-04-13,ARS,0.34678027,0.34764939,1372.5,1372.505
2026-04-13,BRL,94.91214389,95.15001894,5.0147,5.0167
2026-04-13,CLP,0.53424769,0.53558666,890.89,892.96
2026-04-13,COP,0.13134166,0.13167084,3623.8,3625.8
2026-04-13,UYU,11.7989025,11.82847368,40.339,40.439
2026-04-13,PEN,140.77371428,141.12653061,3.381,3.3814
2026-04-13,BOB,70.65434475,70.83142331,6.7364,7.0777
2026-04-13,MXP,27.57086995,27.63996987,17.263,17.292
2026-04-13,CUC,475.955928,477.1488,1.0,1.0
2026-04-13,NIO,13.09114115,13.12395103,36.3571,37.2106
2026-04-13,DOP,7.99657137,8.0166129,59.52,59.82
2026-04-13,TTD,70.90908018,71.08679717,6.7122,6.7399
2026-04-13,ANG,272.89486153,273.57880855,1.7441,1.8363
2026-04-14,EUR,557.81115702,559.20917997,1.17078,1.17081
2026-04-14,CNY,69.75167416,69.92649039,6.8304,6.8314
2026-04-14,TRY,10.65437831,10.68108102,44.717,44.7233
2026-04-14,RUB,6.2534039,6.26907659,76.1876,76.1956
2026-04-14,USD,476.43183525,477.6259,1.0,1.0
2026-04-14,CAD,345.03044179,345.89517974,1.38084,1.38091
2026-04-14,INR,5.10284081,5.11562988,93.366,93.416
2026-04-14,JPY,2.98493744,2.99241848,159.612,159.62
2026-04-14,ARS,0.34903431,0.34990908,1365.0,1365.005
2026-04-14,BRL,94.69923181,94.93657324,5.031,5.033
2026-04-14,CLP,0.52960997,0.53093731,899.59,900.39
2026-04-14,COP,0.1322173,0.13254867,3603.4,3605.4
2026-04-14,UYU,11.84476133,11.87444745,40.223,40.323
2026-04-14,PEN,141.51300539,141.86767457,3.3667,3.3672
2026-04-14,BOB,69.45070484,69.62476676,6.86,7.01
2026-04-14,MXP,27.43775002,27.50651631,17.3641,17.3673
2026-04-14,CUC,476.43183525,477.6259,1.0,1.0
2026-04-14,NIO,13.10516814,13.13801317,36.3545,37.2093
2026-04-14,DOP,8.01399218,8.03407737,59.45,59.75
2026-04-14,TTD,70.81329299,70.99076991,6.728,6.7557
2026-04-14,ANG,273.16772848,273.85235938,1.7441,1.8363
2026-04-15,EUR,563.56689761,564.97934598,1.18046,1.18053
2026-04-15,CNY,70.04807666,70.22363575,6.8151,6.8161
2026-04-15,TRY,10.67222532,10.69897275,44.7315,44.7378
2026-04-15,RUB,6.30710327,6.32291055,75.69,75.74
2026-04-15,USD,477.38464725,478.5811,1.0,1.0
2026-04-15,CAD,347.3328196,348.20332792,1.37443,1.37454
2026-04-15,INR,5.1307408,5.1435998,93.044,93.094
2026-04-15,JPY,3.00817063,3.01570991,158.696,158.705
2026-04-15,ARS,0.35414291,0.35503048,1348.0,1348.005
2026-04-15,BRL,95.86037093,96.10062248,4.98,4.982
2026-04-15,CLP,0.53903396,0.54038492,885.63,887.14
2026-04-15,COP,0.13338865,0.13372295,3578.9,3580.9
2026-04-15,UYU,11.87258194,11.90233778,40.209,40.309
2026-04-15,PEN,140.81727596,141.17020146,3.3901,3.3943
2026-04-15,BOB,69.69118937,69.86585401,6.85,7.0
2026-04-15,MXP,27.69373751,27.76314537,17.238,17.2415
2026-04-15,CUC,477.38464725,478.5811,1.0,1.0
2026-04-15,NIO,13.12798262,13.16088483,36.3639,37.2114
2026-04-15,DOP,8.03677857,8.05692087,59.4,59.7
2026-04-15,TTD,70.75509815,70.93242922,6.747,6.7747
2026-04-15,ANG,273.71403431,274.4000344,1.7441,1.8363
2026-04-16,EUR,564.56896139,565.9839212,1.1796,1.17968
2026-04-16,CNY,70.17273552,70.34860703,6.82,6.821
2026-04-16,TRY,10.69510548,10.72191026,44.74739,44.74951
2026-04-16,RUB,6.33668396,6.35256537,75.525,75.675
2026-04-16,USD,478.57805625,479.7775,1.0,1.0
2026-04-16,CAD,348.16311618,349.03570545,1.37458,1.37465
2026-04-16,INR,5.12374262,5.13658408,93.404,93.454
2026-04-16,JPY,3.01056865,3.01811393,158.966,158.973
2026-04-16,ARS,0.35163707,0.35251836,1361.0,1361.005
2026-04-16,BRL,95.84404226,96.08425289,4.9933,4.9953
2026-04-16,CLP,0.54086394,0.54221949,884.84,886.35
2026-04-16,COP,0.13347223,0.13380675,3585.6,3587.6
2026-04-16,UYU,11.9944375,12.02449874,39.9,40.0
2026-04-16,PEN,141.2359617,141.58993655,3.3885,3.3928
2026-04-16,BOB,69.76356505,69.93841107,6.86,7.01
2026-04-16,MXP,27.7319196,27.80142316,17.2573,17.26124
2026-04-16,CUC,478.57805625,479.7775,1.0,1.0
2026-04-16,NIO,13.15692973,13.18990449,36.3746,37.2237
2026-04-16,DOP,8.0190693,8.03916722,59.68,59.98
2026-04-16,TTD,70.84063179,71.01817724,6.7557,6.7834
2026-04-16,ANG,274.39828923,275.08600424,1.7441,1.8363
2026-04-17,EUR,563.99807512,565.41160413,1.17728,1.17731
2026-04-17,CNY,70.23980719,70.41584681,6.8203,6.8213
2026-04-17,TRY,10.70225674,10.72907944,44.7622,44.7685
2026-04-17,RUB,6.27530203,6.2910296,76.34,76.39
2026-04-17,USD,479.056557,480.2572,1.0,1.0
2026-04-17,CAD,349.25568257,350.13101009,1.37165,1.3717
2026-04-17,INR,5.13937494,5.15225558,93.213,93.263
2026-04-17,JPY,3.00828,3.01581954,159.246,159.253
2026-04-17,ARS,0.35380838,0.35469512,1354.0,1354.005
2026-04-17,BRL,95.61052928,95.85015467,5.0105,5.0125
2026-04-17,CLP,0.54108674,0.54244284,885.36,886.59
2026-04-17,COP,0.13270999,0.1330426,3609.8,3611.8
2026-04-17,UYU,12.04628236,12.07647354,39.768,39.868
2026-04-17,PEN,139.68699722,140.03708995,3.4295,3.4301
2026-04-17,BOB,69.93526379,70.11054014,6.85,7.0
2026-04-17,MXP,27.71695689,27.78642295,17.28388,17.2874
2026-04-17,CUC,479.056557,480.2572,1.0,1.0
2026-04-17,NIO,13.1767862,13.20981073,36.3561,37.2045
2026-04-17,DOP,8.01634131,8.03643239,59.76,60.06
2026-04-17,TTD,70.93561124,71.11339473,6.7534,6.7811
2026-04-17,ANG,274.67264319,275.36104581,1.7441,1.8363
2026-04-20,EUR,567.09411444,568.51540295,1.18138,1.18141
2026-04-20,CNY,70.36274637,70.5390941,6.822,6.823
2026-04-20,TRY,10.70396861,10.7307956,44.84455,44.84952
2026-04-20,RUB,6.32416211,6.34001214,75.9017,75.9097
2026-04-20,USD,480.01465575,481.2177,1.0,1.0
2026-04-20,CAD,351.17028001,352.05040602,1.3669,1.36697
2026-04-20,INR,5.17424442,5.18721246,92.77,92.82
2026-04-20,JPY,3.04108928,3.04871106,157.843,157.851
2026-04-20,ARS,0.35477801,0.35566718,1353.0,1353.005
2026-04-20,BRL,96.42333689,96.66499939,4.9782,4.9802
2026-04-20,CLP,0.54898344,0.55035934,874.37,875.88
2026-04-20,COP,0.13305281,0.13338628,3607.7,3609.7
2026-04-20,UYU,12.07857516,12.10884728,39.741,39.841
2026-04-20,PEN,139.81552363,140.16593848,3.4332,3.4337
2026-04-20,BOB,71.23041679,71.40893914,6.7389,7.078
2026-04-20,MXP,27.9163498,27.98631559,17.19475,17.19848
2026-04-20,CUC,480.01465575,481.2177,1.0,1.0
2026-04-20,NIO,13.20001693,13.23309968,36.3647,37.2124
2026-04-20,DOP,8.00157785,8.02163193,59.99,60.29
2026-04-20,TTD,71.26743114,71.44604626,6.7354,6.7631
2026-04-20,ANG,275.22198024,275.91175964,1.7441,1.8363
2026-04-21,EUR,566.16204438,567.58099688,1.17826,1.17829
2026-04-21,CNY,70.4858004,70.66245654,6.8169,6.8179
2026-04-21,TRY,10.70740173,10.73423732,44.875,44.8813
2026-04-21,RUB,6.41221246,6.42828317,74.9343,74.9423
2026-04-21,USD,480.49465275,481.6989,1.0,1.0
2026-04-21,CAD,351.92049859,352.80250485,1.36535,1.36542
2026-04-21,INR,5.16067162,5.17360563,93.107,93.158
2026-04-21,JPY,3.0282831,3.03587279,158.669,158.677
2026-04-21,ARS,0.35021476,0.35109249,1372.0,1372.005
2026-04-21,BRL,96.4713098,96.71309253,4.9807,4.9827
2026-04-21,CLP,0.54578097,0.54714884,880.38,881.61
2026-04-21,COP,0.13440409,0.13474095,3575.0,3577.0
2026-04-21,UYU,12.24714407,12.27783866,39.2332,40.2524
2026-04-21,PEN,139.80873276,140.15913058,3.4368,3.4378
2026-04-21,BOB,70.14520478,70.32100729,6.85,7.0
2026-04-21,MXP,27.7359401,27.80545373,17.3239,17.326
2026-04-21,CUC,480.49465275,481.6989,1.0,1.0
2026-04-21,NIO,13.1606314,13.19361544,36.51,36.93
2026-04-21,DOP,8.00290893,8.02296635,60.04,60.34
2026-04-21,TTD,71.63009134,71.80961538,6.708,6.7357
2026-04-21,ANG,275.4971921,276.18766125,1.7441,1.8363
2026-04-22,EUR,566.29035676,567.70963084,1.17594,1.17597
2026-04-22,CNY,70.65330098,70.83037692,6.8157,6.8167
2026-04-22,TRY,10.72949868,10.75638966,44.8811,44.8874
2026-04-22,RUB,6.41726683,6.43335021,75.04,75.09
2026-04-22,USD,481.5517035,482.7586,1.0,1.0
2026-04-22,CAD,352.71277942,353.59677135,1.36528,1.36539
2026-04-22,INR,5.1513875,5.16429824,93.48,93.53
2026-04-22,JPY,3.02533534,3.03291764,159.173,159.193
2026-04-22,ARS,0.3499649,0.350842,1376.0,1376.005
2026-04-22,BRL,97.21443494,97.45808014,4.9535,4.9555
2026-04-22,CLP,0.54267295,0.54403304,887.37,888.58
2026-04-22,COP,0.13485443,0.13519241,3570.9,3572.9
2026-04-22,UYU,12.13373909,12.16414946,39.687,39.787
2026-04-22,PEN,140.21421602,140.56563009,3.4344,3.435
2026-04-22,BOB,71.45532162,71.63440764,6.7392,7.0793
2026-04-22,MXP,27.80706931,27.87676121,17.3176,17.3202
2026-04-22,CUC,481.5517035,482.7586,1.0,1.0
2026-04-22,NIO,13.24031837,13.27350213,36.3701,37.2203
2026-04-22,DOP,8.08515284,8.10541638,59.56,59.86
2026-04-22,TTD,71.87553412,72.0556733,6.6998,6.7275
2026-04-22,ANG,276.10326443,276.79525256,1.7441,1.8363
2026-04-23,EUR,565.59582385,567.01335724,1.17309,1.17312
2026-04-23,CNY,70.64686867,70.82392849,6.8245,6.8255
2026-04-23,TRY,10.73199602,10.75889325,44.9245,44.926
2026-04-23,RUB,6.41641675,6.432498,75.14,75.19
2026-04-23,USD,482.12955525,483.3379,1.0,1.0
2026-04-23,CAD,353.07396101,353.95885816,1.36552,1.36564
2026-04-23,INR,5.14134423,5.1542298,93.775,93.825
2026-04-23,JPY,3.02729202,3.03487922,159.261,159.269
2026-04-23,ARS,0.35051221,0.35139069,1375.5,1375.505
2026-04-23,BRL,96.99820043,97.24130369,4.9705,4.9714
2026-04-23,CLP,0.54165165,0.54300917,890.11,891.23
2026-04-23,COP,0.13502382,0.13536222,3570.7,3572.7
2026-04-23,UYU,12.19562277,12.22618824,39.533,39.633
2026-04-23,PEN,140.30484976,140.65649099,3.4363,3.4367
2026-04-23,BOB,70.38387667,70.56027737,6.85,7.0
2026-04-23,MXP,27.83304402,27.90280102,17.3222,17.3252
2026-04-23,CUC,482.12955525,483.3379,1.0,1.0
2026-04-23,NIO,13.24677314,13.27997307,36.396,37.2474
2026-04-23,DOP,8.11529296,8.13563204,59.41,59.71
2026-04-23,TTD,72.18805103,72.36897346,6.6788,6.7065
2026-04-23,ANG,276.43458244,277.12740095,1.7441,1.8363
2026-04-24,EUR,565.42633325,566.84344186,1.17143,1.17148
2026-04-24,CNY,70.6283219,70.80533524,6.8338,6.8348
2026-04-24,TRY,10.74561749,10.77254886,44.9169,44.9232
2026-04-24,RUB,6.37408614,6.3900613,75.7222,75.7302
2026-04-24,USD,482.65982625,483.8695,1.0,1.0
2026-04-24,CAD,352.89374012,353.77818559,1.36772,1.36779
2026-04-24,INR,5.13004013,5.14289738,94.085,94.135
2026-04-24,JPY,3.02915705,3.03674892,159.338,159.345
2026-04-24,ARS,0.34950023,0.35037617,1381.0,1381.005
2026-04-24,BRL,97.65499772,97.89974709,4.9425,4.9433
2026-04-24,CLP,0.54132299,0.54267969,891.63,892.93
2026-04-24,COP,0.13539984,0.13573919,3564.7,3566.7
2026-04-24,UYU,12.18837945,12.21892676,39.6,39.7
2026-04-24,PEN,139.65447361,140.00448482,3.4561,3.4566
2026-04-24,BOB,70.35857525,70.53491253,6.86,7.01
2026-04-24,MXP,27.84613405,27.91592386,17.3331,17.336
2026-04-24,CUC,482.65982625,483.8695,1.0,1.0
2026-04-24,NIO,13.26907161,13.30232743,36.3748,37.2309
2026-04-24,DOP,8.1283231,8.14869484,59.38,59.68
2026-04-24,TTD,71.86715697,72.04727516,6.716,6.7437
2026-04-24,ANG,276.73861948,277.43219998,1.7441,1.8363
2026-04-27,EUR,565.98467246,567.40318041,1.17047,1.17053
2026-04-27,CNY,70.73888126,70.91617169,6.8354,6.8364
2026-04-27,TRY,10.73982828,10.76674514,45.022,45.0283
2026-04-27,RUB,6.42564563,6.44175001,75.2498,75.2578
2026-04-27,USD,483.528549,484.7404,1.0,1.0
2026-04-27,CAD,353.40487428,354.29060078,1.3682,1.3687
2026-04-27,INR,5.13147417,5.14433501,94.228,94.277
2026-04-27,JPY,3.03029203,3.03788675,159.565,159.58
2026-04-27,ARS,0.34587163,0.34673848,1398.0,1398.005
2026-04-27,BRL,96.55508386,96.79707656,5.0078,5.0088
2026-04-27,CLP,0.54118656,0.54254292,893.46,894.94
2026-04-27,COP,0.13597923,0.13632003,3555.9,3557.9
2026-04-27,UYU,12.16209847,12.19257992,39.757,39.857
2026-04-27,PEN,139.38557192,139.73490919,3.469,3.4694
2026-04-27,BOB,70.58810934,70.76502189,6.85,7.0
2026-04-27,MXP,27.76601829,27.83560731,17.4144,17.4159
2026-04-27,CUC,483.528549,484.7404,1.0,1.0
2026-04-27,NIO,13.29613428,13.32945792,36.3661,37.2204
2026-04-27,DOP,8.16219697,8.18265361,59.24,59.54
2026-04-27,TTD,72.05659111,72.23718407,6.7104,6.7381
2026-04-27,ANG,277.23671177,277.93154062,1.7441,1.8363
2026-04-28,EUR,567.87196282,569.29520082,1.17324,1.17326
2026-04-28,CNY,70.94558099,71.12338947,6.8223,6.8233
2026-04-28,TRY,10.75042394,10.77736736,45.0226,45.0289
2026-04-28,RUB,6.45846254,6.47464916,74.9423,74.9503
2026-04-28,USD,484.01203725,485.2251,1.0,1.0
2026-04-28,CAD,355.37382138,356.26448259,1.36198,1.36204
2026-04-28,INR,5.13976889,5.15265052,94.17,94.22
2026-04-28,JPY,3.03895947,3.04657591,159.269,159.276
2026-04-28,ARS,0.34302766,0.34388738,1411.0,1411.005
2026-04-28,BRL,97.39064695,97.63473379,4.9698,4.9719
2026-04-28,CLP,0.54028848,0.54164259,895.84,896.96
2026-04-28,COP,0.13603868,0.13637963,3557.9,3559.9
2026-04-28,UYU,12.23550324,12.26616866,39.558,39.658
2026-04-28,PEN,138.05249208,138.3984883,3.506,3.5069
2026-04-28,BOB,70.55569056,70.73252186,6.86,7.01
2026-04-28,MXP,27.84831316,27.91810843,17.3803,17.3828
2026-04-28,CUC,484.01203725,485.2251,1.0,1.0
2026-04-28,NIO,13.29305337,13.3263693,36.4109,37.263
2026-04-28,DOP,8.20637567,8.22694303,58.98,59.28
2026-04-28,TTD,71.74800433,71.92782389,6.746,6.7737
2026-04-28,ANG,277.51392537,278.20944899,1.7441,1.8363
2026-04-29,EUR,568.00373937,569.42730764,1.17116,1.17119
2026-04-29,CNY,70.93565961,71.11344322,6.8369,6.8379
2026-04-29,TRY,10.76553933,10.79252063,45.0493,45.0556
2026-04-29,RUB,6.45435202,6.47052834,75.14,75.19
2026-04-29,USD,484.98001125,486.1955,1.0,1.0
2026-04-29,CAD,354.63939456,355.5282151,1.36753,1.3676
2026-04-29,INR,5.13097768,5.14383728,94.52,94.57
2026-04-29,JPY,3.03830306,3.04591785,159.622,159.631
2026-04-29,ARS,0.34444603,0.3453093,1408.0,1408.005
2026-04-29,BRL,97.04258268,97.28579718,4.9976,4.9987
2026-04-29,CLP,0.54091615,0.54227182,896.59,897.2
2026-04-29,COP,0.1332509,0.13358487,3639.6,3641.6
2026-04-29,UYU,12.19124736,12.22180186,39.781,39.881
2026-04-29,PEN,137.55956752,137.90432834,3.5256,3.526
2026-04-29,BOB,70.80000164,70.97744525,6.85,7.0
2026-04-29,MXP,27.89517947,27.9650922,17.3858,17.3885
2026-04-29,CUC,484.98001125,486.1955,1.0,1.0
2026-04-29,NIO,13.33707367,13.37049992,36.3633,37.2183
2026-04-29,DOP,8.23535424,8.25599422,58.89,59.19
2026-04-29,TTD,71.88083759,72.06099006,6.747,6.7747
2026-04-29,ANG,278.06892451,278.76583911,1.7441,1.8363
2026-04-30,EUR,568.33943386,569.76384347,1.16962,1.16966
2026-04-30,CNY,71.06938745,71.24750621,6.837,6.838
2026-04-30,TRY,10.78271313,10.80973747,45.063,45.077
2026-04-30,RUB,6.4752319,6.49146055,75.04,75.09
2026-04-30,USD,485.901402,487.1192,1.0,1.0
2026-04-30,CAD,355.11839828,356.00841932,1.36828,1.36834
2026-04-30,INR,5.1244611,5.13730436,94.82,94.87
2026-04-30,JPY,3.03345216,3.0410548,160.181,160.191
2026-04-30,ARS,0.34881651,0.34969073,1393.0,1393.005
2026-04-30,BRL,97.16084823,97.40435912,5.001,5.0018
2026-04-30,CLP,0.537799,0.53914687,903.5,904.23
2026-04-30,COP,0.13432709,0.13466375,3617.3,3619.3
2026-04-30,UYU,12.1868376,12.21738105,39.871,39.971
2026-04-30,PEN,137.38835694,137.73268866,3.5367,3.539
2026-04-30,BOB,70.83110816,71.00862973,6.86,7.01
2026-04-30,MXP,27.79295208,27.8626086,17.4829,17.4865
2026-04-30,CUC,485.901402,487.1192,1.0,1.0
2026-04-30,NIO,13.30143449,13.33477142,36.53,36.9
2026-04-30,DOP,8.18980957,8.21033541,59.33,59.63
2026-04-30,TTD,71.81516435,71.99515223,6.766,6.7937
2026-04-30,ANG,278.5972146,279.29545324,1.7441,1.8363
2026-05-04,EUR,572.75832755,574.19381208,1.17285,1.17289
2026-05-04,CNY,71.52619824,71.70546189,6.8273,6.8283
2026-05-04,TRY,10.80798747,10.83507516,45.1824,45.1887
2026-05-04,RUB,6.51807357,6.53440959,74.9195,74.9275
2026-05-04,USD,488.33081325,489.5547,1.0,1.0
2026-05-04,CAD,358.77131571,359.67049194,1.36112,1.36121
2026-05-04,INR,5.1462832,5.15918115,94.89,94.94
2026-05-04,JPY,3.11528846,3.1230962,156.753,156.761
2026-05-04,ARS,0.35424796,0.35513579,1378.5,1378.505
2026-05-04,BRL,98.15300153,98.39899903,4.9752,4.9761
2026-05-04,CLP,0.54112874,0.54248495,902.43,903.76
2026-05-04,COP,0.13462653,0.13496394,3627.3,3629.3
2026-05-04,UYU,12.12099913,12.15137758,40.288,40.388
2026-05-04,PEN,138.61614387,138.96355275,3.5229,3.5233
2026-05-04,BOB,71.28916981,71.46783941,6.85,7.0
2026-05-04,MXP,27.87785515,27.94772447,17.5168,17.5196
2026-05-04,CUC,488.33081325,489.5547,1.0,1.0
2026-05-04,NIO,13.4229094,13.45655078,36.3804,37.2342
2026-05-04,DOP,8.19484499,8.21538345,59.59,59.89
2026-05-04,TTD,72.17422601,72.3551138,6.766,6.7937
2026-05-04,ANG,279.99014577,280.69187546,1.7441,1.8363
2026-05-05,EUR,572.60268144,574.03777588,1.17136,1.1714
2026-05-05,CNY,71.57465253,71.75403763,6.8295,6.8305
2026-05-05,TRY,10.81502906,10.84213439,45.19813,45.20046
2026-05-05,RUB,6.46671635,6.48292366,75.59,75.64
2026-05-05,USD,488.8190895,490.0442,1.0,1.0
2026-05-05,CAD,359.18018524,360.0803862,1.36093,1.36099
2026-05-05,INR,5.14183775,5.15472456,95.067,95.118
2026-05-05,JPY,3.11272416,3.12052547,157.039,157.047
2026-05-05,ARS,0.35040794,0.35128616,1395.0,1395.005
2026-05-05,BRL,98.7134412,98.96084331,4.9519,4.9532
2026-05-05,CLP,0.53840631,0.53975569,907.9,909.1
2026-05-05,COP,0.13236726,0.13269901,3692.9,3694.9
2026-05-05,UYU,12.14366853,12.17410379,40.253,40.353
2026-05-05,PEN,139.09429744,139.4429047,3.5143,3.5149
2026-05-05,BOB,72.24639218,72.42746083,6.766,7.1078
2026-05-05,MXP,28.00404974,28.07423533,17.4553,17.4577
2026-05-05,CUC,488.8190895,490.0442,1.0,1.0
2026-05-05,NIO,13.43880577,13.47248698,36.3737,37.2282
2026-05-05,DOP,8.24871902,8.2693925,59.26,59.56
2026-05-05,TTD,72.92541988,73.10819036,6.703,6.7307
2026-05-05,ANG,280.27010463,280.97253597,1.7441,1.8363
2026-05-06,EUR,576.07805741,577.52186207,1.17049,1.17055
2026-05-06,CNY,72.05608473,72.23667642,6.83,6.8305
2026-05-06,TRY,10.88460494,10.91188465,45.2146,45.2209
2026-05-06,RUB,6.52493283,6.54128604,75.425,75.575
2026-05-06,USD,492.14305875,493.3765,1.0,1.0
2026-05-06,CAD,361.46324998,362.36917291,1.36153,1.36164
2026-05-06,INR,5.16631386,5.17926201,95.26,95.31
2026-05-06,JPY,3.12049773,3.12831852,157.713,157.719
2026-05-06,ARS,0.35215961,0.35304221,1397.5,1397.505
2026-05-06,BRL,100.13898562,100.38996052,4.9146,4.9459
2026-05-06,CLP,0.5445265,0.54589123,903.8,904.92
2026-05-06,COP,0.13213313,0.13246429,3724.6,3726.6
2026-05-06,UYU,12.25364287,12.28435375,40.163,40.263
2026-05-06,PEN,141.26210819,141.61614856,3.4839,3.4844
2026-05-06,BOB,71.74097066,71.92077259,6.86,7.01
2026-05-06,MXP,28.30458025,28.37551905,17.3874,17.3892
2026-05-06,CUC,492.14305875,493.3765,1.0,1.0
2026-05-06,NIO,13.52494678,13.55884389,36.3878,37.2435
2026-05-06,DOP,8.28663173,8.30740023,59.39,59.69
2026-05-06,TTD,73.65205907,73.8366507,6.682,6.7097
2026-05-06,ANG,282.17594102,282.8831489,1.7441,1.8363
2026-05-07,EUR,582.4100908,583.86976521,1.17517,1.17519
2026-05-07,CNY,72.75754602,72.93989576,6.8115,6.8116
2026-05-07,TRY,10.95719768,10.98465933,45.22945,45.23134
2026-05-07,RUB,6.63526609,6.65189583,74.69,74.74
2026-05-07,USD,495.58802475,496.8301,1.0,1.0
2026-05-07,CAD,363.74500884,364.65665047,1.36246,1.36257
2026-05-07,INR,5.23822032,5.25134869,94.61,94.62
2026-05-07,JPY,3.1701808,3.17812611,156.328,156.338
2026-05-07,ARS,0.35756711,0.35846327,1386.0,1386.005
2026-05-07,BRL,100.62088091,100.87306356,4.9253,4.9269
2026-05-07,CLP,0.55690305,0.55829879,889.9,890.8
2026-05-07,COP,0.13465968,0.13499717,3680.3,3682.3
2026-05-07,UYU,12.39899986,12.43007505,39.97,40.07
2026-05-07,PEN,142.84545591,143.20346457,3.4694,3.4698
2026-05-07,BOB,72.34861675,72.5299416,6.85,7.0
2026-05-07,MXP,28.73815376,28.81017921,17.24495,17.24885
2026-05-07,CUC,495.58802475,496.8301,1.0,1.0
2026-05-07,NIO,13.62126752,13.65540603,36.3834,37.2319
2026-05-07,DOP,8.36012187,8.38107456,59.28,59.58
2026-05-07,TTD,74.70875915,74.89599915,6.6336,6.6613
2026-05-07,ANG,284.15115231,284.86331058,1.7441,1.8363
2026-05-08,EUR,586.62598784,588.09622841,1.17647,1.17652
2026-05-08,CNY,73.31438729,73.49813262,6.801,6.8011
2026-05-08,TRY,11.0200026,11.04762165,45.24601,45.2488
2026-05-08,RUB,6.68864616,6.70540968,74.5459,74.5539
2026-05-08,USD,498.611148,499.8608,1.0,1.0
2026-05-08,CAD,365.56409545,366.48029619,1.36395,1.36407
2026-05-08,INR,5.29086532,5.30412563,94.24,94.29
2026-05-08,JPY,3.18711343,3.19510118,156.446,156.451
2026-05-08,ARS,0.35845517,0.35935355,1391.0,1391.005
2026-05-08,BRL,101.25317764,101.506945,4.9244,4.9257
2026-05-08,CLP,0.56238568,0.56379517,886.6,887.4
2026-05-08,COP,0.13400283,0.13433868,3720.9,3722.9
2026-05-08,UYU,12.50655031,12.53789505,39.868,39.968
2026-05-08,PEN,144.38268025,144.74454161,3.4534,3.4539
2026-05-08,BOB,72.68384081,72.86600583,6.86,7.01
2026-05-08,MXP,28.93681619,29.00933954,17.23103,17.23386
2026-05-08,CUC,498.611148,499.8608,1.0,1.0
2026-05-08,NIO,13.70383094,13.73817638,36.3848,37.2349
2026-05-08,DOP,8.4224856,8.44359459,59.2,59.5
2026-05-08,TTD,74.71061118,74.89785582,6.6739,6.7016
2026-05-08,ANG,285.88449515,286.60099764,1.7441,1.8363
2026-05-11,EUR,587.79915723,589.27233807,1.17742,1.17746
2026-05-11,CNY,73.4120746,73.59606476,6.8001,6.8011
2026-05-11,TRY,11.00518875,11.03277068,45.36128,45.365
2026-05-11,RUB,6.69720215,6.71398712,74.54,74.59
2026-05-11,USD,499.2094485,500.4606,1.0,1.0
2026-05-11,CAD,364.49021874,365.40372806,1.36961,1.36974
2026-05-11,INR,5.28431722,5.29756113,94.47,94.52
2026-05-11,JPY,3.18773873,3.19572805,156.603,156.61
2026-05-11,ARS,0.35940205,0.3603028,1389.0,1389.005
2026-05-11,BRL,101.93981101,102.19529925,4.8971,4.8984
2026-05-11,CLP,0.55981502,0.56121806,891.74,892.86
2026-05-11,COP,0.13362137,0.13395626,3736.0,3738.0
2026-05-11,UYU,12.52155735,12.5529397,39.868,39.968
2026-05-11,PEN,144.41374927,144.77568849,3.4568,3.46
2026-05-11,BOB,72.87729175,73.0599416,6.85,7.0
2026-05-11,MXP,29.00306458,29.07575396,17.2123,17.2137
2026-05-11,CUC,499.2094485,500.4606,1.0,1.0
2026-05-11,NIO,13.72623521,13.7606368,36.369,37.219
2026-05-11,DOP,8.45830986,8.47950864,59.02,59.32
2026-05-11,TTD,74.90688561,75.09462217,6.6644,6.6921
2026-05-11,ANG,286.22753769,286.94489994,1.7441,1.8363
2026-05-12,EUR,593.5643245,595.05195439,1.17848,1.17852
2026-05-12,CNY,74.12429003,74.31006519,6.7947,6.7957
2026-05-12,TRY,11.10121896,11.12904157,45.3691,45.3754
2026-05-12,RUB,6.84292543,6.86007562,73.6019,73.6099
2026-05-12,USD,503.6523135,504.9146,1.0,1.0
2026-05-12,CAD,368.59530704,369.5191048,1.36641,1.36645
2026-05-12,INR,5.28491409,5.29815949,95.3,95.35
2026-05-12,JPY,3.20752705,3.21556597,157.022,157.029
2026-05-12,ARS,0.35949487,0.36039586,1401.0,1401.005
2026-05-12,BRL,103.01112909,103.26930235,4.8893,4.89
2026-05-12,CLP,0.56448708,0.56590184,892.23,893.35
2026-05-12,COP,0.13456205,0.1348993,3742.9,3744.9
2026-05-12,UYU,12.67145478,12.70321282,39.747,39.847
2026-05-12,PEN,146.76039206,147.12821259,3.4318,3.4333
2026-05-12,BOB,73.41870459,73.60271137,6.86,7.01
2026-05-12,MXP,29.32297588,29.39646705,17.17603,17.17955
2026-05-12,CUC,503.6523135,504.9146,1.0,1.0
2026-05-12,NIO,13.84413261,13.87882969,36.3802,37.23
2026-05-12,DOP,8.5611476,8.58260411,58.83,59.13
2026-05-12,TTD,75.19667853,75.38514138,6.6978,6.7255
2026-05-12,ANG,288.77490596,289.4986526,1.7441,1.8363
2026-05-13,EUR,595.11201839,596.60352721,1.17298,1.17303
2026-05-13,CNY,74.70056673,74.8877862,6.7915,6.7925
2026-05-13,TRY,11.17686102,11.20487321,45.391,45.3973
2026-05-13,RUB,6.87530693,6.89253828,73.79,73.84
2026-05-13,USD,507.328899,508.6004,1.0,1.0
2026-05-13,CAD,369.91075326,370.83784788,1.37149,1.3716
2026-05-13,INR,5.30578864,5.31908636,95.618,95.668
2026-05-13,JPY,3.21662238,3.22468409,157.721,157.728
2026-05-13,ARS,0.36603816,0.36695555,1386.0,1386.005
2026-05-13,BRL,103.52172118,103.78117411,4.9007,4.9023
2026-05-13,CLP,0.56520599,0.56662254,897.6,898.65
2026-05-13,COP,0.1341643,0.13450055,3781.4,3783.4
2026-05-13,UYU,12.77552564,12.8075445,39.711,39.811
2026-05-13,PEN,147.75852599,148.12884811,3.4335,3.4339
2026-05-13,BOB,74.06261299,74.24823357,6.85,7.0
2026-05-13,MXP,29.39793009,29.47160911,17.2573,17.2616
2026-05-13,CUC,507.328899,508.6004,1.0,1.0
2026-05-13,NIO,13.94684115,13.98179563,36.3759,37.2276
2026-05-13,DOP,8.64716037,8.66883245,58.67,58.97
2026-05-13,TTD,75.85545954,76.04557348,6.6881,6.7158
2026-05-13,ANG,290.88291898,291.61194885,1.7441,1.8363
2026-05-14,EUR,596.62640827,598.12171255,1.17096,1.17098
2026-05-14,CNY,75.03502521,75.22308292,6.7903,6.7913
2026-05-14,TRY,11.21955602,11.2476752,45.4127,45.419
2026-05-14,RUB,6.92363543,6.9409879,73.59,73.64
2026-05-14,USD,509.51033175,510.7873,1.0,1.0
2026-05-14,CAD,371.83207086,372.76398082,1.37027,1.37033
2026-05-14,INR,5.32375875,5.3371015,95.705,95.715
2026-05-14,JPY,3.22795646,3.23604657,157.843,157.849
2026-05-14,ARS,0.36734703,0.3682677,1387.0,1387.005
2026-05-14,BRL,103.78049327,104.04059476,4.9095,4.9107
2026-05-14,CLP,0.57257358,0.5740086,889.86,890.98
2026-05-14,COP,0.13408166,0.13441771,3800.0,3802.0
2026-05-14,UYU,12.79790846,12.82998342,39.812,39.912
2026-05-14,PEN,148.9491425,149.32244862,3.4207,3.422
2026-05-14,BOB,74.27264311,74.45879008,6.86,7.01
2026-05-14,MXP,29.62682768,29.70108038,17.1976,17.1989
2026-05-14,CUC,509.51033175,510.7873,1.0,1.0
2026-05-14,NIO,14.00931364,14.0444247,36.3694,37.2231
2026-05-14,DOP,8.62407467,8.64568889,59.08,59.38
2026-05-14,TTD,75.57818463,75.76760364,6.7415,6.7692
2026-05-14,ANG,292.13366879,292.86583338,1.7441,1.8363
2026-05-15,EUR,599.94841269,601.4520428,1.16742,1.16746
2026-05-15,CNY,75.74389794,75.93373227,6.7846,6.7856
2026-05-15,TRY,11.31198243,11.34033326,45.429,45.4353
2026-05-15,RUB,7.01470052,7.03228122,73.2593,73.2673
2026-05-15,USD,513.89205,515.18,1.0,1.0
2026-05-15,CAD,374.18324996,375.12105259,1.37337,1.37343
2026-05-15,INR,5.36685064,5.3803014,95.753,95.802
2026-05-15,JPY,3.24910883,3.25725196,158.164,158.172
2026-05-15,ARS,0.36811751,0.36904011,1396.0,1396.005
2026-05-15,BRL,103.10008225,103.35847845,4.9844,4.985
2026-05-15,CLP,0.57671344,0.57815884,891.07,892.37
2026-05-15,COP,0.13565241,0.13599239,3788.3,3790.3
2026-05-15,UYU,12.83542847,12.86759747,40.037,40.137
2026-05-15,PEN,150.53814043,150.915429,3.4137,3.4141
2026-05-15,BOB,75.02073722,75.20875912,6.85,7.0
2026-05-15,MXP,29.84950424,29.92431503,17.2161,17.2175
2026-05-15,CUC,513.89205,515.18,1.0,1.0
2026-05-15,NIO,14.12528655,14.16068827,36.381,37.2352
2026-05-15,DOP,8.62958942,8.65121746,59.55,59.85
2026-05-15,TTD,76.3368514,76.52817183,6.7319,6.7596
2026-05-15,ANG,294.64597786,295.38443896,1.7441,1.8363
2026-05-19,EUR,600.68221534,602.18768455,1.16258,1.16261
2026-05-19,CNY,75.88335442,76.07353826,6.8087,6.8097
2026-05-19,TRY,11.34424858,11.37268028,45.5444,45.5507
2026-05-19,RUB,7.09636252,7.11414789,72.8073,72.8153
2026-05-19,USD,516.66699525,517.9619,1.0,1.0
2026-05-19,CAD,375.41107141,376.35195128,1.37627,1.37638
2026-05-19,INR,5.38447183,5.39796675,95.955,96.005
2026-05-19,JPY,3.25711887,3.26528207,158.627,158.631
2026-05-19,ARS,0.37063629,0.3715652,1394.0,1394.005
2026-05-19,BRL,101.88660919,102.1419641,5.071,5.0718
2026-05-19,CLP,0.57118045,0.57261198,904.56,905.86
2026-05-19,COP,0.13641732,0.13675922,3787.4,3789.4
2026-05-19,UYU,12.89282315,12.92513599,40.074,40.174
2026-05-19,PEN,150.56593188,150.9432901,3.4315,3.432
2026-05-19,BOB,75.31588852,75.50465014,6.86,7.01
2026-05-19,MXP,29.7578097,29.83239068,17.3624,17.36646
2026-05-19,CUC,516.66699525,517.9619,1.0,1.0
2026-05-19,NIO,14.19925839,14.2348455,36.3869,37.2457
2026-05-19,DOP,8.7068924,8.72871418,59.34,59.64
2026-05-19,TTD,76.61249354,76.80450481,6.7439,6.7716
2026-05-19,ANG,296.23702496,296.97947365,1.7441,1.8363
2026-05-20,EUR,602.64589843,604.15628916,1.15978,1.1598
2026-05-20,CNY,76.34727435,76.5386209,6.8059,6.8069
2026-05-20,TRY,11.40262488,11.43120288,45.5695,45.5758
2026-05-20,RUB,7.2981764,7.31646757,71.1975,71.2055
2026-05-20,USD,519.6119145,520.9142,1.0,1.0
2026-05-20,CAD,377.52616648,378.47234735,1.37636,1.37642
2026-05-20,INR,5.38335213,5.39684424,96.522,96.573
2026-05-20,JPY,3.26526813,3.27345176,159.133,159.137
2026-05-20,ARS,0.37154945,0.37248065,1398.5,1398.505
2026-05-20,BRL,102.87918793,103.13703051,5.0507,5.0513
2026-05-20,CLP,0.57271395,0.57414932,907.28,908.4
2026-05-20,COP,0.13684801,0.13719099,3797.0,3799.0
2026-05-20,UYU,12.89455578,12.92687296,40.297,40.397
2026-05-20,PEN,151.7912814,152.17171068,3.4232,3.4237
2026-05-20,BOB,75.74517704,75.93501457,6.86,7.01
2026-05-20,MXP,29.87065054,29.94551433,17.3954,17.3989
2026-05-20,CUC,519.6119145,520.9142,1.0,1.0
2026-05-20,NIO,14.28392118,14.31972048,36.3774,37.238
2026-05-20,DOP,8.85651805,8.87871484,58.67,58.97
2026-05-20,TTD,77.5077438,77.7019988,6.704,6.7317
2026-05-20,ANG,297.92552863,298.67220916,1.7441,1.8363
2026-05-21,EUR,607.81963576,609.34299325,1.16348,1.16359
2026-05-21,CNY,76.78124035,76.97367454,6.8033,6.8043
2026-05-21,TRY,11.45688806,11.48560206,45.59404,45.59761
2026-05-21,RUB,7.30683749,7.32515037,71.49,71.54
2026-05-21,USD,522.3658125,523.675,1.0,1.0
2026-05-21,CAD,380.21764408,381.1705705,1.37386,1.37391
2026-05-21,INR,5.39578362,5.40930688,96.81,96.86
2026-05-21,JPY,3.29298249,3.30123557,158.63,158.654
2026-05-21,ARS,0.37351596,0.37445209,1398.51,1398.52
2026-05-21,BRL,104.39590952,104.65755341,5.0037,5.0048
2026-05-21,CLP,0.58084531,0.58230107,899.32,900.44
2026-05-21,COP,0.14023619,0.14058766,3724.9,3726.9
2026-05-21,UYU,12.9616092,12.99409443,40.301,40.401
2026-05-21,PEN,153.21341365,153.59740716,3.4094,3.41
2026-05-21,BOB,76.25778284,76.4489051,6.85,7.0
2026-05-21,MXP,30.26372486,30.3395738,17.26046,17.26535
2026-05-21,CUC,522.3658125,523.675,1.0,1.0
2026-05-21,NIO,14.35942735,14.39541589,36.3779,37.2401
2026-05-21,DOP,8.90497464,8.92729287,58.66,58.96
2026-05-21,TTD,77.88948221,78.08469395,6.7065,6.7342
2026-05-21,ANG,299.50450805,300.25514592,1.7441,1.8363
2026-05-22,EUR,608.8522544,610.3781999,1.15844,1.1585
2026-05-22,CNY,77.26436731,77.45801234,6.802,6.803
2026-05-22,TRY,11.52243805,11.55131634,45.6112,45.6175
2026-05-22,RUB,7.38238834,7.40089057,71.19,71.24
2026-05-22,USD,525.5522265,526.8694,1.0,1.0
2026-05-22,CAD,381.08900607,382.04411636,1.37908,1.37913
2026-05-22,INR,5.4636888,5.47738226,96.19,96.24
2026-05-22,JPY,3.30189189,3.3101673,159.167,159.183
2026-05-22,ARS,0.37782331,0.37877023,1391.0,1391.005
2026-05-22,BRL,104.99495085,105.25809609,5.0055,5.0066
2026-05-22,CLP,0.58342831,0.58489054,900.8,903.5
2026-05-22,COP,0.14244924,0.14280625,3689.4,3691.4
2026-05-22,UYU,13.13388045,13.16679745,40.015,40.115
2026-05-22,PEN,153.92227814,154.30804826,3.4144,3.4183
2026-05-22,BOB,76.61111173,76.80311953,6.86,7.01
2026-05-22,MXP,30.2789783,30.35486547,17.357,17.359
2026-05-22,CUC,525.5522265,526.8694,1.0,1.0
2026-05-22,NIO,14.45281991,14.48904252,36.3633,37.2246
2026-05-22,DOP,8.95166456,8.97409981,58.71,59.01
2026-05-22,TTD,78.10953963,78.30530289,6.7284,6.7561
2026-05-22,ANG,301.33147554,302.08669227,1.7441,1.8363
2026-05-25,EUR,613.96340762,615.50216303,1.16015,1.16022
2026-05-25,CNY,77.90628461,78.10153846,6.7925,6.7935
2026-05-25,TRY,11.57121855,11.6002191,45.7323,45.7386
2026-05-25,RUB,7.39158618,7.41011146,71.592,71.6
2026-05-25,USD,529.17843825,530.5047,1.0,1.0
2026-05-25,CAD,383.01301244,383.9729448,1.38162,1.38167
2026-05-25,INR,5.5307111,5.54457253,95.68,95.73
2026-05-25,JPY,3.32592807,3.33426373,159.107,159.122
2026-05-25,ARS,0.38002042,0.38097285,1392.5,1392.51
2026-05-25,BRL,105.29656921,105.56047039,5.0256,5.0262
2026-05-25,CLP,0.58729738,0.58876931,901.04,902.16
2026-05-25,COP,0.1435761,0.14393594,3685.7,3687.7
2026-05-25,UYU,13.2559729,13.28919589,39.92,40.02
2026-05-25,PEN,154.83013583,155.21818128,3.4178,3.42
2026-05-25,BOB,77.25232675,77.4459416,6.85,7.0
2026-05-25,MXP,30.52477633,30.60127953,17.33603,17.33915
2026-05-25,CUC,529.17843825,530.5047,1.0,1.0
2026-05-25,NIO,14.54626125,14.58271805,36.379,37.2415
2026-05-25,DOP,8.99045936,9.01299184,58.86,59.16
2026-05-25,TTD,78.87237688,79.07005201,6.7093,6.737
2026-05-25,ANG,303.41060618,304.17103377,1.7441,1.8363
2026-05-26,EUR,621.94026514,623.49901267,1.1645,1.16458
2026-05-26,CNY,78.72500799,78.92231378,6.7837,6.7847
2026-05-26,TRY,11.68127178,11.71054816,45.71821,45.72079
2026-05-26,RUB,7.45979657,7.4784928,71.59,71.64
2026-05-26,USD,534.04683675,535.3853,1.0,1.0
2026-05-26,CAD,387.01009235,387.98004246,1.37993,1.38
2026-05-26,INR,5.60855741,5.62261394,95.22,95.27
2026-05-26,JPY,3.36098351,3.36940703,158.896,158.905
2026-05-26,ARS,0.38173469,0.38269142,1399.0,1399.005
2026-05-26,BRL,106.72825387,106.99574323,5.0038,5.0051
2026-05-26,CLP,0.59927827,0.60078022,891.15,893.71
2026-05-26,COP,0.14681699,0.14718496,3637.5,3639.5
2026-05-26,UYU,13.36453545,13.39803053,39.96,40.06
2026-05-26,PEN,156.77288617,157.16580067,3.4065,3.4108
2026-05-26,BOB,77.84939311,78.04450437,6.86,7.01
2026-05-26,MXP,30.93431013,31.01183973,17.2639,17.2661
2026-05-26,CUC,534.04683675,535.3853,1.0,1.0
2026-05-26,NIO,14.6827091,14.71950786,36.3725,37.2314
2026-05-26,DOP,9.06546998,9.08819046,58.91,59.21
2026-05-26,TTD,79.51740396,79.7166957,6.7161,6.7438
2026-05-26,ANG,306.20195903,306.96938248,1.7441,1.8363
2026-05-27,EUR,626.13363875,627.70289599,1.16228,1.16232
2026-05-27,CNY,79.3970334,79.59602346,6.7848,6.7858
2026-05-27,TRY,11.73517997,11.76459144,45.90411,45.90591
2026-05-27,RUB,7.52404446,7.54290171,71.5962,71.6042
2026-05-27,USD,538.69299225,540.0431,1.0,1.0
2026-05-27,CAD,390.09152624,391.06919924,1.38094,1.38099
2026-05-27,INR,5.630741,5.64485314,95.67,95.72
2026-05-27,JPY,3.38147722,3.3899521,159.307,159.323
2026-05-27,ARS,0.38341138,0.38437231,1405.0,1405.005
2026-05-27,BRL,107.26021787,107.52904047,5.0223,5.0225
2026-05-27,CLP,0.602154,0.60366316,894.61,895.73
2026-05-27,COP,0.14844525,0.1488173,3628.9,3630.9
2026-05-27,UYU,13.46362231,13.49736572,40.011,40.111
2026-05-27,PEN,158.54636732,158.94372663,3.3977,3.4151
2026-05-27,BOB,78.64131273,78.83840875,6.85,7.0
2026-05-27,MXP,31.08551381,31.16342237,17.32939,17.33207
2026-05-27,CUC,538.69299225,540.0431,1.0,1.0
2026-05-27,NIO,14.81276857,14.8498933,36.3668,37.2257
2026-05-27,DOP,9.26560471,9.28882677,58.139,59.513
2026-05-27,TTD,80.10423831,80.30500081,6.7249,6.7526
2026-05-27,ANG,308.86588627,309.63998623,1.7441,1.8363
2026-05-28,EUR,631.89828208,633.48198705,1.16322,1.16325
2026-05-28,CNY,80.09937649,80.3001268,6.7818,6.7828
2026-05-28,TRY,11.83612888,11.86579336,45.8949,45.9012
2026-05-28,RUB,7.66336956,7.682576,70.885,70.936
2026-05-28,USD,543.2179515,544.5794,1.0,1.0
2026-05-28,CAD,392.67159044,393.65572976,1.38339,1.38344
2026-05-28,INR,5.67685182,5.69107952,95.69,95.7
2026-05-28,JPY,3.40609685,3.41463344,159.484,159.486
2026-05-28,ARS,0.38498791,0.38595279,1411.0,1411.005
2026-05-28,BRL,107.40839377,107.67758774,5.0575,5.0585
2026-05-28,CLP,0.60713737,0.60865902,894.72,895.33
2026-05-28,COP,0.14985736,0.15023294,3624.9,3626.9
2026-05-28,UYU,13.55875477,13.59273662,40.064,40.164
2026-05-28,PEN,158.86817521,159.26634106,3.4193,3.4206
2026-05-28,BOB,79.1862903,79.38475218,6.86,7.01
2026-05-28,MXP,31.25786608,31.33620659,17.3786,17.3809
2026-05-28,CUC,543.2179515,544.5794,1.0,1.0
2026-05-28,NIO,14.9373995,14.97483659,36.3663,37.2254
2026-05-28,DOP,9.20708392,9.23015932,59.0,59.3
2026-05-28,TTD,80.59135236,80.7933357,6.7404,6.7681
2026-05-28,ANG,311.46032423,312.24092655,1.7441,1.8363
2026-05-29,EUR,638.54390879,640.14426946,1.16519,1.16523
2026-05-29,CNY,80.83641943,81.03901697,6.7791,6.7801
2026-05-29,TRY,11.94145553,11.97138399,45.8904,45.8967
2026-05-29,RUB,7.70851274,7.72783232,71.09,71.14
2026-05-29,USD,547.998171,549.3716,1.0,1.0
2026-05-29,CAD,397.04833499,398.0434436,1.38018,1.38022
2026-05-29,INR,5.72740563,5.74176003,95.68,95.73
2026-05-29,JPY,3.44185365,3.45047985,159.216,159.221
2026-05-29,ARS,0.38851341,0.38948713,1410.5,1410.505
2026-05-29,BRL,108.68019971,108.95258116,5.0423,5.0436
2026-05-29,CLP,0.61421689,0.61575628,892.19,892.93
2026-05-29,COP,0.15047453,0.15085166,3641.8,3643.8
2026-05-29,UYU,13.66817576,13.70243184,40.093,40.193
2026-05-29,PEN,160.60437003,161.00688725,3.4121,3.4163
2026-05-29,BOB,79.99973299,80.20023357,6.85,7.0
2026-05-29,MXP,31.61679913,31.69603923,17.3325,17.33646
2026-05-29,CUC,547.998171,549.3716,1.0,1.0
2026-05-29,NIO,15.07435895,15.1121393,36.353,37.2144
2026-05-29,DOP,9.32445416,9.34782371,58.77,59.07
2026-05-29,TTD,81.32708601,81.5309133,6.7382,6.7659
2026-05-29,ANG,314.20111862,314.9885901,1.7441,1.8363
2026-06-01,EUR,644.06454556,645.67874242,1.16456,1.16459
2026-06-01,CNY,81.74168755,81.94655394,6.7657,6.7667
2026-06-01,TRY,12.05304999,12.08325814,45.8838,45.8901
2026-06-01,RUB,7.78545414,7.80496656,71.035,71.086
2026-06-01,USD,553.0397355,554.4258,1.0,1.0
2026-06-01,CAD,400.56475971,401.56868141,1.38065,1.3807
2026-06-01,INR,5.82208375,5.83667543,94.99,95.04
2026-06-01,JPY,3.47081546,3.47951424,159.34,159.347
2026-06-01,ARS,0.39236589,0.39334927,1409.5,1409.505
2026-06-01,BRL,109.21221499,109.48592981,5.0639,5.0645
2026-06-01,CLP,0.62216192,0.62372122,888.9,890.2
2026-06-01,COP,0.15177138,0.15215176,3643.9,3645.9
2026-06-01,UYU,13.7801743,13.81471108,40.133,40.233
2026-06-01,PEN,162.69702738,163.10478936,3.3992,3.4017
2026-06-01,BOB,80.61803724,80.82008746,6.86,7.01
2026-06-01,MXP,31.82467964,31.90444074,17.3777,17.3792
2026-06-01,CUC,553.0397355,554.4258,1.0,1.0
2026-06-01,NIO,15.20325638,15.24135978,36.3764,37.2354
2026-06-01,DOP,9.51057154,9.53440756,58.15,58.45
2026-06-01,TTD,81.88935152,82.09458799,6.7535,6.7812
2026-06-01,ANG,317.09175821,317.88647439,1.7441,1.8363
2026-06-02,EUR,646.62254202,648.24314989,1.16175,1.16178
2026-06-02,CNY,82.27942416,82.48563825,6.7645,6.7655
2026-06-02,TRY,12.12498316,12.15537159,45.9035,45.9098
2026-06-02,RUB,7.73671343,7.75610369,71.94,71.99
2026-06-02,USD,556.57916475,557.9741,1.0,1.0
2026-06-02,CAD,402.24267339,403.25080039,1.38369,1.3838
2026-06-02,INR,5.85934482,5.87402989,94.99,95.0
2026-06-02,JPY,3.48589658,3.49463317,159.666,159.676
2026-06-02,ARS,0.39237163,0.39335502,1418.5,1418.505
2026-06-02,BRL,110.74439188,111.02194675,5.0258,5.0266
2026-06-02,CLP,0.62257177,0.6241321,894.0,894.8
2026-06-02,COP,0.15119914,0.15157808,3681.1,3683.1
2026-06-02,UYU,13.85731768,13.8920478,40.165,40.265
2026-06-02,PEN,163.77682578,164.18729402,3.3984,3.4016
2026-06-02,BOB,81.25243281,81.45607299,6.85,7.0
2026-06-02,MXP,32.03997172,32.1202724,17.3714,17.3734
2026-06-02,CUC,556.57916475,557.9741,1.0,1.0
2026-06-02,NIO,15.30106129,15.33940981,36.3752,37.2339
2026-06-02,DOP,9.57143877,9.59542734,58.15,58.45
2026-06-02,TTD,82.79594257,83.00345119,6.7223,6.75
2026-06-02,ANG,319.12113109,319.92093343,1.7441,1.8363
2026-06-03,EUR,648.93083842,650.5572315,1.16451,1.16453
2026-06-03,CNY,82.41957536,82.62614071,6.7611,6.7621
2026-06-03,TRY,12.13464115,12.16505378,45.922,45.9283
2026-06-03,RUB,7.63456625,7.6537005,72.99,73.04
2026-06-03,USD,557.246991,558.6436,1.0,1.0
2026-06-03,CAD,402.94080841,403.95068512,1.38295,1.38302
2026-06-03,INR,5.85005502,5.86471681,95.255,95.305
2026-06-03,JPY,3.48671624,3.49545488,159.82,159.839
2026-06-03,ARS,0.39022898,0.391207,1428.0,1428.005
2026-06-03,BRL,111.22916445,111.50793429,5.0099,5.0105
2026-06-03,CLP,0.62846459,0.63003969,886.68,887.8
2026-06-03,COP,0.15696656,0.15735996,3550.1,3552.1
2026-06-03,UYU,13.82095267,13.85559165,40.319,40.419
2026-06-03,PEN,163.64108624,164.05121428,3.4053,3.4084
2026-06-03,BOB,81.23133979,81.43492711,6.86,7.01
2026-06-03,MXP,32.25817043,32.33901798,17.2746,17.2764
2026-06-03,CUC,557.246991,558.6436,1.0,1.0
2026-06-03,NIO,15.32266421,15.36106688,36.3675,37.2263
2026-06-03,DOP,9.55335146,9.5772947,58.33,58.63
2026-06-03,TTD,83.17615842,83.38461997,6.6996,6.7273
2026-06-03,ANG,319.50403703,320.30479903,1.7441,1.8363
2026-06-04,EUR,648.87979809,650.50606325,1.16078,1.16084
2026-06-04,CNY,82.58223318,82.78920619,6.7687,6.7697
2026-06-04,TRY,12.16417739,12.19466405,45.9525,45.9588
2026-06-04,RUB,7.57520479,7.59419026,73.79,73.84
2026-06-04,USD,558.97436175,560.3753,1.0,1.0
2026-06-04,CAD,402.63805698,403.64717492,1.38828,1.38831
2026-06-04,INR,5.8412076,5.85584722,95.695,95.745
2026-06-04,JPY,3.49435415,3.50311193,159.965,159.971
2026-06-04,ARS,0.390618,0.39159699,1431.0,1431.005
2026-06-04,BRL,110.85482344,111.13265508,5.0424,5.0433
2026-06-04,CLP,0.62539087,0.62695826,893.8,894.7
2026-06-04,COP,0.15706821,0.15746186,3558.8,3560.8
2026-06-04,UYU,13.88031987,13.91510764,40.271,40.371
2026-06-04,PEN,163.99904992,164.4100751,3.4084,3.4096
2026-06-04,BOB,81.6020966,81.80661313,6.85,7.0
2026-06-04,MXP,32.2888198,32.36974416,17.3117,17.3138
2026-06-04,CUC,558.97436175,560.3753,1.0,1.0
2026-06-04,NIO,15.37159896,15.41012427,36.3641,37.2248
2026-06-04,DOP,9.64247648,9.66664309,57.97,58.27
2026-06-04,TTD,83.76406547,83.97400047,6.6732,6.7009
2026-06-04,ANG,320.49444512,321.29768935,1.7441,1.8363
2026-06-05,EUR,653.23158624,654.86875813,1.16256,1.16258
2026-06-05,CNY,82.95895127,83.16686844,6.773,6.774
2026-06-05,TRY,12.22207864,12.25271041,45.97262,45.975
2026-06-05,RUB,7.65531492,7.67450117,73.3975,73.4055
2026-06-05,USD,561.880977,563.2892,1.0,1.0
2026-06-05,CAD,404.2396433,405.25277523,1.38997,1.39001
2026-06-05,INR,5.86667686,5.88138031,95.775,95.825
2026-06-05,JPY,3.5119756,3.52077754,159.99,159.998
2026-06-05,ARS,0.39128201,0.39226267,1436.0,1436.005
2026-06-05,BRL,110.9647241,111.24283118,5.0636,5.0648
2026-06-05,CLP,0.62880465,0.6303806,893.57,894.16
2026-06-05,COP,0.15757059,0.1579655,3565.9,3567.9
2026-06-05,UYU,13.92034924,13.95523734,40.364,40.464
2026-06-05,PEN,164.65376615,165.06643223,3.4125,3.4144
2026-06-05,BOB,81.90684795,82.11212827,6.86,7.01
2026-06-05,MXP,32.50516183,32.5866284,17.2859,17.2879
2026-06-05,CUC,561.880977,563.2892,1.0,1.0
2026-06-05,NIO,15.46062832,15.49937676,36.3427,37.2019
2026-06-05,DOP,9.65265378,9.6768459,58.21,58.51
2026-06-05,TTD,84.3196688,84.53099629,6.6637,6.6914
2026-06-05,ANG,322.16098675,322.96840777,1.7441,1.8363
2026-06-09,EUR,653.74565548,655.38411577,1.15446,1.15449
2026-06-09,CNY,83.70489179,83.91467849,6.765,6.766
2026-06-09,TRY,12.28875978,12.31955867,46.0798,46.0861
2026-06-09,RUB,7.68323437,7.70249059,73.7012,73.7092
2026-06-09,USD,566.263593,567.6828,1.0,1.0
2026-06-09,CAD,406.70506277,407.7243737,1.39232,1.39236
2026-06-09,INR,5.96475054,5.97969979,94.935,94.985
2026-06-09,JPY,3.53285455,3.54170883,160.285,160.291
2026-06-09,ARS,0.39296571,0.39395058,1441.0,1441.005
2026-06-09,BRL,110.40859323,110.6853065,5.1288,5.13
2026-06-09,CLP,0.62001926,0.62157319,913.3,915.1
2026-06-09,COP,0.15792715,0.15832295,3585.6,3587.6
2026-06-09,UYU,14.06691325,14.10216867,40.255,40.355
2026-06-09,PEN,164.5015231,164.91380762,3.4423,3.4481
2026-06-09,BOB,82.66621795,82.87340145,6.85,7.0
2026-06-09,MXP,32.4845164,32.56593122,17.4318,17.4339
2026-06-09,CUC,566.263593,567.6828,1.0,1.0
2026-06-09,NIO,15.56370433,15.60271111,36.3836,37.243
2026-06-09,DOP,9.82022428,9.84483637,57.663,59.038
2026-06-09,TTD,85.17803745,85.39151624,6.648,6.9059
2026-06-09,ANG,324.67381056,325.48752938,1.7441,1.8363
2026-06-10,EUR,660.5896885,662.24530176,1.15637,1.1564
2026-06-10,CNY,84.37414392,84.58560794,6.7704,6.7714
2026-06-10,TRY,12.38722312,12.41826879,46.1158,46.1221
2026-06-10,RUB,7.93778552,7.95767972,71.9655,71.9735
2026-06-10,USD,571.246704,572.6784,1.0,1.0
2026-06-10,CAD,409.54281781,410.56924091,1.39484,1.3949
2026-06-10,INR,5.99167929,6.00669603,95.34,95.39
2026-06-10,JPY,3.56483324,3.57376766,160.245,160.25
2026-06-10,ARS,0.39478003,0.39576945,1447.0,1447.005
2026-06-10,BRL,110.45413666,110.73096407,5.1718,5.1735
2026-06-10,CLP,0.6244157,0.62598065,914.85,915.4
2026-06-10,COP,0.159633,0.16003308,3578.5,3580.5
2026-06-10,UYU,14.10555345,14.14090572,40.498,40.598
2026-06-10,PEN,164.90003579,165.31331909,3.4642,3.4784
2026-06-10,BOB,83.27211428,83.48081632,6.86,7.01
2026-06-10,MXP,32.82461092,32.90687812,17.403,17.4045
2026-06-10,CUC,571.246704,572.6784,1.0,1.0
2026-06-10,NIO,15.7134052,15.75278716,36.3541,37.2184
2026-06-10,DOP,9.83043717,9.85507485,58.11,58.41
2026-06-10,TTD,85.28616064,85.49991042,6.698,6.7257
2026-06-10,ANG,327.53093515,328.35181468,1.7441,1.8363
2026-06-11,EUR,665.70341532,667.37184493,1.15551,1.15553
2026-06-11,CNY,85.03605047,85.2491734,6.7748,6.7758
2026-06-11,TRY,12.48799078,12.519289,46.1325,46.1388
2026-06-11,RUB,8.0189614,8.03905905,71.8425,71.8505
2026-06-11,USD,576.10223475,577.5461,1.0,1.0
2026-06-11,CAD,413.65258971,414.68931299,1.39272,1.39277
2026-06-11,INR,6.03880749,6.05394234,95.4,95.41
2026-06-11,JPY,3.5904063,3.59940482,160.456,160.462
2026-06-11,ARS,0.4011854,0.40219087,1436.0,1436.005
2026-06-11,BRL,111.54611782,111.82568203,5.1647,5.1653
2026-06-11,CLP,0.62911113,0.63068785,915.74,916.43
2026-06-11,COP,0.16139577,0.16180028,3569.5,3571.5
2026-06-11,UYU,14.22053304,14.25617347,40.512,40.612
2026-06-11,PEN,168.6136432,169.03623379,3.4167,3.421
2026-06-11,BOB,84.10251602,84.31329927,6.85,7.0
2026-06-11,MXP,33.14265696,33.22572127,17.3825,17.3843
2026-06-11,CUC,576.10223475,577.5461,1.0,1.0
2026-06-11,NIO,15.83568539,15.87537383,36.38,37.246
2026-06-11,DOP,9.86307541,9.88779489,58.41,58.71
2026-06-11,TTD,85.56778628,85.78224189,6.7327,6.7604
2026-06-11,ANG,330.31491012,331.14276704,1.7441,1.8363
2026-06-12,EUR,669.74492269,671.42348139,1.15225,1.15229
2026-06-12,CNY,85.79032981,86.00534317,6.775,6.776
2026-06-12,TRY,12.59487355,12.62643965,46.1481,46.1621
2026-06-12,RUB,8.04581235,8.06597729,72.24,72.29
2026-06-12,USD,581.2294845,582.6862,1.0,1.0
2026-06-12,CAD,415.06311645,416.10337489,1.40034,1.40039
2026-06-12,INR,6.07028182,6.08549556,95.75,95.8
2026-06-12,JPY,3.62181882,3.63089606,160.48,160.482
2026-06-12,ARS,0.40702344,0.40804355,1428.0,1428.005
2026-06-12,BRL,113.00491591,113.28813625,5.1434,5.1444
2026-06-12,CLP,0.64011352,0.64171782,908.01,908.62
2026-06-12,COP,0.1656774,0.16609264,3508.2,3510.2
2026-06-12,UYU,14.28995143,14.32576584,40.674,40.774
2026-06-12,PEN,171.44401053,171.87369476,3.3902,3.3944
2026-06-12,BOB,84.7273301,84.9396793,6.86,7.01
2026-06-12,MXP,33.45937439,33.54323247,17.3712,17.3737
2026-06-12,CUC,581.2294845,582.6862,1.0,1.0
2026-06-12,NIO,15.98905923,16.02913206,36.3517,37.2184
2026-06-12,DOP,9.9304542,9.95534255,58.53,58.83
2026-06-12,TTD,86.48090054,86.69764466,6.7209,6.7486
2026-06-12,ANG,333.25467834,334.0899031,1.7441,1.8363
2026-06-15,EUR,678.38072652,680.08092884,1.15773,1.15777
2026-06-15,CNY,86.65021003,86.86737847,6.7621,6.7631
2026-06-15,TRY,12.66576711,12.69751088,46.2615,46.2678
2026-06-15,RUB,8.09936725,8.11966642,72.3436,72.3516
2026-06-15,USD,585.93738525,587.4059,1.0,1.0
2026-06-15,CAD,419.57263839,420.62419889,1.39651,1.3966
2026-06-15,INR,6.16127639,6.17671819,95.1,95.15
2026-06-15,JPY,3.65733126,3.66649751,160.209,160.216
2026-06-15,ARS,0.40917415,0.41019965,1432.0,1432.005
2026-06-15,BRL,115.56266596,115.8522967,5.0703,5.0714
2026-06-15,CLP,0.65317524,0.65481227,897.06,898.54
2026-06-15,COP,0.1676262,0.16804631,3495.5,3497.5
2026-06-15,UYU,14.45260187,14.48882393,40.542,40.652
2026-06-15,PEN,173.39016519,173.82472701,3.3793,3.3844
2026-06-15,BOB,85.53830441,85.75268613,6.85,7.0
2026-06-15,MXP,34.07139623,34.1567882,17.19734,17.1999
2026-06-15,CUC,585.93738525,587.4059,1.0,1.0
2026-06-15,NIO,16.11378165,16.15416706,36.3625,37.2265
2026-06-15,DOP,9.98529968,10.01032549,58.68,58.98
2026-06-15,TTD,86.66558967,86.88279666,6.7609,6.7886
2026-06-15,ANG,335.95400794,336.79599793,1.7441,1.8363
2026-06-16,EUR,685.97887313,687.69811843,1.16056,1.16064
2026-06-16,CNY,87.4674435,87.68666015,6.7572,6.7574
2026-06-16,TRY,12.77292148,12.80493381,46.2725,46.2788
2026-06-16,RUB,8.14896991,8.16939339,72.5288,72.5368
2026-06-16,USD,591.03500925,592.5163,1.0,1.0
2026-06-16,CAD,423.01389153,424.07407672,1.3972,1.3977
2026-06-16,INR,6.24014157,6.25578102,94.715,94.72
2026-06-16,JPY,3.69069331,3.69994317,160.142,160.148
2026-06-16,ARS,0.41374519,0.41478214,1428.5,1428.505
2026-06-16,BRL,117.09460312,117.3880733,5.0475,5.0477
2026-06-16,CLP,0.66347299,0.66513582,890.82,891.49
2026-06-16,COP,0.1693413,0.16976571,3490.2,3492.2
2026-06-16,UYU,14.64661882,14.68332713,40.353,40.453
2026-06-16,PEN,175.05924093,175.4979859,3.3762,3.3804
2026-06-16,BOB,86.15670688,86.37263848,6.86,7.01
2026-06-16,MXP,34.36489808,34.45102565,17.1988,17.2013
2026-06-16,CUC,591.03500925,592.5163,1.0,1.0
2026-06-16,NIO,16.24793845,16.2886601,36.376,37.2374
2026-06-16,DOP,10.07045509,10.09569432,58.69,58.99
2026-06-16,TTD,87.46097181,87.68017224,6.7577,6.7854
2026-06-16,ANG,338.87678989,339.72610515,1.7441,1.8363
2026-06-17,EUR,690.32261048,692.05274233,1.1596,1.15964
2026-06-17,CNY,88.11676717,88.3376112,6.7557,6.7567
2026-06-17,TRY,12.85868918,12.89091647,46.2948,46.3011
2026-06-17,RUB,8.22565212,8.24626779,72.37,72.378
2026-06-17,USD,595.290444,596.7824,1.0,1.0
2026-06-17,CAD,425.18012699,426.24574134,1.40009,1.40014
2026-06-17,INR,6.29603854,6.31181808,94.55,94.6
2026-06-17,JPY,3.71168043,3.72098289,160.383,160.389
2026-06-17,ARS,0.41716218,0.4182077,1427.0,1427.005
2026-06-17,BRL,117.41197293,117.70623853,5.0701,5.0711
2026-06-17,CLP,0.6713171,0.6729996,886.75,887.87
2026-06-17,COP,0.17388866,0.17432447,3423.4,3425.4
2026-06-17,UYU,14.76304947,14.80004959,40.323,40.423
2026-06-17,PEN,174.7872582,175.22532151,3.4058,3.4103
2026-06-17,BOB,86.90371445,87.12151824,6.85,7.0
2026-06-17,MXP,34.64213477,34.72895716,17.184,17.214
2026-06-17,CUC,595.290444,596.7824,1.0,1.0
2026-06-17,NIO,16.35997592,16.40097837,36.387,37.2486
2026-06-17,DOP,10.21607077,10.24167496,58.27,58.57
2026-06-17,TTD,88.11415858,88.33499607,6.7559,6.7836
2026-06-17,ANG,341.31669285,342.17212315,1.7441,1.8363
2026-06-18,EUR,696.47815878,698.22371808,1.15916,1.1592
2026-06-18,CNY,88.91781518,89.14066685,6.7571,6.7581
2026-06-18,TRY,12.97219842,13.0047102,46.31648,46.318
2026-06-18,RUB,8.24227723,8.26293457,72.8957,72.9037
2026-06-18,USD,600.826569,602.3324,1.0,1.0
2026-06-18,CAD,428.51600017,429.5899751,1.40211,1.40216
2026-06-18,INR,6.35694407,6.37287626,94.515,94.565
2026-06-18,JPY,3.74851244,3.75790721,160.284,160.297
2026-06-18,ARS,0.4184029,0.41945153,1436.0,1436.005
2026-06-18,BRL,118.70993005,119.00744867,5.0613,5.0625
2026-06-18,CLP,0.6813174,0.68302496,881.86,882.6
2026-06-18,COP,0.17457261,0.17501014,3441.7,3443.7
2026-06-18,UYU,14.95635191,14.9938365,40.172,40.272
2026-06-18,PEN,177.87511664,178.32091894,3.3778,3.382
2026-06-18,BOB,88.94677478,89.16969903,6.7549,7.0999
2026-06-18,MXP,34.95209825,35.03969749,17.19,17.1913
2026-06-18,CUC,600.826569,602.3324,1.0,1.0
2026-06-18,NIO,16.51384619,16.55523428,36.3832,37.2458
2026-06-18,DOP,10.28812618,10.31391095,58.4,58.7
2026-06-18,TTD,88.98497763,89.20799763,6.752,6.7797
2026-06-18,ANG,344.49089444,345.35428014,1.7441,1.8363
2026-06-19,EUR,695.62144999,697.36486214,1.14805,1.14813
2026-06-19,CNY,89.48724913,89.71152795,6.7705,6.7715
2026-06-19,TRY,13.04679135,13.07949007,46.4385,46.4525
2026-06-19,RUB,8.26103535,8.2817397,73.3411,73.3491
2026-06-19,USD,605.87342025,607.3919,1.0,1.0
2026-06-19,CAD,428.78515233,429.85980184,1.413,1.41312
2026-06-19,INR,6.42339005,6.43948877,94.323,94.372
2026-06-19,JPY,3.76620658,3.7756457,160.871,160.877
2026-06-19,ARS,0.4185654,0.41961443,1447.5,1447.505
2026-06-19,BRL,117.21969165,117.51347534,5.1687,5.1706
2026-06-19,CLP,0.67598676,0.67768097,896.28,897.94
2026-06-19,COP,0.17479975,0.17523784,3466.1,3468.1
2026-06-19,UYU,15.15896267,15.19695506,39.968,40.068
2026-06-19,PEN,179.16767809,179.61671989,3.3816,3.3859
2026-06-19,BOB,88.31974056,88.54109329,6.86,7.01
2026-06-19,MXP,34.89009169,34.97753553,17.3652,17.3675
2026-06-19,CUC,605.87342025,607.3919,1.0,1.0
2026-06-19,NIO,16.65375008,16.6954888,36.3806,37.2535
2026-06-19,DOP,10.38699503,10.4130276,58.33,58.63
2026-06-19,TTD,90.4261694,90.6528014,6.7002,6.7279
2026-06-19,ANG,347.38456524,348.25520325,1.7441,1.8363
2026-06-22,EUR,700.66807407,702.4241344,1.14687,1.14694
2026-06-22,CNY,90.26998404,90.4962246,6.7675,6.769
2026-06-22,TRY,13.15459703,13.18756594,46.4402,46.4465
2026-06-22,RUB,8.31272441,8.3335583,73.49,73.54
2026-06-22,USD,610.902117,612.4332,1.0,1.0
2026-06-22,CAD,431.00191689,432.08212219,1.4174,1.4179
2026-06-22,INR,6.4775964,6.49383098,94.31,94.36
2026-06-22,JPY,3.78832881,3.79782337,161.259,161.277
2026-06-22,ARS,0.41914381,0.4201943,1457.5,1457.505
2026-06-22,BRL,118.91038773,119.20840875,5.1375,5.1393
2026-06-22,CLP,0.67917254,0.68087472,899.48,900.78
2026-06-22,COP,0.17790847,0.17835435,3433.8,3435.8
2026-06-22,UYU,15.4868915,15.52570576,39.4464,40.4929
2026-06-22,PEN,180.80981353,181.26297096,3.3787,3.38
2026-06-22,BOB,89.05278673,89.27597667,6.86,7.01
2026-06-22,MXP,35.28187381,35.37029956,17.3149,17.3176
2026-06-22,CUC,610.902117,612.4332,1.0,1.0
2026-06-22,NIO,16.8059718,16.84809203,36.3503,37.2224
2026-06-22,DOP,10.58113998,10.60765913,57.735,59.13
2026-06-22,TTD,91.88847028,92.1187672,6.6483,6.9099
2026-06-22,ANG,350.26782695,351.14569118,1.7441,1.8363
2026-06-23,EUR,705.15119231,706.91848854,1.14454,1.14455
2026-06-23,CNY,90.94991186,91.17785651,6.774,6.775
2026-06-23,TRY,13.26106952,13.29430528,46.4589,46.4652
2026-06-23,RUB,8.3436896,8.3646011,73.8396,73.8476
2026-06-23,USD,616.094703,617.6388,1.0,1.0
2026-06-23,CAD,435.15351848,436.2441288,1.41581,1.41587
2026-06-23,INR,6.50795097,6.52426163,94.668,94.717
2026-06-23,JPY,3.82076603,3.83034189,161.249,161.26
2026-06-23,ARS,0.42285154,0.42391132,1457.0,1457.005
2026-06-23,BRL,119.93511709,120.23570635,5.1369,5.139
2026-06-23,CLP,0.68003124,0.68173557,905.98,906.83
2026-06-23,COP,0.1805247,0.18097714,3412.8,3414.8
2026-06-23,UYU,15.36510719,15.40361623,40.097,40.197
2026-06-23,PEN,182.34667268,182.80368188,3.3787,3.3813
2026-06-23,BOB,89.94083255,90.16624817,6.85,7.0
2026-06-23,MXP,35.57806643,35.66723451,17.3167,17.3191
2026-06-23,CUC,616.094703,617.6388,1.0,1.0
2026-06-23,NIO,16.93582153,16.9782672,36.3782,37.2515
2026-06-23,DOP,10.58945862,10.61599862,58.18,58.48
2026-06-23,TTD,91.31251989,91.54137333,6.7471,6.7748
2026-06-23,ANG,353.24505647,354.13038243,1.7441,1.8363
2026-06-25,EUR,705.66916837,707.43776277,1.13818,1.13822
2026-06-25,CNY,91.32202201,91.55089926,6.7889,6.7899
2026-06-25,TRY,13.34059366,13.37402873,46.4729,46.4792
2026-06-25,RUB,8.32056446,8.34141801,74.5113,74.5193
2026-06-25,USD,619.97607525,621.5299,1.0,1.0
2026-06-25,CAD,436.67975013,437.77418559,1.41975,1.41978
2026-06-25,INR,6.54501003,6.56141356,94.725,94.775
2026-06-25,JPY,3.83774428,3.84736268,161.547,161.552
2026-06-25,ARS,0.42218323,0.42324133,1468.5,1468.505
2026-06-25,BRL,119.83919187,120.13954072,5.1734,5.1752
2026-06-25,CLP,0.67755467,0.6792528,915.02,915.65
2026-06-25,COP,0.18059308,0.1810457,3433.0,3435.0
2026-06-25,UYU,15.53513268,15.57406785,39.908,40.008
2026-06-25,PEN,181.76852212,182.22408232,3.4108,3.4151
2026-06-25,BOB,90.37552117,90.60202623,6.86,7.01
2026-06-25,MXP,35.37384033,35.46249657,17.5264,17.5288
2026-06-25,CUC,619.97607525,621.5299,1.0,1.0
2026-06-25,NIO,17.05090649,17.09364059,36.3603,37.2375
2026-06-25,DOP,10.66900835,10.69574771,58.11,58.41
2026-06-25,TTD,92.69145639,92.92376581,6.6886,6.7163
2026-06-25,ANG,355.47048635,356.36138982,1.7441,1.8363
2026-06-26,EUR,706.61909457,708.39006975,1.13843,1.1385
2026-06-26,CNY,91.31217227,91.54102484,6.7971,6.7981
2026-06-26,TRY,13.34464202,13.37808724,46.5099,46.5162
2026-06-26,RUB,8.1837812,8.20429193,75.84,75.89
2026-06-26,USD,620.65796625,622.2135,1.0,1.0
2026-06-26,CAD,437.1939127,438.2896368,1.41964,1.41969
2026-06-26,INR,6.57581146,6.5922922,94.385,94.435
2026-06-26,JPY,3.84018243,3.84980695,161.622,161.629
2026-06-26,ARS,0.42035757,0.4214111,1476.5,1476.505
2026-06-26,BRL,119.73492673,120.03501427,5.1836,5.1841
2026-06-26,CLP,0.6766877,0.67838366,917.2,917.81
2026-06-26,COP,0.18049727,0.18094965,3438.6,3440.6
2026-06-26,UYU,15.46695489,15.50571919,40.128,40.228
2026-06-26,PEN,182.17674901,182.63333235,3.4069,3.4112
2026-06-26,BOB,92.12812513,92.35902269,6.7369,7.0896
2026-06-26,MXP,35.36230534,35.45093268,17.5514,17.5545
2026-06-26,CUC,620.65796625,622.2135,1.0,1.0
2026-06-26,NIO,17.06341868,17.10618415,36.3736,37.2554
2026-06-26,DOP,10.51784385,10.54420437,59.01,59.31
2026-06-26,TTD,92.16369425,92.39468096,6.7343,6.762
2026-06-26,ANG,355.86145648,356.75333983,1.7441,1.8363
2026-06-30,EUR,708.32687155,710.10212687,1.13974,1.13977
2026-06-30,CNY,91.42548646,91.65462302,6.7975,6.7985
2026-06-30,TRY,13.32941423,13.36282128,46.62356,46.6255
2026-06-30,RUB,7.87994847,7.89969771,78.8666,78.8746
2026-06-30,USD,621.46474425,623.0223,1.0,1.0
2026-06-30,CAD,437.75912672,438.85626738,1.41965,1.41972
2026-06-30,INR,6.58435921,6.60086136,94.385,94.435
2026-06-30,JPY,3.84282031,3.85245144,161.721,161.727
2026-06-30,ARS,0.42161787,0.42267455,1474.0,1474.005
2026-06-30,BRL,120.28737912,120.58885125,5.1665,5.1709
2026-06-30,CLP,0.67561531,0.67730858,919.85,921.33
2026-06-30,COP,0.18088972,0.18134308,3435.6,3437.6
2026-06-30,UYU,15.45317148,15.49190123,40.216,40.316
2026-06-30,PEN,182.46175697,182.9190546,3.406,3.4113
2026-06-30,BOB,92.25061888,92.48182344,6.7367,7.0875
2026-06-30,MXP,35.58404921,35.67323229,17.4647,17.4661
2026-06-30,CUC,621.46474425,623.0223,1.0,1.0
2026-06-30,NIO,17.08729019,17.13011547,36.37,37.247
2026-06-30,DOP,10.50658908,10.53292138,59.15,59.45
2026-06-30,TTD,92.17946635,92.41049259,6.7419,6.7696
2026-06-30,ANG,356.32403202,357.2170747,1.7441,1.8363
2026-07-01,EUR,721.46230038,723.27047658,1.14192,1.14195
2026-07-01,CNY,93.11436831,93.34773765,6.785,6.7854
2026-07-01,TRY,13.54221704,13.57615743,46.6527,46.6627
2026-07-01,RUB,8.02798811,8.04810838,78.6973,78.7053
2026-07-01,USD,631.780989,633.3644,1.0,1.0
2026-07-01,CAD,444.76584605,445.88054742,1.42048,1.42058
2026-07-01,INR,6.68056454,6.69730781,94.57,94.58
2026-07-01,JPY,3.88525299,3.89499046,162.61,162.616
2026-07-01,ARS,0.4265908,0.42765995,1481.0,1481.005
2026-07-01,BRL,121.89955024,122.2050629,5.1828,5.1834
2026-07-01,CLP,0.68572714,0.68744575,921.33,922.45
2026-07-01,COP,0.18351855,0.1839785,3442.6,3444.6
2026-07-01,UYU,15.70969238,15.74906504,40.216,40.316
2026-07-01,PEN,185.50149421,185.96641024,3.4058,3.41
2026-07-01,BOB,92.23080131,92.4619562,6.85,7.0
2026-07-01,MXP,36.16666412,36.25730739,17.4686,17.4699
2026-07-01,CUC,631.780989,633.3644,1.0,1.0
2026-07-01,NIO,17.37041192,17.41394678,36.3711,37.2484
2026-07-01,DOP,10.59857388,10.62513672,59.61,59.91
2026-07-01,TTD,93.70963511,93.94449635,6.7419,6.7696
2026-07-01,ANG,362.23897081,363.14683791,1.7441,1.8363
2026-07-02,EUR,726.65966629,728.48086846,1.13876,1.13878
2026-07-02,CNY,93.92579047,94.16119345,6.7937,6.7947
2026-07-02,TRY,13.67501698,13.70929021,46.662,46.6683
2026-07-02,RUB,8.20788089,8.22845202,77.7428,77.7508
2026-07-02,USD,638.10364275,639.7029,1.0,1.0
2026-07-02,CAD,449.20742743,450.33326058,1.42051,1.42054
2026-07-02,INR,6.70009494,6.71688716,95.238,95.287
2026-07-02,JPY,3.9283388,3.93818426,162.436,162.438
2026-07-02,ARS,0.42998897,0.43106664,1484.0,1484.005
2026-07-02,BRL,122.31940551,122.62597044,5.2167,5.2172
2026-07-02,CLP,0.68930523,0.69103281,925.72,926.84
2026-07-02,COP,0.18730843,0.18777787,3406.7,3408.7
2026-07-02,UYU,15.86690975,15.90667644,40.216,40.316
2026-07-02,PEN,187.35793139,187.82750014,3.4058,3.41
2026-07-02,BOB,93.15381645,93.38728467,6.85,7.0
2026-07-02,MXP,36.39464337,36.48585801,17.5329,17.5351
2026-07-02,CUC,638.10364275,639.7029,1.0,1.0
2026-07-02,NIO,17.46793437,17.51171366,36.53,36.71
2026-07-02,DOP,10.76604762,10.7930302,59.27,59.57
2026-07-02,TTD,94.64744993,94.88466159,6.7419,6.7696
2026-07-02,ANG,365.8641378,366.78109053,1.7441,1.8363
2026-07-03,EUR,745.45882284,747.3271407,1.14447,1.1445
2026-07-03,CNY,95.94051679,96.18096921,6.789,6.7898
2026-07-03,TRY,13.94977637,13.98473821,46.6918,46.6981
2026-07-03,RUB,8.37859401,8.39959299,77.7386,77.7466
2026-07-03,USD,651.3401685,652.9726,1.0,1.0
2026-07-03,CAD,459.23681599,460.38778546,1.41831,1.41836
2026-07-03,INR,6.82818082,6.84529405,95.39,95.4
2026-07-03,JPY,4.04994291,4.06009314,160.827,160.846
2026-07-03,ARS,0.43699441,0.43808963,1490.5,1490.505
2026-07-03,BRL,125.47731,125.79178947,5.1909,5.1915
2026-07-03,CLP,0.7067263,0.70849755,921.63,922.28
2026-07-03,COP,0.19458091,0.19506859,3347.4,3349.4
2026-07-03,UYU,16.2012827,16.24188742,40.203,40.303
2026-07-03,PEN,191.44676047,191.92657692,3.4022,3.41
2026-07-03,BOB,95.08615598,95.32446715,6.85,7.0
2026-07-03,MXP,37.29974989,37.39323297,17.46232,17.4658
2026-07-03,CUC,651.3401685,652.9726,1.0,1.0
2026-07-03,NIO,17.91576474,17.96066641,36.3557,37.2319
2026-07-03,DOP,11.10175845,11.12958241,58.67,58.97
2026-07-03,TTD,97.28610005,97.52992487,6.6951,6.7228
2026-07-03,ANG,373.45345364,374.38942721,1.7441,1.8363
2026-07-06,EUR,761.2839367,763.1919165,1.14406,1.14413
2026-07-06,CNY,98.15057455,98.39656596,6.7792,6.7802
2026-07-06,TRY,14.21790629,14.25354014,46.7989,46.8052
2026-07-06,RUB,8.60890639,8.63048259,77.29,77.34
2026-07-06,USD,665.382375,667.05,1.0,1.0
2026-07-06,CAD,468.41420274,469.58817317,1.4205,1.42054
2026-07-06,INR,6.98931066,7.00682773,95.2,95.25
2026-07-06,JPY,4.12578825,4.13612857,161.274,161.283
2026-07-06,ARS,0.44686526,0.44798522,1489.0,1489.005
2026-07-06,BRL,128.71559078,129.03818624,5.1694,5.1698
2026-07-06,CLP,0.72477003,0.72658649,918.06,919.54
2026-07-06,COP,0.19849125,0.19898872,3352.2,3354.2
2026-07-06,UYU,16.54603807,16.58750683,40.214,40.314
2026-07-06,PEN,196.05821645,196.54959042,3.3938,3.41
2026-07-06,BOB,96.9945153,97.23760932,6.86,7.01
2026-07-06,MXP,38.07624463,38.17167381,17.475,17.47871
2026-07-06,CUC,665.382375,667.05,1.0,1.0
2026-07-06,NIO,18.31278915,18.35868586,36.3343,37.2073
2026-07-06,DOP,11.32180321,11.35017866,58.77,59.07
2026-07-06,TTD,99.95979493,100.21032073,6.6565,6.6842
2026-07-06,ANG,381.50471589,382.46086806,1.7441,1.8363
2026-07-07,EUR,768.7561828,770.68289003,1.14181,1.14187
2026-07-07,CNY,99.07628528,99.32459677,6.7952,6.7962
2026-07-07,TRY,14.37892298,14.41496038,46.82153,46.82274
2026-07-07,RUB,8.6680285,8.68975288,77.6697,77.6777
2026-07-07,USD,673.24317375,674.9305,1.0,1.0
2026-07-07,CAD,473.50802053,474.69475742,1.42182,1.42188
2026-07-07,INR,7.0581661,7.07585574,95.385,95.435
2026-07-07,JPY,4.1474248,4.15781935,162.328,162.336
2026-07-07,ARS,0.45153801,0.45266968,1491.0,1491.005
2026-07-07,BRL,130.3522254,130.6789227,5.1648,5.1698
2026-07-07,CLP,0.72798786,0.72981239,924.8,925.83
2026-07-07,COP,0.20134676,0.20185139,3343.7,3345.7
2026-07-07,UYU,16.73485393,16.77679592,40.23,40.33
2026-07-07,PEN,197.84976306,198.34562713,3.4028,3.41
2026-07-07,BOB,98.283675,98.53,6.85,7.0
2026-07-07,MXP,38.56094057,38.65758453,17.4592,17.4616
2026-07-07,CUC,673.24317375,674.9305,1.0,1.0
2026-07-07,NIO,18.51288211,18.55928032,36.3662,37.2421
2026-07-07,DOP,11.45945827,11.48817872,58.75,59.05
2026-07-07,TTD,100.09116063,100.34201566,6.7263,6.754
2026-07-07,ANG,386.01179619,386.9792443,1.7441,1.8363
2026-07-08,EUR,781.81926053,783.7787073,1.14257,1.14263
2026-07-08,CNY,100.7269124,100.9793608,6.7929,6.7939
2026-07-08,TRY,14.60932728,14.64594213,46.835,46.8413
2026-07-08,RUB,8.95117534,8.97360936,76.44,76.49
2026-07-08,USD,684.22784325,685.9427,1.0,1.0
2026-07-08,CAD,482.04748647,483.25562553,1.41942,1.41948
2026-07-08,INR,7.20565985,7.22371915,94.957,95.007
2026-07-08,JPY,4.22595032,4.23654168,161.911,161.918
2026-07-08,ARS,0.45859775,0.45974711,1492.0,1492.005
2026-07-08,BRL,132.94496342,133.27815882,5.1467,5.1698
2026-07-08,CLP,0.73894685,0.74079885,925.95,927.07
2026-07-08,COP,0.20543064,0.2059455,3330.7,3332.7
2026-07-08,UYU,16.99902718,17.04163126,40.251,40.351
2026-07-08,PEN,201.06016374,201.56407393,3.4031,3.41
2026-07-08,BOB,69.46475565,69.63885279,9.85,10.0
2026-07-08,MXP,39.10811984,39.20613518,17.4958,17.498
2026-07-08,CUC,684.22784325,685.9427,1.0,1.0
2026-07-08,NIO,18.81757821,18.86474006,36.3611,37.2356
2026-07-08,DOP,11.65635167,11.68556558,58.7,59.0
2026-07-08,TTD,101.62906503,101.88377447,6.7326,6.7603
2026-07-08,ANG,392.30998408,393.29321713,1.7441,1.8363
2026-07-09,EUR,796.29566875,798.29139724,1.14001,1.14005
2026-07-09,CNY,102.71681437,102.97425,6.8,6.801
2026-07-09,TRY,14.9076235,14.94498596,46.8535,46.8598
2026-07-09,RUB,9.09568909,9.1184853,76.7918,76.7998
2026-07-09,USD,698.47433775,700.2249,1.0,1.0
2026-07-09,CAD,492.47291669,493.70718465,1.4183,1.41835
2026-07-09,INR,7.3104227,7.32874457,95.545,95.595
2026-07-09,JPY,4.2940228,4.30478476,162.662,162.68
2026-07-09,ARS,0.46846032,0.4696344,1491.0,1491.005
2026-07-09,BRL,135.34488301,135.68409324,5.1607,5.1698
2026-07-09,CLP,0.74565968,0.7475285,936.72,938.2
2026-07-09,COP,0.20888639,0.20940992,3343.8,3345.8
2026-07-09,UYU,17.37930673,17.42286389,40.19,40.29
2026-07-09,PEN,205.15003899,205.66419948,3.4047,3.41
2026-07-09,BOB,71.645007,71.82456842,9.7491,10.0997
2026-07-09,MXP,39.60233697,39.70159095,17.6372,17.6394
2026-07-09,CUC,698.47433775,700.2249,1.0,1.0
2026-07-09,NIO,19.21133903,19.25948775,36.3574,37.2339
2026-07-09,DOP,11.91732362,11.9471916,58.61,58.91
2026-07-09,TTD,104.31373493,104.57517286,6.6959,6.7236
2026-07-09,ANG,400.47837724,401.48208244,1.7441,1.8363
2026-07-10,EUR,809.42073064,811.44935403,1.14332,1.14338
2026-07-10,CNY,104.20384865,104.46501118,6.7936,6.7946
2026-07-10,TRY,15.12971289,15.16763197,46.79,46.7963
2026-07-10,RUB,9.29760002,9.32090228,76.14,76.19
2026-07-10,USD,707.91926625,709.6935,1.0,1.0
2026-07-10,CAD,499.699487,500.95186667,1.41669,1.41673
2026-07-10,INR,7.42224901,7.44085113,95.378,95.427
2026-07-10,JPY,4.36018271,4.37111049,162.36,162.369
2026-07-10,ARS,0.47607213,0.47726529,1487.0,1487.005
2026-07-10,BRL,137.90724606,138.25287826,5.1333,5.1698
2026-07-10,CLP,0.76273718,0.7646488,928.13,928.71
2026-07-10,COP,0.21479436,0.21533269,3295.8,3297.8
2026-07-10,UYU,17.56492733,17.6089497,40.303,40.403
2026-07-10,PEN,208.04022165,208.56162571,3.4028,3.41
2026-07-10,BOB,71.86997626,72.05010152,9.85,10.0
2026-07-10,MXP,40.36188823,40.46304584,17.5393,17.5416
2026-07-10,CUC,707.91926625,709.6935,1.0,1.0
2026-07-10,NIO,19.47288658,19.52169081,36.3541,37.2292
2026-07-10,DOP,12.08672129,12.11701382,58.57,58.87
2026-07-10,TTD,105.2652401,105.52906276,6.7251,6.7528
2026-07-10,ANG,405.89373674,406.91101427,1.7441,1.8363
2026-07-13,EUR,821.88272822,823.94258468,1.14221,1.14223
2026-07-13,CNY,106.18825519,106.45439116,6.7761,6.7771
2026-07-13,TRY,15.31456735,15.35294972,46.98417,46.98579
2026-07-13,RUB,9.34506845,9.36848968,76.997,77.005
2026-07-13,USD,719.542236,721.3456,1.0,1.0
2026-07-13,CAD,508.29488273,509.56880474,1.4156,1.41571
2026-07-13,INR,7.54909758,7.56801762,95.315,95.365
2026-07-13,JPY,4.44584503,4.4569875,161.846,161.852
2026-07-13,ARS,0.48373237,0.48494473,1487.48,1487.49
2026-07-13,BRL,140.54382795,140.89606812,5.1197,5.1202
2026-07-13,CLP,0.77838839,0.78033924,924.4,925.7
2026-07-13,COP,0.22141804,0.22197298,3249.7,3251.7
2026-07-13,UYU,17.89060483,17.93544344,40.219,40.319
2026-07-13,PEN,211.97296685,212.50422742,3.3945,3.41
2026-07-13,BOB,70.96077278,71.13861932,10.14,10.29
2026-07-13,MXP,41.08054831,41.18350708,17.5154,17.5178
2026-07-13,CUC,719.542236,721.3456,1.0,1.0
2026-07-13,NIO,19.78449327,19.83407847,36.369,37.2439
2026-07-13,DOP,12.3040738,12.33491108,58.48,58.78
2026-07-13,TTD,106.62254367,106.88976809,6.7485,6.7762
2026-07-13,ANG,412.55790149,413.59188119,1.7441,1.8363
2026-07-14,EUR,823.43267876,825.49641981,1.14012,1.14019
2026-07-14,CNY,106.53326486,106.80026552,6.779,6.78
2026-07-14,TRY,15.36660295,15.40511573,46.99731,46.99936
2026-07-14,RUB,9.4166467,9.44024732,76.6928,76.7008
2026-07-14,USD,722.1890025,723.999,1.0,1.0
2026-07-14,CAD,510.9803745,512.26102707,1.41334,1.41343
2026-07-14,INR,7.55348815,7.5724192,95.61,95.66
2026-07-14,JPY,4.44946985,4.4606214,162.309,162.319
2026-07-14,ARS,0.48583182,0.48704944,1486.5,1486.505
2026-07-14,BRL,140.75288984,141.10565397,5.1309,5.1698
2026-07-14,CLP,0.77885876,0.78081079,927.24,927.72
2026-07-14,COP,0.22309063,0.22364975,3237.2,3239.2
2026-07-14,UYU,18.17408335,18.21963243,39.7373,40.7874
2026-07-14,PEN,212.30237895,212.83446512,3.4017,3.41
2026-07-14,BOB,69.77671521,69.9515942,10.35,10.5
2026-07-14,MXP,41.29389916,41.39739264,17.489,17.519
2026-07-14,CUC,722.1890025,723.999,1.0,1.0
2026-07-14,NIO,19.84771831,19.89746197,36.3865,37.2616
2026-07-14,DOP,12.37260583,12.40361487,58.37,58.67
2026-07-14,TTD,107.1481139,107.41665553,6.7401,6.7678
2026-07-14,ANG,414.07545582,415.11323891,1.7441,1.8363
2026-07-15,EUR,828.55537654,830.63195644,1.14447,1.14452
2026-07-15,CNY,106.94034012,107.20836103,6.7695,6.7705
2026-07-15,TRY,15.39263662,15.43121466,47.0311,47.0374
2026-07-15,RUB,9.33589835,9.35929659,77.5429,77.5509
2026-07-15,USD,723.9326325,725.747,1.0,1.0
2026-07-15,CAD,515.06391406,516.35480107,1.40552,1.40559
2026-07-15,INR,7.52606957,7.5449319,96.19,96.24
2026-07-15,JPY,4.47076215,4.48196707,161.926,161.934
2026-07-15,ARS,0.49013719,0.4913656,1477.0,1477.005
2026-07-15,BRL,142.61872192,142.97616233,5.076,5.0766
2026-07-15,CLP,0.78411333,0.78607852,923.25,924.55
2026-07-15,COP,0.22246101,0.22301856,3254.2,3256.2
2026-07-15,UYU,17.99395089,18.03904851,40.232,40.332
2026-07-15,PEN,213.46758838,214.00259487,3.3913,3.41
2026-07-15,BOB,70.64066827,70.81771255,10.2481,10.5992
2026-07-15,MXP,41.59313261,41.69737605,17.4051,17.4068
2026-07-15,CUC,723.9326325,725.747,1.0,1.0
2026-07-15,NIO,19.91336967,19.96327786,36.3541,37.2318
2026-07-15,DOP,12.41523979,12.44635568,58.31,58.61
2026-07-15,TTD,107.26199142,107.53081846,6.7492,6.7769
2026-07-15,ANG,415.07518634,416.11547503,1.7441,1.8363
2026-07-16,EUR,830.16720032,832.24781987,1.14403,1.14406
2026-07-16,CNY,107.19304103,107.46169527,6.7694,6.7704
2026-07-16,TRY,15.42914578,15.46781532,47.02999,47.03244
2026-07-16,RUB,9.33890054,9.3623063,77.7,77.85
2026-07-16,USD,725.632572,727.4512,1.0,1.0
2026-07-16,CAD,516.51960849,517.81414385,1.40485,1.40496
2026-07-16,INR,7.53943136,7.55832718,96.245,96.295
2026-07-16,JPY,4.47531822,4.48653455,162.141,162.146
2026-07-16,ARS,0.49262224,0.49385689,1473.0,1473.005
2026-07-16,BRL,143.35181888,143.71109662,5.0619,5.0625
2026-07-16,CLP,0.78452701,0.78649324,924.93,926.23
2026-07-16,COP,0.22442475,0.22498722,3233.3,3235.3
2026-07-16,UYU,18.07259027,18.11788498,40.151,40.251
2026-07-16,PEN,214.45577846,214.99326161,3.3836,3.41
2026-07-16,BOB,68.1345138,68.30527699,10.65,10.8
2026-07-16,MXP,41.73060194,41.83518992,17.3885,17.3903
2026-07-16,CUC,725.632572,727.4512,1.0,1.0
2026-07-16,NIO,19.95892244,20.0089448,36.3563,37.2322
2026-07-16,DOP,12.45293585,12.48414621,58.27,58.57
2026-07-16,TTD,107.31352184,107.58247803,6.7618,6.7895
2026-07-16,ANG,416.0498664,417.0925979,1.7441,1.8363
2026-07-17,EUR,835.97034084,838.0655046,1.14413,1.14415
2026-07-17,CNY,107.88445968,108.1548468,6.7725,6.7735
2026-07-17,TRY,15.52857708,15.56749582,47.0518,47.0581
2026-07-17,RUB,9.35555724,9.37900475,78.0977,78.1057
2026-07-17,USD,730.64750325,732.4787,1.0,1.0
2026-07-17,CAD,520.45239463,521.75678659,1.40387,1.40392
2026-07-17,INR,7.58444493,7.60345357,96.335,96.385
2026-07-17,JPY,4.49770391,4.50897635,162.449,162.454
2026-07-17,ARS,0.4958585,0.49710125,1473.5,1473.505
2026-07-17,BRL,143.32323177,143.68243786,5.0979,5.0985
2026-07-17,CLP,0.79000021,0.79198017,924.87,925.85
2026-07-17,COP,0.22760186,0.22817229,3210.2,3212.2
2026-07-17,UYU,18.18571578,18.23129402,40.177,40.277
2026-07-17,PEN,215.55567124,216.09591102,3.3896,3.41
2026-07-17,BOB,68.73447819,68.90674506,10.63,10.78
2026-07-17,MXP,41.91732641,42.02238237,17.43068,17.43372
2026-07-17,CUC,730.64750325,732.4787,1.0,1.0
2026-07-17,NIO,20.09597647,20.14634233,36.3579,37.2304
2026-07-17,DOP,12.56703651,12.59853285,58.14,58.44
2026-07-17,TTD,108.2905994,108.56200441,6.7471,6.7748
2026-07-17,ANG,418.9252355,419.97517344,1.7441,1.8363
2026-07-20,EUR,841.09176895,843.19976838,1.14417,1.1442
2026-07-20,CNY,108.45257675,108.72438772,6.778,6.779
2026-07-20,TRY,15.58715026,15.6262158,47.1601,47.1664
2026-07-20,RUB,9.38008027,9.40358925,78.3673,78.3753
2026-07-20,USD,735.09156525,736.9339,1.0,1.0
2026-07-20,CAD,524.6456872,525.96058867,1.40112,1.40116
2026-07-20,INR,7.63572831,7.65486548,96.27,96.32
2026-07-20,JPY,4.52773626,4.53908397,162.353,162.36
2026-07-20,ARS,0.49634811,0.49759209,1481.0,1481.005
2026-07-20,BRL,143.27873798,143.63783256,5.1305,5.1698
2026-07-20,CLP,0.78601764,0.78798761,935.21,936.33
2026-07-20,COP,0.22802021,0.22859169,3223.8,3225.8
2026-07-20,UYU,18.27313227,18.3189296,40.228,40.328
2026-07-20,PEN,215.76552445,216.30629017,3.4069,3.41
2026-07-20,BOB,69.02268218,69.19567136,10.65,10.8
2026-07-20,MXP,41.95943657,42.06459806,17.5191,17.5204
2026-07-20,CUC,735.09156525,736.9339,1.0,1.0
2026-07-20,NIO,20.22121079,20.27189051,36.3525,37.2274
2026-07-20,DOP,12.59797026,12.62954413,58.35,58.65
2026-07-20,TTD,109.06564863,109.33899612,6.7399,6.7676
2026-07-20,ANG,421.47329009,422.52961412,1.7441,1.8363
2026-07-21,EUR,838.60822256,840.70999755,1.14035,1.14036
2026-07-21,CNY,108.65034864,108.92265528,6.7684,6.7686
2026-07-21,TRY,15.58724386,15.62630964,47.1789,47.1852
2026-07-21,RUB,9.38364841,9.40716633,78.3692,78.3772
2026-07-21,USD,735.38901975,737.2321,1.0,1.0
2026-07-21,CAD,523.22980031,524.5411532,1.40548,1.40558
2026-07-21,INR,7.62495743,7.6440676,96.445,96.455
2026-07-21,JPY,4.52313277,4.53446895,162.584,162.59
2026-07-21,ARS,0.49755684,0.49880385,1478.0,1478.005
2026-07-21,BRL,144.55389297,144.91618343,5.0873,5.0883
2026-07-21,CLP,0.78845182,0.79042789,932.7,934.36
2026-07-21,COP,0.22672,0.22728822,3243.6,3245.6
2026-07-21,UYU,18.29826618,18.3441265,40.189,40.289
2026-07-21,PEN,216.20822031,216.75009555,3.4013,3.41
2026-07-21,BOB,68.4082809,68.57973023,10.75,10.9
2026-07-21,MXP,42.10668367,42.21221421,17.4649,17.4663
2026-07-21,CUC,735.38901975,737.2321,1.0,1.0
2026-07-21,NIO,20.22449746,20.27518543,36.3613,37.236
2026-07-21,DOP,12.6247042,12.65634506,58.25,58.55
2026-07-21,TTD,109.34014596,109.61418142,6.7257,6.7534
2026-07-21,ANG,421.64383908,422.70059056,1.7441,1.8363
2026-07-22,EUR,838.75530036,840.85744397,1.14053,1.14056
2026-07-22,CNY,108.70334802,108.97578749,6.7651,6.7661
2026-07-22,TRY,15.58090303,15.61995292,47.1981,47.19987
2026-07-22,RUB,9.33945922,9.36286639,78.74,78.79
2026-07-22,USD,735.38901975,737.2321,1.0,1.0
2026-07-22,CAD,521.76712388,523.07481091,1.40942,1.40948
2026-07-22,INR,7.64239043,7.66154429,96.225,96.275
2026-07-22,JPY,4.51120161,4.52250788,163.014,163.019
2026-07-22,ARS,0.49738858,0.49863517,1478.5,1478.505
2026-07-22,BRL,144.7188861,145.08159008,5.0815,5.0827
2026-07-22,CLP,0.78958621,0.79156513,931.36,932.16
2026-07-22,COP,0.22723141,0.22780091,3236.3,3238.3
2026-07-22,UYU,18.33430615,18.38025679,40.11,40.21
2026-07-22,PEN,216.59667169,217.13952049,3.3952,3.41
2026-07-22,BOB,68.0915759,68.26223148,10.8,10.95
2026-07-22,MXP,42.25402319,42.359923,17.404,17.406
2026-07-22,CUC,735.38901975,737.2321,1.0,1.0
2026-07-22,NIO,20.22216165,20.27284376,36.3655,37.2412
2026-07-22,DOP,12.67475042,12.70651671,58.02,58.32
2026-07-22,TTD,109.3450233,109.61907098,6.7254,6.7531
2026-07-22,ANG,421.64383908,422.70059056,1.7441,1.8363
2026-07-23,EUR,839.73713427,841.84173862,1.14087,1.14089
2026-07-23,CNY,108.68825989,108.96066154,6.772,6.773
2026-07-23,TRY,15.59079799,15.62987267,47.2097,47.216
2026-07-23,RUB,9.37088241,9.39436833,78.5451,78.5531
2026-07-23,USD,736.036896,737.8816,1.0,1.0
2026-07-23,CAD,522.46404406,523.77347776,1.40878,1.40882
2026-07-23,INR,7.62298064,7.64208585,96.555,96.605
2026-07-23,JPY,4.51279519,4.52410545,163.1,163.111
2026-07-23,ARS,0.49799519,0.4992433,1478.0,1478.005
2026-07-23,BRL,145.48196311,145.84657956,5.0593,5.0607
2026-07-23,CLP,0.7862466,0.78821714,936.14,937.26
2026-07-23,COP,0.22991812,0.23049436,3201.3,3203.3
2026-07-23,UYU,18.33537343,18.38132675,40.143,40.243
2026-07-23,PEN,216.55787219,217.10062374,3.3988,3.41
2026-07-23,BOB,67.21798136,67.38644748,10.95,11.1
2026-07-23,MXP,42.30194349,42.4079634,17.3996,17.4019
2026-07-23,CUC,736.036896,737.8816,1.0,1.0
2026-07-23,NIO,20.24237087,20.29310363,36.3612,37.2381
2026-07-23,DOP,12.61633349,12.64795337,58.34,58.64
2026-07-23,TTD,109.72687368,110.00187838,6.7079,6.7356
2026-07-23,ANG,422.01530646,423.07298893,1.7441,1.8363
2026-07-27,EUR,842.10836708,844.21891437,1.13736,1.13741
2026-07-27,CNY,109.37225813,109.64637407,6.7693,6.7703
2026-07-27,TRY,15.67440839,15.71369262,47.23455,47.23593
2026-07-27,RUB,9.45741364,9.48111643,78.285,78.336
2026-07-27,USD,740.373627,742.2292,1.0,1.0
2026-07-27,CAD,525.54986441,526.86703199,1.40876,1.40881
2026-07-27,INR,7.66650575,7.68572005,96.5725,96.5825
2026-07-27,JPY,4.51822015,4.52954401,163.864,163.869
2026-07-27,ARS,0.49756292,0.49880994,1488.0,1488.005
2026-07-27,BRL,145.72276005,146.08798,5.0807,5.082
2026-07-27,CLP,0.78096012,0.78291741,948.03,948.6
2026-07-27,COP,0.23041629,0.23099377,3213.2,3215.2
2026-07-27,UYU,18.67828576,18.72509851,39.6382,40.6905
2026-07-27,PEN,217.7185282,218.26418867,3.4006,3.41
2026-07-27,BOB,67.12362892,67.29185856,11.03,11.18
2026-07-27,MXP,42.28676675,42.39274862,17.5084,17.5106
2026-07-27,CUC,740.373627,742.2292,1.0,1.0
2026-07-27,NIO,20.35833561,20.409359,36.3671,37.2441
2026-07-27,DOP,12.77607639,12.80809663,57.95,58.25
2026-07-27,TTD,109.99296207,110.26863365,6.7311,6.7588
2026-07-27,ANG,424.50182156,425.5657359,1.7441,1.8363
2026-07-28,EUR,842.64192848,844.75381302,1.13718,1.13724
2026-07-28,CNY,109.5242526,109.79874948,6.7652,6.7662
2026-07-28,TRY,15.6649783,15.7042389,47.3,47.3063
2026-07-28,RUB,9.49659105,9.52039203,78.0231,78.0311
2026-07-28,USD,740.95347375,742.8105,1.0,1.0
2026-07-28,CAD,525.06694758,526.38290484,1.41116,1.41122
2026-07-28,INR,7.72631359,7.74567778,95.9,95.95
2026-07-28,JPY,4.52653764,4.53788235,163.691,163.698
2026-07-28,ARS,0.49462848,0.49586815,1498.0,1498.005
2026-07-28,BRL,145.14554129,145.50931458,5.1049,5.1054
2026-07-28,CLP,0.7854908,0.78745945,943.3,943.98
2026-07-28,COP,0.23094173,0.23152053,3208.4,3210.4
2026-07-28,UYU,18.45279358,18.49904119,40.154,40.254
2026-07-28,PEN,218.17775499,218.72456641,3.3961,3.41
2026-07-28,BOB,65.45525386,65.61930212,11.32,11.47
2026-07-28,MXP,42.44157322,42.54794308,17.4582,17.4599
2026-07-28,CUC,740.95347375,742.8105,1.0,1.0
2026-07-28,NIO,20.37736166,20.42843274,36.3616,37.2392
2026-07-28,DOP,12.7596603,12.7916394,58.07,58.37
2026-07-28,TTD,109.69937725,109.97431304,6.7544,6.7821
2026-07-28,ANG,424.83428344,425.89903101,1.7441,1.8363
2026-07-29,EUR,843.95859838,846.07378284,1.13682,1.13685
2026-07-29,CNY,109.64712118,109.921926,6.7705,6.7715
2026-07-29,TRY,15.67012352,15.70939701,47.3746,47.3809
2026-07-29,RUB,9.44005384,9.46371312,78.64,78.69
2026-07-29,USD,742.365834,744.2264,1.0,1.0
2026-07-29,CAD,526.23187733,527.55075422,1.41072,1.41083
2026-07-29,INR,7.74572561,7.76513845,95.842,95.893
2026-07-29,JPY,4.53037783,4.54173216,163.864,163.871
2026-07-29,ARS,0.49590236,0.49714522,1497.0,1497.005
2026-07-29,BRL,145.11803776,145.48174212,5.1156,5.117
2026-07-29,CLP,0.79243166,0.79441771,936.82,937.94
2026-07-29,COP,0.23177203,0.23235291,3203.0,3205.0
2026-07-29,UYU,18.48796717,18.53430293,40.154,40.254
2026-07-29,PEN,218.26585734,218.81288956,3.4012,3.41
2026-07-29,BOB,65.6960915,65.86074336,11.3,11.45
2026-07-29,MXP,42.50177961,42.60830036,17.4667,17.4691
2026-07-29,CUC,742.365834,744.2264,1.0,1.0
2026-07-29,NIO,20.41822525,20.46939875,36.358,37.2382
2026-07-29,DOP,12.8392569,12.87143548,57.82,58.12
2026-07-29,TTD,109.89058308,110.16599807,6.7555,6.7832
2026-07-29,ANG,425.6440766,426.71085373,1.7441,1.8363
2026-07-30,EUR,846.70375372,848.82581826,1.13835,1.13839
2026-07-30,CNY,109.93452276,110.21004788,6.7656,6.7666
2026-07-30,TRY,15.69235056,15.73167976,47.39717,47.39835
2026-07-30,RUB,9.27391982,9.29716273,80.2005,80.2058
2026-07-30,USD,743.77300725,745.6371,1.0,1.0
2026-07-30,CAD,527.95539917,529.27859566,1.40878,1.40882
2026-07-30,INR,7.77704243,7.79653376,95.637,95.688
2026-07-30,JPY,4.53949163,4.5508688,163.845,163.846
2026-07-30,ARS,0.49700835,0.49825399,1496.5,1496.505
2026-07-30,BRL,144.70573498,145.068406,5.1399,5.1413
2026-07-30,CLP,0.79616888,0.79816429,934.19,935.31
2026-07-30,COP,0.23166168,0.23224229,3210.6,3212.6
2026-07-30,UYU,18.49537492,18.54172924,40.214,40.314
2026-07-30,PEN,218.26887171,218.81591149,3.4076,3.41
2026-07-30,BOB,63.5703425,63.72966666,11.7,11.85
2026-07-30,MXP,42.47679951,42.58325766,17.5101,17.5113
2026-07-30,CUC,743.77300725,745.6371,1.0,1.0
2026-07-30,NIO,20.45889799,20.51017343,36.3545,37.2327
2026-07-30,DOP,12.82146194,12.85359593,58.01,58.31
2026-07-30,TTD,110.25556371,110.53189344,6.7459,6.7736
2026-07-30,ANG,426.45089573,427.51969497,1.7441,1.8363
2026-07-31,EUR,856.83508091,858.98253725,1.15046,1.15048
2026-07-31,CNY,110.25197639,110.52829713,6.7551,6.7558
2026-07-31,TRY,15.70757338,15.74694074,47.41427,47.41535
2026-07-31,RUB,9.3107029,9.334038,79.99,80.04
2026-07-31,USD,744.76312575,746.6297,1.0,1.0
2026-07-31,CAD,531.36259426,532.69433009,1.40161,1.40168
2026-07-31,INR,7.78389554,7.80340405,95.68,95.69
2026-07-31,JPY,4.67240787,4.68411817,159.396,159.406
2026-07-31,ARS,0.49933833,0.5005898,1491.5,1491.505
2026-07-31,BRL,146.91926255,147.28748125,5.0692,5.0702
2026-07-31,CLP,0.80659683,0.80861838,923.34,924.46
2026-07-31,COP,0.23654537,0.23713822,3148.5,3150.5
2026-07-31,UYU,18.51585226,18.56225791,40.223,40.323
2026-07-31,PEN,219.99265249,220.54401252,3.3854,3.41
2026-07-31,BOB,63.11551913,63.27370338,11.8,11.95
2026-07-31,MXP,42.90110171,43.00862327,17.36,17.362
2026-07-31,CUC,744.76312575,746.6297,1.0,1.0
2026-07-31,NIO,20.4772335,20.52855489,36.3703,37.2421
2026-07-31,DOP,12.8518227,12.88403278,57.95,58.25
2026-07-31,TTD,110.36470847,110.64131175,6.7482,6.7759
2026-07-31,ANG,427.01859168,428.08881371,1.7441,1.8363
2026-08-03,EUR,859.03375968,861.1867265,1.15008,1.15011
2026-08-03,CNY,110.64743333,110.9247452,6.7504,6.7514
2026-08-03,TRY,15.71789633,15.75728956,47.52,47.5263
2026-08-03,RUB,9.42607237,9.44969661,79.2392,79.2472
2026-08-03,USD,746.914434,748.7864,1.0,1.0
2026-08-03,CAD,532.53652891,533.87120693,1.40256,1.40261
2026-08-03,INR,7.83175457,7.85138303,95.37,95.42
2026-08-03,JPY,4.69255785,4.70431865,159.17,159.179
2026-08-03,ARS,0.50162151,0.50287871,1489.0,1489.005
2026-08-03,BRL,147.08830917,147.45695155,5.078,5.08
2026-08-03,CLP,0.80583725,0.80785689,926.88,927.42
2026-08-03,COP,0.23759843,0.23819391,3143.6,3145.6
2026-08-03,UYU,18.57811247,18.62467416,40.204,40.304
2026-08-03,PEN,220.01721279,220.56863438,3.3948,3.41
2026-08-03,BOB,61.72846561,61.88317355,12.1,12.25
2026-08-03,MXP,43.06670245,43.17463905,17.3432,17.3455
2026-08-03,CUC,746.914434,748.7864,1.0,1.0
2026-08-03,NIO,20.5316417,20.58309945,36.3787,37.2483
2026-08-03,DOP,12.85345782,12.885672,58.11,58.41
2026-08-03,TTD,111.22908579,111.50785543,6.7151,6.7428
2026-08-03,ANG,428.25206926,429.32538271,1.7441,1.8363
2026-08-04,EUR,863.01625095,865.17919894,1.1503,1.15036
2026-08-04,CNY,111.11319414,111.39167333,6.7518,6.7528
2026-08-04,TRY,15.78554915,15.82511193,47.52537,47.53848
2026-08-04,RUB,9.35545659,9.37890385,80.19,80.24
2026-08-04,USD,750.21406425,752.0943,1.0,1.0
2026-08-04,CAD,534.19591866,535.53475555,1.40438,1.40445
2026-08-04,INR,7.86990112,7.88962518,95.327,95.378
2026-08-04,JPY,4.78495569,4.79694806,156.786,156.788
2026-08-04,ARS,0.50231942,0.50357837,1493.5,1493.505
2026-08-04,BRL,147.70901048,148.0792085,5.079,5.0804
2026-08-04,CLP,0.81195513,0.8139901,923.96,925.26
2026-08-04,COP,0.23271832,0.23330157,3223.7,3225.7
2026-08-04,UYU,18.62821404,18.67490129,40.273,40.373
2026-08-04,PEN,221.04126819,221.59525633,3.394,3.41
2026-08-04,BOB,62.1552663,62.31104391,12.07,12.22
2026-08-04,MXP,43.30964861,43.41819409,17.3221,17.3232
2026-08-04,CUC,750.21406425,752.0943,1.0,1.0
2026-08-04,NIO,20.63436881,20.68608402,36.3575,37.2252
2026-08-04,DOP,12.90579845,12.93814381,58.13,58.43
2026-08-04,TTD,111.27965709,111.55855348,6.7417,6.7694
2026-08-04,ANG,430.1439506,431.22200561,1.7441,1.8363
2026-08-05,EUR,867.86940084,870.04451212,1.15211,1.15214
2026-08-05,CNY,111.55053711,111.83011239,6.7527,6.7537
2026-08-05,TRY,15.84481612,15.88452744,47.5403,47.5466
2026-08-05,RUB,9.26642037,9.28964448,81.29,81.34
2026-08-05,USD,753.267312,755.1552,1.0,1.0
2026-08-05,CAD,535.51204794,536.8541834,1.40663,1.4067
2026-08-05,INR,7.89853317,7.91832899,95.368,95.418
2026-08-05,JPY,4.78836523,4.80036615,157.312,157.32
2026-08-05,ARS,0.50453269,0.50579718,1493.0,1493.005
2026-08-05,BRL,147.85022218,148.22077412,5.0948,5.0956
2026-08-05,CLP,0.82390929,0.82597423,914.26,914.9
2026-08-05,COP,0.23450929,0.23509703,3212.1,3214.1
2026-08-05,UYU,18.94707045,18.99455685,39.7564,40.7983
2026-08-05,PEN,222.76788075,223.32619625,3.3814,3.41
2026-08-05,BOB,62.94327188,63.10102444,11.9674,12.3146
2026-08-05,MXP,43.62290936,43.73223996,17.2677,17.27
2026-08-05,CUC,753.267312,755.1552,1.0,1.0
2026-08-05,NIO,20.72108294,20.77301548,36.3527,37.221
2026-08-05,DOP,12.98065331,13.01318628,58.03,58.33
2026-08-05,TTD,111.73254698,112.01257842,6.7417,6.7694
2026-08-05,ANG,431.89456567,432.97700819,1.7441,1.8363
2026-08-06,EUR,870.65575085,872.83784547,1.15464,1.1547
2026-08-06,CNY,111.7184777,111.99847389,6.7492,6.7502
2026-08-06,TRY,15.84876762,15.88848884,47.57533,47.577
2026-08-06,RUB,9.33784387,9.36124699,80.7478,80.7558
2026-08-06,USD,754.01034975,755.9001,1.0,1.0
2026-08-06,CAD,536.93732713,538.28303472,1.40428,1.40435
2026-08-06,INR,7.92802159,7.94789132,95.107,95.158
2026-08-06,JPY,4.78824894,4.80024956,157.471,157.483
2026-08-06,ARS,0.50385258,0.50511536,1496.49,1496.5
2026-08-06,BRL,147.6916831,148.06183769,5.1053,5.1067
2026-08-06,CLP,0.82887427,0.83095165,909.68,910.62
2026-08-06,COP,0.23671564,0.23730891,3185.3,3187.3
2026-08-06,UYU,18.73038428,18.7773276,40.256,40.356
2026-08-06,PEN,222.79654574,223.35493307,3.3843,3.41
2026-08-06,BOB,62.7296464,62.88686356,12.02,12.17
2026-08-06,MXP,43.82736381,43.93720682,17.2041,17.2057
2026-08-06,CUC,754.01034975,755.9001,1.0,1.0
2026-08-06,NIO,20.74254969,20.79453603,36.3509,37.217
2026-08-06,DOP,12.98227186,13.01480888,58.08,58.38
2026-08-06,TTD,113.27089244,113.55477939,6.6567,6.6844
2026-08-06,ANG,432.320595,433.40410526,1.7441,1.8363
2026-08-07,EUR,869.71470133,871.89443742,1.15218,1.15222
2026-08-07,CNY,111.85284134,112.13317428,6.7483,6.7493
2026-08-07,TRY,15.85928927,15.89903686,47.5946,47.5959
2026-08-07,RUB,9.27929132,9.30254769,81.3442,81.3522
2026-08-07,USD,754.81652925,756.7083,1.0,1.0
2026-08-07,CAD,537.88678775,539.23487493,1.4033,1.40332
2026-08-07,INR,7.92791229,7.94778174,95.21,95.26
2026-08-07,JPY,4.76432345,4.77626411,158.431,158.437
2026-08-07,ARS,0.5045565,0.50582105,1496.0,1496.005
2026-08-07,BRL,148.01775257,148.38872438,5.0995,5.1002
2026-08-07,CLP,0.82622735,0.8282981,913.57,914.69
2026-08-07,COP,0.23944945,0.24004958,3152.3,3154.3
2026-08-07,UYU,18.76019707,18.80721511,40.235,40.335
2026-08-07,PEN,223.51026894,224.07044505,3.3771,3.41
2026-08-07,BOB,63.91333863,64.07352243,11.81,11.96
2026-08-07,MXP,43.84618905,43.95607925,17.2151,17.2169
2026-08-07,CUC,754.81652925,756.7083,1.0,1.0
2026-08-07,NIO,20.76112927,20.81316217,36.3572,37.2234
2026-08-07,DOP,13.02081299,13.05344661,57.97,58.27
2026-08-07,TTD,113.04217711,113.32549084,6.6773,6.705
2026-08-07,ANG,432.78282738,433.86749612,1.7441,1.8363
2026-08-10,EUR,873.02891441,875.2169568,1.15532,1.15534
2026-08-10,CNY,111.99910306,112.27980257,6.7469,6.7479
2026-08-10,TRY,15.8408572,15.8805586,47.70239,47.70545
2026-08-10,RUB,9.22758271,9.25070948,81.89,81.94
2026-08-10,USD,755.6467485,757.5406,1.0,1.0
2026-08-10,CAD,541.95031843,543.30858991,1.39431,1.39435
2026-08-10,INR,7.9376326,7.95752641,95.198,95.247
2026-08-10,JPY,4.78463356,4.79662512,157.932,157.937
2026-08-10,ARS,0.50426876,0.50553259,1498.5,1498.505
2026-08-10,BRL,148.44253973,148.81457617,5.0905,5.0915
2026-08-10,CLP,0.82826941,0.83034527,912.32,913.62
2026-08-10,COP,0.23924985,0.23984948,3158.4,3160.4
2026-08-10,UYU,18.76497426,18.81200427,40.269,40.369
2026-08-10,PEN,223.72298333,224.28369256,3.3776,3.41
2026-08-10,BOB,64.14658306,64.30735144,11.78,11.93
2026-08-10,MXP,44.08005486,44.19053119,17.1426,17.1451
2026-08-10,CUC,755.6467485,757.5406,1.0,1.0
2026-08-10,NIO,20.78127788,20.83336129,36.3619,37.2293
2026-08-10,DOP,13.00372996,13.03632077,58.11,58.41
2026-08-10,TTD,112.26700369,112.54837463,6.7308,6.7585
2026-08-10,ANG,433.25884324,434.344705,1.7441,1.8363
2026-08-11,EUR,877.15154487,879.34991967,1.15513,1.15519
2026-08-11,CNY,112.57596973,112.85811502,6.7449,6.7459
2026-08-11,TRY,15.91394798,15.95383256,47.71372,47.71464
2026-08-11,RUB,9.20491766,9.22798763,82.49,82.54
2026-08-11,USD,759.31365825,761.2167,1.0,1.0
2026-08-11,CAD,544.93588219,546.30163628,1.3934,1.39345
2026-08-11,INR,7.9684506,7.98842166,95.29,95.34
2026-08-11,JPY,4.77919459,4.79117252,158.879,158.886
2026-08-11,ARS,0.50688495,0.50815534,1498.0,1498.005
2026-08-11,BRL,148.85292549,149.22599047,5.1011,5.1024
2026-08-11,CLP,0.82921661,0.83129485,915.7,916.32
2026-08-11,COP,0.24395619,0.24456761,3112.5,3114.5
2026-08-11,UYU,18.86681057,18.91409581,40.246,40.346
2026-08-11,PEN,224.88853756,225.45216798,3.3764,3.41
2026-08-11,BOB,64.3486151,64.50988983,11.8,11.95
2026-08-11,MXP,44.31567614,44.426743,17.1342,17.136
2026-08-11,CUC,759.31365825,761.2167,1.0,1.0
2026-08-11,NIO,20.87471706,20.92703465,36.3748,37.2405
2026-08-11,DOP,13.06458462,13.09732794,58.12,58.42
2026-08-11,TTD,113.74974282,114.03482989,6.6753,6.703
2026-08-11,ANG,435.36130855,436.45243965,1.7441,1.8363
2026-08-12,EUR,880.08949438,882.29523246,1.15429,1.15431
2026-08-12,CNY,113.04584898,113.32917191,6.7445,6.7455
2026-08-12,TRY,15.97229974,16.01233057,47.735,47.7413
2026-08-12,RUB,9.2315986,9.25473544,82.59,82.64
2026-08-12,USD,762.4377285,764.3486,1.0,1.0
2026-08-12,CAD,547.38613689,548.75803197,1.39287,1.39291
2026-08-12,INR,7.98991593,8.00994079,95.425,95.475
2026-08-12,JPY,4.78830946,4.80031024,159.229,159.237
2026-08-12,ARS,0.510504,0.51178346,1493.5,1493.505
2026-08-12,BRL,148.35727905,148.7291018,5.1392,5.1402
2026-08-12,CLP,0.83413131,0.83622186,914.05,916.25
2026-08-12,COP,0.24502289,0.24563698,3111.7,3113.7
2026-08-12,UYU,18.95055622,18.99805135,40.233,40.333
2026-08-12,PEN,226.28293716,226.85006232,3.3694,3.41
2026-08-12,BOB,65.05441369,65.21745733,11.72,11.87
2026-08-12,MXP,44.55755719,44.66923027,17.1113,17.1125
2026-08-12,CUC,762.4377285,764.3486,1.0,1.0
2026-08-12,NIO,20.97415301,21.02671981,36.3513,37.2179
2026-08-12,DOP,13.10030461,13.13313745,58.2,58.5
2026-08-12,TTD,113.65079576,113.93563485,6.7086,6.7363
2026-08-12,ANG,437.15253053,438.2481509,1.7441,1.8363
2026-08-13,EUR,882.86678513,885.07948384,1.15413,1.15416
2026-08-13,CNY,113.47116272,113.75555159,6.7413,6.7423
2026-08-13,TRY,16.01887958,16.05902715,47.7526,47.7589
2026-08-13,RUB,9.25073345,9.27391824,82.69,82.74
2026-08-13,USD,764.94314925,766.8603,1.0,1.0
2026-08-13,CAD,549.54786396,550.92517691,1.39195,1.39199
2026-08-13,INR,8.02500156,8.04511435,95.32,95.37
2026-08-13,JPY,4.80419502,4.81623561,159.224,159.23
2026-08-13,ARS,0.51235308,0.51363717,1493.0,1493.005
2026-08-13,BRL,148.06115462,148.43223521,5.1664,5.1672
2026-08-13,CLP,0.83825711,0.84035801,912.54,913.66
2026-08-13,COP,0.24531561,0.24593044,3118.2,3120.2
2026-08-13,UYU,18.99724703,19.04485918,40.266,40.366
2026-08-13,PEN,227.8718905,228.442998,3.3569,3.41
2026-08-13,BOB,65.71676539,65.88146907,11.64,11.79
2026-08-13,MXP,44.85365184,44.966067,17.0542,17.0559
2026-08-13,CUC,764.94314925,766.8603,1.0,1.0
2026-08-13,NIO,21.0355527,21.08827338,36.3643,37.2311
2026-08-13,DOP,13.11181263,13.14467432,58.34,58.64
2026-08-13,TTD,114.25588487,114.54224047,6.695,6.7227
2026-08-13,ANG,438.58904262,439.68826328,1.7441,1.8363
2026-08-14,EUR,887.23035706,889.45399204,1.15351,1.15353
2026-08-14,CNY,114.08750337,114.37343696,6.7417,6.7427
2026-08-14,TRY,16.10093086,16.14128407,47.77014,47.78014
2026-08-14,RUB,9.16556205,9.18853339,83.9167,83.9247
2026-08-14,USD,769.1437215,771.0714,1.0,1.0
2026-08-14,CAD,551.61453114,552.9970237,1.39435,1.3944
2026-08-14,INR,8.05976864,8.07996856,95.43,95.48
2026-08-14,JPY,4.82739313,4.83949186,159.329,159.331
2026-08-14,ARS,0.51568469,0.51697713,1491.5,1491.505
2026-08-14,BRL,148.15442964,148.525744,5.1915,5.1931
2026-08-14,CLP,0.84241716,0.84452848,913.02,914.32
2026-08-14,COP,0.24582706,0.24644317,3128.8,3130.8
2026-08-14,UYU,19.06463715,19.1124182,40.344,40.444
2026-08-14,PEN,228.90500922,229.47870599,3.3601,3.41
2026-08-14,BOB,66.42001049,66.58647668,11.58,11.73
2026-08-14,MXP,45.07273705,45.1857013,17.0645,17.0659
2026-08-14,CUC,769.1437215,771.0714,1.0,1.0
2026-08-14,NIO,21.15257871,21.20559269,36.3617,37.2285
2026-08-14,DOP,13.1702692,13.20327739,58.4,58.7
2026-08-14,TTD,114.85928581,115.14715369,6.6964,6.7241
2026-08-14,ANG,440.99748953,442.1027464,1.7441,1.8363
2026-08-17,EUR,892.25396071,894.49018618,1.1578,1.15785
2026-08-17,CNY,114.31896924,114.60548294,6.7409,6.7419
2026-08-17,TRY,16.09511583,16.13545447,47.87867,47.89071
2026-08-17,RUB,9.14771595,9.17064256,84.241,84.249
2026-08-17,USD,770.61273975,772.5441,1.0,1.0
2026-08-17,CAD,555.31652356,556.70829429,1.3877,1.3882
2026-08-17,INR,8.07643179,8.09667347,95.415,95.465
2026-08-17,JPY,4.84184006,4.853975,159.157,159.161
2026-08-17,ARS,0.5178849,0.51918286,1488.0,1488.005
2026-08-17,BRL,147.62696163,147.99695402,5.22,5.2218
2026-08-17,CLP,0.84361034,0.84572465,913.47,914.0
2026-08-17,COP,0.2475546,0.24817504,3112.9,3114.9
2026-08-17,UYU,19.11004934,19.1579442,40.325,40.425
2026-08-17,PEN,229.0218556,229.59584522,3.3648,3.41
2026-08-17,BOB,66.77753377,66.94489601,11.54,11.69
2026-08-17,MXP,45.30910575,45.4226624,17.0079,17.01062
2026-08-17,CUC,770.61273975,772.5441,1.0,1.0
2026-08-17,NIO,21.19717613,21.25030188,36.3545,37.2195
2026-08-17,DOP,13.18413583,13.21717878,58.45,58.75
2026-08-17,TTD,115.00652773,115.29476464,6.7006,6.7283
2026-08-17,ANG,441.83976821,442.94713605,1.7441,1.8363
2026-08-18,EUR,893.78938697,896.02946062,1.15867,1.15869
2026-08-18,CNY,114.46323971,114.750115,6.7391,6.7401
2026-08-18,TRY,16.10425287,16.1446144,47.8991,47.9054
2026-08-18,RUB,9.08152422,9.10428493,84.9394,84.9474
2026-08-18,USD,771.37921875,773.3125,1.0,1.0
2026-08-18,CAD,556.31384818,557.70811847,1.38659,1.38663
2026-08-18,INR,8.06949555,8.08971985,95.592,95.643
2026-08-18,JPY,4.84245719,4.85459367,159.295,159.3
2026-08-18,ARS,0.51857426,0.51987394,1487.5,1487.505
2026-08-18,BRL,148.64230055,149.01483765,5.1895,5.1907
2026-08-18,CLP,0.8446806,0.84679759,913.22,914.34
2026-08-18,COP,0.24632111,0.24693846,3131.6,3133.6
2026-08-18,UYU,19.12621107,19.17414643,40.331,40.431
2026-08-18,PEN,229.45422653,230.02929977,3.3618,3.41
2026-08-18,BOB,67.0764538,67.24456521,11.5,11.65
2026-08-18,MXP,45.29451734,45.40803743,17.0303,17.0318
2026-08-18,CUC,771.37921875,773.3125,1.0,1.0
2026-08-18,NIO,21.20816728,21.26132058,36.3718,37.2347
2026-08-18,DOP,13.17470911,13.20772843,58.55,58.85
2026-08-18,TTD,114.64526763,114.93259913,6.7284,6.7561
2026-08-18,ANG,442.27923785,443.38770712,1.7441,1.8363
2026-08-19,EUR,895.57856029,897.82311808,1.15797,1.15798
2026-08-19,CNY,114.71332853,115.00083061,6.742,6.743
2026-08-19,TRY,16.14028492,16.18073677,47.9172,47.9235
2026-08-19,RUB,9.09986187,9.12266854,84.99,85.04
2026-08-19,USD,773.397261,775.3356,1.0,1.0
2026-08-19,CAD,556.76140018,558.15679216,1.3891,1.38914
2026-08-19,INR,8.08401025,8.10427093,95.67,95.72
2026-08-19,JPY,4.84703192,4.85917987,159.561,159.573
2026-08-19,ARS,0.51853654,0.51983613,1491.5,1491.505
2026-08-19,BRL,148.27401476,148.64562883,5.216,5.2178
2026-08-19,CLP,0.83854372,0.84064533,922.31,922.94
2026-08-19,COP,0.25012039,0.25074725,3092.1,3094.1
2026-08-19,UYU,19.20958895,19.25773329,40.261,40.361
2026-08-19,PEN,230.50018209,231.07787679,3.3553,3.41
2026-08-19,BOB,67.36909939,67.53794425,11.48,11.63
2026-08-19,MXP,45.32598376,45.43958272,17.063,17.0652
2026-08-19,CUC,773.397261,775.3356,1.0,1.0
2026-08-19,NIO,21.26172191,21.31500944,36.3751,37.2391
2026-08-19,DOP,13.21594772,13.2490704,58.52,58.82
2026-08-19,TTD,115.27414013,115.56304775,6.7092,6.7369
2026-08-19,ANG,443.43630583,444.54767501,1.7441,1.8363
2026-08-20,EUR,904.56547677,906.83255816,1.16645,1.16647
2026-08-20,CNY,115.25534826,115.54420878,6.7283,6.7293
2026-08-20,TRY,16.38186409,16.42292139,47.33726,47.93801
2026-08-20,RUB,9.12965104,9.15253237,84.94,84.99
2026-08-20,USD,775.47255975,777.4161,1.0,1.0
2026-08-20,CAD,561.3549436,562.76184822,1.38143,1.38147
2026-08-20,INR,8.09952226,8.11982181,95.743,95.793
2026-08-20,JPY,4.89689668,4.90916961,158.36,158.365
2026-08-20,ARS,0.51784478,0.51914263,1497.5,1497.505
2026-08-20,BRL,149.94248806,150.31828376,5.1718,5.1721
2026-08-20,CLP,0.84357431,0.84568853,919.27,920.57
2026-08-20,COP,0.25069426,0.25132256,3093.3,3095.3
2026-08-20,UYU,19.23342741,19.28163148,40.319,40.419
2026-08-20,PEN,231.03606725,231.61510502,3.3565,3.41
2026-08-20,BOB,67.66776263,67.83735602,11.46,11.61
2026-08-20,MXP,45.73899009,45.85362415,16.9543,16.9555
2026-08-20,CUC,775.47255975,777.4161,1.0,1.0
2026-08-20,NIO,21.32129509,21.37473192,36.3708,37.2325
2026-08-20,DOP,13.19953293,13.23261446,58.75,59.05
2026-08-20,TTD,116.00708479,116.29782937,6.6847,6.7124
2026-08-20,ANG,444.62620248,445.74055386,1.7441,1.8363
2026-08-21,EUR,908.94010987,911.21815526,1.16828,1.1683
2026-08-21,CNY,115.72077159,116.01079858,6.7231,6.7241
2026-08-21,TRY,16.22450475,16.26516767,47.9523,47.9586
2026-08-21,RUB,9.29068927,9.3139742,83.74,83.79
2026-08-21,USD,778.0023195,779.9522,1.0,1.0
2026-08-21,CAD,564.65770051,566.07288272,1.37783,1.37788
2026-08-21,INR,8.13002058,8.15039657,95.695,95.745
2026-08-21,JPY,4.89996863,4.91224925,158.777,158.779
2026-08-21,ARS,0.51944738,0.52074925,1497.75,1497.76
2026-08-21,BRL,150.12394247,150.50019296,5.1824,5.1835
2026-08-21,CLP,0.84316186,0.84527505,922.72,923.84
2026-08-21,COP,0.2544154,0.25505304,3058.0,3060.0
2026-08-21,UYU,19.34895967,19.3974533,40.209,40.309
2026-08-21,PEN,237.02239809,237.61643919,3.2824,3.4193
2026-08-21,BOB,68.12629767,68.29704028,11.42,11.57
2026-08-21,MXP,45.89439951,46.00942307,16.95201,16.95441
2026-08-21,CUC,778.0023195,779.9522,1.0,1.0
2026-08-21,NIO,21.3733965,21.42696391,36.4005,37.256
2026-08-21,DOP,13.22683304,13.25998299,58.82,59.12
2026-08-21,TTD,115.86553673,116.15592654,6.7147,6.7424
2026-08-21,ANG,446.07666962,447.19465626,1.7441,1.8363
2026-08-24,EUR,913.71806956,916.00808978,1.16736,1.16739
2026-08-24,CNY,116.46479305,116.75668477,6.7205,6.7215
2026-08-24,TRY,16.28592679,16.32674365,48.06,48.0663
2026-08-24,RUB,9.46346763,9.48718559,82.7077,82.7157
2026-08-24,USD,782.70164175,784.6633,1.0,1.0
2026-08-24,CAD,568.34473971,569.76916262,1.37716,1.37723
2026-08-24,INR,8.17998266,8.20048387,95.685,95.735
2026-08-24,JPY,4.9219089,4.93424451,159.024,159.037
2026-08-24,ARS,0.52302147,0.5243323,1496.5,1496.505
2026-08-24,BRL,151.68930439,152.06947809,5.1599,5.161
2026-08-24,CLP,0.85342496,0.85556387,917.13,918.43
2026-08-24,COP,0.25718846,0.25783304,3043.3,3045.3
2026-08-24,UYU,19.47261205,19.52141559,40.195,40.295
2026-08-24,PEN,234.06849539,234.65513322,3.3439,3.41
2026-08-24,BOB,68.47783392,68.64945756,11.43,11.58
2026-08-24,MXP,46.295079,46.41110677,16.9068,16.9087
2026-08-24,CUC,782.70164175,784.6633,1.0,1.0
2026-08-24,NIO,21.4145456,21.46821614,36.55,36.85
2026-08-24,DOP,13.37951524,13.41304786,58.5,58.8
2026-08-24,TTD,116.69051684,116.98297428,6.7075,6.7352
2026-08-24,ANG,448.77108064,449.89582019,1.7441,1.8363
2026-08-25,EUR,913.73664315,916.02670993,1.16679,1.16681
2026-08-25,CNY,116.50771803,116.79971732,6.7215,6.7225
2026-08-25,TRY,16.28916775,16.32999274,48.0753,48.0816
2026-08-25,RUB,9.39089371,9.41442978,83.39,83.44
2026-08-25,USD,783.10662675,785.0693,1.0,1.0
2026-08-25,CAD,566.02479671,567.44340522,1.38352,1.38356
2026-08-25,INR,8.17994074,8.20044184,95.735,95.785
2026-08-25,JPY,4.92098976,4.93332306,159.136,159.145
2026-08-25,ARS,0.51999112,0.52129435,1506.0,1506.005
2026-08-25,BRL,152.15703785,152.53838381,5.1467,5.1476
2026-08-25,CLP,0.85635026,0.8584965,914.47,915.15
2026-08-25,COP,0.25700906,0.25765319,3047.0,3049.0
2026-08-25,UYU,19.48899076,19.53783534,40.182,40.282
2026-08-25,PEN,234.13359247,234.72039345,3.3447,3.41
2026-08-25,BOB,68.45337646,68.62493881,11.44,11.59
2026-08-25,MXP,46.17156188,46.28728008,16.9608,16.9629
2026-08-25,CUC,783.10662675,785.0693,1.0,1.0
2026-08-25,NIO,21.4139083,21.46757724,36.57,36.83
2026-08-25,DOP,13.48556271,13.51936111,58.07,58.37
2026-08-25,TTD,116.45400867,116.74587336,6.7246,6.7523
2026-08-25,ANG,449.00328349,450.12860501,1.7441,1.8363
2026-08-26,EUR,916.85561738,919.15350114,1.16713,1.16715
2026-08-26,CNY,116.92179933,117.21483642,6.7186,6.7196
2026-08-26,TRY,16.33331533,16.37425096,48.095,48.1013
2026-08-26,RUB,9.41061157,9.43419706,83.475,83.625
2026-08-26,USD,785.550801,787.5196,1.0,1.0
2026-08-26,CAD,567.56580303,568.98827371,1.38407,1.3841
2026-08-26,INR,8.2341125,8.25474937,95.402,95.452
2026-08-26,JPY,4.93287702,4.94524012,159.248,159.256
2026-08-26,ARS,0.52006011,0.52136352,1510.5,1510.505
2026-08-26,BRL,152.59043161,152.97286377,5.1481,5.149
2026-08-26,CLP,0.86340393,0.86556785,909.83,911.13
2026-08-26,COP,0.25538062,0.25602067,3076.0,3078.0
2026-08-26,UYU,19.55127805,19.60027875,40.179,40.279
2026-08-26,PEN,235.16668692,235.75607711,3.3404,3.41
2026-08-26,BOB,68.48742816,68.65907585,11.47,11.62
2026-08-26,MXP,46.39444844,46.51072525,16.932,16.962
2026-08-26,CUC,785.550801,787.5196,1.0,1.0
2026-08-26,NIO,21.59031895,21.64443003,36.3844,37.2421
2026-08-26,DOP,13.54164456,13.57558352,58.01,58.31
2026-08-26,TTD,116.78621565,117.07891294,6.7264,6.7541
2026-08-26,ANG,450.4046792,451.53351298,1.7441,1.8363
2026-08-27,EUR,919.50972387,921.81425952,1.16488,1.1649
2026-08-27,CNY,117.43606159,117.73038756,6.7215,6.7225
2026-08-27,TRY,16.40568663,16.44680364,48.1142,48.1205
2026-08-27,RUB,9.35573878,9.37918675,84.3703,84.3783
2026-08-27,USD,789.346488,791.3248,1.0,1.0
2026-08-27,CAD,568.50502571,569.92985033,1.38846,1.38849
2026-08-27,INR,8.2763278,8.29707048,95.374,95.385
2026-08-27,JPY,4.9526069,4.96501945,159.38,159.382
2026-08-27,ARS,0.52119279,0.52249904,1514.5,1514.505
2026-08-27,BRL,152.97709025,153.36049148,5.1599,5.1608
2026-08-27,CLP,0.85946134,0.86161538,918.42,919.54
2026-08-27,COP,0.2537602,0.25439619,3110.6,3112.6
2026-08-27,UYU,19.89801984,19.94788956,39.6696,40.6984
2026-08-27,PEN,235.85815519,236.44927839,3.3467,3.41
2026-08-27,BOB,68.63882504,68.81085217,11.5,11.65
2026-08-27,MXP,46.53671709,46.65335046,16.9618,16.9638
2026-08-27,CUC,789.346488,791.3248,1.0,1.0
2026-08-27,NIO,21.70424485,21.75864145,36.3683,37.2257
2026-08-27,DOP,13.57431621,13.60833705,58.15,58.45
2026-08-27,TTD,117.23025678,117.52406695,6.7333,6.761
2026-08-27,ANG,452.58098044,453.71526861,1.7441,1.8363
2026-08-28,EUR,919.57533871,921.88003881,1.16447,1.16448
2026-08-28,CNY,117.52176996,117.81631073,6.7195,6.7205
2026-08-28,TRY,16.40602346,16.44714131,48.134,48.13591
2026-08-28,RUB,9.15155328,9.17448951,86.29,86.34
2026-08-28,USD,789.68753325,791.6667,1.0,1.0
2026-08-28,CAD,569.7066893,571.13452562,1.38613,1.38617
2026-08-28,INR,8.26638263,8.28710038,95.53,95.58
2026-08-28,JPY,4.95623938,4.96866103,159.332,159.334
2026-08-28,ARS,0.52210746,0.523416,1512.5,1512.505
2026-08-28,BRL,152.77079825,153.15368245,5.1691,5.1702
2026-08-28,CLP,0.8520398,0.85417524,926.82,927.94
2026-08-28,COP,0.25065466,0.25128287,3150.5,3152.5
2026-08-28,UYU,19.61956604,19.66873788,40.25,40.35
2026-08-28,PEN,235.65727641,236.24789615,3.351,3.41
2026-08-28,BOB,67.78433761,67.95422317,11.65,11.8
2026-08-28,MXP,46.53487567,46.65150443,16.9698,16.9713
2026-08-28,CUC,789.68753325,791.6667,1.0,1.0
2026-08-28,NIO,21.714518,21.76894035,36.3668,37.2259
2026-08-28,DOP,13.55686752,13.59084463,58.25,58.55
2026-08-28,TTD,117.27219894,117.56611422,6.7338,6.7615
2026-08-28,ANG,452.7765227,453.91130095,1.7441,1.8363
2026-08-31,EUR,920.38448872,922.69121677,1.16061,1.16063
2026-08-31,CNY,117.9346263,118.23020181,6.7241,6.7251
2026-08-31,TRY,16.43862539,16.47982495,48.2403,48.2466
2026-08-31,RUB,9.2043259,9.22739438,86.1556,86.1636
2026-08-31,USD,793.00422075,794.9917,1.0,1.0
2026-08-31,CAD,570.74889395,572.17934231,1.38941,1.38946
2026-08-31,INR,8.31520238,8.33604248,95.368,95.418
2026-08-31,JPY,4.95711289,4.96953673,159.973,159.977
2026-08-31,ARS,0.52412704,0.52544064,1513.0,1513.005
2026-08-31,BRL,152.24316939,152.62473122,5.2088,5.2104
2026-08-31,CLP,0.85535073,0.85749447,927.11,928.23
2026-08-31,COP,0.24754306,0.24816347,3203.5,3205.5
2026-08-31,UYU,19.69413949,19.74349823,40.266,40.366
2026-08-31,PEN,236.70354628,237.29678825,3.3502,3.3545
2026-08-31,BOB,67.31784556,67.48656196,11.78,11.93
2026-08-31,MXP,46.56650052,46.68320854,17.0295,17.0317
2026-08-31,CUC,793.00422075,794.9917,1.0,1.0
2026-08-31,NIO,21.79786697,21.85249822,36.3799,37.2385
2026-08-31,DOP,13.53018632,13.56409657,58.61,58.91
2026-08-31,TTD,118.08917259,118.38513543,6.7153,6.743
2026-08-31,ANG,454.67818402,455.81772834,1.7441,1.8363
2026-09-01,EUR,924.23673931,926.55312212,1.16055,1.16062
2026-09-01,CNY,118.51562462,118.81265626,6.7192,6.7202
2026-09-01,TRY,16.50199527,16.54335365,48.2566,48.2629
2026-09-01,RUB,9.23549069,9.25863728,86.225,86.375
2026-09-01,USD,796.330185,798.326,1.0,1.0
2026-09-01,CAD,574.25863013,575.69787482,1.38671,1.38678
2026-09-01,INR,8.36903254,8.39000756,95.152,95.202
2026-09-01,JPY,4.98672543,4.99922349,159.69,159.695
2026-09-01,ARS,0.52737098,0.52869271,1510.0,1510.005
2026-09-01,BRL,153.61900246,154.0040125,5.1838,5.1841
2026-09-01,CLP,0.85342426,0.85556317,933.1,934.22
2026-09-01,COP,0.24824807,0.24887025,3207.8,3209.8
2026-09-01,UYU,19.76593985,19.81547855,40.288,40.388
2026-09-01,PEN,237.26430444,237.85895182,3.3563,3.41
2026-09-01,BOB,67.25761697,67.42618243,11.84,11.99
2026-09-01,MXP,46.74369045,46.86084256,17.0361,17.0381
2026-09-01,CUC,796.330185,798.326,1.0,1.0
2026-09-01,NIO,21.78771761,21.84232342,36.5495,37.4115
2026-09-01,DOP,13.57998269,13.61401773,58.64,58.94
2026-09-01,TTD,119.02579591,119.32410618,6.6904,6.7181
2026-09-01,ANG,456.58516426,457.72948798,1.7441,1.8363
2026-09-02,EUR,926.76810535,929.09083243,1.15959,1.15966
2026-09-02,CNY,118.88729147,119.1852546,6.7221,6.7231
2026-09-02,TRY,16.55615578,16.5976499,48.2704,48.2767
2026-09-02,RUB,9.2046677,9.22773704,86.8225,86.8305
2026-09-02,USD,799.172262,801.1752,1.0,1.0
2026-09-02,CAD,574.84895448,576.28967868,1.39023,1.39029
2026-09-02,INR,8.41765601,8.43875289,94.94,94.99
2026-09-02,JPY,4.99242403,5.00493637,160.077,160.087
2026-09-02,ARS,0.52872792,0.53005305,1511.5,1511.505
2026-09-02,BRL,155.35706187,155.74642794,5.1441,5.1453
2026-09-02,CLP,0.8535156,0.85565473,936.33,936.93
2026-09-02,COP,0.25024181,0.25086898,3193.6,3195.6
2026-09-02,UYU,19.8581717,19.90794155,40.244,40.344
2026-09-02,PEN,237.62964586,238.22520888,3.3631,3.3673
2026-09-02,BOB,66.1566442,66.32245033,12.08,12.23
2026-09-02,MXP,47.13490191,47.2530345,16.955,16.9568
2026-09-02,CUC,799.172262,801.1752,1.0,1.0
2026-09-02,NIO,21.97514407,22.03021962,36.3671,37.2297
2026-09-02,DOP,13.64706731,13.68127049,58.56,58.86
2026-09-02,TTD,119.45059518,119.7499701,6.6904,6.7181
2026-09-02,ANG,458.21470213,459.36310991,1.7441,1.8363
2026-09-03,EUR,930.47600547,932.80802553,1.15902,1.15904
2026-09-03,CNY,119.49079002,119.79026568,6.7185,6.7195
2026-09-03,TRY,16.62336618,16.66502876,48.2934,48.2997
2026-09-03,RUB,9.19705383,9.22010409,87.2887,87.2967
2026-09-03,USD,802.79887275,804.8109,1.0,1.0
2026-09-03,CAD,579.92290276,581.37634361,1.38432,1.38439
2026-09-03,INR,8.45407406,8.47526221,94.96,95.01
2026-09-03,JPY,5.05872153,5.07140003,158.696,158.701
2026-09-03,ARS,0.53095163,0.53228234,1512.0,1512.005
2026-09-03,BRL,157.22657123,157.62062279,5.106,5.1068
2026-09-03,CLP,0.85726064,0.85940916,936.47,938.13
2026-09-03,COP,0.25528631,0.25592612,3144.7,3146.7
2026-09-03,UYU,19.95225352,20.00225917,40.236,40.336
2026-09-03,PEN,239.10614229,239.7054058,3.3575,3.3617
2026-09-03,BOB,65.80318629,65.96810655,12.2,12.35
2026-09-03,MXP,47.26795058,47.38641662,16.984,16.986
2026-09-03,CUC,802.79887275,804.8109,1.0,1.0
2026-09-03,NIO,22.07838753,22.13372184,36.3613,37.2252
2026-09-03,DOP,13.71133856,13.74570281,58.55,58.85
2026-09-03,TTD,120.55485234,120.85699483,6.6592,6.6869
2026-09-03,ANG,460.29406155,461.44768075,1.7441,1.8363
2026-09-04,EUR,936.10307884,938.44920184,1.1623,1.16233
2026-09-04,CNY,119.88920663,120.18968083,6.7176,6.7186
2026-09-04,TRY,16.67227816,16.71406332,48.3058,48.3121
2026-09-04,RUB,9.29568282,9.31898027,86.6389,86.6469
2026-09-04,USD,805.3677345,807.3862,1.0,1.0
2026-09-04,CAD,584.15009392,585.61412925,1.3787,1.37875
2026-09-04,INR,8.52466509,8.54603016,94.475,94.525
2026-09-04,JPY,5.17505371,5.18802377,155.625,155.627
2026-09-04,ARS,0.53424061,0.53557956,1507.5,1507.505
2026-09-04,BRL,158.09193304,158.48815342,5.0943,5.0953
2026-09-04,CLP,0.86259209,0.86475397,933.66,935.14
2026-09-04,COP,0.25596482,0.25660634,3146.4,3148.4
2026-09-04,UYU,20.01759089,20.06776029,40.233,40.333
2026-09-04,PEN,239.99276908,240.59425472,3.3558,3.3601
2026-09-04,BOB,65.47705158,65.64115447,12.3,12.45
2026-09-04,MXP,47.49190556,47.61093289,16.958,16.988
2026-09-04,CUC,805.3677345,807.3862,1.0,1.0
2026-09-04,NIO,22.17605348,22.23163256,36.317,37.1799
2026-09-04,DOP,13.73176017,13.76617561,58.65,58.95
2026-09-04,TTD,121.02967021,121.33300272,6.6543,6.682
2026-09-04,ANG,461.76694828,462.92425893,1.7441,1.8363
2026-09-07,EUR,943.28673202,945.65085917,1.16209,1.16211
2026-09-07,CNY,120.96175485,121.26491714,6.7104,6.7114
2026-09-07,TRY,16.75740238,16.79940088,48.4384,48.4447
2026-09-07,RUB,9.45378243,9.47747612,85.86,85.91
2026-09-07,USD,811.70175975,813.7361,1.0,1.0
2026-09-07,CAD,586.6380658,588.10833664,1.38365,1.38369
2026-09-07,INR,8.59170955,8.61324265,94.475,94.525
2026-09-07,JPY,5.20071606,5.21375044,156.075,156.078
2026-09-07,ARS,0.53862094,0.53997086,1507.0,1507.005
2026-09-07,BRL,158.40246662,158.79946529,5.1243,5.1249
2026-09-07,CLP,0.86917137,0.87134974,933.88,934.55
2026-09-07,COP,0.26017749,0.26082957,3119.8,3121.8
2026-09-07,UYU,20.17402161,20.22458307,40.235,40.335
2026-09-07,PEN,241.19744443,241.8019493,3.3653,3.3695
2026-09-07,BOB,65.45981933,65.62387903,12.4,12.55
2026-09-07,MXP,48.11823887,48.23883596,16.8689,16.8706
2026-09-07,CUC,811.70175975,813.7361,1.0,1.0
2026-09-07,NIO,22.31697234,22.3729046,36.3715,37.2319
2026-09-07,DOP,13.75765694,13.79213728,59.0,59.3
2026-09-07,TTD,121.05195212,121.35534047,6.7054,6.7331
2026-09-07,ANG,465.39863525,466.56504787,1.7441,1.8363
2026-09-08,EUR,944.92977646,947.29802151,1.16272,1.16277
2026-09-08,CNY,121.10547561,121.4089981,6.7103,6.7113
2026-09-08,TRY,16.78073488,16.82279186,48.4278,48.4341
2026-09-08,RUB,9.43830462,9.46195951,86.1017,86.1097
2026-09-08,USD,812.654073,814.6908,1.0,1.0
2026-09-08,CAD,588.53858125,590.01361529,1.3808,1.3809
2026-09-08,INR,8.6017896,8.62334797,94.475,94.525
2026-09-08,JPY,5.26517913,5.27837506,154.345,154.353
2026-09-08,ARS,0.53746962,0.53881666,1512.0,1512.005
2026-09-08,BRL,158.53880742,158.93614779,5.1259,5.1262
2026-09-08,CLP,0.87213358,0.87431938,931.8,934.0
2026-09-08,COP,0.26105174,0.261706,3113.0,3115.0
2026-09-08,UYU,20.19769039,20.24831117,40.235,40.335
2026-09-08,PEN,241.99096926,242.59746292,3.3582,3.3622
2026-09-08,BOB,65.53661879,65.70087096,12.4,12.55
2026-09-08,MXP,48.04538603,48.16580053,16.9143,16.916
2026-09-08,CUC,812.654073,814.6908,1.0,1.0
2026-09-08,NIO,22.77656218,22.8336463,35.6794,37.8981
2026-09-08,DOP,13.77379784,13.80831864,59.0,59.3
2026-09-08,TTD,121.19397396,121.49771825,6.7054,6.7331
2026-09-08,ANG,465.94465512,467.11243621,1.7441,1.8363
2026-09-09,EUR,951.63936288,954.02442394,1.16328,1.1633
2026-09-09,CNY,121.91528248,122.22083457,6.71,6.711
2026-09-09,TRY,16.88270654,16.92501908,48.455,48.4613
2026-09-09,RUB,9.52866976,9.55255114,85.8516,85.8596
2026-09-09,USD,818.0515455,820.1018,1.0,1.0
2026-09-09,CAD,594.08677296,595.57571224,1.37699,1.37703
2026-09-09,INR,8.62850756,8.6501329,94.808,94.857
2026-09-09,JPY,5.3062344,5.31953323,154.168,154.177
2026-09-09,ARS,0.542115,0.54347369,1509.0,1509.005
2026-09-09,BRL,161.04644962,161.4500748,5.0796,5.0819
2026-09-09,CLP,0.8849062,0.88712401,924.45,925.11
2026-09-09,COP,0.26232212,0.26297957,3118.5,3120.5
2026-09-09,UYU,20.3373992,20.38837012,40.224,40.324
2026-09-09,PEN,243.9250814,244.53642245,3.3537,3.356
2026-09-09,BOB,65.70695144,65.87163052,12.45,12.6
2026-09-09,MXP,48.36821057,48.48943416,16.913,16.9148
2026-09-09,CUC,818.0515455,820.1018,1.0,1.0
2026-09-09,NIO,22.92411267,22.98156658,35.6852,37.9069
2026-09-09,DOP,13.96469009,13.99968931,58.58,58.88
2026-09-09,TTD,121.93345438,122.23905201,6.709,6.7367
2026-09-09,ANG,469.03935869,470.21489593,1.7441,1.8363
2026-09-10,EUR,960.80479907,963.21283115,1.16364,1.16367
2026-09-10,CNY,123.09252907,123.40103165,6.7077,6.7079
2026-09-10,TRY,17.03384119,17.07653252,48.4722,48.4785
2026-09-10,RUB,9.70371495,9.72803504,85.0878,85.0958
2026-09-10,USD,825.66775725,827.7371,1.0,1.0
2026-09-10,CAD,598.09760103,599.59659251,1.38049,1.38052
2026-09-10,INR,8.68164404,8.70340255,95.105,95.115
2026-09-10,JPY,5.37736661,5.39084372,153.545,153.559
2026-09-10,ARS,0.54535518,0.54672199,1514.0,1514.005
2026-09-10,BRL,161.68956374,162.09480074,5.1065,5.1068
2026-09-10,CLP,0.89154393,0.89377838,926.11,927.23
2026-09-10,COP,0.26576147,0.26642754,3106.8,3108.8
2026-09-10,UYU,20.53082746,20.58228317,40.216,40.316
2026-09-10,PEN,246.49006097,247.10783055,3.3497,3.3533
2026-09-10,BOB,65.63336703,65.79786168,12.58,12.73
2026-09-10,MXP,48.87401042,48.99650167,16.8938,16.8959
2026-09-10,CUC,825.66775725,827.7371,1.0,1.0
2026-09-10,NIO,23.14402602,23.2020311,35.6752,37.8925
2026-09-10,DOP,14.0826839,14.11797885,58.63,58.93
2026-09-10,TTD,123.16230213,123.47097957,6.7039,6.7316
2026-09-10,ANG,473.40620219,474.5926839,1.7441,1.8363
2026-09-11,EUR,965.64717617,968.06734453,1.16285,1.16286
2026-09-11,CNY,123.83784885,124.14821939,6.7056,6.7066
2026-09-11,TRY,17.12575026,17.16867194,48.4888,48.4951
2026-09-11,RUB,9.89257026,9.91736367,83.9425,83.9505
2026-09-11,USD,830.40707925,832.4883,1.0,1.0
2026-09-11,CAD,600.92995668,602.4360468,1.38187,1.3819
2026-09-11,INR,8.70174032,8.72354919,95.43,95.48
2026-09-11,JPY,5.39635358,5.40987828,153.883,153.891
2026-09-11,ARS,0.54866671,0.55004182,1513.5,1513.505
2026-09-11,BRL,163.13198948,163.54084158,5.0904,5.0917
2026-09-11,CLP,0.88498404,0.88720205,938.33,939.99
2026-09-11,COP,0.26773506,0.26840608,3101.6,3103.6
2026-09-11,UYU,20.63533321,20.68705084,40.242,40.342
2026-09-11,PEN,246.57256346,247.19053981,3.3678,3.372
2026-09-11,BOB,67.18503877,67.35342233,12.36,12.51
2026-09-11,MXP,48.91566944,49.03826511,16.9763,16.9783
2026-09-11,CUC,830.40707925,832.4883,1.0,1.0
2026-09-11,NIO,23.25822683,23.31651812,35.7038,37.9235
2026-09-11,DOP,14.16351832,14.19901586,58.63,58.93
2026-09-11,TTD,123.43655487,123.74591967,6.7274,6.7551
2026-09-11,ANG,476.12354753,477.31683963,1.7441,1.8363
2026-09-15,EUR,975.43308285,977.8777773,1.16106,1.16109
2026-09-15,CNY,125.24803328,125.56193812,6.7075,6.7085
2026-09-15,TRY,17.2858903,17.32921333,48.6004,48.6067
2026-09-15,RUB,9.98690189,10.01193172,84.1203,84.1283
2026-09-15,USD,840.10118325,842.2067,1.0,1.0
2026-09-15,CAD,605.51760708,607.03519507,1.38741,1.38744
2026-09-15,INR,8.79318801,8.81522608,95.54,95.59
2026-09-15,JPY,5.4715817,5.48529494,153.539,153.554
2026-09-15,ARS,0.55580627,0.55719927,1511.5,1511.505
2026-09-15,BRL,164.85178533,165.2649477,5.0961,5.0968
2026-09-15,CLP,0.89042818,0.89265983,943.48,945.32
2026-09-15,COP,0.27336365,0.27404877,3073.2,3075.2
2026-09-15,UYU,20.86741308,20.91971236,40.259,40.359
2026-09-15,PEN,249.52512274,250.15049899,3.3668,3.371
2026-09-15,BOB,70.12530744,70.3010601,11.98,12.13
2026-09-15,MXP,49.50857946,49.63266111,16.9688,16.9702
2026-09-15,CUC,840.10118325,842.2067,1.0,1.0
2026-09-15,NIO,23.01647077,23.07415616,36.5,36.65
2026-09-15,DOP,14.24866321,14.28437415,58.96,59.26
2026-09-15,TTD,124.61451039,124.92682745,6.7416,6.7693
2026-09-15,ANG,481.68177469,482.88899719,1.7441,1.8363
2026-09-16,EUR,974.73790996,977.18086211,1.15434,1.15436
2026-09-16,CNY,125.82655082,126.14190558,6.7108,6.7118
2026-09-16,TRY,17.36266636,17.40618182,48.6329,48.6392
2026-09-16,RUB,10.03291027,10.0580554,84.1627,84.1707
2026-09-16,USD,844.39681725,846.5131,1.0,1.0
2026-09-16,CAD,606.61998265,608.14033348,1.39197,1.39202
2026-09-16,INR,8.80084232,8.82289957,95.945,95.995
2026-09-16,JPY,5.44368254,5.45732585,155.115,155.121
2026-09-16,ARS,0.5603164,0.5617207,1507.0,1507.005
2026-09-16,BRL,164.02105966,164.43214001,5.1481,5.149
2026-09-16,CLP,0.88521403,0.88743261,953.89,954.5
2026-09-16,COP,0.27253552,0.27321857,3098.3,3100.3
2026-09-16,UYU,20.99549498,21.04811527,40.218,40.318
2026-09-16,PEN,250.30289528,250.93022083,3.3735,3.3776
2026-09-16,BOB,77.32571586,77.51951465,10.92,11.07
2026-09-16,MXP,49.26929102,49.39277295,17.1384,17.1402
2026-09-16,CUC,844.39681725,846.5131,1.0,1.0
2026-09-16,NIO,23.66954503,23.72886719,35.6744,37.9094
2026-09-16,DOP,14.44895306,14.48516598,58.44,58.74
2026-09-16,TTD,125.89220957,126.20772889,6.7073,6.735
2026-09-16,ANG,484.14472636,485.35812166,1.7441,1.8363
2026-09-17,EUR,975.23522609,977.67942465,1.15366,1.15368
2026-09-17,CNY,126.0494743,126.36538776,6.7063,6.7073
2026-09-17,TRY,17.37305832,17.41659982,48.65727,48.65853
2026-09-17,RUB,10.00503715,10.03011243,84.49,84.54
2026-09-17,USD,845.3255895,847.4442,1.0,1.0
2026-09-17,CAD,606.46376931,607.98372863,1.39386,1.39396
2026-09-17,INR,8.81052258,8.83260409,95.945,95.995
2026-09-17,JPY,5.44851103,5.46216644,155.148,155.159
2026-09-17,ARS,0.56074665,0.56215203,1507.5,1507.505
2026-09-17,BRL,164.07717187,164.48839285,5.152,5.1524
2026-09-17,CLP,0.88805898,0.89028469,951.88,953.54
2026-09-17,COP,0.27109408,0.27177352,3118.2,3120.2
2026-09-17,UYU,21.03270855,21.0854221,40.191,40.291
2026-09-17,PEN,251.43533298,252.06549672,3.362,3.3662
2026-09-17,BOB,83.69560292,83.90536633,10.1,10.25
2026-09-17,MXP,49.33039154,49.45402661,17.136,17.166
2026-09-17,CUC,845.3255895,847.4442,1.0,1.0
2026-09-17,NIO,23.68336441,23.74272122,35.6928,37.9295
2026-09-17,DOP,14.38607197,14.42212729,58.76,59.06
2026-09-17,TTD,125.63918871,125.95407389,6.7282,6.7559
2026-09-17,ANG,484.67724872,485.89197867,1.7441,1.8363
2026-09-18,EUR,971.98303626,974.41908397,1.14832,1.14834
2026-09-18,CNY,126.19450978,126.51078675,6.7073,6.7076
2026-09-18,TRY,17.39116321,17.43475009,48.6698,48.6761
2026-09-18,RUB,10.01567193,10.04077387,84.51,84.56
2026-09-18,USD,846.4244355,848.5458,1.0,1.0
2026-09-18,CAD,605.18974946,606.70651575,1.39861,1.39866
2026-09-18,INR,8.82335489,8.84546857,95.93,95.94
2026-09-18,JPY,5.43468127,5.44830203,155.745,155.75
2026-09-18,ARS,0.56054598,0.56195086,1510.0,1510.005
2026-09-18,BRL,164.10252922,164.51381376,5.1579,5.1591
2026-09-18,CLP,0.88382803,0.88604314,957.68,958.98
2026-09-18,COP,0.26865499,0.26932831,3150.6,3152.6
2026-09-18,UYU,21.05742948,21.11020499,40.196,40.296
2026-09-18,PEN,251.8970405,252.5283614,3.3602,3.3643
2026-09-18,BOB,86.81276261,87.03033846,9.75,9.9
2026-09-18,MXP,49.26428358,49.38775296,17.1813,17.183
2026-09-18,CUC,846.4244355,848.5458,1.0,1.0
2026-09-18,NIO,23.71361912,23.77305175,35.6936,37.9424
2026-09-18,DOP,14.38763276,14.42369199,58.83,59.13
2026-09-18,TTD,125.49288866,125.80740718,6.7448,6.7725
2026-09-18,ANG,485.30728484,486.52359383,1.7441,1.8363
2026-09-21,EUR,971.65785839,974.09309112,1.14655,1.14658
2026-09-21,CNY,126.54025533,126.85739883,6.697,6.698
2026-09-21,TRY,17.37607959,17.41962866,48.7705,48.7768
2026-09-21,RUB,10.06407127,10.08929451,84.2045,84.2125
2026-09-21,USD,847.44009,849.564,1.0,1.0
2026-09-21,CAD,604.96865362,606.48486579,1.4008,1.4013
2026-09-21,INR,8.84011652,8.8622722,95.863,95.912
2026-09-21,JPY,5.39763881,5.41116673,157.002,157.021
2026-09-21,ARS,0.56103283,0.56243892,1510.5,1510.505
2026-09-21,BRL,164.18166653,164.59314941,5.1616,5.162
2026-09-21,CLP,0.88338502,0.88559902,959.31,961.13
2026-09-21,COP,0.2645522,0.26521524,3203.3,3205.3
2026-09-21,UYU,21.09949432,21.15237526,40.164,40.264
2026-09-21,PEN,252.57513412,253.2081545,3.3552,3.3595
2026-09-21,BOB,89.41882518,89.64293251,9.4772,10.1799
2026-09-21,MXP,49.15260657,49.27579606,17.241,17.271
2026-09-21,CUC,847.44009,849.564,1.0,1.0
2026-09-21,NIO,23.7480619,23.80758086,35.6846,37.9339
2026-09-21,DOP,14.80348129,14.84058274,57.246,60.838
2026-09-21,TTD,125.63974647,125.95463306,6.745,6.7727
2026-09-21,ANG,485.88962215,487.10739063,1.7441,1.8363
2026-09-22,EUR,975.72841587,978.1738505,1.14748,1.14753
2026-09-22,CNY,127.0068946,127.32520762,6.6948,6.6958
2026-09-22,TRY,17.42428124,17.46795112,48.7989,48.8052
2026-09-22,RUB,10.13632661,10.16173094,83.885,83.936
2026-09-22,USD,850.285758,852.4168,1.0,1.0
2026-09-22,CAD,606.79651887,608.31731215,1.40127,1.40136
2026-09-22,INR,8.875171,8.89741453,95.805,95.855
2026-09-22,JPY,5.4030651,5.41660661,157.371,157.385
2026-09-22,ARS,0.56124472,0.56265135,1515.0,1515.005
2026-09-22,BRL,166.53330682,166.95068353,5.1058,5.107
2026-09-22,CLP,0.89448211,0.89672392,950.59,951.24
2026-09-22,COP,0.26633018,0.26699768,3192.6,3194.6
2026-09-22,UYU,21.18194803,21.23503562,40.142,40.242
2026-09-22,PEN,253.7030458,254.33889303,3.3515,3.3556
2026-09-22,BOB,77.65166739,77.8462831,10.95,11.1
2026-09-22,MXP,49.39472629,49.5185226,17.2141,17.216
2026-09-22,CUC,850.285758,852.4168,1.0,1.0
2026-09-22,NIO,23.83789394,23.89763803,35.6695,37.9163
2026-09-22,DOP,14.41650996,14.45264157,58.98,59.28
2026-09-22,TTD,125.84707437,126.16248057,6.7565,6.7842
2026-09-22,ANG,487.52121896,488.74307665,1.7441,1.8363
2026-09-23,EUR,974.10692334,976.54829408,1.14411,1.14417
2026-09-23,CNY,127.08845376,127.40697118,6.699,6.7
2026-09-23,TRY,17.44061881,17.48432964,48.8151,48.8214
2026-09-23,RUB,10.10021795,10.12553178,84.2918,84.2998
2026-09-23,USD,851.36555175,853.4993,1.0,1.0
2026-09-23,CAD,605.35954134,606.87673317,1.40638,1.40641
2026-09-23,INR,8.90736086,8.92968508,95.58,95.63
2026-09-23,JPY,5.41171474,5.42527793,157.319,157.325
2026-09-23,ARS,0.56270029,0.56411057,1513.0,1513.005
2026-09-23,BRL,166.60774006,167.02530332,5.11,5.1113
2026-09-23,CLP,0.90145966,0.90371896,944.43,945.73
2026-09-23,COP,0.26528902,0.26595391,3209.2,3211.2
2026-09-23,UYU,21.25013857,21.30339706,40.064,40.164
2026-09-23,PEN,253.79804792,254.43413325,3.3545,3.3588
2026-09-23,BOB,71.84519424,72.02525738,11.85,12.0
2026-09-23,MXP,49.23749648,49.36089873,17.291,17.2929
2026-09-23,CUC,851.36555175,853.4993,1.0,1.0
2026-09-23,NIO,23.85438964,23.91417507,35.6901,37.9409
2026-09-23,DOP,14.38846631,14.42452763,59.17,59.47
2026-09-23,TTD,126.39037288,126.70714073,6.736,6.7637
2026-09-23,ANG,488.14033125,489.36374061,1.7441,1.8363
2026-09-24,EUR,971.62782662,974.06298408,1.13995,1.13997
2026-09-24,CNY,127.01022855,127.32854992,6.7107,6.7117
2026-09-24,TRY,17.45413988,17.4978846,48.8324,48.8387
2026-09-24,RUB,10.08313664,10.10840766,84.53,84.58
2026-09-24,USD,852.32754075,854.4637,1.0,1.0
2026-09-24,CAD,604.61625931,606.13158828,1.4097,1.40973
2026-09-24,INR,8.90345284,8.92576726,95.73,95.78
2026-09-24,JPY,5.38776045,5.40126361,158.197,158.205
2026-09-24,ARS,0.56222133,0.5636304,1516.0,1516.005
2026-09-24,BRL,165.85151889,166.26718686,5.1391,5.1394
2026-09-24,CLP,0.8883131,0.89053945,959.49,961.69
2026-09-24,COP,0.26116176,0.2618163,3263.6,3265.6
2026-09-24,UYU,21.28052383,21.33385848,40.052,40.152
2026-09-24,PEN,252.51156625,253.14442732,3.3754,3.3796
2026-09-24,BOB,70.96815493,71.14601998,12.01,12.16
2026-09-24,MXP,48.78722979,48.90950355,17.4703,17.4718
2026-09-24,CUC,852.32754075,854.4637,1.0,1.0
2026-09-24,NIO,23.89875366,23.95865029,35.6641,37.9237
2026-09-24,DOP,14.38770325,14.42376266,59.24,59.54
2026-09-24,TTD,126.03734428,126.35322735,6.7625,6.7902
2026-09-24,ANG,488.69189883,489.91669055,1.7441,1.8363
2026-09-25,EUR,970.2170553,972.648677,1.1367,1.13672
2026-09-25,CNY,127.18273636,127.50149009,6.711,6.712
2026-09-25,TRY,17.50099125,17.54485339,48.77,48.7763
2026-09-25,RUB,10.04245534,10.0676244,84.9915,84.9995
2026-09-25,USD,853.52334375,855.6625,1.0,1.0
2026-09-25,CAD,603.50805981,605.02061134,1.41427,1.41434
2026-09-25,INR,8.89596481,8.91826046,95.945,95.995
2026-09-25,JPY,5.36982751,5.38328572,158.948,158.955
2026-09-25,ARS,0.5624536,0.56386326,1517.5,1517.505
2026-09-25,BRL,164.35086433,164.76277126,5.1933,5.1941
2026-09-25,CLP,0.88264169,0.88485382,967.01,968.31
2026-09-25,COP,0.25615946,0.25680147,3332.0,3334.0
2026-09-25,UYU,21.31197642,21.36538989,40.049,40.149
2026-09-25,PEN,250.56462651,251.19260803,3.4064,3.4101
2026-09-25,BOB,70.07580818,70.25143678,12.18,12.33
2026-09-25,MXP,48.31911503,48.44021557,17.6643,17.6659
2026-09-25,CUC,853.52334375,855.6625,1.0,1.0
2026-09-25,NIO,23.92570881,23.98567299,35.6739,37.9426
2026-09-25,DOP,14.38118523,14.4172283,59.35,59.65
2026-09-25,TTD,126.14142583,126.45756975,6.7664,6.7941
2026-09-25,ANG,489.37752637,490.60403646,1.7441,1.8363
2026-09-28,EUR,974.45865914,976.90091142,1.13989,1.1399
2026-09-28,CNY,127.35772916,127.67692147,6.7123,6.7133
2026-09-28,TRY,17.45972969,17.50348841,48.962,48.9683
2026-09-28,RUB,10.15331324,10.17876014,84.1955,84.2035
2026-09-28,USD,854.8632855,857.0058,1.0,1.0
2026-09-28,CAD,604.65644751,606.17187721,1.4138,1.41385
2026-09-28,INR,8.92062282,8.94298027,95.83,95.84
2026-09-28,JPY,5.43643621,5.45006136,157.247,157.256
2026-09-28,ARS,0.56130222,0.56270899,1523.0,1523.005
2026-09-28,BRL,164.27673728,164.68845843,5.2038,5.2047
2026-09-28,CLP,0.883032,0.88524511,968.1,970.3
2026-09-28,COP,0.25904948,0.25969872,3300.0,3302.0
2026-09-28,UYU,21.25785262,21.31113045,40.214,40.314
2026-09-28,PEN,249.43489889,250.06004901,3.4272,3.4304
2026-09-28,BOB,70.243491,70.41953985,12.17,12.32
2026-09-28,MXP,48.22243889,48.34329713,17.7275,17.729
2026-09-28,CUC,854.8632855,857.0058,1.0,1.0
2026-09-28,NIO,23.98915924,24.04928245,35.6354,37.8971
2026-09-28,DOP,14.40376218,14.43986183,59.35,59.65
2026-09-28,TTD,126.33945458,126.65609482,6.7664,6.7941
2026-09-28,ANG,490.14579754,491.37423312,1.7441,1.8363
