tipo,articulo,pagina,numero,codigo,nivel,descripcion,aec,marca_aec,exaec,marca_exaec,regimen_importacion,regimen_exportacion,unidad,columnas,aviso
exaec,5,2,1,3001.20.10.00,,,,,0,E,,,,,
exaec,5,2,46,3002.41.15.00,,,,,0,E,,,,,
exaec,5,2,91,3003.20.32.00,,,,,0,E,,,,,
exaec,5,2,2,3001.20.90.00,,,,,0,E,,,,,
exaec,5,2,47,3002.41.16.00,,,,,0,E,,,,,
exaec,5,2,92,3003.20.39.00,,,,,0,E,,,,,
exaec,5,2,3,3001.90.10.00,,,,,0,E,,,,,
exaec,5,2,48,3002.41.17.00,,,,,0,E,,,,,
exaec,5,2,93,3003.20.51.00,,,,,0,E,,,,,
exaec,5,2,4,3001.90.20.00,,,,,0,E,,,,,
exaec,5,2,49,3002.41.18.00,,,,,0,E,,,,,
exaec,5,2,94,3003.20.52.00,,,,,0,E,,,,,
exaec,5,2,5,3001.90.31.00,,,,,0,E,,,,,
exaec,5,2,50,3002.41.19.00,,,,,0,E,,,,,
exaec,5,2,95,3003.20.59.00,,,,,0,E,,,,,
exaec,5,2,6,3001.90.39.00,,,,,0,E,,,,,
exaec,5,2,51,3002.41.21.00,,,,,0,E,,,,,
exaec,5,2,96,3003.20.61.00,,,,,0,E,,,,,
exaec,5,2,7,3001.90.90.00,,,,,0,E,,,,,
exaec,5,2,52,3002.41.22.00,,,,,0,E,,,,,
exaec,5,2,97,3003.20.69.00,,,,,0,E,,,,,
exaec,5,2,8,3002.12.11.10,,,,,0,E,,,,,
exaec,5,2,53,3002.41.23.00,,,,,0,E,,,,,
exaec,5,2,98,3003.20.71.00,,,,,0,E,,,,,
exaec,5,2,9,3002.12.11.20,,,,,0,E,,,,,
exaec,5,2,54,3002.41.24.00,,,,,0,E,,,,,
exaec,5,2,99,3003.20.79.00,,,,,0,E,,,,,
exaec,5,2,10,3002.12.12.10,,,,,0,E,,,,,
exaec,5,2,55,3002.41.25.00,,,,,0,E,,,,,
exaec,5,2,100,3003.20.99.00,,,,,0,E,,,,,
exaec,5,2,11,3002.12.12.20,,,,,0,E,,,,,
exaec,5,2,56,3002.41.26.00,,,,,0,E,,,,,
exaec,5,2,101,3003.31.00.00,,,,,0,E,,,,,
exaec,5,2,12,3002.12.13.10,,,,,0,E,,,,,
exaec,5,2,57,3002.41.27.00,,,,,0,E,,,,,
exaec,5,2,102,3003.39.12.00,,,,,0,E,,,,,
exaec,5,2,13,3002.12.13.20,,,,,0,E,,,,,
exaec,5,2,58,3002.41.28.00,,,,,0,E,,,,,
exaec,5,2,103,3003.39.14.00,,,,,0,E,,,,,
exaec,5,2,14,3002.12.14.00,,,,,0,E,,,,,
exaec,5,2,59,3002.41.29.00,,,,,0,E,,,,,
exaec,5,2,104,3003.39.15.00,,,,,0,E,,,,,
exaec,5,2,15,3002.12.15.00,,,,,0,E,,,,,
exaec,5,2,60,3002.42.10.00,,,,,0,E,,,,,
exaec,5,2,105,3003.39.22.00,,,,,0,E,,,,,
exaec,5,2,16,3002.12.16.00,,,,,0,E,,,,,
exaec,5,2,61,3002.42.20.00,,,,,0,E,,,,,
exaec,5,2,106,3003.39.23.00,,,,,0,E,,,,,
exaec,5,2,17,3002.12.19.00,,,,,0,E,,,,,
exaec,5,2,62,3002.42.30.00,,,,,0,E,,,,,
exaec,5,2,107,3003.39.29.00,,,,,0,E,,,,,
exaec,5,2,18,3002.12.21.00,,,,,0,E,,,,,
exaec,5,2,63,3002.42.40.00,,,,,0,E,,,,,
exaec,5,2,108,3003.39.31.00,,,,,0,E,,,,,
exaec,5,2,19,3002.12.22.00,,,,,0,E,,,,,
exaec,5,2,64,3002.42.50.00,,,,,0,E,,,,,
exaec,5,2,109,3003.39.32.00,,,,,0,E,,,,,
exaec,5,2,20,3002.12.23.00,,,,,0,E,,,,,
exaec,5,2,65,3002.42.60.00,,,,,0,E,,,,,
exaec,5,2,110,3003.39.33.00,,,,,0,E,,,,,
exaec,5,2,21,3002.12.24.00,,,,,0,E,,,,,
exaec,5,2,66,3002.42.70.00,,,,,0,E,,,,,
exaec,5,2,111,3003.39.34.00,,,,,0,E,,,,,
exaec,5,2,22,3002.12.29.10,,,,,0,E,,,,,
exaec,5,2,67,3002.42.80.00,,,,,0,E,,,,,
exaec,5,2,112,3003.39.35.00,,,,,0,E,,,,,
exaec,5,2,23,3002.12.29.20,,,,,0,E,,,,,
exaec,5,2,68,3002.42.90.00,,,,,0,E,,,,,
exaec,5,2,113,3003.39.37.00,,,,,0,E,,,,,
exaec,5,2,24,3002.12.29.90,,,,,0,E,,,,,
exaec,5,2,69,3002.49.10.00,,,,,0,E,,,,,
exaec,5,2,114,3003.39.39.00,,,,,0,E,,,,,
exaec,5,2,25,3002.12.31.00,,,,,0,E,,,,,
exaec,5,2,70,3002.49.20.00,,,,,0,E,,,,,
exaec,5,2,115,3003.39.81.00,,,,,0,E,,,,,
exaec,5,2,26,3002.12.34.00,,,,,0,E,,,,,
exaec,5,2,71,3002.49.91.00,,,,,0,E,,,,,
exaec,5,2,116,3003.39.82.00,,,,,0,E,,,,,
exaec,5,2,27,3002.12.35.00,,,,,0,E,,,,,
exaec,5,2,72,3002.49.92.00,,,,,0,E,,,,,
exaec,5,2,117,3003.39.94.00,,,,,0,E,,,,,
exaec,5,2,28,3002.12.36.00,,,,,0,E,,,,,
exaec,5,2,73,3002.49.93.00,,,,,0,E,,,,,
exaec,5,2,118,3003.49.20.00,,,,,0,E,,,,,
exaec,5,2,29,3002.12.39.10,,,,,0,E,,,,,
exaec,5,2,74,3002.49.94.00,,,,,0,E,,,,,
exaec,5,2,119,3003.60.00.00,,,,,0,E,,,,,
exaec,5,2,30,3002.12.39.20,,,,,0,E,,,,,
exaec,5,2,75,3002.49.99.00,,,,,0,E,,,,,
exaec,5,2,120,3003.90.13.00,,,,,0,E,,,,,
exaec,5,2,31,3002.12.39.90,,,,,0,E,,,,,
exaec,5,2,76,3002.51.00.00,,,,,0,E,,,,,
exaec,5,2,121,3003.90.14.00,,,,,0,E,,,,,
exaec,5,2,32,3002.13.00.00,,,,,0,E,,,,,
exaec,5,2,77,3002.59.00.00,,,,,0,E,,,,,
exaec,5,2,122,3003.90.31.00,,,,,0,E,,,,,
exaec,5,2,33,3002.14.00.00,,,,,0,E,,,,,
exaec,5,2,78,3002.90.00.00,,,,,0,E,,,,,
exaec,5,2,123,3003.90.34.00,,,,,0,E,,,,,
exaec,5,2,34,3002.15.10.00,,,,,0,E,,,,,
exaec,5,2,79,3003.10.11.00,,,,,0,E,,,,,
exaec,5,2,124,3003.90.42.00,,,,,0,E,,,,,
exaec,5,2,35,3002.15.20.00,,,,,0,E,,,,,
exaec,5,2,80,3003.10.12.00,,,,,0,E,,,,,
exaec,5,2,125,3003.90.44.00,,,,,0,E,,,,,
exaec,5,2,36,3002.15.90.10,,,,,0,E,,,,,
exaec,5,2,81,3003.10.13.00,,,,,0,E,,,,,
exaec,5,2,126,3003.90.45.00,,,,,0,E,,,,,
exaec,5,2,37,3002.15.90.10,,,,,0,E,,,,,
exaec,5,2,82,3003.10.14.00,,,,,0,E,,,,,
exaec,5,2,127,3003.90.46.00,,,,,0,E,,,,,
exaec,5,2,38,3002.15.90.20,,,,,0,E,,,,,
exaec,5,2,83,3003.10.15.00,,,,,0,E,,,,,
exaec,5,2,128,3003.90.47.00,,,,,0,E,,,,,
exaec,5,2,39,3002.15.90.20,,,,,0,E,,,,,
exaec,5,2,84,3003.10.19.00,,,,,0,E,,,,,
exaec,5,2,129,3003.90.53.00,,,,,0,E,,,,,
exaec,5,2,40,3002.15.90.90,,,,,0,E,,,,,
exaec,5,2,85,3003.10.20.00,,,,,0,E,,,,,
exaec,5,2,130,3003.90.55.00,,,,,0,E,,,,,
exaec,5,2,41,3002.15.90.90,,,,,0,E,,,,,
exaec,5,2,86,3003.20.11.00,,,,,0,E,,,,,
exaec,5,2,131,3003.90.72.00,,,,,0,E,,,,,
exaec,5,2,42,3002.41.11.00,,,,,0,E,,,,,
exaec,5,2,87,3003.20.19.00,,,,,0,E,,,,,
exaec,5,2,132,3003.90.73.00,,,,,0,E,,,,,
exaec,5,2,43,3002.41.12.00,,,,,0,E,,,,,
exaec,5,2,88,3003.20.21.00,,,,,0,E,,,,,
exaec,5,2,133,3003.90.74.00,,,,,0,E,,,,,
exaec,5,2,44,3002.41.13.00,,,,,0,E,,,,,
exaec,5,2,89,3003.20.29.00,,,,,0,E,,,,,
exaec,5,2,134,3003.90.76.00,,,,,0,E,,,,,
exaec,5,2,45,3002.41.14.00,,,,,0,E,,,,,
exaec,5,2,90,3003.20.31.00,,,,,0,E,,,,,
exaec,5,2,135,3003.90.77.00,,,,,0,E,,,,,
exaec,5,3,136,3003.90.79.00,,,,,0,E,,,,,
exaec,5,3,150,3005.90.90.31,,,,,0,E,,,,,
exaec,5,3,164,3006.30.19.00,,,,,0,E,,,,,
exaec,5,3,137,3003.90.96.00,,,,,0,E,,,,,
exaec,5,3,151,3005.90.90.39,,,,,0,E,,,,,
exaec,5,3,165,3006.30.21.00,,,,,0,E,,,,,
exaec,5,3,138,3005.10.10.00,,,,,0,E,,,,,
exaec,5,3,152,3005.90.90.91,,,,,0,E,,,,,
exaec,5,3,166,3006.30.29.00,,,,,0,E,,,,,
exaec,5,3,139,3005.10.20.00,,,,,0,E,,,,,
exaec,5,3,153,3005.90.90.99,,,,,0,E,,,,,
exaec,5,3,167,3006.40.11.00,,,,,0,E,,,,,
exaec,5,3,140,3005.10.30.00,,,,,0,E,,,,,
exaec,5,3,154,3006.10.10.00,,,,,0,E,,,,,
exaec,5,3,168,3006.40.12.00,,,,,0,E,,,,,
exaec,5,3,141,3005.10.40.00,,,,,0,E,,,,,
exaec,5,3,155,3006.10.20.00,,,,,0,E,,,,,
exaec,5,3,169,3006.40.20.00,,,,,0,E,,,,,
exaec,5,3,142,3005.10.50.00,,,,,0,E,,,,,
exaec,5,3,156,3006.10.90.00,,,,,0,E,,,,,
exaec,5,3,170,3006.50.00.00,,,,,0,E,,,,,
exaec,5,3,143,3005.10.90.00,,,,,0,E,,,,,
exaec,5,3,157,3006.30.11.00,,,,,0,E,,,,,
exaec,5,3,171,3006.60.00.00,,,,,0,E,,,,,
exaec,5,3,144,3005.90.11.00,,,,,0,E,,,,,
exaec,5,3,158,3006.30.12.00,,,,,0,E,,,,,
exaec,5,3,172,3006.70.00.00,,,,,0,E,,,,,
exaec,5,3,145,3005.90.12.00,,,,,0,E,,,,,
exaec,5,3,159,3006.30.13.00,,,,,0,E,,,,,
exaec,5,3,173,3006.91.10.00,,,,,0,E,,,,,
exaec,5,3,146,3005.90.19.00,,,,,0,E,,,,,
exaec,5,3,160,3006.30.15.00,,,,,0,E,,,,,
exaec,5,3,174,3006.91.90.00,,,,,0,E,,,,,
exaec,5,3,147,3005.90.20.00,,,,,0,E,,,,,
exaec,5,3,161,3006.30.16.00,,,,,0,E,,,,,
exaec,5,3,175,3822.19.30.00,,,,,0,E,,,,,
exaec,5,3,148,3005.90.90.10,,,,,0,E,,,,,
exaec,5,3,162,3006.30.17.00,,,,,0,E,,,,,
exaec,5,3,149,3005.90.90.20,,,,,0,E,,,,,
exaec,5,3,163,3006.30.18.00,,,,,0,E,,,,,
exaec,6,3,1,0403.90.00.00,,,,,40,E,,,,,
exaec,6,3,48,1602.32.20.00,,,,,30,E,,,,,
exaec,6,3,95,2309.90.90.90,,,,,8,E,,,,,
exaec,6,3,2,0406.10.10.00,,,,,40,E,,,,,
exaec,6,3,49,1602.32.30.00,,,,,30,E,,,,,
exaec,6,3,96,2502.00.00.00,,,,,0,E,,,,,
exaec,6,3,3,0406.10.90.00,,,,,40,E,,,,,
exaec,6,3,50,1602.32.90.00,,,,,30,E,,,,,
exaec,6,3,97,2519.90.90.00,,,,,0,E,,,,,
exaec,6,3,4,0406.20.00.00,,,,,40,E,,,,,
exaec,6,3,51,1602.39.00.00,,,,,30,E,,,,,
exaec,6,3,98,2526.20.00.00,,,,,12,E,,,,,
exaec,6,3,5,0801.31.00.00,,,,,30,E,,,,,
exaec,6,3,52,1602.41.00.00,,,,,35,E,,,,,
exaec,6,3,99,2610.00.10.00,,,,,0,E,,,,,
exaec,6,3,6,0801.32.00.00,,,,,30,E,,,,,
exaec,6,3,53,1602.42.00.00,,,,,30,E,,,,,
exaec,6,3,100,2710.19.32.10,,,,,26,"E,A",,,,,
exaec,6,3,7,0802.21.00.00,,,,,20,E,,,,,
exaec,6,3,54,1602.49.00.00,,,,,30,E,,,,,
exaec,6,3,101,2710.19.32.90,,,,,26,"E,A",,,,,
exaec,6,3,8,0802.32.00.00,,,,,20,E,,,,,
exaec,6,3,55,1602.50.00.00,,,,,30,E,,,,,
exaec,6,3,102,2710.19.91.00,,,,,0,"E,A",,,,,
exaec,6,3,9,0802.41.00.00,,,,,40,E,,,,,
exaec,6,3,56,1602.90.00.00,,,,,30,E,,,,,
exaec,6,3,103,2710.19.92.00,,,,,20,"E,A",,,,,
exaec,6,3,10,0802.51.00.00,,,,,40,E,,,,,
exaec,6,3,57,1605.56.00.00,,,,,30,E,,,,,
exaec,6,3,104,2710.19.93.11,,,,,20,"E,A",,,,,
exaec,6,3,11,0802.52.00.00,,,,,40,E,,,,,
exaec,6,3,58,1701.13.00.10,,,,,40,E,,,,,
exaec,6,3,105,2710.19.93.12,,,,,20,"E,A",,,,,
exaec,6,3,12,0802.61.00.00,,,,,40,E,,,,,
exaec,6,3,59,1701.13.00.90,,,,,40,E,,,,,
exaec,6,3,106,2710.19.93.90,,,,,20,"E,A",,,,,
exaec,6,3,13,0802.70.00.00,,,,,40,E,,,,,
exaec,6,3,60,1701.14.00.21,,,,,40,E,,,,,
exaec,6,3,107,2710.19.99.00,,,,,10,"E,A",,,,,
exaec,6,3,14,0802.91.00.00,,,,,40,E,,,,,
exaec,6,3,61,1701.14.00.29,,,,,40,E,,,,,
exaec,6,3,108,2712.90.00.00,,,,,0,E,,,,,
exaec,6,3,15,0802.92.00.00,,,,,40,E,,,,,
exaec,6,3,62,1701.14.00.91,,,,,40,E,,,,,
exaec,6,3,109,2804.90.00.00,,,,,0,E,,,,,
exaec,6,3,16,0804.10.20.00,,,,,30,E,,,,,
exaec,6,3,63,1701.14.00.99,,,,,40,E,,,,,
exaec,6,3,110,2815.11.00.00,,,,,0,E,,,,,
exaec,6,3,17,0809.21.00.00,,,,,20,E,,,,,
exaec,6,3,64,1701.91.00.10,,,,,40,E,,,,,
exaec,6,3,111,2815.20.00.00,,,,,0,E,,,,,
exaec,6,3,18,0809.29.00.00,,,,,20,E,,,,,
exaec,6,3,65,1701.91.00.90,,,,,40,E,,,,,
exaec,6,3,112,2817.00.10.00,,,,,0,E,,,,,
exaec,6,3,19,0902.10.00.00,,,,,30,E,,,,,
exaec,6,3,66,1701.99.00.91,,,,,40,E,,,,,
exaec,6,3,113,2818.20.10.00,,,,,0,E,,,,,
exaec,6,3,20,0902.20.00.00,,,,,30,E,,,,,
exaec,6,3,67,1701.99.00.99,,,,,40,E,,,,,
exaec,6,3,114,2821.10.11.00,,,,,0,E,,,,,
exaec,6,3,21,1005.90.10.11,,,,,40,E,,,,,
exaec,6,3,68,1702.30.11.10,,,,,0,E,,,,,
exaec,6,3,115,2823.00.10.00,,,,,0,E,,,,,
exaec,6,3,22,1005.90.10.19,,,,,40,E,,,,,
exaec,6,3,69,1702.90.00.60,,,,,16,E,,,,,
exaec,6,3,116,2825.20.20.00,,,,,0,E,,,,,
exaec,6,3,23,1006.20.10.00,,,,,40,E,,,,,
exaec,6,3,70,1902.11.00.00,,,,,40,E,,,,,
exaec,6,3,117,2827.20.90.00,,,,,0,E,,,,,
exaec,6,3,24,1006.20.20.00,,,,,40,E,,,,,
exaec,6,3,71,1902.19.00.20,,,,,40,E,,,,,
exaec,6,3,118,2827.39.99.00,,,,,0,E,,,,,
exaec,6,3,25,1006.30.11.10,,,,,40,E,,,,,
exaec,6,3,72,1902.19.00.30,,,,,40,E,,,,,
exaec,6,3,119,2828.10.00.00,,,,,0,E,,,,,
exaec,6,3,26,1006.30.11.90,,,,,40,E,,,,,
exaec,6,3,73,1902.19.00.40,,,,,40,E,,,,,
exaec,6,3,120,2828.90.11.00,,,,,35,E,,,,,
exaec,6,3,27,1006.30.19.10,,,,,40,E,,,,,
exaec,6,3,74,1902.19.00.90,,,,,40,E,,,,,
exaec,6,3,121,2830.90.11.00,,,,,0,E,,,,,
exaec,6,3,28,1006.30.19.90,,,,,40,E,,,,,
exaec,6,3,75,1905.31.00.00,,,,,40,E,,,,,
exaec,6,3,122,2831.10.11.00,,,,,0,E,,,,,
exaec,6,3,29,1006.30.21.10,,,,,40,E,,,,,
exaec,6,3,76,2103.20.10.00,,,,,40,E,,,,,
exaec,6,3,123,2833.11.10.00,,,,,0,E,,,,,
exaec,6,3,30,1006.30.21.90,,,,,40,E,,,,,
exaec,6,3,77,2103.20.90.00,,,,,40,E,,,,,
exaec,6,3,124,2833.11.90.00,,,,,0,E,,,,,
exaec,6,3,31,1006.30.29.10,,,,,40,E,,,,,
exaec,6,3,78,2103.90.11.00,,,,,40,E,,,,,
exaec,6,3,125,2834.29.90.00,,,,,0,E,,,,,
exaec,6,3,32,1006.30.29.90,,,,,40,E,,,,,
exaec,6,3,79,2103.90.19.00,,,,,40,E,,,,,
exaec,6,3,126,2836.20.10.00,,,,,0,E,,,,,
exaec,6,3,33,1201.90.00.00,,,,,40,E,,,,,
exaec,6,3,80,2105.00.10.00,,,,,40,E,,,,,
exaec,6,3,127,2836.20.90.00,,,,,0,E,,,,,
exaec,6,3,34,1212.99.10.00,,,,,40,E,,,,,
exaec,6,3,81,2106.90.10.19,,,,,30,E,,,,,
exaec,6,3,128,2839.90.20.00,,,,,0,E,,,,,
exaec,6,3,35,1302.32.20.00,,,,,2,E,,,,,
exaec,6,3,82,2106.90.29.00,,,,,30,E,,,,,
exaec,6,3,129,2841.70.20.00,,,,,0,E,,,,,
exaec,6,3,36,1302.39.10.00,,,,,0,E,,,,,
exaec,6,3,83,2201.10.00.00,,,,,40,E,,,,,
exaec,6,3,130,2847.00.00.00,,,,,0,E,,,,,
exaec,6,3,37,1507.10.00.00,,,,,10,E,,,,,
exaec,6,3,84,2202.10.00.00,,,,,40,E,,,,,
exaec,6,3,131,2903.91.30.00,,,,,0,E,,,,,
exaec,6,3,38,1512.11.10.00,,,,,10,E,,,,,
exaec,6,3,85,2202.99.00.20,,,,,40,E,,,,,
exaec,6,3,132,2905.17.20.00,,,,,0,E,,,,,
exaec,6,3,39,1516.10.00.00,,,,,0,E,,,,,
exaec,6,3,86,2208.30.20.00,,,,,40,E,,,,,
exaec,6,3,133,2905.17.30.00,,,,,2,E,,,,,
exaec,6,3,40,1516.20.00.00,,,,,30,E,,,,,
exaec,6,3,87,2208.30.90.00,,,,,40,E,,,,,
exaec,6,3,134,2905.43.00.00,,,,,0,E,,,,,
exaec,6,3,41,1517.10.00.00,,,,,40,E,,,,,
exaec,6,3,88,2208.40.00.00,,,,,40,E,,,,,
exaec,6,3,135,2915.70.40.00,,,,,0,E,,,,,
exaec,6,3,42,1521.10.00.00,,,,,0,E,,,,,
exaec,6,3,89,2208.50.00.00,,,,,40,E,,,,,
exaec,6,3,136,2916.20.13.00,,,,,0,E,,,,,
exaec,6,3,43,1521.90.90.00,,,,,0,E,,,,,
exaec,6,3,90,2208.60.00.00,,,,,40,E,,,,,
exaec,6,3,137,2916.20.14.00,,,,,0,E,,,,,
exaec,6,3,44,1602.10.00.00,,,,,30,E,,,,,
exaec,6,3,91,2209.00.00.00,,,,,40,E,,,,,
exaec,6,3,138,2916.20.19.00,,,,,0,E,,,,,
exaec,6,3,45,1602.20.00.00,,,,,30,E,,,,,
exaec,6,3,92,2303.10.00.00,,,,,2,E,,,,,
exaec,6,3,139,2917.13.10.00,,,,,0,E,,,,,
exaec,6,3,46,1602.31.00.00,,,,,30,E,,,,,
exaec,6,3,93,2303.30.00.00,,,,,2,E,,,,,
exaec,6,3,140,2918.99.99.90,,,,,0,E,,,,,
exaec,6,3,47,1602.32.10.00,,,,,30,E,,,,,
exaec,6,3,94,2309.90.60.00,,,,,2,E,,,,,
exaec,6,3,141,2924.21.20.00,,,,,0,E,,,,,
exaec,6,4,142,2924.29.96.00,,,,,0,E,,,,,
exaec,6,4,225,3910.00.90.00,,,,,0,"E,A",,,,,
exaec,6,4,308,7007.19.00.90,,,,,22,E,,,,,
exaec,6,4,143,2924.29.99.90,,,,,0,E,,,,,
exaec,6,4,226,3917.22.00.00,,,,,35,"E,A",,,,,
exaec,6,4,309,7007.29.00.90,,,,,22,E,,,,,
exaec,6,4,144,2925.19.90.00,,,,,0,E,,,,,
exaec,6,4,227,3920.10.10.90,,,,,0,"E,A",,,,,
exaec,6,4,310,7010.10.00.00,,,,,35,E,,,,,
exaec,6,4,145,2925.29.30.00,,,,,0,E,,,,,
exaec,6,4,228,3920.62.19.00,,,,,0,"E,A",,,,,
exaec,6,4,311,7010.20.00.00,,,,,35,E,,,,,
exaec,6,4,146,2926.90.23.00,,,,,0,E,,,,,
exaec,6,4,229,3921.13.90.00,,,,,0,"E,A",,,,,
exaec,6,4,312,7010.90.11.10,,,,,30,E,,,,,
exaec,6,4,147,2929.10.10.00,,,,,0,E,,,,,
exaec,6,4,230,4011.10.00.11,,,,,30,E,,,,,
exaec,6,4,313,7010.90.11.90,,,,,30,E,,,,,
exaec,6,4,148,2929.10.21.00,,,,,0,E,,,,,
exaec,6,4,231,4011.10.00.12,,,,,30,E,,,,,
exaec,6,4,314,7010.90.12.10,,,,,30,E,,,,,
exaec,6,4,149,2929.10.29.00,,,,,0,E,,,,,
exaec,6,4,232,4011.10.00.21,,,,,30,E,,,,,
exaec,6,4,315,7010.90.12.90,,,,,30,E,,,,,
exaec,6,4,150,2929.10.30.00,,,,,0,E,,,,,
exaec,6,4,233,4011.10.00.22,,,,,30,E,,,,,
exaec,6,4,316,7010.90.21.10,,,,,30,E,,,,,
exaec,6,4,151,2931.49.14.00,,,,,0,E,,,,,
exaec,6,4,234,4011.10.00.23,,,,,30,E,,,,,
exaec,6,4,317,7010.90.21.20,,,,,30,E,,,,,
exaec,6,4,152,2931.90.49.00,,,,,0,E,,,,,
exaec,6,4,235,4011.10.00.24,,,,,30,E,,,,,
exaec,6,4,318,7010.90.21.30,,,,,30,E,,,,,
exaec,6,4,153,2932.99.99.10,,,,,0,E,,,,,
exaec,6,4,236,4011.10.00.31,,,,,30,E,,,,,
exaec,6,4,319,7010.90.21.90,,,,,30,E,,,,,
exaec,6,4,154,2932.99.99.90,,,,,0,E,,,,,
exaec,6,4,237,4011.10.00.32,,,,,30,E,,,,,
exaec,6,4,320,7010.90.22.11,,,,,30,E,,,,,
exaec,6,4,155,2933.19.90.00,,,,,0,E,,,,,
exaec,6,4,238,4011.10.00.34,,,,,30,E,,,,,
exaec,6,4,321,7010.90.22.19,,,,,0,E,,,,,
exaec,6,4,156,2933.69.13.00,,,,,0,E,,,,,
exaec,6,4,239,4011.10.00.39,,,,,30,E,,,,,
exaec,6,4,322,7010.90.22.21,,,,,30,E,,,,,
exaec,6,4,157,3105.20.00.00,,,,,0,E,,,,,
exaec,6,4,240,4011.10.00.43,,,,,30,E,,,,,
exaec,6,4,323,7010.90.22.22,,,,,30,E,,,,,
exaec,6,4,158,3204.11.00.00,,,,,0,E,,,,,
exaec,6,4,241,4011.10.00.49,,,,,30,E,,,,,
exaec,6,4,324,7010.90.22.29,,,,,30,E,,,,,
exaec,6,4,159,3204.13.00.00,,,,,0,E,,,,,
exaec,6,4,242,4011.10.00.90,,,,,30,E,,,,,
exaec,6,4,325,7010.90.22.90,,,,,30,E,,,,,
exaec,6,4,160,3204.17.00.00,,,,,0,E,,,,,
exaec,6,4,243,4011.20.90.00,,,,,6,E,,,,,
exaec,6,4,326,7010.90.90.30,,,,,0,E,,,,,
exaec,6,4,161,3204.19.20.00,,,,,0,E,,,,,
exaec,6,4,244,4011.40.00.90,,,,,35,E,,,,,
exaec,6,4,327,7010.90.90.41,,,,,30,E,,,,,
exaec,6,4,162,3206.20.00.00,,,,,22,E,,,,,
exaec,6,4,245,4011.70.10.00,,,,,6,E,,,,,
exaec,6,4,328,7010.90.90.42,,,,,30,E,,,,,
exaec,6,4,163,3211.00.00.00,,,,,0,E,,,,,
exaec,6,4,246,4011.70.90.00,,,,,6,E,,,,,
exaec,6,4,329,7010.90.90.49,,,,,30,E,,,,,
exaec,6,4,164,3301.12.90.00,,,,,0,E,,,,,
exaec,6,4,247,4011.80.90.00,,,,,6,E,,,,,
exaec,6,4,330,7010.90.90.50,,,,,30,E,,,,,
exaec,6,4,165,3301.19.90.00,,,,,0,E,,,,,
exaec,6,4,248,4011.90.90.10,,,,,6,E,,,,,
exaec,6,4,331,7010.90.90.61,,,,,30,E,,,,,
exaec,6,4,166,3301.90.10.00,,,,,0,E,,,,,
exaec,6,4,249,4011.90.90.90,,,,,6,E,,,,,
exaec,6,4,332,7010.90.90.69,,,,,30,E,,,,,
exaec,6,4,167,3302.90.19.00,,,,,0,E,,,,,
exaec,6,4,250,4114.10.00.00,,,,,0,"E,A",,,,,
exaec,6,4,333,7010.90.90.70,,,,,30,E,,,,,
exaec,6,4,168,3302.90.90.00,,,,,0,E,,,,,
exaec,6,4,251,4801.00.20.00,,,,,6,E,,,,,
exaec,6,4,334,7010.90.90.90,,,,,30,E,,,,,
exaec,6,4,169,3401.19.00.00,,,,,35,E,,,,,
exaec,6,4,252,4801.00.30.00,,,,,0,E,,,,,
exaec,6,4,335,7202.19.00.00,,,,,0,E,,,,,
exaec,6,4,170,3402.31.00.00,,,,,35,E,,,,,
exaec,6,4,253,4801.00.90.00,,,,,2,E,,,,,
exaec,6,4,336,7202.30.00.00,,,,,0,E,,,,,
exaec,6,4,171,3402.50.00.11,,,,,35,E,,,,,
exaec,6,4,254,4806.20.00.00,,,,,2,E,,,,,
exaec,6,4,337,7202.99.10.00,,,,,0,E,,,,,
exaec,6,4,172,3402.50.00.12,,,,,35,E,,,,,
exaec,6,4,255,4807.00.00.00,,,,,0,E,,,,,
exaec,6,4,338,7210.12.00.10,,,,,0,"E,A",,,,,
exaec,6,4,173,3402.50.00.19,,,,,35,E,,,,,
exaec,6,4,256,4809.20.00.00,,,,,0,E,,,,,
exaec,6,4,339,7210.50.00.00,,,,,0,"E,A",,,,,
exaec,6,4,174,3402.50.00.21,,,,,35,E,,,,,
exaec,6,4,257,4811.51.22.00,,,,,2,E,,,,,
exaec,6,4,340,7216.21.00.10,,,,,22,"E,A",,,,,
exaec,6,4,175,3402.50.00.22,,,,,35,E,,,,,
exaec,6,4,258,4816.20.00.00,,,,,0,E,,,,,
exaec,6,4,341,7216.21.00.90,,,,,22,"E,A",,,,,
exaec,6,4,176,3402.50.00.29,,,,,35,E,,,,,
exaec,6,4,259,4820.10.00.00,,,,,30,E,,,,,
exaec,6,4,342,7228.70.00.10,,,,,20,"E,A",,,,,
exaec,6,4,177,3402.90.39.10,,,,,35,E,,,,,
exaec,6,4,260,4820.20.00.00,,,,,30,E,,,,,
exaec,6,4,343,7306.30.00.00,,,,,24,"E,A",,,,,
exaec,6,4,178,3403.19.00.21,,,,,35,"E,A",,,,,
exaec,6,4,261,4820.30.00.00,,,,,30,E,,,,,
exaec,6,4,344,7306.50.00.00,,,,,24,"E,A",,,,,
exaec,6,4,179,3403.19.00.29,,,,,35,"E,A",,,,,
exaec,6,4,262,4820.40.00.10,,,,,30,E,,,,,
exaec,6,4,345,7306.61.00.00,,,,,24,"E,A",,,,,
exaec,6,4,180,3404.20.20.00,,,,,35,E,,,,,
exaec,6,4,263,4820.40.00.90,,,,,22,E,,,,,
exaec,6,4,346,7306.69.00.00,,,,,24,"E,A",,,,,
exaec,6,4,181,3404.90.11.00,,,,,4,E,,,,,
exaec,6,4,264,4820.50.00.00,,,,,30,E,,,,,
exaec,6,4,347,7306.90.10.00,,,,,24,"E,A",,,,,
exaec,6,4,182,3404.90.19.00,,,,,4,E,,,,,
exaec,6,4,265,4820.90.00.10,,,,,30,E,,,,,
exaec,6,4,348,7306.90.90.00,,,,,24,"E,A",,,,,
exaec,6,4,183,3404.90.29.00,,,,,35,E,,,,,
exaec,6,4,266,4820.90.00.90,,,,,22,E,,,,,
exaec,6,4,349,7311.00.00.19,,,,,4,"E,A",,,,,
exaec,6,4,184,3507.90.19.00,,,,,0,E,,,,,
exaec,6,4,267,4821.10.00.00,,,,,26,E,,,,,
exaec,6,4,350,7314.12.00.00,,,,,0,E,,,,,
exaec,6,4,185,3507.90.39.00,,,,,0,E,,,,,
exaec,6,4,268,4821.90.00.00,,,,,26,"E,A",,,,,
exaec,6,4,351,7321.11.00.10,,,,,35,E,,,,,
exaec,6,4,186,3507.90.41.00,,,,,0,E,,,,,
exaec,6,4,269,4903.00.00.00,,,,,26,E,,,,,
exaec,6,4,352,7406.20.00.00,,,,,0,E,,,,,
exaec,6,4,187,3701.30.21.00,,,,,4,E,,,,,
exaec,6,4,270,4909.00.00.00,,,,,35,E,,,,,
exaec,6,4,353,7504.00.90.00,,,,,0,E,,,,,
exaec,6,4,188,3801.10.00.00,,,,,0,E,,,,,
exaec,6,4,271,4911.10.10.00,,,,,35,E,,,,,
exaec,6,4,354,7806.00.20.00,,,,,4,"E,A",,,,,
exaec,6,4,189,3801.20.90.00,,,,,0,E,,,,,
exaec,6,4,272,4911.10.90.00,,,,,35,E,,,,,
exaec,6,4,355,7907.00.10.00,,,,,4,"E,A",,,,,
exaec,6,4,190,3802.90.10.00,,,,,0,E,,,,,
exaec,6,4,273,4911.91.00.00,,,,,35,E,,,,,
exaec,6,4,356,8007.00.30.00,,,,,4,E,,,,,
exaec,6,4,191,3802.90.20.00,,,,,0,E,,,,,
exaec,6,4,274,4911.99.00.00,,,,,35,E,,,,,
exaec,6,4,357,8309.10.00.00,,,,,26,E,,,,,
exaec,6,4,192,3806.30.00.00,,,,,14,E,,,,,
exaec,6,4,275,5208.22.00.00,,,,,35,E,,,,,
exaec,6,4,358,8415.10.11.00,,,,,35,E,,,,,
exaec,6,4,193,3808.91.19.10,,,,,35,E,,,,,
exaec,6,4,276,5208.23.00.00,,,,,35,E,,,,,
exaec,6,4,359,8415.10.19.00,,,,,35,E,,,,,
exaec,6,4,194,3808.91.91.00,,,,,35,E,,,,,
exaec,6,4,277,5208.29.00.00,,,,,35,E,,,,,
exaec,6,4,360,8415.10.90.00,,,,,35,E,,,,,
exaec,6,4,195,3808.91.92.00,,,,,0,E,,,,,
exaec,6,4,278,5208.32.00.00,,,,,35,E,,,,,
exaec,6,4,361,8418.10.00.00,,,,,35,"E,A",,,,,
exaec,6,4,196,3808.91.95.00,,,,,0,E,,,,,
exaec,6,4,279,5208.33.00.00,,,,,35,E,,,,,
exaec,6,4,362,8418.21.00.00,,,,,35,E,,,,,
exaec,6,4,197,3808.91.99.10,,,,,35,E,,,,,
exaec,6,4,280,5208.42.00.00,,,,,35,E,,,,,
exaec,6,4,363,8418.29.00.00,,,,,35,E,,,,,
exaec,6,4,198,3808.91.99.90,,,,,0,E,,,,,
exaec,6,4,281,5208.43.00.00,,,,,35,E,,,,,
exaec,6,4,364,8424.89.10.00,,,,,0,"E,A",,,,,
exaec,6,4,199,3808.92.93.00,,,,,0,E,,,,,
exaec,6,4,282,5208.49.00.00,,,,,35,E,,,,,
exaec,6,4,365,8431.10.10.00,,,,,0,E,,,,,
exaec,6,4,200,3808.92.99.20,,,,,0,E,,,,,
exaec,6,4,283,5208.52.00.00,,,,,35,E,,,,,
exaec,6,4,366,8450.11.00.00,,,,,35,E,,,,,
exaec,6,4,201,3808.93.25.00,,,,,0,E,,,,,
exaec,6,4,284,5208.59.90.00,,,,,35,E,,,,,
exaec,6,4,367,8450.12.00.00,,,,,35,E,,,,,
exaec,6,4,202,3808.93.28.00,,,,,0,E,,,,,
exaec,6,4,285,5209.22.00.00,,,,,35,E,,,,,
exaec,6,4,368,8450.19.00.00,,,,,35,E,,,,,
exaec,6,4,203,3808.93.29.00,,,,,0,E,,,,,
exaec,6,4,286,5209.32.00.00,,,,,35,E,,,,,
exaec,6,4,369,8450.20.10.00,,,,,35,E,,,,,
exaec,6,4,204,3808.94.19.00,,,,,35,E,,,,,
exaec,6,4,287,5402.33.10.00,,,,,0,E,,,,,
exaec,6,4,370,8450.20.90.00,,,,,35,E,,,,,
exaec,6,4,205,3808.94.29.00,,,,,35,E,,,,,
exaec,6,4,288,5402.44.00.00,,,,,0,E,,,,,
exaec,6,4,371,8451.21.00.00,,,,,35,E,,,,,
exaec,6,4,206,3808.99.96.00,,,,,35,E,,,,,
exaec,6,4,289,5407.20.00.00,,,,,0,E,,,,,
exaec,6,4,372,8451.29.90.00,,,,,35,E,,,,,
exaec,6,4,207,3809.91.10.00,,,,,35,E,,,,,
exaec,6,4,290,5503.20.90.00,,,,,0,E,,,,,
exaec,6,4,373,8482.10.10.00,,,,,0,"E,A",,,,,
exaec,6,4,208,3809.91.90.00,,,,,0,E,,,,,
exaec,6,4,291,5504.90.10.00,,,,,0,E,,,,,
exaec,6,4,374,8482.10.90.00,,,,,0,"E,A",,,,,
exaec,6,4,209,3811.21.10.00,,,,,0,E,,,,,
exaec,6,4,292,5603.14.10.00,,,,,0,"E,A",,,,,
exaec,6,4,375,8501.40.19.31,,,,,0,"E,A",,,,,
exaec,6,4,210,3811.21.20.00,,,,,0,E,,,,,
exaec,6,4,293,5911.20.90.00,,,,,0,E,,,,,
exaec,6,4,376,8516.50.00.00,,,,,35,"E,A",,,,,
exaec,6,4,211,3811.21.50.00,,,,,0,E,,,,,
exaec,6,4,294,6203.42.00.00,,,,,35,E,,,,,
exaec,6,4,377,8516.60.00.00,,,,,35,"E,A",,,,,
exaec,6,4,212,3811.29.10.00,,,,,0,E,,,,,
exaec,6,4,295,6203.43.00.00,,,,,35,E,,,,,
exaec,6,4,378,8517.13.00.00,,,,,35,E,,,,,
exaec,6,4,213,3811.29.20.00,,,,,0,E,,,,,
exaec,6,4,296,6204.62.00.00,,,,,35,E,,,,,
exaec,6,4,379,8518.21.00.00,,,,,35,"E,A",,,,,
exaec,6,4,214,3811.29.90.00,,,,,0,E,,,,,
exaec,6,4,297,6204.63.00.00,,,,,35,E,,,,,
exaec,6,4,380,8518.22.00.00,,,,,35,"E,A",,,,,
exaec,6,4,215,3811.90.10.00,,,,,0,"E,A",,,,,
exaec,6,4,298,6406.10.00.90,,,,,0,E,,,,,
exaec,6,4,381,8518.29.90.00,,,,,35,"E,A",,,,,
exaec,6,4,216,3823.12.00.00,,,,,0,E,,,,,
exaec,6,4,299,6406.90.90.90,,,,,0,E,,,,,
exaec,6,4,382,8527.13.00.00,,,,,35,E,,,,,
exaec,6,4,217,3823.19.90.90,,,,,0,E,,,,,
exaec,6,4,300,6804.21.11.00,,,,,2,E,,,,,
exaec,6,4,383,8527.19.00.00,,,,,35,E,,,,,
exaec,6,4,218,3824.99.41.00,,,,,35,"E,A",,,,,
exaec,6,4,301,6907.21.00.00,,,,,35,E,,,,,
exaec,6,4,384,8527.21.00.00,,,,,35,E,,,,,
exaec,6,4,219,3906.90.41.00,,,,,0,"E,A",,,,,
exaec,6,4,302,6907.22.00.00,,,,,35,E,,,,,
exaec,6,4,385,8527.29.00.00,,,,,35,E,,,,,
exaec,6,4,220,3906.90.49.90,,,,,14,"E,A",,,,,
exaec,6,4,303,6907.23.00.00,,,,,35,E,,,,,
exaec,6,4,386,8527.91.00.00,,,,,35,E,,,,,
exaec,6,4,221,3907.29.90.00,,,,,0,"E,A",,,,,
exaec,6,4,304,6907.30.00.00,,,,,35,E,,,,,
exaec,6,4,387,8527.92.00.00,,,,,35,E,,,,,
exaec,6,4,222,3907.61.00.10,,,,,0,E,,,,,
exaec,6,4,305,7002.31.00.00,,,,,0,E,,,,,
exaec,6,4,388,8527.99.10.00,,,,,35,E,,,,,
exaec,6,4,223,3907.61.00.90,,,,,0,E,,,,,
exaec,6,4,306,7005.30.00.00,,,,,2,E,,,,,
exaec,6,4,389,8527.99.90.00,,,,,35,E,,,,,
exaec,6,4,224,3909.31.00.00,,,,,0,"E,A",,,,,
exaec,6,4,307,7006.00.00.00,,,,,22,E,,,,,
exaec,6,4,390,8528.52.00.00,,,,,35,"E,A",,,,,
exaec,6,5,391,8528.59.00.00,,,,,35,"E,A",,,,,
exaec,6,5,398,8703.23.90.40,,,,,40,E,,,,,
exaec,6,5,405,9805.00.00.30,,,,,9,E,,,,,
exaec,6,5,392,8528.71.19.00,,,,,30,E,,,,,
exaec,6,5,399,8703.23.90.90,,,,,40,E,,,,,
exaec,6,5,406,9805.00.00.40,,,,,9,E,,,,,
exaec,6,5,393,8528.71.90.00,,,,,30,E,,,,,
exaec,6,5,400,8703.24.10.00,,,,,40,E,,,,,
exaec,6,5,407,9805.00.00.50,,,,,9,E,,,,,
exaec,6,5,394,8528.72.00.00,,,,,30,E,,,,,
exaec,6,5,401,8703.24.90.00,,,,,40,E,,,,,
exaec,6,5,408,9805.00.00.60,,,,,9,E,,,,,
exaec,6,5,395,8528.73.00.00,,,,,35,E,,,,,
exaec,6,5,402,9504.50.00.00,,,,,35,E,,,,,
exaec,6,5,409,9805.00.00.90,,,,,9,E,,,,,
exaec,6,5,396,8703.23.10.40,,,,,40,E,,,,,
exaec,6,5,403,9805.00.00.10,,,,,9,E,,,,,
exaec,6,5,397,8703.23.10.90,,,,,40,E,,,,,
exaec,6,5,404,9805.00.00.20,,,,,9,E,,,,,
dice,7,5,,2202.99.00,2,Las demás:,,,,,,,,,
dice,7,5,,2202.99.00.10,3,"Presentadas en envases, frascos, viales u otros acondicionamientos similares, que contengan tripéptidos, extractos de hierbas de astrálago y de equinácea (Astragalus spp., Echinacea spp.) extracto de acerola (Malpighia emarginata) y oligoelementos (por ejemplo: hierro, manganeso, cobre, selenio, yodo, cobalto, cinc o flúor) del tipo de las normalmente utilizadas como coadyuvante para la conservacion del buen estado de la salud",20,,2,E,"5,12",,l,,
dice,7,5,,2202.99.00.20,3,Bebidas gaseosas,20,,,,"5,12,14",,l,,
dice,7,5,,2202.99.00.90,3,Las demás,20,,,,"5,12",,l,,
dice,7,5,,30.04,0,"MEDICAMENTOS (EXCEPTO LOS PRODUCTOS DE LAS PARTIDAS 30.02, 30.05 O 30.06) CONSTITUIDOS POR PRODUCTOS MEZCLADOS O SIN MEZCLAR, PREPARADOS PARA USOS TERAPÉUTICOS O PROFILÁCTICOS, DOSIFICADOS (INCLUIDOS LOS ADMINISTRADOS POR VÍA TRANSDÉRMICA) O ACONDICIONADOS PARA LA VENTA AL POR MENOR.",,,,,,,,,
dice,7,5,,3004.10,1,"Que contengan penicilinas o derivados de estos productos con la estructura del ácido penicilánico, o estreptomicinas o derivados de estos productos:",,,,,,,,,
dice,7,5,,3004.10.1,2,Que contengan penicilinas o derivados de estos productos con la estructura del ácido penicilánico:,,,,,,,,,
dice,7,5,,3004.10.11,3,Ampicilina o sus sales:,,,,,,,,,
dice,7,5,,3004.10.11.10,4,Para uso humano,14,,,,12,,kg,,
dice,7,5,,3004.10.11.20,4,Para uso veterinario,14,,,,13,,kg,,
dice,7,5,,3004.10.12,3,Amoxicilina o sus sales:,,,,,,,,,
dice,7,5,,3004.10.12.10,4,Para uso humano,8,,,,12,,kg,,
dice,7,5,,3004.10.12.20,4,Para uso veterinario,8,,,,13,,kg,,
dice,7,5,,3004.10.13,3,Penicilina G benzatínica:,,,,,,,,,
dice,7,5,,3004.10.13.10,4,Para uso humano,14,,,,12,,kg,,
dice,7,5,,3004.10.13.20,4,Para uso veterinario,14,,,,13,,kg,,
dice,7,5,,3004.10.14,3,Penicilina G potásica:,,,,,,,,,
dice,7,5,,3004.10.14.10,4,Para uso humano,14,,,,12,,kg,,
dice,7,6,,3004.10.14.20,4,Para uso veterinario,14,,,,13,,kg,,
dice,7,6,,3004.10.15,3,Penicilina G procaínica:,,,,,,,,,
dice,7,6,,3004.10.15.10,4,Para uso humano,14,,,,12,,kg,,
dice,7,6,,3004.10.15.20,4,Para uso veterinario,14,,,,13,,kg,,
dice,7,6,,3004.10.19,3,Los demás:,,,,,,,,,
dice,7,6,,3004.10.19.10,4,Para uso humano,8,,,,12,,kg,,
dice,7,6,,3004.10.19.20,4,Para uso veterinario,8,,,,13,,kg,,
dice,7,6,,3004.10.20,2,Que contengan estreptomicinas o derivados de estos productos:,,,,,,,,,
dice,7,6,,3004.10.20.10,3,Para uso humano,8,,,,12,,kg,,
dice,7,6,,3004.10.20.20,3,Para uso veterinario,8,,,,13,,kg,,
dice,7,6,,3004.20,1,"Los demás, que contengan antibióticos:",,,,,,,,,
dice,7,6,,3004.20.1,2,Que contengan anfenicoles o sus derivados:,,,,,,,,,
dice,7,6,,3004.20.11,3,"Cloranfenicol, su palmitato, su succinato o su hemisuccinato:",,,,,,,,,
dice,7,6,,3004.20.11.1,4,Para uso humano:,,,,,,,,,
dice,7,6,,3004.20.11.11,5,Para tratamiento oncológico o VIH,8,,,,12,,kg,,
dice,7,6,,3004.20.11.19,5,Los demás,8,,,,12,,kg,,
dice,7,6,,3004.20.11.20,4,Para uso veterinario,8,,,,13,,kg,,
dice,7,6,,3004.20.19,3,Los demás:,,,,,,,,,
dice,7,6,,3004.20.19.1,4,Para uso humano:,,,,,,,,,
dice,7,6,,3004.20.19.11,5,Para tratamiento oncológico o VIH,8,,,,12,,kg,,
dice,7,6,,3004.20.19.19,5,Los demás,8,,,,12,,kg,,
dice,7,6,,3004.20.19.20,4,Para uso veterinario,8,,,,13,,kg,,
dice,7,6,,3004.20.2,2,Que contengan macrólidos o sus derivados:,,,,,,,,,
dice,7,6,,3004.20.21,3,Eritromicina o sus sales:,,,,,,,,,
dice,7,6,,3004.20.21.1,4,Para uso humano:,,,,,,,,,
dice,7,6,,3004.20.21.11,5,Para tratamiento oncológico o VIH,14,,,,12,,kg,,
dice,7,6,,3004.20.21.19,5,Los demás,14,,,,12,,kg,,
dice,7,6,,3004.20.21.20,4,Para uso veterinario,14,,,,13,,kg,,
dice,7,6,,3004.20.29,3,Los demás:,,,,,,,,,
dice,7,6,,3004.20.29.1,4,Para uso humano:,,,,,,,,,
dice,7,6,,3004.20.29.11,5,Para tratamiento oncológico o VIH,8,,,,12,,kg,,
dice,7,6,,3004.20.29.19,5,Los demás,8,,,,12,,kg,,
dice,7,6,,3004.20.29.20,4,Para uso veterinario,8,,,,13,,kg,,
dice,7,6,,3004.20.3,2,Que contengan ansamicinas o sus derivados:,,,,,,,,,
dice,7,6,,3004.20.31,3,Rifamicina SV sódica:,,,,,,,,,
dice,7,6,,3004.20.31.1,4,Para uso humano:,,,,,,,,,
dice,7,6,,3004.20.31.11,5,Para tratamiento oncológico o VIH,8,,,,12,,kg,,
dice,7,6,,3004.20.31.19,5,Los demás,8,,,,12,,kg,,
dice,7,6,,3004.20.31.20,4,Para uso veterinario,8,,,,13,,kg,,
dice,7,6,,3004.20.32,3,Rifampicina:,,,,,,,,,
dice,7,6,,3004.20.32.1,4,Para uso humano:,,,,,,,,,
dice,7,6,,3004.20.32.11,5,Para tratamiento oncológico o VIH,8,,,,12,,kg,,
dice,7,6,,3004.20.32.19,5,Los demás,8,,,,12,,kg,,
dice,7,6,,3004.20.32.20,4,Para uso veterinario,8,,,,13,,kg,,
dice,7,6,,3004.20.39,3,Los demás:,,,,,,,,,
dice,7,6,,3004.20.39.1,4,Para uso humano:,,,,,,,,,
dice,7,6,,3004.20.39.11,5,Para tratamiento oncológico o VIH,8,,,,12,,kg,,
dice,7,6,,3004.20.39.19,5,Los demás,8,,,,12,,kg,,
dice,7,6,,3004.20.39.20,4,Para uso veterinario,8,,,,13,,kg,,
dice,7,6,,3004.20.4,2,Que contengan lincosamidas o sus derivados:,,,,,,,,,
dice,7,6,,3004.20.41,3,Clorhidrato de lincomicina:,,,,,,,,,
dice,7,6,,3004.20.41.1,4,Para uso humano:,,,,,,,,,
dice,7,6,,3004.20.41.11,5,Para tratamiento oncológico o VIH,14,,,,12,,kg,,
dice,7,6,,3004.20.41.19,5,Los demás,14,,,,12,,kg,,
dice,7,6,,3004.20.41.20,4,Para uso veterinario,14,,,,13,,kg,,
dice,7,6,,3004.20.49,3,Los demás:,,,,,,,,,
dice,7,6,,3004.20.49.1,4,Para uso humano:,,,,,,,,,
dice,7,6,,3004.20.49.11,5,Para tratamiento oncológico o VIH,8,,,,12,,kg,,
dice,7,6,,3004.20.49.19,5,Los demás,8,,,,12,,kg,,
dice,7,6,,3004.20.49.20,4,Para uso veterinario,8,,,,13,,kg,,
dice,7,6,,3004.20.5,2,"Que contengan cefalosporinas, cefamicinas o derivados de estos productos:",,,,,,,,,
dice,7,6,,3004.20.51,3,Cefalotina sódica:,,,,,,,,,
dice,7,6,,3004.20.51.1,4,Para uso humano:,,,,,,,,,
dice,7,6,,3004.20.51.11,5,Para tratamiento oncológico o VIH,14,,,,12,,kg,,
dice,7,6,,3004.20.51.19,5,Los demás,14,,,,12,,kg,,
dice,7,6,,3004.20.51.20,4,Para uso veterinario,14,,,,13,,kg,,
dice,7,7,,3004.20.52,3,Cefaclor o cefalexina monohidratados:,,,,,,,,,
dice,7,7,,3004.20.52.1,4,Para uso humano:,,,,,,,,,
dice,7,7,,3004.20.52.11,5,Para tratamiento oncológico o VIH,14,,,,12,,kg,,
dice,7,7,,3004.20.52.19,5,Los demás,14,,,,12,,kg,,
dice,7,7,,3004.20.52.20,4,Para uso veterinario,14,,,,13,,kg,,
dice,7,7,,3004.20.59,3,Los demás:,,,,,,,,,
dice,7,7,,3004.20.59.1,4,Para uso humano:,,,,,,,,,
dice,7,7,,3004.20.59.11,5,Para tratamiento oncológico o VIH,8,,,,12,,kg,,
dice,7,7,,3004.20.59.19,5,Los demás,8,,,,12,,kg,,
dice,7,7,,3004.20.59.20,4,Para uso veterinario,8,,,,13,,kg,,
dice,7,7,,3004.20.6,2,Que contengan aminoglicósidos o sus derivados:,,,,,,,,,
dice,7,7,,3004.20.61,3,Sulfato de gentamicina:,,,,,,,,,
dice,7,7,,3004.20.61.1,4,Para uso humano:,,,,,,,,,
dice,7,7,,3004.20.61.11,5,Para tratamiento oncológico o VIH,14,,,,12,,kg,,
dice,7,7,,3004.20.61.19,5,Los demás,14,,,,12,,kg,,
dice,7,7,,3004.20.61.20,4,Para uso veterinario,14,,,,13,,kg,,
dice,7,7,,3004.20.62,3,Daunorubicina:,,,,,,,,,
dice,7,7,,3004.20.62.1,4,Para uso humano:,,,,,,,,,
dice,7,7,,3004.20.62.11,5,Para tratamiento oncológico o VIH,0,,,,12,,kg,,
dice,7,7,,3004.20.62.19,5,Los demás,0,,,,12,,kg,,
dice,7,7,,3004.20.62.20,4,Para uso veterinario,0,,,,13,,kg,,
dice,7,7,,3004.20.63,3,Idarubicina; pirarubicina:,,,,,,,,,
dice,7,7,,3004.20.63.1,4,Para uso humano:,,,,,,,,,
dice,7,7,,3004.20.63.11,5,Para tratamiento oncológico o VIH,0,,,,12,,kg,,
dice,7,7,,3004.20.63.19,5,Los demás,0,,,,12,,kg,,
dice,7,7,,3004.20.63.20,4,Para uso veterinario,0,,,,13,,kg,,
dice,7,7,,3004.20.69,3,Los demás:,,,,,,,,,
dice,7,7,,3004.20.69.1,4,Para uso humano:,,,,,,,,,
dice,7,7,,3004.20.69.11,5,Para tratamiento oncológico o VIH,8,,,,12,,kg,,
dice,7,7,,3004.20.69.19,5,Los demás,8,,,,12,,kg,,
dice,7,7,,3004.20.69.20,4,Para uso veterinario,8,,,,13,,kg,,
dice,7,7,,3004.20.7,2,Que contengan polipéptidos o sus derivados:,,,,,,,,,
dice,7,7,,3004.20.71,3,Vancomicina:,,,,,,,,,
dice,7,7,,3004.20.71.1,4,Para uso humano:,,,,,,,,,
dice,7,7,,3004.20.71.11,5,Para tratamiento oncológico o VIH,8,,,,12,,kg,,
dice,7,7,,3004.20.71.19,5,Los demás,8,,,,12,,kg,,
dice,7,7,,3004.20.71.20,4,Para uso veterinario,8,,,,13,,kg,,
dice,7,7,,3004.20.72,3,Actinomicinas:,,,,,,,,,
dice,7,7,,3004.20.72.1,4,Para uso humano:,,,,,,,,,
dice,7,7,,3004.20.72.11,5,Para tratamiento oncológico o VIH,0,,,,12,,kg,,
dice,7,7,,3004.20.72.19,5,Los demás,0,,,,12,,kg,,
dice,7,7,,3004.20.72.20,4,Para uso veterinario,0,,,,13,,kg,,
dice,7,7,,3004.20.73,3,Ciclosporina A:,,,,,,,,,
dice,7,7,,3004.20.73.1,4,Para uso humano:,,,,,,,,,
dice,7,7,,3004.20.73.11,5,Para tratamiento oncológico o VIH,0,,,,12,,kg,,
dice,7,7,,3004.20.73.19,5,Los demás,0,,,,12,,kg,,
dice,7,7,,3004.20.73.20,4,Para uso veterinario,0,,,,13,,kg,,
dice,7,7,,3004.20.79,3,Los demás:,,,,,,,,,
dice,7,7,,3004.20.79.1,4,Para uso humano:,,,,,,,,,
dice,7,7,,3004.20.79.11,5,Para tratamiento oncológico o VIH,8,,,,12,,kg,,
dice,7,7,,3004.20.79.19,5,Los demás,8,,,,12,,kg,,
dice,7,7,,3004.20.79.20,4,Para uso veterinario,8,,,,13,,kg,,
dice,7,7,,3004.20.9,2,Los demás:,,,,,,,,,
dice,7,7,,3004.20.91,3,Mitomicina:,,,,,,,,,
dice,7,7,,3004.20.91.1,4,Para uso humano:,,,,,,,,,
dice,7,7,,3004.20.91.11,5,Para tratamiento oncológico o VIH,0,,,,12,,kg,,
dice,7,7,,3004.20.91.19,5,Los demás,0,,,,12,,kg,,
dice,7,7,,3004.20.91.20,4,Para uso veterinario,0,,,,13,,kg,,
dice,7,7,,3004.20.92,3,Fumarato de tiamulina:,,,,,,,,,
dice,7,7,,3004.20.92.1,4,Para uso humano:,,,,,,,,,
dice,7,7,,3004.20.92.11,5,Para tratamiento oncológico o VIH,8,,,,12,,kg,,
dice,7,7,,3004.20.92.19,5,Los demás,8,,,,12,,kg,,
dice,7,7,,3004.20.92.20,4,Para uso veterinario,8,,,,13,,kg,,
dice,7,7,,3004.20.93,3,Bleomicinas o sus sales:,,,,,,,,,
dice,7,7,,3004.20.93.1,4,Para uso humano:,,,,,,,,,
dice,7,7,,3004.20.93.11,5,Para tratamiento oncológico o VIH,0,,,,12,,kg,,
dice,7,7,,3004.20.93.19,5,Los demás,0,,,,12,,kg,,
dice,7,7,,3004.20.93.20,4,Para uso veterinario,0,,,,13,,kg,,
dice,7,7,,3004.20.94,3,Imipenem:,,,,,,,,,
dice,7,7,,3004.20.94.1,4,Para uso humano:,,,,,,,,,
dice,7,7,,3004.20.94.11,5,Para tratamiento oncológico o VIH,0,,,,12,,kg,,
dice,7,8,,3004.20.94.19,5,Los demás,0,,,,12,,kg,,
dice,7,8,,3004.20.94.20,4,Para uso veterinario,0,,,,13,,kg,,
dice,7,8,,3004.20.95,3,Anfotericina B en liposomas:,,,,,,,,,
dice,7,8,,3004.20.95.1,4,Para uso humano:,,,,,,,,,
dice,7,8,,3004.20.95.11,5,Para tratamiento oncológico o VIH,0,,,,12,,kg,,
dice,7,8,,3004.20.95.19,5,Los demás,0,,,,12,,kg,,
dice,7,8,,3004.20.95.20,4,Para uso veterinario,0,,,,13,,kg,,
dice,7,8,,3004.20.99,3,Los demás:,,,,,,,,,
dice,7,8,,3004.20.99.1,4,Para uso humano:,,,,,,,,,
dice,7,8,,3004.20.99.11,5,Para tratamiento oncológico o VIH,8,,,,12,,kg,,
dice,7,8,,3004.20.99.19,5,Los demás,8,,,,12,,kg,,
dice,7,8,,3004.20.99.20,4,Para uso veterinario,8,,,,13,,kg,,
dice,7,8,,3004.3,1,"Los demás, que contengan hormonas u otros productos de la partida 29.37:",,,,,,,,,
dice,7,8,,3004.31.00,2,Que contengan insulina,,,,,,,,,
dice,7,8,,3004.31.00.10,3,Para uso humano,14,,,,12,,kg,,
dice,7,8,,3004.31.00.20,3,Para uso veterinario,14,,,,13,,kg,,
dice,7,8,,3004.32,2,"Que contengan hormonas corticosteroides, sus derivados o análogos estructurales:",,,,,,,,,
dice,7,8,,3004.32.10,3,Hormonas corticosteroides:,,,,,,,,,
dice,7,8,,3004.32.10.1,4,Para uso humano:,,,,,,,,,
dice,7,8,,3004.32.10.11,5,Para tratamiento oncológico o VIH,14,,,,12,,kg,,
dice,7,8,,3004.32.10.19,5,Los demás,14,,,,12,,kg,,
dice,7,8,,3004.32.10.20,4,Para uso veterinario,14,,,,13,,kg,,
dice,7,8,,3004.32.20,3,Espironolactona:,,,,,,,,,
dice,7,8,,3004.32.20.1,4,Para uso humano:,,,,,,,,,
dice,7,8,,3004.32.20.11,5,Para tratamiento oncológico o VIH,14,,,,12,,kg,,
dice,7,8,,3004.32.20.19,5,Los demás,14,,,,12,,kg,,
dice,7,8,,3004.32.20.20,4,Para uso veterinario,14,,,,13,,kg,,
dice,7,8,,3004.32.90,3,Los demás:,,,,,,,,,
dice,7,8,,3004.32.90.1,4,Para uso humano:,,,,,,,,,
dice,7,8,,3004.32.90.11,5,Para tratamiento oncológico o VIH,8,,,,12,,kg,,
dice,7,8,,3004.32.90.19,5,Los demás,8,,,,12,,kg,,
dice,7,8,,3004.32.90.20,4,Para uso veterinario,8,,,,13,,kg,,
dice,7,8,,3004.39,2,Los demás:,,,,,,,,,
dice,7,8,,3004.39.1,3,Que contengan las siguientes hormonas polipeptídicas o proteicas: buserelina o su acetato; corticotropina (ACTH); gonadotropina coriónica (hCG); gonadotropina sérica (PMSG); leuprolide o su acetato; menotropinas; somatostatina o sus sales; somatotropina; triptorelina o sus sales:,,,,,,,,,
dice,7,8,,3004.39.11,4,Somatotropina:,,,,,,,,,
dice,7,8,,3004.39.11.1,5,Para uso humano:,,,,,,,,,
dice,7,8,,3004.39.11.11,6,Para tratamiento oncológico o VIH,0,,,,12,,kg,,
dice,7,8,,3004.39.11.19,6,Los demás,0,,,,12,,kg,,
dice,7,8,,3004.39.11.20,5,Para uso veterinario,0,,,,13,,kg,,
dice,7,8,,3004.39.12,4,Gonadotropina coriónica (hCG):,,,,,,,,,
dice,7,8,,3004.39.12.1,5,Para uso humano:,,,,,,,,,
dice,7,8,,3004.39.12.11,6,Para tratamiento oncológico o VIH,14,,,,12,,kg,,
dice,7,8,,3004.39.12.19,6,Los demás,14,,,,12,,kg,,
dice,7,8,,3004.39.12.20,5,Para uso veterinario,14,,,,13,,kg,,
dice,7,8,,3004.39.13,4,Menotropinas:,,,,,,,,,
dice,7,8,,3004.39.13.1,5,Para uso humano:,,,,,,,,,
dice,7,8,,3004.39.13.11,6,Para tratamiento oncológico o VIH,14,,,,12,,kg,,
dice,7,8,,3004.39.13.19,6,Los demás,14,,,,12,,kg,,
dice,7,8,,3004.39.13.20,5,Para uso veterinario,14,,,,13,,kg,,
dice,7,8,,3004.39.14,4,Corticotropina (ACTH):,,,,,,,,,
dice,7,8,,3004.39.14.1,5,Para uso humano:,,,,,,,,,
dice,7,9,,3004.39.14.11,6,Para tratamiento oncológico o VIH,8,,,,12,,kg,,
dice,7,9,,3004.39.14.19,6,Los demás,8,,,,12,,kg,,
dice,7,9,,3004.39.14.20,5,Para uso veterinario,8,,,,13,,kg,,
dice,7,9,,3004.39.15,4,Gonadotropina sérica (PMSG):,,,,,,,,,
dice,7,9,,3004.39.15.1,5,Para uso humano:,,,,,,,,,
dice,7,9,,3004.39.15.11,6,Para tratamiento oncológico o VIH,8,,,,12,,kg,,
dice,7,9,,3004.39.15.19,6,Los demás,8,,,,12,,kg,,
dice,7,9,,3004.39.15.20,5,Para uso veterinario,8,,,,13,,kg,,
dice,7,9,,3004.39.16,4,Somatostatina o sus sales:,,,,,,,,,
dice,7,9,,3004.39.16.1,5,Para uso humano:,,,,,,,,,
dice,7,9,,3004.39.16.11,6,Para tratamiento oncológico o VIH,0,,,,12,,kg,,
dice,7,9,,3004.39.16.19,6,Los demás,0,,,,12,,kg,,
dice,7,9,,3004.39.16.20,5,Para uso veterinario,0,,,,13,,kg,,
dice,7,9,,3004.39.17,4,Buserelina o su acetato:,,,,,,,,,
dice,7,9,,3004.39.17.1,5,Para uso humano:,,,,,,,,,
dice,7,9,,3004.39.17.11,6,Para tratamiento oncológico o VIH,0,,,,12,,kg,,
dice,7,9,,3004.39.17.19,6,Los demás,0,,,,12,,kg,,
dice,7,9,,3004.39.17.20,5,Para uso veterinario,0,,,,13,,kg,,
dice,7,9,,3004.39.18,4,Triptorelina o sus sales:,,,,,,,,,
dice,7,9,,3004.39.18.1,5,Para uso humano:,,,,,,,,,
dice,7,9,,3004.39.18.11,6,Para tratamiento oncológico o VIH,0,,,,12,,kg,,
dice,7,9,,3004.39.18.19,6,Los demás,0,,,,12,,kg,,
dice,7,9,,3004.39.18.20,5,Para uso veterinario,0,,,,13,,kg,,
dice,7,9,,3004.39.19,4,Leuprolide o su acetato:,,,,,,,,,
dice,7,9,,3004.39.19.1,5,Para uso humano:,,,,,,,,,
dice,7,9,,3004.39.19.11,6,Para tratamiento oncológico o VIH,0,,,,12,,kg,,
dice,7,9,,3004.39.19.19,6,Los demás,0,,,,12,,kg,,
dice,7,9,,3004.39.19.20,5,Para uso veterinario,0,,,,13,,kg,,
dice,7,9,,3004.39.2,3,"Que contengan las demás hormonas polipeptídicas o proteicas, sus derivados o análogos estructurales, sin productos de la subpartida 3004.39.1:",,,,,,,,,
dice,7,9,,3004.39.21,4,LH-RH (gonadorelina):,,,,,,,,,
dice,7,9,,3004.39.21.1,5,Para uso humano:,,,,,,,,,
dice,7,9,,3004.39.21.11,6,Para tratamiento oncológico o VIH,0,,,,12,,kg,,
dice,7,9,,3004.39.21.19,6,Los demás,0,,,,12,,kg,,
dice,7,9,,3004.39.21.20,5,Para uso veterinario,0,,,,13,,kg,,
dice,7,9,,3004.39.22,4,Oxitocina:,,,,,,,,,
dice,7,9,,3004.39.22.1,5,Para uso humano:,,,,,,,,,
dice,7,9,,3004.39.22.11,6,Para tratamiento oncológico o VIH,14,,,,12,,kg,,
dice,7,9,,3004.39.22.19,6,Los demás,14,,,,12,,kg,,
dice,7,9,,3004.39.22.20,5,Para uso veterinario,14,,,,13,,kg,,
dice,7,9,,3004.39.23,4,Sales de insulina:,,,,,,,,,
dice,7,9,,3004.39.23.1,5,Para uso humano:,,,,,,,,,
dice,7,9,,3004.39.23.11,6,Para tratamiento oncológico o VIH,14,,,,12,,kg,,
dice,7,10,,3004.39.23.19,6,Los demás,14,,,,12,,kg,,
dice,7,10,,3004.39.23.20,5,Para uso veterinario,14,,,,13,,kg,,
dice,7,10,,3004.39.24,4,Timosinas:,,,,,,,,,
dice,7,10,,3004.39.24.1,5,Para uso humano:,,,,,,,,,
dice,7,10,,3004.39.24.11,6,Para tratamiento oncológico o VIH,0,,,,12,,kg,,
dice,7,10,,3004.39.24.19,6,Los demás,0,,,,12,,kg,,
dice,7,10,,3004.39.24.20,5,Para uso veterinario,0,,,,13,,kg,,
dice,7,10,,3004.39.25,4,Calcitonina:,,,,,,,,,
dice,7,10,,3004.39.25.1,5,Para uso humano:,,,,,,,,,
dice,7,10,,3004.39.25.11,6,Para tratamiento oncológico o VIH,8,,,,12,,kg,,
dice,7,10,,3004.39.25.19,6,Los demás,8,,,,12,,kg,,
dice,7,10,,3004.39.25.20,5,Para uso veterinario,8,,,,13,,kg,,
dice,7,10,,3004.39.26,4,Octreotida:,,,,,,,,,
dice,7,10,,3004.39.26.1,5,Para uso humano:,,,,,,,,,
dice,7,10,,3004.39.26.11,6,Para tratamiento oncológico o VIH,0,,,,12,,kg,,
dice,7,10,,3004.39.26.19,6,Los demás,0,,,,12,,kg,,
dice,7,10,,3004.39.26.20,5,Para uso veterinario,0,,,,13,,kg,,
dice,7,10,,3004.39.27,4,Goserelina o su acetato:,,,,,,,,,
dice,7,10,,3004.39.27.1,5,Para uso humano:,,,,,,,,,
dice,7,10,,3004.39.27.11,6,Para tratamiento oncológico o VIH,0,,,,12,,kg,,
dice,7,10,,3004.39.27.19,6,Los demás,0,,,,12,,kg,,
dice,7,10,,3004.39.27.20,5,Para uso veterinario,0,,,,13,,kg,,
dice,7,10,,3004.39.28,4,Nafarelina o su acetato:,,,,,,,,,
dice,7,10,,3004.39.28.1,5,Para uso humano:,,,,,,,,,
dice,7,10,,3004.39.28.11,6,Para tratamiento oncológico o VIH,0,,,,12,,kg,,
dice,7,10,,3004.39.28.19,6,Los demás,0,,,,12,,kg,,
dice,7,10,,3004.39.28.20,5,Para uso veterinario,0,,,,13,,kg,,
dice,7,10,,3004.39.29,4,Los demás:,,,,,,,,,
dice,7,10,,3004.39.29.1,5,Para uso humano:,,,,,,,,,
dice,7,10,,3004.39.29.11,6,Para tratamiento oncológico o VIH,8,,,,12,,kg,,
dice,7,10,,3004.39.29.19,6,Los demás,8,,,,12,,kg,,
dice,7,10,,3004.39.29.20,5,Para uso veterinario,8,,,,13,,kg,,
dice,7,10,,3004.39.3,3,"Que contengan estrógenos o progestógenos, sus derivados o análogos estructurales:",,,,,,,,,
dice,7,10,,3004.39.31,4,Hemisuccinato de estradiol:,,,,,,,,,
dice,7,10,,3004.39.31.1,5,Para uso humano:,,,,,,,,,
dice,7,10,,3004.39.31.11,6,Para tratamiento oncológico o VIH,14,,,,12,,kg,,
dice,7,10,,3004.39.31.19,6,Los demás,14,,,,12,,kg,,
dice,7,10,,3004.39.31.20,5,Para uso veterinario,14,,,,13,,kg,,
dice,7,10,,3004.39.32,4,Fempropionato de estradiol:,,,,,,,,,
dice,7,10,,3004.39.32.1,5,Para uso humano:,,,,,,,,,
dice,7,10,,3004.39.32.11,6,Para tratamiento oncológico o VIH,14,,,,12,,kg,,
dice,7,10,,3004.39.32.19,6,Los demás,14,,,,12,,kg,,
dice,7,10,,3004.39.32.20,5,Para uso veterinario,14,,,,13,,kg,,
dice,7,10,,3004.39.33,4,Estriol o su succinato:,,,,,,,,,
dice,7,10,,3004.39.33.1,5,Para uso humano:,,,,,,,,,
dice,7,10,,3004.39.33.11,6,Para tratamiento oncológico o VIH,14,,,,12,,kg,,
dice,7,11,,3004.39.33.19,6,Los demás,14,,,,12,,kg,,
dice,7,11,,3004.39.33.20,5,Para uso veterinario,14,,,,13,,kg,,
dice,7,11,,3004.39.34,4,Alilestrenol:,,,,,,,,,
dice,7,11,,3004.39.34.1,5,Para uso humano:,,,,,,,,,
dice,7,11,,3004.39.34.11,6,Para tratamiento oncológico o VIH,14,,,,12,,kg,,
dice,7,11,,3004.39.34.19,6,Los demás,14,,,,12,,kg,,
dice,7,11,,3004.39.34.20,5,Para uso veterinario,14,,,,13,,kg,,
dice,7,11,,3004.39.35,4,Linestrenol:,,,,,,,,,
dice,7,11,,3004.39.35.1,5,Para uso humano:,,,,,,,,,
dice,7,11,,3004.39.35.11,6,Para tratamiento oncológico o VIH,14,,,,12,,kg,,
dice,7,11,,3004.39.35.19,6,Los demás,14,,,,12,,kg,,
dice,7,11,,3004.39.35.20,5,Para uso veterinario,14,,,,13,,kg,,
dice,7,11,,3004.39.36,4,Acetato de megestrol; formestano; fulvestrant:,,,,,,,,,
dice,7,11,,3004.39.36.1,5,Para uso humano:,,,,,,,,,
dice,7,11,,3004.39.36.11,6,Para tratamiento oncológico o VIH,0,,,,12,,kg,,
dice,7,11,,3004.39.36.19,6,Los demás,0,,,,12,,kg,,
dice,7,11,,3004.39.36.20,5,Para uso veterinario,0,,,,13,,kg,,
dice,7,11,,3004.39.37,4,Desogestrel:,,,,,,,,,
dice,7,11,,3004.39.37.1,5,Para uso humano:,,,,,,,,,
dice,7,11,,3004.39.37.11,6,Para tratamiento oncológico o VIH,14,,,,12,,kg,,
dice,7,11,,3004.39.37.19,6,Los demás,14,,,,12,,kg,,
dice,7,11,,3004.39.37.20,5,Para uso veterinario,14,,,,13,,kg,,
dice,7,11,,3004.39.39,4,Los demás:,,,,,,,,,
dice,7,11,,3004.39.39.1,5,Para uso humano:,,,,,,,,,
dice,7,11,,3004.39.39.11,6,Para tratamiento oncológico o VIH,8,,,,12,,kg,,
dice,7,11,,3004.39.39.19,6,Los demás,8,,,,12,,kg,,
dice,7,11,,3004.39.39.20,5,Para uso veterinario,8,,,,13,,kg,,
dice,7,11,,3004.39.8,3,Levotiroxina sódica; liotironina sódica:,,,,,,,,,
dice,7,11,,3004.39.81,4,Levotiroxina sódica:,,,,,,,,,
dice,7,11,,3004.39.81.1,5,Para uso humano:,,,,,,,,,
dice,7,11,,3004.39.81.11,6,Para tratamiento oncológico o VIH,12,,,,12,,kg,,
dice,7,11,,3004.39.81.19,6,Los demás,12,,,,12,,kg,,
dice,7,11,,3004.39.81.20,5,Para uso veterinario,12,,,,13,,kg,,
dice,7,11,,3004.39.82,4,Liotironina sódica:,,,,,,,,,
dice,7,11,,3004.39.82.1,5,Para uso humano:,,,,,,,,,
dice,7,11,,3004.39.82.11,6,Para tratamiento oncológico o VIH,12,,,,12,,kg,,
dice,7,11,,3004.39.82.19,6,Los demás,12,,,,12,,kg,,
dice,7,11,,3004.39.82.20,5,Para uso veterinario,12,,,,13,,kg,,
dice,7,11,,3004.39.9,3,Los demás:,,,,,,,,,
dice,7,11,,3004.39.91,4,"Sal sódica o éster metílico del ácido 9,11,15-trihidroxi-16- (3- clorofenoxi) prosta-5,13-dien-1- oico (derivado de la prostaglandina F2 - alfa):",,,,,,,,,
dice,7,11,,3004.39.91.1,5,Para uso humano:,,,,,,,,,
dice,7,11,,3004.39.91.11,6,Para tratamiento oncológico o VIH,0,,,,12,,kg,,
dice,7,11,,3004.39.91.19,6,Los demás,0,,,,12,,kg,,
dice,7,11,,3004.39.91.20,5,Para uso veterinario,0,,,,13,,kg,,
dice,7,11,,3004.39.92,4,Tiratricol (triac) o su sal sódica:,,,,,,,,,
dice,7,12,,3004.39.92.1,5,Para uso humano:,,,,,,,,,
dice,7,12,,3004.39.92.11,6,Para tratamiento oncológico o VIH,14,,,,12,,kg,,
dice,7,12,,3004.39.92.19,6,Los demás,14,,,,12,,kg,,
dice,7,12,,3004.39.92.20,5,Para uso veterinario,14,,,,13,,kg,,
dice,7,12,,3004.39.94,4,Exemestano:,,,,,,,,,
dice,7,12,,3004.39.94.1,5,Para uso humano:,,,,,,,,,
dice,7,12,,3004.39.94.11,6,Para tratamiento oncológico o VIH,0,,,,12,,kg,,
dice,7,12,,3004.39.94.19,6,Los demás,0,,,,12,,kg,,
dice,7,12,,3004.39.94.20,5,Para uso veterinario,0,,,,13,,kg,,
dice,7,12,,3004.39.99,4,Los demás:,,,,,,,,,
dice,7,12,,3004.39.99.1,5,Para uso humano:,,,,,,,,,
dice,7,12,,3004.39.99.11,6,Para tratamiento oncológico o VIH,8,,,,12,,kg,,
dice,7,12,,3004.39.99.19,6,Los demás,8,,,,12,,kg,,
dice,7,12,,3004.39.99.20,5,Para uso veterinario,8,,,,13,,kg,,
dice,7,12,,3004.4,1,"Los demás, que contengan alcaloides o sus derivados:",,,,,,,,,
dice,7,12,,3004.41.00,2,Que contengan efedrina o sus sales:,,,,,,,,,
dice,7,12,,3004.41.00.10,3,Para uso humano,8,,,,12,3,kg,,
dice,7,12,,3004.41.00.20,3,Para uso veterinario,8,,,,13,,kg,,
dice,7,12,,3004.42.00,2,Que contengan seudoefedrina (DCI) o sus sales:,,,,,,,,,
dice,7,12,,3004.42.00.10,3,Para uso humano,8,,,,12,3,kg,,
dice,7,12,,3004.42.00.20,3,Para uso veterinario,8,,,,13,,kg,,
dice,7,12,,3004.43.00,2,Que contengan norefedrina o sus sales:,,,,,,,,,
dice,7,12,,3004.43.00.10,3,Para uso humano,8,,,,12,3,kg,,
dice,7,12,,3004.43.00.20,3,Para uso veterinario,8,,,,13,,kg,,
dice,7,12,,3004.49,2,Los demás:,,,,,,,,,
dice,7,12,,3004.49.10,3,Vimblastina; vincristina; derivados de estos productos; topotecan o su clorhidrato:,,,,,,,,,
dice,7,12,,3004.49.10.10,4,Para uso humano,0,,,,12,,kg,,
dice,7,12,,3004.49.10.20,4,Para uso veterinario,0,,,,13,,kg,,
dice,7,12,,3004.49.20,3,"Pilocarpina, su nitrato o su clorhidrato:",,,,,,,,,
dice,7,12,,3004.49.20.10,4,Para uso humano,14,,,,12,,kg,,
dice,7,12,,3004.49.20.20,4,Para uso veterinario,14,,,,13,,kg,,
dice,7,12,,3004.49.30,3,Metansulfonato de dihidroergocristina:,,,,,,,,,
dice,7,12,,3004.49.30.10,4,Para uso humano,8,,,,12,,kg,,
dice,7,12,,3004.49.30.20,4,Para uso veterinario,8,,,,13,,kg,,
dice,7,12,,3004.49.40,3,Codeína o sus sales:,,,,,,,,,
dice,7,12,,3004.49.40.10,4,Para uso humano,14,,,,12,,kg,,
dice,7,12,,3004.49.40.20,4,Para uso veterinario,14,,,,13,,kg,,
dice,7,12,,3004.49.50,3,Granisetrón; tropisetrón o su clorhidrato:,,,,,,,,,
dice,7,12,,3004.49.50.10,4,Para uso humano,0,,,,12,,kg,,
dice,7,12,,3004.49.50.20,4,Para uso veterinario,0,,,,13,,kg,,
dice,7,12,,3004.49.90,3,Los demás:,,,,,,,,,
dice,7,12,,3004.49.90.10,4,Para uso humano,8,,,,12,,kg,,
dice,7,12,,3004.49.90.20,4,Para uso veterinario,8,,,,13,,kg,,
dice,7,12,,3004.50,1,"Los demás, que contengan vitaminas u otros productos de la partida 29.36:",,,,,,,,,
dice,7,12,,3004.50.10,2,Folinato de calcio (leucovorina):,,,,,,,,,
dice,7,12,,3004.50.10.10,3,Para uso humano,8,,,,12,,kg,,
dice,7,12,,3004.50.10.20,3,Para uso veterinario,8,,,,13,,kg,,
dice,7,12,,3004.50.20,2,Nicotinamida:,,,,,,,,,
dice,7,12,,3004.50.20.10,3,Para uso humano,14,,,,12,,kg,,
dice,7,12,,3004.50.20.20,3,Para uso veterinario,14,,,,13,,kg,,
dice,7,12,,3004.50.30,2,Hidroxocobalamina o sus sales; cianocobalamina:,,,,,,,,,
dice,7,12,,3004.50.30.10,3,Para uso humano,14,,,,12,,kg,,
dice,7,12,,3004.50.30.20,3,Para uso veterinario,14,,,,13,,kg,,
dice,7,12,,3004.50.40,2,"Vitamina A1 (retinol) o sus derivados, excepto el ácido retinoico (tretinoína):",,,,,,,,,
dice,7,12,,3004.50.40.10,3,Para uso humano,14,,,,12,,kg,,
dice,7,12,,3004.50.40.20,3,Para uso veterinario,14,,,,13,,kg,,
dice,7,12,,3004.50.50,2,D-Pantotenato de calcio; vitamina D3 (colecalciferol):,,,,,,,,,
dice,7,12,,3004.50.50.10,3,Para uso humano,8,,,,12,,kg,,
dice,7,13,,3004.50.50.20,3,Para uso veterinario,8,,,,13,,kg,,
dice,7,13,,3004.50.60,2,Ácido retinoico (tretinoína):,,,,,,,,,
dice,7,13,,3004.50.60.10,3,Para uso humano,8,,,,12,,kg,,
dice,7,13,,3004.50.60.20,3,Para uso veterinario,8,,,,13,,kg,,
dice,7,13,,3004.50.90,2,Los demás:,,,,,,,,,
dice,7,13,,3004.50.90.10,3,Para uso humano,8,,,,12,,kg,,
dice,7,13,,3004.50.90.20,3,Para uso veterinario,8,,,,13,,kg,,
dice,7,13,,3004.60.00.00,1,"Los demás, que contengan los principios activos contra la malaria (paludismo) descritos en la Nota 2 de subpartida del presente Capítulo",8,,,,12,,kg,,
dice,7,13,,3004.90,1,Los demás:,,,,,,,,,
dice,7,13,,3004.90.1,2,Que contengan enzimas:,,,,,,,,,
dice,7,13,,3004.90.11,3,Estreptoquinasa:,,,,,,,,,
dice,7,13,,3004.90.11.10,4,Para uso humano,0,,,,12,,kg,,
dice,7,13,,3004.90.11.20,4,Para uso veterinario,0,,,,13,,kg,,
dice,7,13,,3004.90.12,3,L-Asparaginasa:,,,,,,,,,
dice,7,13,,3004.90.12.10,4,Para uso humano,0,,,,12,,kg,,
dice,7,13,,3004.90.12.20,4,Para uso veterinario,0,,,,13,,kg,,
dice,7,13,,3004.90.13,3,Deoxirribonucleasa:,,,,,,,,,
dice,7,13,,3004.90.13.10,4,Para uso humano,0,,,,12,,kg,,
dice,7,13,,3004.90.13.20,4,Para uso veterinario,0,,,,13,,kg,,
dice,7,13,,3004.90.14,3,Idursulfasa:,,,,,,,,,
dice,7,13,,3004.90.14.10,4,Para uso humano,0,,,,12,,kg,,
dice,7,13,,3004.90.14.20,4,Para uso veterinario,0,,,,13,,kg,,
dice,7,13,,3004.90.15,3,Agalsidasa alfa; velaglucerasa alfa:,,,,,,,,,
dice,7,13,,3004.90.15.10,4,Para uso humano,0,,,,12,,kg,,
dice,7,13,,3004.90.15.20,4,Para uso veterinario,0,,,,13,,kg,,
dice,7,13,,3004.90.19,3,Los demás:,,,,,,,,,
dice,7,13,,3004.90.19.10,4,Para uso humano,8,,,,12,,kg,,
dice,7,13,,3004.90.19.20,4,Para uso veterinario,8,,,,13,,kg,,
dice,7,13,,3004.90.2,2,"Que contengan productos de las partidas 29.16 a 29.20, sin productos de la subpartida 3004.90.1:",,,,,,,,,
dice,7,13,,3004.90.21,3,Permetrina; nitrato de propatilo; benzoato de bencilo; dioctilsulfosuccinato de sodio:,,,,,,,,,
dice,7,13,,3004.90.21.10,4,Para uso humano,14,,,,12,,kg,,
dice,7,13,,3004.90.21.20,4,Para uso veterinario,14,,,,13,,kg,,
dice,7,13,,3004.90.22,3,Ácido cólico; ácido deoxicólico; sal magnésica del ácido dehidrocólico:,,,,,,,,,
dice,7,13,,3004.90.22.10,4,Para uso humano,14,,,,12,,kg,,
dice,7,13,,3004.90.22.20,4,Para uso veterinario,14,,,,13,,kg,,
dice,7,13,,3004.90.23,3,"Ácido glucónico, sus sales o sus ésteres",,,,,,,,,
dice,7,13,,3004.90.23.10,4,Para uso humano,14,,,,12,,kg,,
dice,7,13,,3004.90.23.20,4,Para uso veterinario,14,,,,13,,kg,,
dice,7,13,,3004.90.24,3,Ácido O-acetilsalicílico; O-acetilsalicilato de aluminio; salicilato de metilo; diclorvós:,,,,,,,,,
dice,7,13,,3004.90.24.10,4,Para uso humano,14,,,,12,,kg,,
dice,7,13,,3004.90.24.20,4,Para uso veterinario,14,,,,13,,kg,,
dice,7,13,,3004.90.25,3,Lactofosfato de calcio:,,,,,,,,,
dice,7,13,,3004.90.25.10,4,Para uso humano,14,,,,12,,kg,,
dice,7,13,,3004.90.25.20,4,Para uso veterinario,14,,,,13,,kg,,
dice,7,13,,3004.90.26,3,"Ácido láctico, sus sales o sus ésteres; ácido 4-(4- hidroxifenoxi)- 3,5- diiodofenilacético; ácido fumárico, sus sales o sus ésteres:",,,,,,,,,
dice,7,13,,3004.90.26.10,4,Para uso humano,14,,,,12,,kg,,
dice,7,13,,3004.90.26.20,4,Para uso veterinario,14,,,,13,,kg,,
dice,7,13,,3004.90.27,3,"Nitroglicerina, de administración por vía transdérmica:",,,,,,,,,
dice,7,13,,3004.90.27.10,4,Para uso humano,2,,,,12,,kg,,
dice,7,13,,3004.90.27.20,4,Para uso veterinario,2,,,,13,,kg,,
dice,7,13,,3004.90.28,3,Etretinato; fosfestrol o sus sales de di o tetrasodio:,,,,,,,,,
dice,7,13,,3004.90.28.10,4,Para uso humano,0,,,,12,,kg,,
dice,7,13,,3004.90.28.20,4,Para uso veterinario,0,,,,13,,kg,,
dice,7,13,,3004.90.29,3,Los demás:,,,,,,,,,
dice,7,13,,3004.90.29.10,4,Para uso humano,8,,,,12,,kg,,
dice,7,13,,3004.90.29.20,4,Para uso veterinario,8,,,,13,,kg,,
dice,7,13,,3004.90.3,2,"Que contengan productos de las partidas 29.21 y 29.22, sin productos de las subpartidas 3004.90.1 y 3004.90.2:",,,,,,,,,
dice,7,13,,3004.90.31,3,Sulfato de tranilcipromina; dietilpropión:,,,,,,,,,
dice,7,14,,3004.90.31.10,4,Para uso humano,14,,,,12,,kg,,
dice,7,14,,3004.90.31.20,4,Para uso veterinario,14,,,,13,,kg,,
dice,7,14,,3004.90.32,3,Clorhidrato de ketamina:,,,,,,,,,
dice,7,14,,3004.90.32.10,4,Para uso humano,14,,,,12,,kg,,
dice,7,14,,3004.90.32.20,4,Para uso veterinario,14,,,,13,,kg,,
dice,7,14,,3004.90.33,3,Clembuterol o su clorhidrato:,,,,,,,,,
dice,7,14,,3004.90.33.10,4,Para uso humano,14,,,,12,,kg,,
dice,7,14,,3004.90.33.20,4,Para uso veterinario,14,,,,13,,kg,,
dice,7,14,,3004.90.34,3,Tamoxifeno o su citrato:,,,,,,,,,
dice,7,14,,3004.90.34.10,4,Para uso humano,14,,,,12,,kg,,
dice,7,14,,3004.90.34.20,4,Para uso veterinario,14,,,,13,,kg,,
dice,7,14,,3004.90.35,3,Levodopa; alfa- metildopa:,,,,,,,,,
dice,7,14,,3004.90.35.10,4,Para uso humano,14,,,,12,,kg,,
dice,7,14,,3004.90.35.20,4,Para uso veterinario,14,,,,13,,kg,,
dice,7,14,,3004.90.36,3,Clorhidrato de fenilefrina; mirtecaína; propanolol o sus sales:,,,,,,,,,
dice,7,14,,3004.90.36.10,4,Para uso humano,14,,,,12,,kg,,
dice,7,14,,3004.90.36.20,4,Para uso veterinario,14,,,,13,,kg,,
dice,7,14,,3004.90.37,3,Diclofenac sódico; diclofenac potásico; diclofenac dietilamina:,,,,,,,,,
dice,7,14,,3004.90.37.10,4,Para uso humano,14,,,,12,,kg,,
dice,7,14,,3004.90.37.20,4,Para uso veterinario,14,,,,13,,kg,,
dice,7,14,,3004.90.38,3,Clorambucil; clormetina (DCI) o su clorhidrato; melfalano; toremifene o su citrato:,,,,,,,,,
dice,7,14,,3004.90.38.10,4,Para uso humano,0,,,,12,,kg,,
dice,7,14,,3004.90.38.20,4,Para uso veterinario,0,,,,13,,kg,,
dice,7,14,,3004.90.39,3,Los demás:,,,,,,,,,
dice,7,14,,3004.90.39.10,4,Para uso humano,8,,,,12,,kg,,
dice,7,14,,3004.90.39.20,4,Para uso veterinario,8,,,,13,,kg,,
dice,7,14,,3004.90.4,2,"Que contengan productos de las partidas 29.24 a 29.26, sin productos de las subpartidas 3004.90.1 a 3004.90.3:",,,,,,,,,
dice,7,14,,3004.90.41,3,Metoclopramida o su clorhidrato; closantel:,,,,,,,,,
dice,7,14,,3004.90.41.10,4,Para uso humano,14,,,,12,,kg,,
dice,7,14,,3004.90.41.20,4,Para uso veterinario,14,,,,13,,kg,,
dice,7,14,,3004.90.42,3,Atenolol; prilocaína o su clorhidrato; talidomida:,,,,,,,,,
dice,7,14,,3004.90.42.10,4,Para uso humano,14,,,,12,,kg,,
dice,7,14,,3004.90.42.20,4,Para uso veterinario,14,,,,13,,kg,,
dice,7,14,,3004.90.43,3,Lidocaína o su clorhidrato; flutamida:,,,,,,,,,
dice,7,14,,3004.90.43.10,4,Para uso humano,14,,,,12,,kg,,
dice,7,14,,3004.90.43.20,4,Para uso veterinario,14,,,,13,,kg,,
dice,7,14,,3004.90.44,3,Femproporex:,,,,,,,,,
dice,7,14,,3004.90.44.10,4,Para uso humano,14,,,,12,,kg,,
dice,7,14,,3004.90.44.20,4,Para uso veterinario,14,,,,13,,kg,,
dice,7,14,,3004.90.45,3,Paracetamol; bromoprida:,,,,,,,,,
dice,7,14,,3004.90.45.10,4,Para uso humano,14,,,,12,,kg,,
dice,7,14,,3004.90.45.20,4,Para uso veterinario,14,,,,13,,kg,,
dice,7,14,,3004.90.46,3,Amitraz; cipermetrina:,,,,,,,,,
dice,7,14,,3004.90.46.10,4,Para uso humano,14,,,,12,,kg,,
dice,7,14,,3004.90.46.20,4,Para uso veterinario,14,,,,13,,kg,,
dice,7,14,,3004.90.47,3,Clorhexidina o sus sales; isetionato de pentamidina:,,,,,,,,,
dice,7,14,,3004.90.47.10,4,Para uso humano,14,,,,12,,kg,,
dice,7,14,,3004.90.47.20,4,Para uso veterinario,14,,,,13,,kg,,
dice,7,14,,3004.90.48,3,"Aminoglutetimida; carmustina; deferoxamina (desferrioxamina B) o sus sales, derivados de estos productos; lomustina:",,,,,,,,,
dice,7,14,,3004.90.48.10,4,Para uso humano,0,,,,12,,kg,,
dice,7,14,,3004.90.48.20,4,Para uso veterinario,0,,,,13,,kg,,
dice,7,14,,3004.90.49,3,Los demás:,,,,,,,,,
dice,7,14,,3004.90.49.10,4,Para uso humano,8,,,,12,,kg,,
dice,7,14,,3004.90.49.20,4,Para uso veterinario,8,,,,13,,kg,,
dice,7,14,,3004.90.5,2,"Que contengan productos de las partidas 29.30 a 29.32, sin productos de las subpartidas 3004.90.1 a 3004.90.4:",,,,,,,,,
dice,7,14,,3004.90.51,3,Quercetina:,,,,,,,,,
dice,7,14,,3004.90.51.10,4,Para uso humano,14,,,,12,,kg,,
dice,7,14,,3004.90.51.20,4,Para uso veterinario,14,,,,13,,kg,,
dice,7,14,,3004.90.52,3,Tiaprida:,,,,,,,,,
dice,7,14,,3004.90.52.10,4,Para uso humano,8,,,,12,,kg,,
dice,7,14,,3004.90.52.20,4,Para uso veterinario,8,,,,13,,kg,,
dice,7,14,,3004.90.53,3,Etidronato disódico:,,,,,,,,,
dice,7,15,,3004.90.53.10,4,Para uso humano,14,,,,12,,kg,,
dice,7,15,,3004.90.53.20,4,Para uso veterinario,14,,,,13,,kg,,
dice,7,15,,3004.90.54,3,Clorhidrato de amiodarona:,,,,,,,,,
dice,7,15,,3004.90.54.10,4,Para uso humano,14,,,,12,,kg,,
dice,7,15,,3004.90.54.20,4,Para uso veterinario,14,,,,13,,kg,,
dice,7,15,,3004.90.55,3,Nitrovin; moxidectina:,,,,,,,,,
dice,7,15,,3004.90.55.10,4,Para uso humano,14,,,,12,,kg,,
dice,7,15,,3004.90.55.20,4,Para uso veterinario,14,,,,13,,kg,,
dice,7,15,,3004.90.57,3,Carbocisteína; sulfiram:,,,,,,,,,
dice,7,15,,3004.90.57.10,4,Para uso humano,14,,,,12,,kg,,
dice,7,15,,3004.90.57.20,4,Para uso veterinario,14,,,,13,,kg,,
dice,7,15,,3004.90.58,3,Ácido clodrónico o su sal disódica; estreptozocina; fotemustina:,,,,,,,,,
dice,7,15,,3004.90.58.10,4,Para uso humano,0,,,,12,,kg,,
dice,7,15,,3004.90.58.20,4,Para uso veterinario,0,,,,13,,kg,,
dice,7,15,,3004.90.59,3,Los demás:,,,,,,,,,
dice,7,15,,3004.90.59.10,4,Para uso humano,8,,,,12,,kg,,
dice,7,15,,3004.90.59.20,4,Para uso veterinario,8,,,,13,,kg,,
dice,7,15,,3004.90.6,2,"Que contengan productos de la partida 29.33, sin productos de las subpartidas 3004.90.1 a 3004.90.5:",,,,,,,,,
dice,7,15,,3004.90.61,3,Terfenadina; talniflumato; malato ácido de cleboprida; econazol o su nitrato; nitrato de isoconazol; flubendazol; clorhidrato de mepivacaína; trimetoprim; clorhidrato de bupivacaína:,,,,,,,,,
dice,7,15,,3004.90.61.10,4,Para uso humano,14,,,,12,,kg,,
dice,7,15,,3004.90.61.20,4,Para uso veterinario,14,,,,13,,kg,,
dice,7,15,,3004.90.62,3,Clorhidrato de loperamida; fenbendazol; ketorolac trometamina; nifedipina; nimodipina; nitrendipina:,,,,,,,,,
dice,7,15,,3004.90.62.10,4,Para uso humano,14,,,,12,,kg,,
dice,7,15,,3004.90.62.20,4,Para uso veterinario,14,,,,13,,kg,,
dice,7,15,,3004.90.63,3,Albendazol o su sulfóxido; mebendazol; 6- mercaptopurina; metilsulfato de amezinio; oxfendazol; praziquantel:,,,,,,,,,
dice,7,15,,3004.90.63.10,4,Para uso humano,14,,,,12,,kg,,
dice,7,15,,3004.90.63.20,4,Para uso veterinario,14,,,,13,,kg,,
dice,7,15,,3004.90.64,3,Alprazolam; bromazepam; clordiazepóxido; clorhidrato de petidina; diazepam; droperidol; mazindol; triazolam:,,,,,,,,,
dice,7,15,,3004.90.64.10,4,Para uso humano,14,,,,12,,kg,,
dice,7,15,,3004.90.64.20,4,Para uso veterinario,14,,,,13,,kg,,
dice,7,15,,3004.90.65,3,Benzetimida o su clorhidrato; fenitoína o su sal sódica; isoniazida; pirazinamida:,,,,,,,,,
dice,7,15,,3004.90.65.10,4,Para uso humano,14,,,,12,,kg,,
dice,7,15,,3004.90.65.20,4,Para uso veterinario,14,,,,13,,kg,,
dice,7,15,,3004.90.66,3,Ácido 2-(2-metil-3- cloroanilino)nicotínico o su sal de lisina; metronidazol o sus sales; azatioprina; nitrato de miconazol:,,,,,,,,,
dice,7,15,,3004.90.66.10,4,Para uso humano,14,,,,12,,kg,,
dice,7,15,,3004.90.66.20,4,Para uso veterinario,14,,,,13,,kg,,
dice,7,15,,3004.90.67,3,Enrofloxacina; maleato de enalapril; maleato de pirilamina; nicarbazina; norfloxacina; sales de piperazina:,,,,,,,,,
dice,7,15,,3004.90.67.10,4,Para uso humano,14,,,,12,,kg,,
dice,7,15,,3004.90.67.20,4,Para uso veterinario,14,,,,13,,kg,,
dice,7,15,,3004.90.68,3,Altretamina; bortezomib; clorhidrato de erlotinib; dacarbazina; disoproxilfumarato de tenofovir; enfuvirtida; fluspirileno; letrozol; lopinavir; mesilato de imatinib; nelfinavir o su mesilato; nevirapine; pemetrexed; saquinavir; sulfato de abacavir; sulfato de atazanavir; sulfato de indinavir; temozolomida; tioguanina; tiopental sódico; trietilentiofosforamida; trimetrexato; uracil y tegafur; verteporfin:,,,,,,,,,
dice,7,16,,3004.90.68.10,4,Para uso humano,0,,,,12,,kg,,
dice,7,16,,3004.90.68.20,4,Para uso veterinario,0,,,,13,,kg,,
dice,7,16,,3004.90.69,3,Los demás:,,,,,,,,,
dice,7,16,,3004.90.69.10,4,Para uso humano,8,,,,12,,kg,,
dice,7,16,,3004.90.69.20,4,Para uso veterinario,8,,,,13,,kg,,
dice,7,16,,3004.90.7,2,"Que contengan productos de las partidas 29.34, 29.35 y 29.38, sin productos de las subpartidas 3004.90.1 a 3004.90.6:",,,,,,,,,
dice,7,16,,3004.90.71,3,Levamisol o sus sales; tetramisol:,,,,,,,,,
dice,7,16,,3004.90.71.10,4,Para uso humano,8,,,,12,,kg,,
dice,7,16,,3004.90.71.20,4,Para uso veterinario,8,,,,13,,kg,,
dice,7,16,,3004.90.72,3,Sulfadiazina o su sal sódica; sulfametoxazol:,,,,,,,,,
dice,7,16,,3004.90.72.10,4,Para uso humano,14,,,,12,,kg,,
dice,7,16,,3004.90.72.20,4,Para uso veterinario,14,,,,13,,kg,,
dice,7,16,,3004.90.73,3,Cloxazolam; ketazolam; piroxicam; tenoxicam:,,,,,,,,,
dice,7,16,,3004.90.73.10,4,Para uso humano,14,,,,12,,kg,,
dice,7,16,,3004.90.73.20,4,Para uso veterinario,14,,,,13,,kg,,
dice,7,16,,3004.90.74,3,Ftalilsulfatiazol; inosina:,,,,,,,,,
dice,7,16,,3004.90.74.10,4,Para uso humano,14,,,,12,,kg,,
dice,7,16,,3004.90.74.20,4,Para uso veterinario,14,,,,13,,kg,,
dice,7,16,,3004.90.75,3,Enantato de flufenazina; prometazina; gliburida; rutósido; deslanósido:,,,,,,,,,
dice,7,16,,3004.90.75.10,4,Para uso humano,14,,,,12,,kg,,
dice,7,16,,3004.90.75.20,4,Para uso veterinario,14,,,,13,,kg,,
dice,7,16,,3004.90.76,3,Clortalidona; furosemida:,,,,,,,,,
dice,7,16,,3004.90.76.10,4,Para uso humano,14,,,,12,,kg,,
dice,7,16,,3004.90.76.20,4,Para uso veterinario,14,,,,13,,kg,,
dice,7,16,,3004.90.77,3,Clorhidrato de tizanidina; furazolidona; ketoconazol:,,,,,,,,,
dice,7,16,,3004.90.77.10,4,Para uso humano,14,,,,12,,kg,,
dice,7,16,,3004.90.77.20,4,Para uso veterinario,14,,,,13,,kg,,
dice,7,16,,3004.90.78,3,Amprenavir; aprepitanto; delavirdina o su mesilato; efavirenz; emtricitabina; etopósido; everolimus; fosamprenavir cálcico; fosfato de fludarabina; gemcitabina o su clorhidrato; raltitrexida; ritonavir; sirolimus; tacrolimus; temsirolimus; tenipósido; tipranavir:,,,,,,,,,
dice,7,16,,3004.90.78.10,4,Para uso humano,0,,,,12,,kg,,
dice,7,16,,3004.90.78.20,4,Para uso veterinario,0,,,,13,,kg,,
dice,7,16,,3004.90.79,3,Los demás:,,,,,,,,,
dice,7,16,,3004.90.79.10,4,Para uso humano,8,,,,12,,kg,,
dice,7,16,,3004.90.79.20,4,Para uso veterinario,8,,,,13,,kg,,
dice,7,16,,3004.90.9,2,Los demás:,,,,,,,,,
dice,7,16,,3004.90.91,3,Extracto de polen:,,,,,,,,,
dice,7,16,,3004.90.91.10,4,Para uso humano,8,,,,12,,kg,,
dice,7,16,,3004.90.91.20,4,Para uso veterinario,8,,,,13,,kg,,
dice,7,16,,3004.90.92,3,Crisarobina; disofenol:,,,,,,,,,
dice,7,16,,3004.90.92.10,4,Para uso humano,14,,,,12,,kg,,
dice,7,16,,3004.90.92.20,4,Para uso veterinario,14,,,,13,,kg,,
dice,7,16,,3004.90.93,3,Diclofenac resinato:,,,,,,,,,
dice,7,16,,3004.90.93.10,4,Para uso humano,14,,,,12,,kg,,
dice,7,16,,3004.90.93.20,4,Para uso veterinario,14,,,,13,,kg,,
dice,7,16,,3004.90.94,3,Silimarina:,,,,,,,,,
dice,7,16,,3004.90.94.10,4,Para uso humano,8,,,,12,,kg,,
dice,7,16,,3004.90.94.20,4,Para uso veterinario,8,,,,13,,kg,,
dice,7,16,,3004.90.95,3,Busulfano; dexormaplatino; dietilestilbestrol o su dipropionato; enloplatino; iproplatino; lobaplatino; miboplatino; miltefosina; mitotano; ormaplatino; procarbazina o su clorhidrato; propofol; sebriplatino; zeniplatino:,,,,,,,,,
dice,7,16,,3004.90.95.10,4,Para uso humano,0,,,,12,,kg,,
dice,7,16,,3004.90.95.20,4,Para uso veterinario,0,,,,13,,kg,,
dice,7,16,,3004.90.96,3,Complejo hierro dextrano:,,,,,,,,,
dice,7,16,,3004.90.96.10,4,Para uso humano,14,,,,12,,kg,,
dice,7,16,,3004.90.96.20,4,Para uso veterinario,14,,,,13,,kg,,
dice,7,16,,3004.90.97.00,3,Sevoflurano,14,,,,12,,kg,,
dice,7,16,,3004.90.99,3,Los demás:,,,,,,,,,
dice,7,16,,3004.90.99.10,4,Sustitutos sintéticos del plasma humano,8,,,,12,,kg,,
dice,7,16,,3004.90.99.2,4,Anestésicos:,,,,,,,,,
dice,7,16,,3004.90.99.22,5,"A base de óxido nitroso, para uso humano",8,,,,12,,kg,,
dice,7,17,,3004.90.99.23,5,"A base de óxido nitroso, para uso veterinario",8,,,,13,,kg,,
dice,7,17,,3004.90.99.24,5,"Los demás, para uso humano",8,,,,12,,kg,,
dice,7,17,,3004.90.99.25,5,"Los demás, para uso veterinario",8,,,,13,,kg,,
dice,7,17,,3004.90.99.30,4,Parches impregnados con nitroglicerina,8,,,,12,,kg,,
dice,7,17,,3004.90.99.4,4,Para la alimentación vía parenteral:,,,,,,,,,
dice,7,17,,3004.90.99.41,5,Para uso humano,8,,,,12,,kg,,
dice,7,17,,3004.90.99.42,5,Para uso veterinario,8,,,,13,,kg,,
dice,7,17,,3004.90.99.50,4,Para tratamiento oncológico o VIH,8,,,,12,,kg,,
dice,7,17,,3004.90.99.9,4,Los demás:,,,,,,,,,
dice,7,17,,3004.90.99.91,5,"Los demás medicamentos para uso veterinario, incluso los que contengan productos de las subpartidas 3004.90.91.00 a 3004.90.97.00, o de la subpartida 3004.90.99.10, o de las subpartidas 3004.90.99.21 a 3004.90.99.29, o de las subpartidas 3004.90.99.30 a 3004.90.99.50",8,,,,13,,kg,,
dice,7,17,,3004.90.99.99,5,Los demás medicamentos para uso humano,8,,,,12,,kg,,
debe,7,17,,2202.99.00,2,Las demás:,,,,,,,,,
debe,7,17,,2202.99.00.10,3,"Presentadas en envases, frascos, viales u otros acondicionamientos similares, que contengan tripéptidos, extractos de hierbas de astrálago y de equinácea (Astragalus spp., Echinacea spp.) extracto de acerola (Malpighia emarginata) y oligoelementos (por ejemplo: hierro, manganeso, cobre, selenio, yodo, cobalto, cinc o flúor) del tipo de las normalmente utilizadas como coadyuvante para la conservacion del buen estado de la salud",20,,2,E,"5,12",,l,,
debe,7,17,,2202.99.00.20,3,Bebidas gaseosas,20,,,,"5,12",,l,,
debe,7,17,,2202.99.00.30,3,Sueros orales y formulaciones del tipo de las utilizadas en casos de deshidratación leve o moderada con tolerancia a la vía oral,20,,30,E,"5,12",,l,,
debe,7,17,,2202.99.00.90,3,Las demás,20,,,,"5,12",,l,,
debe,7,17,,30.04,0,"MEDICAMENTOS (EXCEPTO LOS PRODUCTOS DE LAS PARTIDAS 30.02, 30.05 O 30.06) CONSTITUIDOS POR PRODUCTOS MEZCLADOS O SIN MEZCLAR, PREPARADOS PARA USOS TERAPÉUTICOS O PROFILÁCTICOS, DOSIFICADOS (INCLUIDOS LOS ADMINISTRADOS POR VÍA TRANSDÉRMICA) O ACONDICIONADOS PARA LA VENTA AL POR MENOR.",,,,,,,,,
debe,7,17,,3004.10,1,"Que contengan penicilinas o derivados de estos productos con la estructura del ácido penicilánico, o estreptomicinas o derivados de estos productos:",,,,,,,,,
debe,7,18,,3004.10.1,2,Que contengan penicilinas o derivados de estos productos con la estructura del ácido penicilánico:,,,,,,,,,
debe,7,18,,3004.10.11,3,Ampicilina o sus sales:,,,,,,,,,
debe,7,18,,3004.10.11.10,4,Para uso humano,14,,0,E,12,,kg,,
debe,7,18,,3004.10.11.20,4,Para uso veterinario,14,,0,E,13,,kg,,
debe,7,18,,3004.10.12,3,Amoxicilina o sus sales:,,,,,,,,,
debe,7,18,,3004.10.12.1,4,Para uso humano:,,,,,,,,,
debe,7,18,,3004.10.12.11,5,Amoxicilina con ácido clavulánico,8,,4,E,12,,kg,,
debe,7,18,,3004.10.12.19,5,Las demás,8,,0,E,12,,kg,,
debe,7,18,,3004.10.12.20,4,Para uso veterinario,8,,0,E,13,,kg,,
debe,7,18,,3004.10.13,3,Penicilina G benzatínica:,,,,,,,,,
debe,7,18,,3004.10.13.10,4,Para uso humano,14,,0,E,12,,kg,,
debe,7,18,,3004.10.13.20,4,Para uso veterinario,14,,0,E,13,,kg,,
debe,7,18,,3004.10.14,3,Penicilina G potásica:,,,,,,,,,
debe,7,18,,3004.10.14.10,4,Para uso humano,14,,0,E,12,,kg,,
debe,7,18,,3004.10.14.20,4,Para uso veterinario,14,,0,E,13,,kg,,
debe,7,18,,3004.10.15,3,Penicilina G procaínica:,,,,,,,,,
debe,7,18,,3004.10.15.10,4,Para uso humano,14,,0,E,12,,kg,,
debe,7,18,,3004.10.15.20,4,Para uso veterinario,14,,0,E,13,,kg,,
debe,7,18,,3004.10.19,3,Los demás:,,,,,,,,,
debe,7,18,,3004.10.19.10,4,Para uso humano,8,,0,E,12,,kg,,
debe,7,18,,3004.10.19.20,4,Para uso veterinario,8,,0,E,13,,kg,,
debe,7,18,,3004.10.20,2,Que contengan estreptomicinas o derivados de estos productos:,,,,,,,,,
debe,7,18,,3004.10.20.10,3,Para uso humano,8,,0,E,12,,kg,,
debe,7,18,,3004.10.20.20,3,Para uso veterinario,8,,0,E,13,,kg,,
debe,7,18,,3004.20,1,"Los demás, que contengan antibióticos:",,,,,,,,,
debe,7,18,,3004.20.1,2,Que contengan anfenicoles o sus derivados:,,,,,,,,,
debe,7,18,,3004.20.11,3,"Cloranfenicol, su palmitato, su succinato o su hemisuccinato:",,,,,,,,,
debe,7,18,,3004.20.11.1,4,Para uso humano:,,,,,,,,,
debe,7,18,,3004.20.11.11,5,Para tratamiento oncológico o VIH,8,,0,E,12,,kg,,
debe,7,18,,3004.20.11.19,5,Los demás,8,,0,E,12,,kg,,
debe,7,18,,3004.20.11.20,4,Para uso veterinario,8,,0,E,13,,kg,,
debe,7,18,,3004.20.19,3,Los demás:,,,,,,,,,
debe,7,18,,3004.20.19.1,4,Para uso humano:,,,,,,,,,
debe,7,18,,3004.20.19.11,5,Para tratamiento oncológico o VIH,8,,0,E,12,,kg,,
debe,7,18,,3004.20.19.12,5,Las demás azitromicinas,8,,4,E,12,,kg,,
debe,7,18,,3004.20.19.19,5,Los demás,8,,0,E,12,,kg,,
debe,7,18,,3004.20.19.20,4,Para uso veterinario,8,,0,E,13,,kg,,
debe,7,18,,3004.20.2,2,Que contengan macrólidos o sus derivados:,,,,,,,,,
debe,7,18,,3004.20.21,3,Eritromicina o sus sales:,,,,,,,,,
debe,7,18,,3004.20.21.1,4,Para uso humano:,,,,,,,,,
debe,7,18,,3004.20.21.11,5,Para tratamiento oncológico o VIH,14,,0,E,12,,kg,,
debe,7,18,,3004.20.21.19,5,Los demás,14,,0,E,12,,kg,,
debe,7,18,,3004.20.21.20,4,Para uso veterinario,14,,0,E,13,,kg,,
debe,7,18,,3004.20.29,3,Los demás:,,,,,,,,,
debe,7,18,,3004.20.29.1,4,Para uso humano:,,,,,,,,,
debe,7,18,,3004.20.29.11,5,Para tratamiento oncológico o VIH,8,,0,E,12,,kg,,
debe,7,18,,3004.20.29.12,5,Las demás claritromicinas,8,,4,E,12,,kg,,
debe,7,18,,3004.20.29.19,5,Los demás,8,,0,E,12,,kg,,
debe,7,18,,3004.20.29.20,4,Para uso veterinario,8,,0,E,13,,kg,,
debe,7,18,,3004.20.3,2,Que contengan ansamicinas o sus derivados:,,,,,,,,,
debe,7,18,,3004.20.31,3,Rifamicina SV sódica:,,,,,,,,,
debe,7,18,,3004.20.31.1,4,Para uso humano:,,,,,,,,,
debe,7,18,,3004.20.31.11,5,Para tratamiento oncológico o VIH,8,,0,E,12,,kg,,
debe,7,18,,3004.20.31.19,5,Los demás,8,,0,E,12,,kg,,
debe,7,18,,3004.20.31.20,4,Para uso veterinario,8,,0,E,13,,kg,,
debe,7,18,,3004.20.32,3,Rifampicina:,,,,,,,,,
debe,7,18,,3004.20.32.1,4,Para uso humano:,,,,,,,,,
debe,7,18,,3004.20.32.11,5,Para tratamiento oncológico o VIH,8,,0,E,12,,kg,,
debe,7,18,,3004.20.32.19,5,Los demás,8,,0,E,12,,kg,,
debe,7,18,,3004.20.32.20,4,Para uso veterinario,8,,0,E,13,,kg,,
debe,7,18,,3004.20.39,3,Los demás:,,,,,,,,,
debe,7,18,,3004.20.39.1,4,Para uso humano:,,,,,,,,,
debe,7,18,,3004.20.39.11,5,Para tratamiento oncológico o VIH,8,,0,E,12,,kg,,
debe,7,18,,3004.20.39.19,5,Los demás,8,,0,E,12,,kg,,
debe,7,18,,3004.20.39.20,4,Para uso veterinario,8,,0,E,13,,kg,,
debe,7,19,,3004.20.4,2,Que contengan lincosamidas o sus derivados:,,,,,,,,,
debe,7,19,,3004.20.41,3,Clorhidrato de lincomicina:,,,,,,,,,
debe,7,19,,3004.20.41.1,4,Para uso humano:,,,,,,,,,
debe,7,19,,3004.20.41.11,5,Para tratamiento oncológico o VIH,14,,0,E,12,,kg,,
debe,7,19,,3004.20.41.19,5,Los demás,14,,0,E,12,,kg,,
debe,7,19,,3004.20.41.20,4,Para uso veterinario,14,,0,E,13,,kg,,
debe,7,19,,3004.20.49,3,Los demás:,,,,,,,,,
debe,7,19,,3004.20.49.1,4,Para uso humano:,,,,,,,,,
debe,7,19,,3004.20.49.11,5,Para tratamiento oncológico o VIH,8,,0,E,12,,kg,,
debe,7,19,,3004.20.49.19,5,Los demás,8,,0,E,12,,kg,,
debe,7,19,,3004.20.49.20,4,Para uso veterinario,8,,0,E,13,,kg,,
debe,7,19,,3004.20.5,2,"Que contengan cefalosporinas, cefamicinas o derivados de estos productos:",,,,,,,,,
debe,7,19,,3004.20.51,3,Cefalotina sódica:,,,,,,,,,
debe,7,19,,3004.20.51.1,4,Para uso humano:,,,,,,,,,
debe,7,19,,3004.20.51.11,5,Para tratamiento oncológico o VIH,14,,0,E,12,,kg,,
debe,7,19,,3004.20.51.19,5,Los demás,14,,0,E,12,,kg,,
debe,7,19,,3004.20.51.20,4,Para uso veterinario,14,,0,E,13,,kg,,
debe,7,19,,3004.20.52,3,Cefaclor o cefalexina monohidratados:,,,,,,,,,
debe,7,19,,3004.20.52.1,4,Para uso humano:,,,,,,,,,
debe,7,19,,3004.20.52.11,5,Para tratamiento oncológico o VIH,14,,0,E,12,,kg,,
debe,7,19,,3004.20.52.19,5,Los demás,14,,0,E,12,,kg,,
debe,7,19,,3004.20.52.20,4,Para uso veterinario,14,,0,E,13,,kg,,
debe,7,19,,3004.20.59,3,Los demás:,,,,,,,,,
debe,7,19,,3004.20.59.1,4,Para uso humano:,,,,,,,,,
debe,7,19,,3004.20.59.11,5,Para tratamiento oncológico o VIH,8,,0,E,12,,kg,,
debe,7,19,,3004.20.59.12,5,Las demás cefadroxilos y cefiximas,8,,4,E,12,,kg,,
debe,7,19,,3004.20.59.19,5,Los demás,8,,0,E,12,,kg,,
debe,7,19,,3004.20.59.20,4,Para uso veterinario,8,,0,E,13,,kg,,
debe,7,19,,3004.20.6,2,Que contengan aminoglicósidos o sus derivados:,,,,,,,,,
debe,7,19,,3004.20.61,3,Sulfato de gentamicina:,,,,,,,,,
debe,7,19,,3004.20.61.1,4,Para uso humano:,,,,,,,,,
debe,7,19,,3004.20.61.11,5,Para tratamiento oncológico o VIH,14,,0,E,12,,kg,,
debe,7,19,,3004.20.61.19,5,Los demás,14,,0,E,12,,kg,,
debe,7,19,,3004.20.61.20,4,Para uso veterinario,14,,0,E,13,,kg,,
debe,7,19,,3004.20.62,3,Daunorubicina:,,,,,,,,,
debe,7,19,,3004.20.62.1,4,Para uso humano:,,,,,,,,,
debe,7,19,,3004.20.62.11,5,Para tratamiento oncológico o VIH,0,,,,12,,kg,,
debe,7,19,,3004.20.62.19,5,Los demás,0,,,,12,,kg,,
debe,7,19,,3004.20.62.20,4,Para uso veterinario,0,,,,13,,kg,,
debe,7,19,,3004.20.63,3,Idarubicina; pirarubicina:,,,,,,,,,
debe,7,19,,3004.20.63.1,4,Para uso humano:,,,,,,,,,
debe,7,19,,3004.20.63.11,5,Para tratamiento oncológico o VIH,0,,,,12,,kg,,
debe,7,19,,3004.20.63.19,5,Los demás,0,,,,12,,kg,,
debe,7,19,,3004.20.63.20,4,Para uso veterinario,0,,,,13,,kg,,
debe,7,19,,3004.20.69,3,Los demás:,,,,,,,,,
debe,7,19,,3004.20.69.1,4,Para uso humano:,,,,,,,,,
debe,7,19,,3004.20.69.11,5,Para tratamiento oncológico o VIH,8,,0,E,12,,kg,,
debe,7,19,,3004.20.69.12,5,Las demás gentamicinas y neomicinas,8,,4,E,12,,kg,,
debe,7,19,,3004.20.69.19,5,Los demás,8,,0,E,12,,kg,,
debe,7,19,,3004.20.69.20,4,Para uso veterinario,8,,0,E,13,,kg,,
debe,7,19,,3004.20.7,2,Que contengan polipéptidos o sus derivados:,,,,,,,,,
debe,7,19,,3004.20.71,3,Vancomicina:,,,,,,,,,
debe,7,19,,3004.20.71.1,4,Para uso humano:,,,,,,,,,
debe,7,19,,3004.20.71.11,5,Para tratamiento oncológico o VIH,8,,0,E,12,,kg,,
debe,7,19,,3004.20.71.19,5,Los demás,8,,0,E,12,,kg,,
debe,7,19,,3004.20.71.20,4,Para uso veterinario,8,,0,E,13,,kg,,
debe,7,19,,3004.20.72,3,Actinomicinas:,,,,,,,,,
debe,7,19,,3004.20.72.1,4,Para uso humano:,,,,,,,,,
debe,7,19,,3004.20.72.11,5,Para tratamiento oncológico o VIH,0,,,,12,,kg,,
debe,7,19,,3004.20.72.19,5,Los demás,0,,,,12,,kg,,
debe,7,19,,3004.20.72.20,4,Para uso veterinario,0,,,,13,,kg,,
debe,7,19,,3004.20.73,3,Ciclosporina A:,,,,,,,,,
debe,7,19,,3004.20.73.1,4,Para uso humano:,,,,,,,,,
debe,7,19,,3004.20.73.11,5,Para tratamiento oncológico o VIH,0,,,,12,,kg,,
debe,7,19,,3004.20.73.19,5,Los demás,0,,,,12,,kg,,
debe,7,20,,3004.20.73.20,4,Para uso veterinario,0,,,,13,,kg,,
debe,7,20,,3004.20.79,3,Los demás:,,,,,,,,,
debe,7,20,,3004.20.79.1,4,Para uso humano:,,,,,,,,,
debe,7,20,,3004.20.79.11,5,Para tratamiento oncológico o VIH,8,,0,E,12,,kg,,
debe,7,20,,3004.20.79.19,5,Los demás,8,,0,E,12,,kg,,
debe,7,20,,3004.20.79.20,4,Para uso veterinario,8,,0,E,13,,kg,,
debe,7,20,,3004.20.9,2,Los demás:,,,,,,,,,
debe,7,20,,3004.20.91,3,Mitomicina:,,,,,,,,,
debe,7,20,,3004.20.91.1,4,Para uso humano:,,,,,,,,,
debe,7,20,,3004.20.91.11,5,Para tratamiento oncológico o VIH,0,,,,12,,kg,,
debe,7,20,,3004.20.91.19,5,Los demás,0,,,,12,,kg,,
debe,7,20,,3004.20.91.20,4,Para uso veterinario,0,,,,13,,kg,,
debe,7,20,,3004.20.92,3,Fumarato de tiamulina:,,,,,,,,,
debe,7,20,,3004.20.92.1,4,Para uso humano:,,,,,,,,,
debe,7,20,,3004.20.92.11,5,Para tratamiento oncológico o VIH,8,,0,E,12,,kg,,
debe,7,20,,3004.20.92.19,5,Los demás,8,,0,E,12,,kg,,
debe,7,20,,3004.20.92.20,4,Para uso veterinario,8,,0,E,13,,kg,,
debe,7,20,,3004.20.93,3,Bleomicinas o sus sales:,,,,,,,,,
debe,7,20,,3004.20.93.1,4,Para uso humano:,,,,,,,,,
debe,7,20,,3004.20.93.11,5,Para tratamiento oncológico o VIH,0,,,,12,,kg,,
debe,7,20,,3004.20.93.19,5,Los demás,0,,,,12,,kg,,
debe,7,20,,3004.20.93.20,4,Para uso veterinario,0,,,,13,,kg,,
debe,7,20,,3004.20.94,3,Imipenem:,,,,,,,,,
debe,7,20,,3004.20.94.1,4,Para uso humano:,,,,,,,,,
debe,7,20,,3004.20.94.11,5,Para tratamiento oncológico o VIH,0,,,,12,,kg,,
debe,7,20,,3004.20.94.19,5,Los demás,0,,,,12,,kg,,
debe,7,20,,3004.20.94.20,4,Para uso veterinario,0,,,,13,,kg,,
debe,7,20,,3004.20.95,3,Anfotericina B en liposomas:,,,,,,,,,
debe,7,20,,3004.20.95.1,4,Para uso humano:,,,,,,,,,
debe,7,20,,3004.20.95.11,5,Para tratamiento oncológico o VIH,0,,,,12,,kg,,
debe,7,20,,3004.20.95.19,5,Los demás,0,,,,12,,kg,,
debe,7,20,,3004.20.95.20,4,Para uso veterinario,0,,,,13,,kg,,
debe,7,20,,3004.20.99,3,Los demás:,,,,,,,,,
debe,7,20,,3004.20.99.1,4,Para uso humano:,,,,,,,,,
debe,7,20,,3004.20.99.11,5,Para tratamiento oncológico o VIH,8,,0,E,12,,kg,,
debe,7,20,,3004.20.99.12,5,Las demás mupirocinas,8,,4,E,12,,kg,,
debe,7,20,,3004.20.99.19,5,Los demás,8,,0,E,12,,kg,,
debe,7,20,,3004.20.99.20,4,Para uso veterinario,8,,0,E,13,,kg,,
debe,7,20,,3004.3,1,"Los demás, que contengan hormonas u otros productos de la partida 29.37:",,,,,,,,,
debe,7,20,,3004.31.00,2,Que contengan insulina,,,,,,,,,
debe,7,20,,3004.31.00.10,3,Para uso humano,14,,0,E,12,,kg,,
debe,7,20,,3004.31.00.20,3,Para uso veterinario,14,,0,E,13,,kg,,
debe,7,20,,3004.32,2,"Que contengan hormonas corticosteroides, sus derivados o análogos estructurales:",,,,,,,,,
debe,7,20,,3004.32.10,3,Hormonas corticosteroides:,,,,,,,,,
debe,7,20,,3004.32.10.1,4,Para uso humano:,,,,,,,,,
debe,7,20,,3004.32.10.11,5,Para tratamiento oncológico o VIH,14,,0,E,12,,kg,,
debe,7,20,,3004.32.10.12,5,"Las demás betametasonas, dexametasonas, mometasonas, prednisolonas",14,,4,E,12,,kg,,
debe,7,20,,3004.32.10.19,5,Los demás,14,,0,E,12,,kg,,
debe,7,20,,3004.32.10.20,4,Para uso veterinario,14,,0,E,13,,kg,,
debe,7,20,,3004.32.20,3,Espironolactona:,,,,,,,,,
debe,7,20,,3004.32.20.1,4,Para uso humano:,,,,,,,,,
debe,7,20,,3004.32.20.11,5,Para tratamiento oncológico o VIH,14,,0,E,12,,kg,,
debe,7,20,,3004.32.20.19,5,Los demás,14,,0,E,12,,kg,,
debe,7,20,,3004.32.20.20,4,Para uso veterinario,14,,0,E,13,,kg,,
debe,7,20,,3004.32.90,3,Los demás:,,,,,,,,,
debe,7,20,,3004.32.90.1,4,Para uso humano:,,,,,,,,,
debe,7,20,,3004.32.90.11,5,Para tratamiento oncológico o VIH,8,,0,E,12,,kg,,
debe,7,20,,3004.32.90.19,5,Los demás,8,,0,E,12,,kg,,
debe,7,20,,3004.32.90.20,4,Para uso veterinario,8,,0,E,13,,kg,,
debe,7,20,,3004.39,2,Los demás:,,,,,,,,,
debe,7,20,,3004.39.1,3,Que contengan las siguientes hormonas polipeptídicas o proteicas: buserelina o su acetato; corticotropina (ACTH); gonadotropina coriónica (hCG); gonadotropina sérica (PMSG); leuprolide o su acetato; menotropinas; somatostatina o sus sales; somatotropina; triptorelina o sus sales:,,,,,,,,,
debe,7,21,,3004.39.11,4,Somatotropina:,,,,,,,,,
debe,7,21,,3004.39.11.1,5,Para uso humano:,,,,,,,,,
debe,7,21,,3004.39.11.11,6,Para tratamiento oncológico o VIH,0,,,,12,,kg,,
debe,7,21,,3004.39.11.19,6,Los demás,0,,,,12,,kg,,
debe,7,21,,3004.39.11.20,5,Para uso veterinario,0,,,,13,,kg,,
debe,7,21,,3004.39.12,4,Gonadotropina coriónica (hCG):,,,,,,,,,
debe,7,21,,3004.39.12.1,5,Para uso humano:,,,,,,,,,
debe,7,21,,3004.39.12.11,6,Para tratamiento oncológico o VIH,14,,0,E,12,,kg,,
debe,7,21,,3004.39.12.19,6,Los demás,14,,0,E,12,,kg,,
debe,7,21,,3004.39.12.20,5,Para uso veterinario,14,,0,E,13,,kg,,
debe,7,21,,3004.39.13,4,Menotropinas:,,,,,,,,,
debe,7,21,,3004.39.13.1,5,Para uso humano:,,,,,,,,,
debe,7,21,,3004.39.13.11,6,Para tratamiento oncológico o VIH,14,,0,E,12,,kg,,
debe,7,21,,3004.39.13.19,6,Los demás,14,,0,E,12,,kg,,
debe,7,21,,3004.39.13.20,5,Para uso veterinario,14,,0,E,13,,kg,,
debe,7,21,,3004.39.14,4,Corticotropina (ACTH):,,,,,,,,,
debe,7,21,,3004.39.14.1,5,Para uso humano:,,,,,,,,,
debe,7,21,,3004.39.14.11,6,Para tratamiento oncológico o VIH,8,,0,E,12,,kg,,
debe,7,21,,3004.39.14.19,6,Los demás,8,,0,E,12,,kg,,
debe,7,21,,3004.39.14.20,5,Para uso veterinario,8,,0,E,13,,kg,,
debe,7,21,,3004.39.15,4,Gonadotropina sérica (PMSG):,,,,,,,,,
debe,7,21,,3004.39.15.1,5,Para uso humano:,,,,,,,,,
debe,7,21,,3004.39.15.11,6,Para tratamiento oncológico o VIH,8,,0,E,12,,kg,,
debe,7,21,,3004.39.15.19,6,Los demás,8,,0,E,12,,kg,,
debe,7,21,,3004.39.15.20,5,Para uso veterinario,8,,0,E,13,,kg,,
debe,7,21,,3004.39.16,4,Somatostatina o sus sales:,,,,,,,,,
debe,7,21,,3004.39.16.1,5,Para uso humano:,,,,,,,,,
debe,7,21,,3004.39.16.11,6,Para tratamiento oncológico o VIH,0,,,,12,,kg,,
debe,7,21,,3004.39.16.19,6,Los demás,0,,,,12,,kg,,
debe,7,21,,3004.39.16.20,5,Para uso veterinario,0,,,,13,,kg,,
debe,7,21,,3004.39.17,4,Buserelina o su acetato:,,,,,,,,,
debe,7,21,,3004.39.17.1,5,Para uso humano:,,,,,,,,,
debe,7,21,,3004.39.17.11,6,Para tratamiento oncológico o VIH,0,,,,12,,kg,,
debe,7,21,,3004.39.17.19,6,Los demás,0,,,,12,,kg,,
debe,7,21,,3004.39.17.20,5,Para uso veterinario,0,,,,13,,kg,,
debe,7,21,,3004.39.18,4,Triptorelina o sus sales:,,,,,,,,,
debe,7,21,,3004.39.18.1,5,Para uso humano:,,,,,,,,,
debe,7,21,,3004.39.18.11,6,Para tratamiento oncológico o VIH,0,,,,12,,kg,,
debe,7,21,,3004.39.18.19,6,Los demás,0,,,,12,,kg,,
debe,7,21,,3004.39.18.20,5,Para uso veterinario,0,,,,13,,kg,,
debe,7,21,,3004.39.19,4,Leuprolide o su acetato:,,,,,,,,,
debe,7,21,,3004.39.19.1,5,Para uso humano:,,,,,,,,,
debe,7,21,,3004.39.19.11,6,Para tratamiento oncológico o VIH,0,,,,12,,kg,,
debe,7,21,,3004.39.19.19,6,Los demás,0,,,,12,,kg,,
debe,7,21,,3004.39.19.20,5,Para uso veterinario,0,,,,13,,kg,,
debe,7,21,,3004.39.2,3,"Que contengan las demás hormonas polipeptídicas o proteicas, sus derivados o análogos estructurales, sin productos de la subpartida 3004.39.1:",,,,,,,,,
debe,7,21,,3004.39.21,4,LH-RH (gonadorelina):,,,,,,,,,
debe,7,21,,3004.39.21.1,5,Para uso humano:,,,,,,,,,
debe,7,21,,3004.39.21.11,6,Para tratamiento oncológico o VIH,0,,,,12,,kg,,
debe,7,21,,3004.39.21.19,6,Los demás,0,,,,12,,kg,,
debe,7,21,,3004.39.21.20,5,Para uso veterinario,0,,,,13,,kg,,
debe,7,21,,3004.39.22,4,Oxitocina:,,,,,,,,,
debe,7,21,,3004.39.22.1,5,Para uso humano:,,,,,,,,,
debe,7,21,,3004.39.22.11,6,Para tratamiento oncológico o VIH,14,,0,E,12,,kg,,
debe,7,21,,3004.39.22.19,6,Los demás,14,,0,E,12,,kg,,
debe,7,21,,3004.39.22.20,5,Para uso veterinario,14,,0,E,13,,kg,,
debe,7,21,,3004.39.23,4,Sales de insulina:,,,,,,,,,
debe,7,21,,3004.39.23.1,5,Para uso humano:,,,,,,,,,
debe,7,21,,3004.39.23.11,6,Para tratamiento oncológico o VIH,14,,0,E,12,,kg,,
debe,7,21,,3004.39.23.19,6,Los demás,14,,0,E,12,,kg,,
debe,7,22,,3004.39.23.20,5,Para uso veterinario,14,,0,E,13,,kg,,
debe,7,22,,3004.39.24,4,Timosinas:,,,,,,,,,
debe,7,22,,3004.39.24.1,5,Para uso humano:,,,,,,,,,
debe,7,22,,3004.39.24.11,6,Para tratamiento oncológico o VIH,0,,,,12,,kg,,
debe,7,22,,3004.39.24.19,6,Los demás,0,,,,12,,kg,,
debe,7,22,,3004.39.24.20,5,Para uso veterinario,0,,,,13,,kg,,
debe,7,22,,3004.39.25,4,Calcitonina:,,,,,,,,,
debe,7,22,,3004.39.25.1,5,Para uso humano:,,,,,,,,,
debe,7,22,,3004.39.25.11,6,Para tratamiento oncológico o VIH,8,,0,E,12,,kg,,
debe,7,22,,3004.39.25.19,6,Los demás,8,,0,E,12,,kg,,
debe,7,22,,3004.39.25.20,5,Para uso veterinario,8,,0,E,13,,kg,,
debe,7,22,,3004.39.26,4,Octreotida:,,,,,,,,,
debe,7,22,,3004.39.26.1,5,Para uso humano:,,,,,,,,,
debe,7,22,,3004.39.26.11,6,Para tratamiento oncológico o VIH,0,,,,12,,kg,,
debe,7,22,,3004.39.26.19,6,Los demás,0,,,,12,,kg,,
debe,7,22,,3004.39.26.20,5,Para uso veterinario,0,,,,13,,kg,,
debe,7,22,,3004.39.27,4,Goserelina o su acetato:,,,,,,,,,
debe,7,22,,3004.39.27.1,5,Para uso humano:,,,,,,,,,
debe,7,22,,3004.39.27.11,6,Para tratamiento oncológico o VIH,0,,,,12,,kg,,
debe,7,22,,3004.39.27.19,6,Los demás,0,,,,12,,kg,,
debe,7,22,,3004.39.27.20,5,Para uso veterinario,0,,,,13,,kg,,
debe,7,22,,3004.39.28,4,Nafarelina o su acetato:,,,,,,,,,
debe,7,22,,3004.39.28.1,5,Para uso humano:,,,,,,,,,
debe,7,22,,3004.39.28.11,6,Para tratamiento oncológico o VIH,0,,,,12,,kg,,
debe,7,22,,3004.39.28.19,6,Los demás,0,,,,12,,kg,,
debe,7,22,,3004.39.28.20,5,Para uso veterinario,0,,,,13,,kg,,
debe,7,22,,3004.39.29,4,Los demás:,,,,,,,,,
debe,7,22,,3004.39.29.1,5,Para uso humano:,,,,,,,,,
debe,7,22,,3004.39.29.11,6,Para tratamiento oncológico o VIH,8,,0,E,12,,kg,,
debe,7,22,,3004.39.29.19,6,Los demás,8,,0,E,12,,kg,,
debe,7,22,,3004.39.29.20,5,Para uso veterinario,8,,0,E,13,,kg,,
debe,7,22,,3004.39.3,3,"Que contengan estrógenos o progestógenos, sus derivados o análogos estructurales:",,,,,,,,,
debe,7,22,,3004.39.31,4,Hemisuccinato de estradiol:,,,,,,,,,
debe,7,22,,3004.39.31.1,5,Para uso humano:,,,,,,,,,
debe,7,22,,3004.39.31.11,6,Para tratamiento oncológico o VIH,14,,0,E,12,,kg,,
debe,7,22,,3004.39.31.19,6,Los demás,14,,0,E,12,,kg,,
debe,7,22,,3004.39.31.20,5,Para uso veterinario,14,,0,E,13,,kg,,
debe,7,22,,3004.39.32,4,Fempropionato de estradiol:,,,,,,,,,
debe,7,22,,3004.39.32.1,5,Para uso humano:,,,,,,,,,
debe,7,22,,3004.39.32.11,6,Para tratamiento oncológico o VIH,14,,0,E,12,,kg,,
debe,7,22,,3004.39.32.19,6,Los demás,14,,0,E,12,,kg,,
debe,7,22,,3004.39.32.20,5,Para uso veterinario,14,,0,E,13,,kg,,
debe,7,22,,3004.39.33,4,Estriol o su succinato:,,,,,,,,,
debe,7,22,,3004.39.33.1,5,Para uso humano:,,,,,,,,,
debe,7,22,,3004.39.33.11,6,Para tratamiento oncológico o VIH,14,,0,E,12,,kg,,
debe,7,22,,3004.39.33.19,6,Los demás,14,,0,E,12,,kg,,
debe,7,22,,3004.39.33.20,5,Para uso veterinario,14,,0,E,13,,kg,,
debe,7,22,,3004.39.34,4,Alilestrenol:,,,,,,,,,
debe,7,22,,3004.39.34.1,5,Para uso humano:,,,,,,,,,
debe,7,22,,3004.39.34.11,6,Para tratamiento oncológico o VIH,14,,0,E,12,,kg,,
debe,7,22,,3004.39.34.19,6,Los demás,14,,0,E,12,,kg,,
debe,7,22,,3004.39.34.20,5,Para uso veterinario,14,,0,E,13,,kg,,
debe,7,22,,3004.39.35,4,Linestrenol:,,,,,,,,,
debe,7,22,,3004.39.35.1,5,Para uso humano:,,,,,,,,,
debe,7,22,,3004.39.35.11,6,Para tratamiento oncológico o VIH,14,,0,E,12,,kg,,
debe,7,22,,3004.39.35.19,6,Los demás,14,,0,E,12,,kg,,
debe,7,22,,3004.39.35.20,5,Para uso veterinario,14,,0,E,13,,kg,,
debe,7,22,,3004.39.36,4,Acetato de megestrol; formestano; fulvestrant:,,,,,,,,,
debe,7,22,,3004.39.36.1,5,Para uso humano:,,,,,,,,,
debe,7,22,,3004.39.36.11,6,Para tratamiento oncológico o VIH,0,,,,12,,kg,,
debe,7,22,,3004.39.36.19,6,Los demás,0,,,,12,,kg,,
debe,7,22,,3004.39.36.20,5,Para uso veterinario,0,,,,13,,kg,,
debe,7,22,,3004.39.37,4,Desogestrel:,,,,,,,,,
debe,7,22,,3004.39.37.1,5,Para uso humano:,,,,,,,,,
debe,7,22,,3004.39.37.11,6,Para tratamiento oncológico o VIH,14,,0,E,12,,kg,,
debe,7,22,,3004.39.37.19,6,Los demás,14,,0,E,12,,kg,,
debe,7,23,,3004.39.37.20,5,Para uso veterinario,14,,0,E,13,,kg,,
debe,7,23,,3004.39.39,4,Los demás:,,,,,,,,,
debe,7,23,,3004.39.39.1,5,Para uso humano:,,,,,,,,,
debe,7,23,,3004.39.39.11,6,Para tratamiento oncológico o VIH,8,,0,E,12,,kg,,
debe,7,23,,3004.39.39.19,6,Los demás,8,,0,E,12,,kg,,
debe,7,23,,3004.39.39.20,5,Para uso veterinario,8,,0,E,13,,kg,,
debe,7,23,,3004.39.8,3,Levotiroxina sódica; liotironina sódica:,,,,,,,,,
debe,7,23,,3004.39.81,4,Levotiroxina sódica:,,,,,,,,,
debe,7,23,,3004.39.81.1,5,Para uso humano:,,,,,,,,,
debe,7,23,,3004.39.81.11,6,Para tratamiento oncológico o VIH,12,,0,E,12,,kg,,
debe,7,23,,3004.39.81.19,6,Los demás,12,,0,E,12,,kg,,
debe,7,23,,3004.39.81.20,5,Para uso veterinario,12,,0,E,13,,kg,,
debe,7,23,,3004.39.82,4,Liotironina sódica:,,,,,,,,,
debe,7,23,,3004.39.82.1,5,Para uso humano:,,,,,,,,,
debe,7,23,,3004.39.82.11,6,Para tratamiento oncológico o VIH,12,,0,E,12,,kg,,
debe,7,23,,3004.39.82.19,6,Los demás,12,,0,E,12,,kg,,
debe,7,23,,3004.39.82.20,5,Para uso veterinario,12,,0,E,13,,kg,,
debe,7,23,,3004.39.9,3,Los demás:,,,,,,,,,
debe,7,23,,3004.39.91,4,"Sal sódica o éster metílico del ácido 9,11,15-trihidroxi-16- (3- clorofenoxi) prosta- 5,13-dien-1-oico (derivado de la prostaglandina F2-alfa):",,,,,,,,,
debe,7,23,,3004.39.91.1,5,Para uso humano:,,,,,,,,,
debe,7,23,,3004.39.91.11,6,Para tratamiento oncológico o VIH,0,,,,12,,kg,,
debe,7,23,,3004.39.91.19,6,Los demás,0,,,,12,,kg,,
debe,7,23,,3004.39.91.20,5,Para uso veterinario,0,,,,13,,kg,,
debe,7,23,,3004.39.92,4,Tiratricol (triac) o su sal sódica:,,,,,,,,,
debe,7,23,,3004.39.92.1,5,Para uso humano:,,,,,,,,,
debe,7,23,,3004.39.92.11,6,Para tratamiento oncológico o VIH,14,,0,E,12,,kg,,
debe,7,23,,3004.39.92.19,6,Los demás,14,,0,E,12,,kg,,
debe,7,23,,3004.39.92.20,5,Para uso veterinario,14,,0,E,13,,kg,,
debe,7,23,,3004.39.94,4,Exemestano:,,,,,,,,,
debe,7,23,,3004.39.94.1,5,Para uso humano:,,,,,,,,,
debe,7,23,,3004.39.94.11,6,Para tratamiento oncológico o VIH,0,,,,12,,kg,,
debe,7,23,,3004.39.94.19,6,Los demás,0,,,,12,,kg,,
debe,7,23,,3004.39.94.20,5,Para uso veterinario,0,,,,13,,kg,,
debe,7,23,,3004.39.99,4,Los demás:,,,,,,,,,
debe,7,23,,3004.39.99.1,5,Para uso humano:,,,,,,,,,
debe,7,23,,3004.39.99.11,6,Para tratamiento oncológico o VIH,8,,0,E,12,,kg,,
debe,7,23,,3004.39.99.12,6,Las demás dutasteridas,8,,4,E,13,,kg,,
debe,7,23,,3004.39.99.19,6,Los demás,8,,0,E,12,,kg,,
debe,7,23,,3004.39.99.20,5,Para uso veterinario,8,,0,E,13,,kg,,
debe,7,23,,3004.4,1,"Los demás, que contengan alcaloides o sus derivados:",,,,,,,,,
debe,7,23,,3004.41.00,2,Que contengan efedrina o sus sales:,,,,,,,,,
debe,7,23,,3004.41.00.10,3,Para uso humano,8,,,,12,3,kg,,
debe,7,23,,3004.41.00.20,3,Para uso veterinario,8,,0,E,13,,kg,,
debe,7,23,,3004.42.00,2,Que contengan seudoefedrina (DCI) o sus sales:,,,,,,,,,
debe,7,23,,3004.42.00.10,3,Para uso humano,8,,,,12,3,kg,,
debe,7,23,,3004.42.00.20,3,Para uso veterinario,8,,0,E,13,,kg,,
debe,7,23,,3004.43.00,2,Que contengan norefedrina o sus sales:,,,,,,,,,
debe,7,23,,3004.43.00.10,3,Para uso humano,8,,,,12,3,kg,,
debe,7,23,,3004.43.00.20,3,Para uso veterinario,8,,0,E,13,,kg,,
debe,7,23,,3004.49,2,Los demás:,,,,,,,,,
debe,7,23,,3004.49.10,3,Vimblastina; vincristina; derivados de estos productos; topotecan o su clorhidrato:,,,,,,,,,
debe,7,23,,3004.49.10.10,4,Para uso humano,0,,,,12,,kg,,
debe,7,23,,3004.49.10.20,4,Para uso veterinario,0,,0,E,13,,kg,,
debe,7,23,,3004.49.20,3,"Pilocarpina, su nitrato o su clorhidrato:",,,,,,,,,
debe,7,23,,3004.49.20.10,4,Para uso humano,14,,,,12,,kg,,
debe,7,23,,3004.49.20.20,4,Para uso veterinario,14,,0,E,13,,kg,,
debe,7,23,,3004.49.30,3,Metansulfonato de dihidroergocristina:,,,,,,,,,
debe,7,23,,3004.49.30.10,4,Para uso humano,8,,,,12,,kg,,
debe,7,23,,3004.49.30.20,4,Para uso veterinario,8,,0,E,13,,kg,,
debe,7,23,,3004.49.40,3,Codeína o sus sales:,,,,,,,,,
debe,7,23,,3004.49.40.10,4,Para uso humano,14,,,,12,,kg,,
debe,7,23,,3004.49.40.20,4,Para uso veterinario,14,,0,E,13,,kg,,
debe,7,23,,3004.49.50,3,Granisetrón; tropisetrón o su clorhidrato:,,,,,,,,,
debe,7,24,,3004.49.50.10,4,Para uso humano,0,,,,12,,kg,,
debe,7,24,,3004.49.50.20,4,Para uso veterinario,0,,0,E,13,,kg,,
debe,7,24,,3004.49.90,3,Los demás:,,,,,,,,,
debe,7,24,,3004.49.90.1,4,Para uso humano:,,,,,,,,,
debe,7,24,,3004.49.90.11,5,"Cafeína incluso con clorfeniramina, dihidroergotamina o paracetamol; clorhidrato de morfina; hioscina incluso con ibuprofeno, oxazepan o paracetamol; tiocolchicósido incluso con ibuprofeno",8,,4,E,12,,kg,,
debe,7,24,,3004.49.90.19,5,Los demás,8,,8,E,12,,kg,,
debe,7,24,,3004.49.90.20,4,Para uso veterinario,8,,0,E,13,,kg,,
debe,7,24,,3004.50,1,"Los demás, que contengan vitaminas u otros productos de la partida 29.36:",,,,,,,,,
debe,7,24,,3004.50.10,2,Folinato de calcio (leucovorina):,,,,,,,,,
debe,7,24,,3004.50.10.10,3,Para uso humano,8,,0,E,12,,kg,,
debe,7,24,,3004.50.10.20,3,Para uso veterinario,8,,0,E,13,,kg,,
debe,7,24,,3004.50.20,2,Nicotinamida:,,,,,,,,,
debe,7,24,,3004.50.20.10,3,Para uso humano,14,,0,E,12,,kg,,
debe,7,24,,3004.50.20.20,3,Para uso veterinario,14,,0,E,13,,kg,,
debe,7,24,,3004.50.30,2,Hidroxocobalamina o sus sales; cianocobalamina:,,,,,,,,,
debe,7,24,,3004.50.30.10,3,Para uso humano,14,,0,E,12,,kg,,
debe,7,24,,3004.50.30.20,3,Para uso veterinario,14,,0,E,13,,kg,,
debe,7,24,,3004.50.40,2,"Vitamina A1 (retinol) o sus derivados, excepto el ácido retinoico (tretinoína):",,,,,,,,,
debe,7,24,,3004.50.40.10,3,Para uso humano,14,,0,E,12,,kg,,
debe,7,24,,3004.50.40.20,3,Para uso veterinario,14,,0,E,13,,kg,,
debe,7,24,,3004.50.50,2,D-Pantotenato de calcio; vitamina D3 (colecalciferol):,,,,,,,,,
debe,7,24,,3004.50.50.10,3,Para uso humano,8,,0,E,12,,kg,,
debe,7,24,,3004.50.50.20,3,Para uso veterinario,8,,0,E,13,,kg,,
debe,7,24,,3004.50.60,2,Ácido retinoico (tretinoína):,,,,,,,,,
debe,7,24,,3004.50.60.10,3,Para uso humano,8,,,,12,,kg,,
debe,7,24,,3004.50.60.20,3,Para uso veterinario,8,,,,13,,kg,,
debe,7,24,,3004.50.90,2,Los demás:,,,,,,,,,
debe,7,24,,3004.50.90.1,3,Para uso humano:,,,,,,,,,
debe,7,24,,3004.50.90.11,4,Ácido fólico,8,,4,E,12,,kg,,
debe,7,24,,3004.50.90.12,4,"Complejos de vitamina B, incluso que contengan compuestos de las subpartidas 3004.50.10, 3004.50.20, 3004.50.30 o lidocaína",8,,4,E,12,,kg,,
debe,7,24,,3004.50.90.19,4,Los demás,8,,0,E,12,,kg,,
debe,7,24,,3004.50.90.20,3,Para uso veterinario,8,,0,E,13,,kg,,
debe,7,24,,3004.60.00.00,1,"Los demás, que contengan los principios activos contra la malaria (paludismo) descritos en la Nota 2 de subpartida del presente Capítulo",8,,0,E,12,,kg,,
debe,7,24,,3004.90,1,Los demás:,,,,,,,,,
debe,7,24,,3004.90.1,2,Que contengan enzimas:,,,,,,,,,
debe,7,24,,3004.90.11,3,Estreptoquinasa:,,,,,,,,,
debe,7,24,,3004.90.11.10,4,Para uso humano,0,,,,12,,kg,,
debe,7,24,,3004.90.11.20,4,Para uso veterinario,0,,,,13,,kg,,
debe,7,24,,3004.90.12,3,L-Asparaginasa:,,,,,,,,,
debe,7,24,,3004.90.12.10,4,Para uso humano,0,,,,12,,kg,,
debe,7,24,,3004.90.12.20,4,Para uso veterinario,0,,,,13,,kg,,
debe,7,24,,3004.90.13,3,Deoxirribonucleasa:,,,,,,,,,
debe,7,24,,3004.90.13.10,4,Para uso humano,0,,,,12,,kg,,
debe,7,24,,3004.90.13.20,4,Para uso veterinario,0,,,,13,,kg,,
debe,7,24,,3004.90.14,3,Idursulfasa:,,,,,,,,,
debe,7,24,,3004.90.14.10,4,Para uso humano,0,,0,E,12,,kg,,
debe,7,24,,3004.90.14.20,4,Para uso veterinario,0,,0,E,13,,kg,,
debe,7,24,,3004.90.15,3,Agalsidasa alfa; velaglucerasa alfa:,,,,,,,,,
debe,7,24,,3004.90.15.10,4,Para uso humano,0,,0,E,12,,kg,,
debe,7,24,,3004.90.15.20,4,Para uso veterinario,0,,0,E,13,,kg,,
debe,7,24,,3004.90.19,3,Los demás:,,,,,,,,,
debe,7,24,,3004.90.19.1,4,Para uso humano:,,,,,,,,,
debe,7,24,,3004.90.19.11,5,Lactasa; pancreatina incluso con simeticona,8,,4,E,12,,kg,,
debe,7,24,,3004.90.19.19,5,Los demás,8,,0,E,13,,kg,,
debe,7,24,,3004.90.19.20,4,Para uso veterinario,8,,0,E,13,,kg,,
debe,7,24,,3004.90.2,2,"Que contengan productos de las partidas 29.16 a 29.20, sin productos de la subpartida 3004.90.1:",,,,,,,,,
debe,7,25,,3004.90.21,3,Permetrina; nitrato de propatilo; benzoato de bencilo; dioctilsulfosuccinato de sodio:,,,,,,,,,
debe,7,25,,3004.90.21.10,4,Para uso humano,14,,0,E,12,,kg,,
debe,7,25,,3004.90.21.20,4,Para uso veterinario,14,,0,E,13,,kg,,
debe,7,25,,3004.90.22,3,Ácido cólico; ácido deoxicólico; sal magnésica del ácido dehidrocólico:,,,,,,,,,
debe,7,25,,3004.90.22.10,4,Para uso humano,14,,0,E,12,,kg,,
debe,7,25,,3004.90.22.20,4,Para uso veterinario,14,,0,E,13,,kg,,
debe,7,25,,3004.90.23,3,"Ácido glucónico, sus sales o sus ésteres",,,,,,,,,
debe,7,25,,3004.90.23.10,4,Para uso humano,14,,0,E,12,,kg,,
debe,7,25,,3004.90.23.20,4,Para uso veterinario,14,,0,E,13,,kg,,
debe,7,25,,3004.90.24,3,Ácido O-acetilsalicílico; O- acetilsalicilato de aluminio; salicilato de metilo; diclorvós:,,,,,,,,,
debe,7,25,,3004.90.24.1,4,Para uso humano:,,,,,,,,,
debe,7,25,,3004.90.24.11,5,Ácido O- acetilsalicílico,14,,4,E,12,,kg,,
debe,7,25,,3004.90.24.19,5,Los demás,14,,0,E,12,,kg,,
debe,7,25,,3004.90.24.20,4,Para uso veterinario,14,,0,E,13,,kg,,
debe,7,25,,3004.90.25,3,Lactofosfato de calcio:,,,,,,,,,
debe,7,25,,3004.90.25.10,4,Para uso humano,14,,0,E,12,,kg,,
debe,7,25,,3004.90.25.20,4,Para uso veterinario,14,,0,E,13,,kg,,
debe,7,25,,3004.90.26,3,"Ácido láctico, sus sales o sus ésteres; ácido 4-(4- hidroxifenoxi)- 3,5- diiodofenilacético; ácido fumárico, sus sales o sus ésteres:",,,,,,,,,
debe,7,25,,3004.90.26.10,4,Para uso humano,14,,0,E,12,,kg,,
debe,7,25,,3004.90.26.20,4,Para uso veterinario,14,,0,E,13,,kg,,
debe,7,25,,3004.90.27,3,"Nitroglicerina, de administración por vía transdérmica:",,,,,,,,,
debe,7,25,,3004.90.27.10,4,Para uso humano,2,,0,E,12,,kg,,
debe,7,25,,3004.90.27.20,4,Para uso veterinario,2,,0,E,13,,kg,,
debe,7,25,,3004.90.28,3,Etretinato; fosfestrol o sus sales de di o tetrasodio:,,,,,,,,,
debe,7,25,,3004.90.28.10,4,Para uso humano,0,,,,12,,kg,,
debe,7,25,,3004.90.28.20,4,Para uso veterinario,0,,,,13,,kg,,
debe,7,25,,3004.90.29,3,Los demás:,,,,,,,,,
debe,7,25,,3004.90.29.1,4,Para uso humano:,,,,,,,,,
debe,7,25,,3004.90.29.11,5,Ácido benzoico; ácido salicílico; carboximetilcisteína; ciprofibrato; ibuprufeno; ketoprofeno; naproxeno; orofeno,8,,4,E,12,,kg,,
debe,7,25,,3004.90.29.19,5,Los demás,8,,0,E,12,,kg,,
debe,7,25,,3004.90.29.20,4,Para uso veterinario,8,,0,E,13,,kg,,
debe,7,25,,3004.90.3,2,"Que contengan productos de las partidas 29.21 y 29.22, sin productos de las subpartidas 3004.90.1 y 3004.90.2:",,,,,,,,,
debe,7,25,,3004.90.31,3,Sulfato de tranilcipromina; dietilpropión:,,,,,,,,,
debe,7,25,,3004.90.31.10,4,Para uso humano,14,,0,E,12,,kg,,
debe,7,25,,3004.90.31.20,4,Para uso veterinario,14,,0,E,13,,kg,,
debe,7,25,,3004.90.32,3,Clorhidrato de ketamina:,,,,,,,,,
debe,7,25,,3004.90.32.10,4,Para uso humano,14,,0,E,12,,kg,,
debe,7,25,,3004.90.32.20,4,Para uso veterinario,14,,0,E,13,,kg,,
debe,7,25,,3004.90.33,3,Clembuterol o su clorhidrato:,,,,,,,,,
debe,7,25,,3004.90.33.10,4,Para uso humano,14,,0,E,12,,kg,,
debe,7,25,,3004.90.33.20,4,Para uso veterinario,14,,0,E,13,,kg,,
debe,7,25,,3004.90.34,3,Tamoxifeno o su citrato:,,,,,,,,,
debe,7,25,,3004.90.34.10,4,Para uso humano,14,,0,E,12,,kg,,
debe,7,25,,3004.90.34.20,4,Para uso veterinario,14,,0,E,13,,kg,,
debe,7,25,,3004.90.35,3,Levodopa; alfa-metildopa:,,,,,,,,,
debe,7,25,,3004.90.35.10,4,Para uso humano,14,,0,E,12,,kg,,
debe,7,25,,3004.90.35.20,4,Para uso veterinario,14,,0,E,13,,kg,,
debe,7,25,,3004.90.36,3,Clorhidrato de fenilefrina; mirtecaína; propanolol o sus sales:,,,,,,,,,
debe,7,25,,3004.90.36.10,4,Para uso humano,14,,0,E,12,,kg,,
debe,7,25,,3004.90.36.20,4,Para uso veterinario,14,,0,E,13,,kg,,
debe,7,25,,3004.90.37,3,Diclofenac sódico; diclofenac potásico; diclofenac dietilamina:,,,,,,,,,
debe,7,25,,3004.90.37.10,4,Para uso humano,14,,4,E,12,,kg,,
debe,7,25,,3004.90.37.20,4,Para uso veterinario,14,,4,E,13,,kg,,
debe,7,26,,3004.90.38,3,Clorambucil; clormetina (DCI) o su clorhidrato; melfalano; toremifene o su citrato:,,,,,,,,,
debe,7,26,,3004.90.38.10,4,Para uso humano,0,,,,12,,kg,,
debe,7,26,,3004.90.38.20,4,Para uso veterinario,0,,,,13,,kg,,
debe,7,26,,3004.90.39,3,Los demás:,,,,,,,,,
debe,7,26,,3004.90.39.1,4,Para uso humano:,,,,,,,,,
debe,7,26,,3004.90.39.11,5,Ambroxol; bisoprolol; bromhexina; fluoxetina; isoxsuprina; mebeverina; pregabalina; propranolol; salbutamol; sertralina; terbinafina; tolterodina; tramadol; trimebutina; venlafaxina,8,,4,E,12,,kg,,
debe,7,26,,3004.90.39.19,5,Los demás,8,,0,E,12,,kg,,
debe,7,26,,3004.90.39.20,4,Para uso veterinario,8,,0,E,13,,kg,,
debe,7,26,,3004.90.4,2,"Que contengan productos de las partidas 29.24 a 29.26, sin productos de las subpartidas 3004.90.1 a 3004.90.3:",,,,,,,,,
debe,7,26,,3004.90.41,3,Metoclopramida o su clorhidrato; closantel:,,,,,,,,,
debe,7,26,,3004.90.41.1,4,Para uso humano:,,,,,,,,,
debe,7,26,,3004.90.41.11,5,Metoclopramida,14,,4,E,12,,kg,,
debe,7,26,,3004.90.41.19,5,Los demás,14,,0,E,12,,kg,,
debe,7,26,,3004.90.41.20,4,Para uso veterinario,14,,0,E,13,,kg,,
debe,7,26,,3004.90.42,3,Atenolol; prilocaína o su clorhidrato; talidomida:,,,,,,,,,
debe,7,26,,3004.90.42.1,4,Para uso humano:,,,,,,,,,
debe,7,26,,3004.90.42.11,5,Atenolol,14,,4,E,12,,kg,,
debe,7,26,,3004.90.42.19,5,Los demás,14,,0,E,12,,kg,,
debe,7,26,,3004.90.42.20,4,Para uso veterinario,14,,0,E,13,,kg,,
debe,7,26,,3004.90.43,3,Lidocaína o su clorhidrato; flutamida:,,,,,,,,,
debe,7,26,,3004.90.43.10,4,Para uso humano,14,,0,E,12,,kg,,
debe,7,26,,3004.90.43.20,4,Para uso veterinario,14,,0,E,13,,kg,,
debe,7,26,,3004.90.44,3,Femproporex:,,,,,,,,,
debe,7,26,,3004.90.44.10,4,Para uso humano,14,,0,E,12,,kg,,
debe,7,26,,3004.90.44.20,4,Para uso veterinario,14,,0,E,13,,kg,,
debe,7,26,,3004.90.45,3,Paracetamol; bromoprida:,,,,,,,,,
debe,7,26,,3004.90.45.1,4,Para uso humano:,,,,,,,,,
debe,7,26,,3004.90.45.11,5,Paracetamol,14,,4,E,12,,kg,,
debe,7,26,,3004.90.45.19,5,Los demás,14,,0,E,12,,kg,,
debe,7,26,,3004.90.45.20,4,Para uso veterinario,14,,0,E,13,,kg,,
debe,7,26,,3004.90.46,3,Amitraz; cipermetrina:,,,,,,,,,
debe,7,26,,3004.90.46.10,4,Para uso humano,14,,0,E,12,,kg,,
debe,7,26,,3004.90.46.20,4,Para uso veterinario,14,,0,E,13,,kg,,
debe,7,26,,3004.90.47,3,Clorhexidina o sus sales; isetionato de pentamidina:,,,,,,,,,
debe,7,26,,3004.90.47.10,4,Para uso humano,14,,0,E,12,,kg,,
debe,7,26,,3004.90.47.20,4,Para uso veterinario,14,,0,E,13,,kg,,
debe,7,26,,3004.90.48,3,"Aminoglutetimida; carmustina; deferoxamina (desferrioxamina B) o sus sales, derivados de estos productos; lomustina:",,,,,,,,,
debe,7,26,,3004.90.48.10,4,Para uso humano,0,,,,12,,kg,,
debe,7,26,,3004.90.48.20,4,Para uso veterinario,0,,,,13,,kg,,
debe,7,26,,3004.90.49,3,Los demás:,,,,,,,,,
debe,7,26,,3004.90.49.1,4,Para uso humano:,,,,,,,,,
debe,7,26,,3004.90.49.11,5,Metformina; sitagliptina,8,,4,E,12,,kg,,
debe,7,26,,3004.90.49.19,5,Los demás,8,,0,E,12,,kg,,
debe,7,26,,3004.90.49.20,4,Para uso veterinario,8,,0,E,13,,kg,,
debe,7,26,,3004.90.5,2,"Que contengan productos de las partidas 29.30 a 29.32, sin productos de las subpartidas 3004.90.1 a 3004.90.4:",,,,,,,,,
debe,7,26,,3004.90.51,3,Quercetina:,,,,,,,,,
debe,7,26,,3004.90.51.10,4,Para uso humano,14,,0,E,12,,kg,,
debe,7,26,,3004.90.51.20,4,Para uso veterinario,14,,0,E,13,,kg,,
debe,7,26,,3004.90.52,3,Tiaprida:,,,,,,,,,
debe,7,26,,3004.90.52.10,4,Para uso humano,8,,0,E,12,,kg,,
debe,7,26,,3004.90.52.20,4,Para uso veterinario,8,,0,E,13,,kg,,
debe,7,26,,3004.90.53,3,Etidronato disódico:,,,,,,,,,
debe,7,26,,3004.90.53.10,4,Para uso humano,14,,0,E,12,,kg,,
debe,7,26,,3004.90.53.20,4,Para uso veterinario,14,,0,E,13,,kg,,
debe,7,26,,3004.90.54,3,Clorhidrato de amiodarona:,,,,,,,,,
debe,7,26,,3004.90.54.10,4,Para uso humano,14,,4,E,12,,kg,,
debe,7,26,,3004.90.54.20,4,Para uso veterinario,14,,0,E,13,,kg,,
debe,7,26,,3004.90.55,3,Nitrovin; moxidectina:,,,,,,,,,
debe,7,26,,3004.90.55.10,4,Para uso humano,14,,0,E,12,,kg,,
debe,7,26,,3004.90.55.20,4,Para uso veterinario,14,,0,E,13,,kg,,
debe,7,27,,3004.90.57,3,Carbocisteína; sulfiram:,,,,,,,,,
debe,7,27,,3004.90.57.10,4,Para uso humano,14,,0,E,12,,kg,,
debe,7,27,,3004.90.57.20,4,Para uso veterinario,14,,0,E,13,,kg,,
debe,7,27,,3004.90.58,3,Ácido clodrónico o su sal disódica; estreptozocina; fotemustina:,,,,,,,,,
debe,7,27,,3004.90.58.10,4,Para uso humano,0,,,,12,,kg,,
debe,7,27,,3004.90.58.20,4,Para uso veterinario,0,,,,13,,kg,,
debe,7,27,,3004.90.59,3,Los demás:,,,,,,,,,
debe,7,27,,3004.90.59.1,4,Para uso humano:,,,,,,,,,
debe,7,27,,3004.90.59.11,5,Empagliflozina; ivermectina; orlistat (tetrahidrolipstatina; ranitidina; simvastatina,8,,4,E,12,,kg,,
debe,7,27,,3004.90.59.19,5,Los demás,8,,0,E,12,,kg,,
debe,7,27,,3004.90.59.20,4,Para uso veterinario,8,,0,E,13,,kg,,
debe,7,27,,3004.90.6,2,"Que contengan productos de la partida 29.33, sin productos de las subpartidas 3004.90.1 a 3004.90.5:",,,,,,,,,
debe,7,27,,3004.90.61,3,Terfenadina; talniflumato; malato ácido de cleboprida; econazol o su nitrato; nitrato de isoconazol; flubendazol; clorhidrato de mepivacaína; trimetoprim; clorhidrato de bupivacaína:,,,,,,,,,
debe,7,27,,3004.90.61.1,4,Para uso humano:,,,,,,,,,
debe,7,27,,3004.90.61.11,5,Nitrato de isoconazol; trimetoprim,14,,4,E,12,,kg,,
debe,7,27,,3004.90.61.19,5,Los demás,14,,0,E,12,,kg,,
debe,7,27,,3004.90.61.20,4,Para uso veterinario,14,,0,E,13,,kg,,
debe,7,27,,3004.90.62,3,Clorhidrato de loperamida; fenbendazol; ketorolac trometamina; nifedipina; nimodipina; nitrendipina:,,,,,,,,,
debe,7,27,,3004.90.62.1,4,Para uso humano:,,,,,,,,,
debe,7,27,,3004.90.62.11,5,Ketorolac; Clorhidrato de loperamida; nifedipina; nimodipina,14,,4,E,12,,kg,,
debe,7,27,,3004.90.62.19,5,Los demás,14,,0,E,12,,kg,,
debe,7,27,,3004.90.62.20,4,Para uso veterinario,14,,0,E,13,,kg,,
debe,7,27,,3004.90.63,3,Albendazol o su sulfóxido; mebendazol; 6- mercaptopurina; metilsulfato de amezinio; oxfendazol; praziquantel:,,,,,,,,,
debe,7,27,,3004.90.63.1,4,Para uso humano:,,,,,,,,,
debe,7,27,,3004.90.63.11,5,Albendazol,14,,4,E,12,,kg,,
debe,7,27,,3004.90.63.19,5,Los demás,14,,0,E,12,,kg,,
debe,7,27,,3004.90.63.20,4,Para uso veterinario,14,,0,E,13,,kg,,
debe,7,27,,3004.90.64,3,Alprazolam; bromazepam; clordiazepóxido; clorhidrato de petidina; diazepam; droperidol; mazindol; triazolam:,,,,,,,,,
debe,7,27,,3004.90.64.1,4,Para uso humano:,,,,,,,,,
debe,7,27,,3004.90.64.11,5,Alprazolam; bromazepam,14,,4,E,12,,kg,,
debe,7,27,,3004.90.64.19,5,Los demás,14,,0,E,12,,kg,,
debe,7,27,,3004.90.64.20,4,Para uso veterinario,14,,0,E,13,,kg,,
debe,7,27,,3004.90.65,3,Benzetimida o su clorhidrato; fenitoína o su sal sódica; isoniazida; pirazinamida:,,,,,,,,,
debe,7,27,,3004.90.65.10,4,Para uso humano,14,,0,E,12,,kg,,
debe,7,27,,3004.90.65.20,4,Para uso veterinario,14,,0,E,13,,kg,,
debe,7,27,,3004.90.66,3,Ácido 2-(2-metil-3- cloroanilino)nicotínico o su sal de lisina; metronidazol o sus sales; azatioprina; nitrato de miconazol:,,,,,,,,,
debe,7,27,,3004.90.66.1,4,Para uso humano:,,,,,,,,,
debe,7,27,,3004.90.66.11,5,Metronidazol,14,,4,E,12,,kg,,
debe,7,27,,3004.90.66.19,5,Los demás,14,,0,E,12,,kg,,
debe,7,27,,3004.90.66.20,4,Para uso veterinario,14,,0,E,13,,kg,,
debe,7,27,,3004.90.67,3,Enrofloxacina; maleato de enalapril; maleato de pirilamina; nicarbazina; norfloxacina; sales de piperazina:,,,,,,,,,
debe,7,27,,3004.90.67.1,4,Para uso humano:,,,,,,,,,
debe,7,27,,3004.90.67.11,5,Clonazepam; maleato de enalapril,14,,4,E,12,,kg,,
debe,7,27,,3004.90.67.19,5,Los demás,14,,0,E,12,,kg,,
debe,7,27,,3004.90.67.20,4,Para uso veterinario,14,,0,E,13,,kg,,
debe,7,27,,3004.90.68,3,Altretamina; bortezomib; clorhidrato de erlotinib; dacarbazina; disoproxilfumarato de tenofovir; enfuvirtida; fluspirileno; letrozol; lopinavir; mesilato de imatinib; nelfinavir o su mesilato; nevirapine; pemetrexed; saquinavir; sulfato de abacavir; sulfato de atazanavir; sulfato de indinavir; temozolomida; tioguanina; tiopental sódico; trietilentiofosforamida; trimetrexato; uracil y tegafur; verteporfin:,,,,,,,,,
debe,7,28,,3004.90.68.10,4,Para uso humano,0,,,,12,,kg,,
debe,7,28,,3004.90.68.20,4,Para uso veterinario,0,,,,13,,kg,,
debe,7,28,,3004.90.69,3,Los demás:,,,,,,,,,
debe,7,28,,3004.90.69.1,4,Para uso humano:,,,,,,,,,
debe,7,28,,3004.90.69.11,5,Aciclovir; amilorida; amlodipino; apixabán; atorvastatina; bencidamina; betahistina; buspirona; candesartán; captopril; carbamazepina; carvedilol; cetilpiridinio; cetirizina; cinarizina; ciprofloxacino;clonidina; clonixinato de lisina; clorfeniramina; clotrimazol,8,,4,E,12,,kg,,
debe,7,28,,3004.90.69.12,5,Desloratadina; desonida; dextrometorfano; domperidona; esomeprazol; etoricoxib; fexofenadina; fluconazol; flunarizina; flurazepam; irbesartán; lamotrigina; lansoprazol; lercanidipino; levocetirizina; loratadina; losartán; metamizol (dipirona),8,,4,E,12,,kg,,
debe,7,28,,3004.90.69.13,5,Mirtazapina; montelukast; moxifloxacina; moxifloxacino; omeprazol; oximetazolina; pantoprazol; piritinol; secnidazol; ticagrelor; valsartán; zolpidem,8,,4,E,12,,kg,,
debe,7,28,,3004.90.69.19,5,Los demás,8,,0,E,12,,kg,,
debe,7,28,,3004.90.69.20,4,Para uso veterinario,8,,0,E,13,,kg,,
debe,7,28,,3004.90.7,2,"Que contengan productos de las partidas 29.34, 29.35 y 29.38, sin productos de las subpartidas 3004.90.1 a 3004.90.6:",,,,,,,,,
debe,7,28,,3004.90.71,3,Levamisol o sus sales; tetramisol:,,,,,,,,,
debe,7,28,,3004.90.71.10,4,Para uso humano,8,,0,E,12,,kg,,
debe,7,28,,3004.90.71.20,4,Para uso veterinario,8,,0,E,13,,kg,,
debe,7,28,,3004.90.72,3,Sulfadiazina o su sal sódica; sulfametoxazol:,,,,,,,,,
debe,7,28,,3004.90.72.10,4,Para uso humano,14,,0,E,12,,kg,,
debe,7,28,,3004.90.72.20,4,Para uso veterinario,14,,0,E,13,,kg,,
debe,7,28,,3004.90.73,3,Cloxazolam; ketazolam; piroxicam; tenoxicam:,,,,,,,,,
debe,7,28,,3004.90.73.1,4,Para uso humano:,,,,,,,,,
debe,7,28,,3004.90.73.11,5,Piroxicam,14,,4,E,12,,kg,,
debe,7,28,,3004.90.73.19,5,Los demás,14,,0,E,12,,kg,,
debe,7,28,,3004.90.73.20,4,Para uso veterinario,14,,0,E,13,,kg,,
debe,7,28,,3004.90.74,3,Ftalilsulfatiazol; inosina:,,,,,,,,,
debe,7,28,,3004.90.74.10,4,Para uso humano,14,,0,E,12,,kg,,
debe,7,28,,3004.90.74.20,4,Para uso veterinario,14,,0,E,13,,kg,,
debe,7,28,,3004.90.75,3,Enantato de flufenazina; prometazina; gliburida; rutósido; deslanósido:,,,,,,,,,
debe,7,28,,3004.90.75.10,4,Para uso humano,14,,0,E,12,,kg,,
debe,7,28,,3004.90.75.20,4,Para uso veterinario,14,,0,E,13,,kg,,
debe,7,28,,3004.90.76,3,Clortalidona; furosemida:,,,,,,,,,
debe,7,28,,3004.90.76.10,4,Para uso humano,14,,0,E,12,,kg,,
debe,7,28,,3004.90.76.20,4,Para uso veterinario,14,,0,E,13,,kg,,
debe,7,28,,3004.90.77,3,Clorhidrato de tizanidina; furazolidona; ketoconazol:,,,,,,,,,
debe,7,28,,3004.90.77.1,4,Para uso humano:,,,,,,,,,
debe,7,28,,3004.90.77.11,5,Ketoconazol,14,,4,E,12,,kg,,
debe,7,28,,3004.90.77.19,5,Los demás,14,,0,E,12,,kg,,
debe,7,28,,3004.90.77.20,4,Para uso veterinario,14,,0,E,13,,kg,,
debe,7,28,,3004.90.78,3,Amprenavir; aprepitanto; delavirdina o su mesilato; efavirenz; emtricitabina; etopósido; everolimus; fosamprenavir cálcico; fosfato de fludarabina; gemcitabina o su clorhidrato; raltitrexida; ritonavir; sirolimus; tacrolimus; temsirolimus; tenipósido; tipranavir:,,,,,,,,,
debe,7,29,,3004.90.78.10,4,Para uso humano,0,,,,12,,kg,,
debe,7,29,,3004.90.78.20,4,Para uso veterinario,0,,,,13,,kg,,
debe,7,29,,3004.90.79,3,Los demás:,,,,,,,,,
debe,7,29,,3004.90.79.1,4,Para uso humano:,,,,,,,,,
debe,7,29,,3004.90.79.11,5,Citicolina; Clopidogrel; Diltiazem; Diosmina; Glimepirida; Hidroclorotiazida; Hidroxicloroquina; Itraconazol; Levofloxacino; Levosulpirida; Meloxicam; Nimesulida; Olmesartán; Oxolamina; Pioglitazona; Pirantel; Prucaloprida; Quetiapina; Risperidona; Rivaroxabán; Rosuvastatina; Sildenafilo; Sulfametizol; Tadalafil; Tamsulosina,8,,4,E,12,,kg,,
debe,7,29,,3004.90.79.19,5,Los demás,8,,0,E,12,,kg,,
debe,7,29,,3004.90.79.20,4,Para uso veterinario,8,,0,E,13,,kg,,
debe,7,29,,3004.90.9,2,Los demás:,,,,,,,,,
debe,7,29,,3004.90.91,3,Extracto de polen:,,,,,,,,,
debe,7,29,,3004.90.91.10,4,Para uso humano,8,,0,E,12,,kg,,
debe,7,29,,3004.90.91.20,4,Para uso veterinario,8,,0,E,13,,kg,,
debe,7,29,,3004.90.92,3,Crisarobina; disofenol:,,,,,,,,,
debe,7,29,,3004.90.92.10,4,Para uso humano,14,,0,E,12,,kg,,
debe,7,29,,3004.90.92.20,4,Para uso veterinario,14,,0,E,13,,kg,,
debe,7,29,,3004.90.93,3,Diclofenac resinato:,,,,,,,,,
debe,7,29,,3004.90.93.10,4,Para uso humano,14,,0,E,12,,kg,,
debe,7,29,,3004.90.93.20,4,Para uso veterinario,14,,0,E,13,,kg,,
debe,7,29,,3004.90.94,3,Silimarina:,,,,,,,,,
debe,7,29,,3004.90.94.10,4,Para uso humano,8,,0,E,12,,kg,,
debe,7,29,,3004.90.94.20,4,Para uso veterinario,8,,0,E,13,,kg,,
debe,7,29,,3004.90.95,3,Busulfano; dexormaplatino; dietilestilbestrol o su dipropionato; enloplatino; iproplatino; lobaplatino; miboplatino; miltefosina; mitotano; ormaplatino; procarbazina o su clorhidrato; propofol; sebriplatino; zeniplatino:,,,,,,,,,
debe,7,29,,3004.90.95.10,4,Para uso humano,0,,,,12,,kg,,
debe,7,29,,3004.90.95.20,4,Para uso veterinario,0,,,,13,,kg,,
debe,7,29,,3004.90.96,3,Complejo hierro dextrano:,,,,,,,,,
debe,7,29,,3004.90.96.10,4,Para uso humano,14,,0,E,12,,kg,,
debe,7,29,,3004.90.96.20,4,Para uso veterinario,14,,0,E,13,,kg,,
debe,7,29,,3004.90.97.00,3,Sevoflurano,14,,0,E,12,,kg,,
debe,7,29,,3004.90.99,3,Los demás:,,,,,,,,,
debe,7,29,,3004.90.99.10,4,Sustitutos sintéticos del plasma humano,8,,0,E,12,,kg,,
debe,7,29,,3004.90.99.2,4,Anestésicos:,,,,,,,,,
debe,7,29,,3004.90.99.22,5,"A base de óxido nitroso, para uso humano",8,,0,E,12,,kg,,
debe,7,29,,3004.90.99.23,5,"A base de óxido nitroso, para uso veterinario",8,,0,E,13,,kg,,
debe,7,29,,3004.90.99.24,5,"Los demás, para uso humano",8,,0,E,12,,kg,,
debe,7,29,,3004.90.99.25,5,"Los demás, para uso veterinario",8,,0,E,13,,kg,,
debe,7,29,,3004.90.99.30,4,Parches impregnados con nitroglicerina,8,,0,E,12,,kg,,
debe,7,29,,3004.90.99.4,4,Para la alimentación vía parenteral:,,,,,,,,,
debe,7,29,,3004.90.99.43,5,"Soluciones que contengan dextrosa, cloruro de sodio, cloruro de potasio, cloruro de calcio, ácido láctico ionizado (lactato), manitol, bicarbonato de sodio o gluconato de calcio, incluidas las soluciones que contengan dos o más de estos compuestos, para uso humano",8,,14,E,12,,kg,,
debe,7,30,,3004.90.99.44,5,Las demás para uso humano,8,,0,E,12,,kg,,
debe,7,30,,3004.90.99.45,5,Para uso veterinario,8,,0,E,13,,kg,,
debe,7,30,,3004.90.99.50,4,Para tratamiento oncológico o VIH,8,,0,E,12,,kg,,
debe,7,30,,3004.90.99.60,4,"Los demás que contengan benzalconio, carbonato de litio, glicerol, guaifenesina, hidróxido de aluminio en suspensión, lactulosa o simeticona",8,,0,E,12,,kg,,
debe,7,30,,3004.90.99.9,4,Los demás:,,,,,,,,,
debe,7,30,,3004.90.99.91,5,Los demás medicamentos para uso veterinario,8,,8,E,13,,kg,,
debe,7,30,,3004.90.99.99,5,Los demás medicamentos para uso humano,8,,4,E,12,,kg,,
dice,8,30,,0701.90.00.00,1,Las demás,10,,,,"5,6,9",,kg,,
dice,8,30,,0909.21.00.00,2,Sin triturar ni pulverizar,10,,2,E,"5,6",,kg,,
dice,8,30,,1511.90.00.00,1,Los demás,10,,20,E,"5,8,9,12",,kg,,
dice,8,30,,1517.10.00.00,1,"Margarina, excepto la margarina líquida",12,,20,E,"5,9,12",,kg,,
dice,8,30,,1601.00.00.00,0,"EMBUTIDOS Y PRODUCTOS SIMILARES DE CARNE, DESPOJOS, SANGRE O DE INSECTOS; PREPARACIONES ALIMENTICIAS A BASE DE ESTOS PRODUCTOS.",16,,20,E,"5,6,9,12",,kg,,
dice,8,30,,1902.19.00.10,3,"Pastas largas según Norma Venezolana COVENIN 283:1994 de obligatorio cumplimiento (excepto «Vermicelli», «Linguini» o «Bucatini»)",16,,20,E,"5,12",14,kg,,
dice,8,30,,2711.19.90.00,3,Los demás,0,,,,20,,m³,,
dice,8,30,,2711.29.90.00,3,Los demás,0,,,,,,m³,,
dice,8,30,,2901.10.00.00,1,Saturados,2,,,,,,kg,,
dice,8,30,,2915.90.90,2,Los demás:,,,,,,,,,
dice,8,30,,2915.90.90.10,3,Ácido perfluorooctanoico (PFOA),2,,,,1,10,kg,,
dice,8,30,,2915.90.90.20,3,Sales y derivados del ácido perfluorooctanoico (PFOA),2,,,,1,10,kg,,
dice,8,30,,2930.90.49,3,Los demás:,,,,,,,,,
dice,8,30,,2930.90.49.10,4,"Fosforotioato de O,O- dimetilo y de O-[3- metil-4-(metiltio)fenilo] (Fentión)",2,,,,7,10,kg,,
dice,8,30,,2930.90.49.20,4,S-2- diisopropilaminoetilmeti lfosfonotiolato de 0- etilo,,,,,7,7,,,
dice,8,30,,2930.90.49.90,4,Los demás,2,,,,,,kg,,
dice,8,30,,2930.90.8,2,"Sulfuro de 2-cloroetilo y clorometilo; sulfuro de bis(2- cloroetilo); bis(2- cloroetiltio)metano; 1,2-bis(2- cloroetiltio)etano; 1,3-bis(2- cloroetiltio)-n-propano; 1,4- bis(2 cloroetiltio)-n-butano; 1,5-bis(2-cloroetiltio)-n- pentano; óxido de bis(2- cloroetiltiometilo); óxido de bis(2-cloroetiltioetilo):",,,,,,,,,
dice,8,31,,2930.90.81.00,3,Sulfuro de 2-cloroetilo y clorometilo,2,,,,,,kg,,
dice,8,31,,2930.90.82.00,3,Sulfuro de bis(2-cloroetilo),2,,,,,,kg,,
dice,8,31,,2930.90.83.00,3,Bis(2-cloroetiltio)metano,2,,,,,,kg,,
dice,8,31,,2930.90.84.00,3,"1,2-Bis(2-cloroetiltio)etano",2,,,,,,kg,,
dice,8,31,,2930.90.85.00,3,"1,3-Bis(2-cloroetiltio)-n- propano",2,,,,,,kg,,
dice,8,31,,2930.90.86.00,3,"1,4-Bis(2-cloroetiltio)-n- butano",2,,,,,,kg,,
dice,8,31,,2930.90.87.00,3,"1,5-Bis(2-cloroetiltio)-n- pentano",2,,,,,,kg,,
dice,8,31,,2930.90.88.00,3,Óxido de bis(2- cloroetiltiometilo),2,,,,,,kg,,
dice,8,31,,2930.90.89.00,3,Óxido de bis(2- cloroetiltioetilo),2,,,,,,kg,,
dice,8,31,,2930.90.96.00,3,"Hidrogenoalquil(de C1 a C3) fosfonotioatos de [S- 2-(dialquil(de C1 a C3)amino)etilo]; sus ésteres de O-alquilo (de hasta C10, incluidos los cicloalquilos); sus sales alquiladas o protonadas",12,,,,7,7,kg,,
dice,8,31,,2933.39.99,4,Los demás:,,,,,,,,,
dice,8,31,,2933.39.99.10,5,4-anilino-N- fenetilpiperidina (ANPP),2,,,,21,21,kg,,
dice,8,31,,2933.39.99.20,5,N-fenetil-4- piperidona (NPP),2,,,,21,21,kg,,
dice,8,31,,2933.39.99.90,5,Los demás,2,,,,21,21,kg,,
dice,8,31,,2933.36.00.00,2,4-Anilino-N-fenetilpiperidina (ANPP),2,,,,4,4,kg,,
dice,8,31,,2933.37.00.00,2,N-Fenetil-4-piperidona (NPP),2,,,,4,4,kg,,
dice,8,31,,3402.50.00.9,2,Las demás:,,,,,,,,,
dice,8,31,,3402.50.00.91,3,"Para lavar vajillas, excepto las concebidas para utilizarse en máquinas automáticas",18,,12,E,,,kg,,
dice,8,31,,3402.50.00.92,3,Para lavar vehículos automóviles,18,,,,,,kg,,
dice,8,31,,3402.50.00.93,3,Para lavar vidrios,18,,,,,,kg,,
dice,8,31,,3402.50.00.94,3,Para lavar artículos sanitarios,18,,12,E,,,kg,,
dice,8,31,,3402.50.00.95,3,Desengrasantes de utensilios de cocina,18,,12,E,,,kg,,
dice,8,31,,3402.50.00.99,3,Las demás,18,,,,,,kg,,
dice,8,31,,3808.59.24.00,4,"A base de 1,2,3,4,5,6- hexaclorocicloexano (HCH (ISO)), incluido el lindano (ISO, DCI)",8,,,,13,,kg,,
dice,8,31,,3824.99.41.00,4,"Preparaciones desincrustantes, anticorrosivas o antioxidantes",14,,0,A,2E,,kg,,
dice,8,31,,4811.51.30.00,4,"Los demás, impregnados",12,,2,E,,,kg,,
dice,8,31,,6310.10.00.10,2,Recortes de la industria de la confección,35,,,,"5,9",,kg,,
dice,8,31,,7216.61.10.90,4,Los demás,12,,0,A,,,kg,,
dice,8,31,,7310.21.10.00,3,Aptos para el envasado de productos alimenticios,14,,,,,,u,,
dice,8,31,,7311.00.00.1,1,Sin soldadura:,,,,,,,,,
dice,8,31,,7311.00.00.11,2,Para gas licuado de petróleo (GLP) y gas natural vehicular (GNV),14,,0,A,20,,u,,
dice,8,31,,7311.00.00.19,2,Los demás,14,,0,A,20,,u,,
dice,8,31,,7311.00.00.9,1,Los demás:,,,,,,,,,
dice,8,31,,7311.00.00.91,2,Para gas licuado de petróleo (GLP) y gas natural vehicular (GNV),14,,0,A,20,,u,,
dice,8,31,,7311.00.00.99,2,Los demás,14,,0,A,20,,u,,
dice,8,31,,7314.31.00.00,2,Cincadas,14,,,,,,kg,,
dice,8,31,,7607.11.90.00,3,Las demás,12,,20,"E,A",,,kg,,
dice,8,31,,7607.19.90.00,3,Las demás,12,,0,A,4,,kg,,
dice,8,31,,8309.10.00.00,1,Tapas corona,16,,,,,,kg,,
dice,8,31,,8547.90.00,1,Los demás:,,,,,,,,,
dice,8,31,,8547.90.00.10,2,"Piezas aislantes del tipo de las utilizadas en cables para bujías de encendido, de caucho",16,,0,E,,,u,,
dice,8,31,,8547.90.00.90,2,Los demás,16,,,,,,kg,,
dice,8,32,,8547.90.00.00,1,Los demás,16,,,,,,kg,,
dice,8,32,,9603.90.00.00,1,Los demás,18,,,,,,u,,
dice,8,32,,9801.00.00.2,1,De tractores de carretera para semirremolques:,,,,,,,,,
dice,8,32,,9801.00.00.21,2,"Únicamente con motor de émbolo (pistón), de encendido por compresión (diésel o semi- diésel)",3,,,,,,u,,
dice,8,32,,9801.00.00.22,2,"Equipados para la propulsión con motor de émbolo (pistón), de encendido por compresión (diésel o semi-diésel) y con motor eléctrico",3,,,,,,u,,
dice,8,32,,9801.00.00.23,2,"Equipados para la propulsión con motor de émbolo (pistón), de encendido por chispa y con motor eléctrico",3,,,,,,u,,
dice,8,32,,9801.00.00.24,2,Únicamente propulsados con motor eléctrico,3,,,,,,u,,
dice,8,32,,8701.29.00.00,2,Los demás,3,,,,,,u,,
dice,8,32,,9801.00.00.30,1,De tractores de orugas,3,,,,,,u,,
dice,8,32,,9821.00.00.7,1,"Semillas y frutos oleaginosos; semillas y frutos diversos; plantas industriales o medicinales; paja y forraje, del tipo de los comprendidos en el Capítulo 12:",,,,,,,,,
dice,8,32,,9821.00.00.71,2,"Conos de lúpulo, frescos o secos, sin triturar ni moler ni en «pellets»",8,,,±DV,"5,6",,kg,,
dice,8,32,,9821.00.00.72,2,"Conos de lúpulo, frescos o secos, triturados, molidos o en «pellets»",8,,,±DV,"5,6",,kg,,
dice,8,32,,9826.00.00.15,2,Polimeros de etileno en formas primarias,14,,,±DV,,,u,,
dice,8,32,,9826.00.00.16,2,Polimeros de propileno en formas primarias,14,,,±DV,,,u,,
dice,8,32,,9842.00.00.90,1,"Las demás, excepto las de las partidas 84.70 a 84.73",,,,,,,,,
debe,8,32,,0701.90.00.00,1,Las demás,10,,,,"5,6",,kg,,
debe,8,32,,0909.21.00,2,Sin triturar ni pulverizar:,,,,,,,,,
debe,8,32,,0909.21.00.10,3,Para la siembra,10,,0,E,"5,6",,kg,,
debe,8,32,,0909.21.00.90,3,Las demás,10,,2,E,"5,6",,kg,,
debe,8,32,,1511.90.00.00,1,Los demás,10,,20,E,"5,8,12",,kg,,
debe,8,32,,1517.10.00.00,1,"Margarina, excepto la margarina líquida",12,,20,E,"5,12",,kg,,
debe,8,32,,1601.00.00,0,"EMBUTIDOS Y PRODUCTOS SIMILARES DE CARNE, DESPOJOS, SANGRE O DE INSECTOS; PREPARACIONES ALIMENTICIAS A BASE DE ESTOS PRODUCTOS.",,,,,,,,,
debe,8,32,,1601.00.00.10,1,Mortadelas,16,,35,E,"5,6,12",,kg,,
debe,8,32,,1601.00.00.20,1,Salchichas,16,,35,E,"5,6,12",,kg,,
debe,8,32,,1601.00.00.90,1,Los demás,16,,20,E,"5,6,12",,kg,,
debe,8,32,,1902.19.00.10,3,"Pastas alimenticias de sémola durum y sémola de otros trigos, largas, según Norma Venezolana COVENIN 283:1994 de obligatorio cumplimiento",16,,40,E,"5,12",14,kg,,
debe,8,32,,2711.19.90,3,Los demás:,,,,,,,,,
debe,8,32,,2711.19.90.10,4,Metano,0,,,,"11,20",11,m³,,
debe,8,32,,2711.19.90.90,4,Los demás,0,,,,"11,20",11,m³,,
debe,8,32,,2711.29.90,3,Los demás:,,,,,,,,,
debe,8,32,,2711.29.90.10,4,Metano,0,,,,11,11,m³,,
debe,8,32,,2711.29.90.20,4,Gas Natural Comprimido (GNC),0,,,,11,11,m³,,
debe,8,32,,2711.29.90.90,4,Los demás,0,,,,11,11,m³,,
debe,8,32,,2901.10.00,1,Saturados:,,,,,,,,,
debe,8,32,,2901.10.00.10,2,Pentano,2,,,,11,11,kg,,
debe,8,32,,2901.10.00.90,2,Los demás,2,,,,,,kg,,
debe,8,32,,2915.90.90,2,Los demás:,,,,,,,,,
debe,8,32,,2915.90.90.10,3,Ácido perfluorooctanoico (PFOA),2,,,,1,10,kg,,
debe,8,32,,2915.90.90.20,3,Sales y derivados del ácido perfluorooctanoico (PFOA),2,,,,1,10,kg,,
debe,8,33,,2915.90.90.90,3,Los demás,2,,,,,,kg,,
debe,8,33,,2930.90.49,3,Los demás:,,,,,,,,,
debe,8,33,,2930.90.49.10,4,"Fosforotioato de O,O- dimetilo y de O-[3-metil- 4-(metiltio)fenilo] (Fentión)",2,,,,7,10,kg,,
debe,8,33,,2930.90.49.90,4,Los demás,2,,,,,,kg,,
debe,8,33,,2930.90.8,2,"Sulfuro de 2-cloroetilo y clorometilo; sulfuro de bis(2- cloroetilo); bis(2- cloroetiltio)metano; 1,2-bis(2- cloroetiltio)etano; 1,3-bis(2- cloroetiltio)-n-propano; 1,4-bis(2 cloroetiltio)-n-butano; 1,5-bis(2- cloroetiltio)-n-pentano; óxido de bis(2-cloroetiltiometilo); óxido de bis(2-cloroetiltioetilo):",,,,,,,,,
debe,8,33,,2930.90.81.00,3,Sulfuro de 2-cloroetilo y clorometilo,2,,,,7,7,kg,,
debe,8,33,,2930.90.82.00,3,Sulfuro de bis(2-cloroetilo),2,,,,7,7,kg,,
debe,8,33,,2930.90.83.00,3,Bis(2-cloroetiltio)metano,2,,,,7,7,kg,,
debe,8,33,,2930.90.84.00,3,"1,2-Bis(2-cloroetiltio)etano",2,,,,7,7,kg,,
debe,8,33,,2930.90.85.00,3,"1,3-Bis(2-cloroetiltio)-n- propano",2,,,,7,7,kg,,
debe,8,33,,2930.90.86.00,3,"1,4-Bis(2-cloroetiltio)-n- butano",2,,,,7,7,kg,,
debe,8,33,,2930.90.87.00,3,"1,5-Bis(2-cloroetiltio)-n- pentano",2,,,,7,7,kg,,
debe,8,33,,2930.90.88.00,3,Óxido de bis(2- cloroetiltiometilo),2,,,,7,7,kg,,
debe,8,33,,2930.90.89.00,3,Óxido de bis(2- cloroetiltioetilo),2,,,,7,7,kg,,
debe,8,33,,2930.90.96,3,"Hidrogenoalquil(de C1 a C3) fosfonotioatos de [S-2- (dialquil(de C1 a C3)amino)etilo]; sus ésteres de O-alquilo (de hasta C10, incluidos los cicloalquilos); sus sales alquiladas o protonadas:",,,,,,,,,
debe,8,33,,2930.90.96.10,4,S-2- diisopropilaminoetilmetilf osfonotiolato de 0-etilo,12,,,,7,7,kg,,
debe,8,33,,2930.90.96.90,4,Los demás,12,,,,7,7,kg,,
debe,8,33,,2933.39.99.00,4,Los demás,2,,,,,,kg,,
debe,8,33,,2933.36.00.00,2,4-Anilino-N-fenetilpiperidina (ANPP),2,,,,21,21,kg,,
debe,8,33,,2933.37.00.00,2,N-Fenetil-4-piperidona (NPP),2,,,,21,21,kg,,
debe,8,33,,3402.50.00.9,2,Las demás:,,,,,,,,,
debe,8,33,,3402.50.00.91,3,"Para lavar vajillas, excepto las concebidas para utilizarse en máquinas automáticas",18,,35,E,,,kg,,
debe,8,33,,3402.50.00.92,3,Para lavar vehículos automóviles,18,,35,E,,,kg,,
debe,8,33,,3402.50.00.93,3,Para lavar vidrios,18,,35,E,,,kg,,
debe,8,33,,3402.50.00.94,3,Para lavar artículos sanitarios,18,,35,E,,,kg,,
debe,8,33,,3402.50.00.95,3,Desengrasantes de utensilios de cocina,18,,35,E,,,kg,,
debe,8,33,,3402.50.00.96,3,Para lavar vajillas en máquinas automáticas,18,,2,E,,,kg,,
debe,8,33,,3402.50.00.99,3,Las demás,18,,35,E,,,kg,,
debe,8,33,,3808.59.24.00,4,"A base de 1,2,3,4,5,6- hexaclorociclohexano (HCH (ISO)), incluido el lindano (ISO, DCI)",8,,,,13,,kg,,
debe,8,33,,3824.99.41.00,4,"Preparaciones desincrustantes, anticorrosivas o antioxidantes",14,,2,"E,A",,,kg,,
debe,8,33,,4811.51.30.00,3,"Los demás, impregnados",12,,2,E,,,kg,,
debe,8,33,,6310.10.00.10,2,Recortes de la industria de la confección,35,,,,"5,4",,kg,,
debe,8,33,,7216.61.10.9,4,Los demás:,,,,,,,,,
debe,8,33,,7216.61.10.91,5,"Del tipo de los utilizados en sistemas de construcción en seco «Draywall», de espesor inferior o igual a 0,45 mm",12,,35,"E,A",,,kg,,
debe,8,33,,7216.61.10.99,5,Los demás,12,,0,A,,,kg,,
debe,8,33,,7310.21.10.00,3,Aptos para el envasado de productos alimenticios,14,,,,20,,u,,
debe,8,33,,7311.00.00.1,1,Sin soldadura:,,,,,,,,,
debe,8,33,,7311.00.00.11,2,Para gas licuado de petróleo (GLP) y gas natural vehicular (GNV),14,,0,A,"11,20",11,u,,
debe,8,33,,7311.00.00.12,2,Para aire comprimido para compresores,14,,24,"E,A",20,,u,,
debe,8,34,,7311.00.00.19,2,Los demás,14,,0,A,20,,u,,
debe,8,34,,7311.00.00.9,1,Los demás:,,,,,,,,,
debe,8,34,,7311.00.00.91,2,Para gas licuado de petróleo (GLP) y gas natural vehicular (GNV),14,,0,A,"11,20",11,u,,
debe,8,34,,7311.00.00.92,2,Para aire comprimido para compresores,14,,24,"E,A",20,,u,,
debe,8,34,,7311.00.00.99,2,Los demás,14,,0,A,20,,u,,
debe,8,34,,7314.31.00,2,Cincadas:,,,,,,,,,
debe,8,34,,7314.31.00.10,3,"Electroforjadas mediante soldadura de fusión generada por la inducción de corriente, del tipo de las utilizadas en pisos de escaleras, andamios, pasarelas y demás construcciones estructurales similares o en alcantarillas",14,,24,E,,,kg,,
debe,8,34,,7314.31.00.90,3,Las demás,14,,,,,,kg,,
debe,8,34,,7607.11.90,3,Las demás:,,,,,,,,,
debe,8,34,,7607.11.90.10,4,"De espesor inferior o igual a 0,038 milímetros",12,,0,"E,A",,,kg,,
debe,8,34,,7607.11.90.90,4,Las demás,12,,20,"E,A",,,kg,,
debe,8,34,,7607.19.90,3,Las demás:,,,,,,,,,
debe,8,34,,7607.19.90.10,4,"De espesor inferior o igual a 0,038 milímetros",12,,0,"E,A",,,kg,,
debe,8,34,,7607.19.90.90,4,Las demás,12,,0,A,4,,kg,,
debe,8,34,,8309.10.00.00,1,Tapas corona,16,,35,"E,A",20,,kg,,
debe,8,34,,8547.90.00,1,Los demás:,,,,,,,,,
debe,8,34,,8547.90.00.10,2,"Piezas aislantes del tipo de las utilizadas en cables para bujías de encendido, de caucho",16,,0,E,,,u,,
debe,8,34,,8547.90.00.90,2,Los demás,16,,,,,,kg,,
debe,8,34,,9603.90.00,1,Los demás:,,,,,,,,,
debe,8,34,,9603.90.00.10,2,Cabezas preparadas para brochas,18,,4,E,,,u,,
debe,8,34,,9603.90.00.90,2,Los demás,18,,,,,,u,,
debe,8,34,,9801.00.00.2,1,De tractores de carretera para semirremolques:,,,,,,,,,
debe,8,34,,9801.00.00.21,2,"Únicamente con motor de émbolo (pistón), de encendido por compresión (diésel o semi- diésel)",3,,,,,,u,,
debe,8,34,,9801.00.00.22,2,"Equipados para la propulsión con motor de émbolo (pistón), de encendido por compresión (diésel o semi-diésel) y con motor eléctrico",3,,,,,,u,,
debe,8,34,,9801.00.00.23,2,"Equipados para la propulsión con motor de émbolo (pistón), de encendido por chispa y con motor eléctrico",3,,,,,,u,,
debe,8,34,,9801.00.00.24,2,Únicamente propulsados con motor eléctrico,3,,,,,,u,,
debe,8,34,,9801.00.00.30,1,De tractores de orugas,3,,,,,,u,,
debe,8,34,,9821.00.00.7,1,"Semillas y frutos oleaginosos; semillas y frutos diversos; plantas industriales o medicinales; paja y forraje, del tipo de los comprendidos en el Capítulo 12:",,,,,,,,,
debe,8,34,,9821.00.00.71,2,"Conos de lúpulo, frescos o secos, sin triturar ni moler ni en «pellets»",8,,,±DV,"5,6",,kg,,
debe,8,34,,9821.00.00.72,2,"Conos de lúpulo, frescos o secos, triturados, molidos o en «pellets»",8,,,±DV,"5,6",,kg,,
debe,8,34,,9821.00.00.73,2,"Habas (porotos, frijoles, fréjoles) de soja (soya), incluso quebrantadas",8,,,±DV,"5,6,8",,kg,,
debe,8,34,,9826.00.00.15,2,Polimeros de etileno en formas primarias,14,,,±DV,,,kg,,
debe,8,34,,9826.00.00.16,2,Polimeros de propileno en formas primarias,14,,,±DV,,,kg,,
debe,8,34,,9842.00.00.90,1,"Las demás, excepto las de las partidas 84.70 a 84.73",0,,,,,,u,,
regimen,9,35,1,1005.90.10.11,,,,,,,"5,6,8,9",,,5,
regimen,9,35,13,1201.90.00.00,,,,,,,"5,6,8,9",,,5,
regimen,9,35,2,1005.90.10.19,,,,,,,"5,6,9",,,5,
regimen,9,35,14,1701.13.00.10,,,,,,,"3,5,8,9",,,5,
regimen,9,35,3,1006.20.10.00,,,,,,,"5,6,9",,,5,
regimen,9,35,15,1701.13.00.90,,,,,,,"3,5,8,9",,,5,
regimen,9,35,4,1006.20.20.00,,,,,,,"5,6,9",,,5,
regimen,9,35,16,1701.14.00.21,,,,,,,"3,5,8,9",,,5,
regimen,9,35,5,1006.30.11.10,,,,,,,"5,6,9",,,5,
regimen,9,35,17,1701.14.00.29,,,,,,,"3,5,8,9",,,5,
regimen,9,35,6,1006.30.11.90,,,,,,,"5,6,9",,,5,
regimen,9,35,18,1701.14.00.91,,,,,,,"3,5,8,9",,,5,
regimen,9,35,7,1006.30.19.10,,,,,,,"5,6,9",,,5,
regimen,9,35,19,1701.14.00.99,,,,,,,"3,5,8,9",,,5,
regimen,9,35,8,1006.30.19.90,,,,,,,"5,6,9",,,5,
regimen,9,35,20,1701.91.00.10,,,,,,,"3,5,8,9",,,5,
regimen,9,35,9,1006.30.21.10,,,,,,,"5,6,9",,,5,
regimen,9,35,21,1701.91.00.90,,,,,,,"3,5,8,9",,,5,
regimen,9,35,10,1006.30.21.90,,,,,,,"5,6,9",,,5,
regimen,9,35,22,1701.99.00.91,,,,,,,"3,5,8,9",,,5,
regimen,9,35,11,1006.30.29.10,,,,,,,"5,6,9",,,5,
regimen,9,35,23,1701.99.00.99,,,,,,,"3,5,8,9",,,5,
regimen,9,35,12,1006.30.29.90,,,,,,,"5,6,9",,,5,
