version,articulo,tipo,codigo,campo,antes,despues
GO Ext. N° 6.890,7,elimina,3004101210,,Para uso humano,
GO Ext. N° 6.890,7,elimina,3004499010,,Para uso humano,
GO Ext. N° 6.890,7,elimina,3004509010,,Para uso humano,
GO Ext. N° 6.890,7,elimina,3004901910,,Para uso humano,
GO Ext. N° 6.890,7,elimina,3004902410,,Para uso humano,
GO Ext. N° 6.890,7,elimina,3004902910,,Para uso humano,
GO Ext. N° 6.890,7,elimina,3004903910,,Para uso humano,
GO Ext. N° 6.890,7,elimina,3004904110,,Para uso humano,
GO Ext. N° 6.890,7,elimina,3004904210,,Para uso humano,
GO Ext. N° 6.890,7,elimina,3004904510,,Para uso humano,
GO Ext. N° 6.890,7,elimina,3004904910,,Para uso humano,
GO Ext. N° 6.890,7,elimina,3004905910,,Para uso humano,
GO Ext. N° 6.890,7,elimina,3004906110,,Para uso humano,
GO Ext. N° 6.890,7,elimina,3004906210,,Para uso humano,
GO Ext. N° 6.890,7,elimina,3004906310,,Para uso humano,
GO Ext. N° 6.890,7,elimina,3004906410,,Para uso humano,
GO Ext. N° 6.890,7,elimina,3004906610,,Para uso humano,
GO Ext. N° 6.890,7,elimina,3004906710,,Para uso humano,
GO Ext. N° 6.890,7,elimina,3004906910,,Para uso humano,
GO Ext. N° 6.890,7,elimina,3004907310,,Para uso humano,
GO Ext. N° 6.890,7,elimina,3004907710,,Para uso humano,
GO Ext. N° 6.890,7,elimina,3004907910,,Para uso humano,
GO Ext. N° 6.890,7,elimina,3004909941,,Para uso humano,
GO Ext. N° 6.890,7,elimina,3004909942,,Para uso veterinario,
GO Ext. N° 6.890,7,modifica,2202990020,regimen_importacion,"5,12,14","5,12"
GO Ext. N° 6.890,7,crea,2202990030,,,Sueros orales y formulaciones del tipo de las utilizadas en casos de deshidratación leve o moderada con tolerancia a la vía oral
GO Ext. N° 6.890,7,partida,3004,descripcion,"MEDICAMENTOS (EXCEPTO LOS PRODUCTOS DE LAS PARTIDAS 30.02, 30.05 O 30.06) CONSTITUIDOS POR PRODUCTOS MEZCLADOS O SIN MEZCLAR, PREPARADOS PARA USOS TERAPÉUTICOS O PROFILÁCTICOS, DOSIFICADOS (INCLUIDOS LOS ADMINISTRADOS POR VÍA TRANSDÉRMICA) O ACONDICIONADOS PARA LA VENTA AL POR MENOR.","MEDICAMENTOS (EXCEPTO LOS PRODUCTOS DE LAS PARTIDAS 30.02, 30.05 O 30.06) CONSTITUIDOS POR PRODUCTOS MEZCLADOS O SIN MEZCLAR, PREPARADOS PARA USOS TERAPÉUTICOS O PROFILÁCTICOS, DOSIFICADOS (INCLUIDOS LOS ADMINISTRADOS POR VÍA TRANSDÉRMICA) O ACONDICIONADOS PARA LA VENTA AL POR MENOR."
GO Ext. N° 6.890,7,modifica,3004101110,exaec,,0
GO Ext. N° 6.890,7,modifica,3004101110,marca_exaec,,E
GO Ext. N° 6.890,7,modifica,3004101120,exaec,,0
GO Ext. N° 6.890,7,modifica,3004101120,marca_exaec,,E
GO Ext. N° 6.890,7,crea,300410121,,,Para uso humano:
GO Ext. N° 6.890,7,crea,3004101211,,,Amoxicilina con ácido clavulánico
GO Ext. N° 6.890,7,crea,3004101219,,,Las demás
GO Ext. N° 6.890,7,modifica,3004101220,exaec,,0
GO Ext. N° 6.890,7,modifica,3004101220,marca_exaec,,E
GO Ext. N° 6.890,7,modifica,3004101310,exaec,,0
GO Ext. N° 6.890,7,modifica,3004101310,marca_exaec,,E
GO Ext. N° 6.890,7,modifica,3004101320,exaec,,0
GO Ext. N° 6.890,7,modifica,3004101320,marca_exaec,,E
GO Ext. N° 6.890,7,modifica,3004101410,exaec,,0
GO Ext. N° 6.890,7,modifica,3004101410,marca_exaec,,E
GO Ext. N° 6.890,7,modifica,3004101420,exaec,,0
GO Ext. N° 6.890,7,modifica,3004101420,marca_exaec,,E
GO Ext. N° 6.890,7,modifica,3004101510,exaec,,0
GO Ext. N° 6.890,7,modifica,3004101510,marca_exaec,,E
GO Ext. N° 6.890,7,modifica,3004101520,exaec,,0
GO Ext. N° 6.890,7,modifica,3004101520,marca_exaec,,E
GO Ext. N° 6.890,7,modifica,3004101910,exaec,,0
GO Ext. N° 6.890,7,modifica,3004101910,marca_exaec,,E
GO Ext. N° 6.890,7,modifica,3004101920,exaec,,0
GO Ext. N° 6.890,7,modifica,3004101920,marca_exaec,,E
GO Ext. N° 6.890,7,modifica,3004102010,exaec,,0
GO Ext. N° 6.890,7,modifica,3004102010,marca_exaec,,E
GO Ext. N° 6.890,7,modifica,3004102020,exaec,,0
GO Ext. N° 6.890,7,modifica,3004102020,marca_exaec,,E
GO Ext. N° 6.890,7,modifica,3004201111,exaec,,0
GO Ext. N° 6.890,7,modifica,3004201111,marca_exaec,,E
GO Ext. N° 6.890,7,modifica,3004201119,exaec,,0
GO Ext. N° 6.890,7,modifica,3004201119,marca_exaec,,E
GO Ext. N° 6.890,7,modifica,3004201120,exaec,,0
GO Ext. N° 6.890,7,modifica,3004201120,marca_exaec,,E
GO Ext. N° 6.890,7,modifica,3004201911,exaec,,0
GO Ext. N° 6.890,7,modifica,3004201911,marca_exaec,,E
GO Ext. N° 6.890,7,crea,3004201912,,,Las demás azitromicinas
GO Ext. N° 6.890,7,modifica,3004201919,exaec,,0
GO Ext. N° 6.890,7,modifica,3004201919,marca_exaec,,E
GO Ext. N° 6.890,7,modifica,3004201920,exaec,,0
GO Ext. N° 6.890,7,modifica,3004201920,marca_exaec,,E
GO Ext. N° 6.890,7,modifica,3004202111,exaec,,0
GO Ext. N° 6.890,7,modifica,3004202111,marca_exaec,,E
GO Ext. N° 6.890,7,modifica,3004202119,exaec,,0
GO Ext. N° 6.890,7,modifica,3004202119,marca_exaec,,E
GO Ext. N° 6.890,7,modifica,3004202120,exaec,,0
GO Ext. N° 6.890,7,modifica,3004202120,marca_exaec,,E
GO Ext. N° 6.890,7,modifica,3004202911,exaec,,0
GO Ext. N° 6.890,7,modifica,3004202911,marca_exaec,,E
GO Ext. N° 6.890,7,crea,3004202912,,,Las demás claritromicinas
GO Ext. N° 6.890,7,modifica,3004202919,exaec,,0
GO Ext. N° 6.890,7,modifica,3004202919,marca_exaec,,E
GO Ext. N° 6.890,7,modifica,3004202920,exaec,,0
GO Ext. N° 6.890,7,modifica,3004202920,marca_exaec,,E
GO Ext. N° 6.890,7,modifica,3004203111,exaec,,0
GO Ext. N° 6.890,7,modifica,3004203111,marca_exaec,,E
GO Ext. N° 6.890,7,modifica,3004203119,exaec,,0
GO Ext. N° 6.890,7,modifica,3004203119,marca_exaec,,E
GO Ext. N° 6.890,7,modifica,3004203120,exaec,,0
GO Ext. N° 6.890,7,modifica,3004203120,marca_exaec,,E
GO Ext. N° 6.890,7,modifica,3004203211,exaec,,0
GO Ext. N° 6.890,7,modifica,3004203211,marca_exaec,,E
GO Ext. N° 6.890,7,modifica,3004203219,exaec,,0
GO Ext. N° 6.890,7,modifica,3004203219,marca_exaec,,E
GO Ext. N° 6.890,7,modifica,3004203220,exaec,,0
GO Ext. N° 6.890,7,modifica,3004203220,marca_exaec,,E
GO Ext. N° 6.890,7,modifica,3004203911,exaec,,0
GO Ext. N° 6.890,7,modifica,3004203911,marca_exaec,,E
GO Ext. N° 6.890,7,modifica,3004203919,exaec,,0
GO Ext. N° 6.890,7,modifica,3004203919,marca_exaec,,E
GO Ext. N° 6.890,7,modifica,3004203920,exaec,,0
GO Ext. N° 6.890,7,modifica,3004203920,marca_exaec,,E
GO Ext. N° 6.890,7,modifica,3004204111,exaec,,0
GO Ext. N° 6.890,7,modifica,3004204111,marca_exaec,,E
GO Ext. N° 6.890,7,modifica,3004204119,exaec,,0
GO Ext. N° 6.890,7,modifica,3004204119,marca_exaec,,E
GO Ext. N° 6.890,7,modifica,3004204120,exaec,,0
GO Ext. N° 6.890,7,modifica,3004204120,marca_exaec,,E
GO Ext. N° 6.890,7,modifica,3004204911,exaec,,0
GO Ext. N° 6.890,7,modifica,3004204911,marca_exaec,,E
GO Ext. N° 6.890,7,modifica,3004204919,exaec,,0
GO Ext. N° 6.890,7,modifica,3004204919,marca_exaec,,E
GO Ext. N° 6.890,7,modifica,3004204920,exaec,,0
GO Ext. N° 6.890,7,modifica,3004204920,marca_exaec,,E
GO Ext. N° 6.890,7,modifica,3004205111,exaec,,0
GO Ext. N° 6.890,7,modifica,3004205111,marca_exaec,,E
GO Ext. N° 6.890,7,modifica,3004205119,exaec,,0
GO Ext. N° 6.890,7,modifica,3004205119,marca_exaec,,E
GO Ext. N° 6.890,7,modifica,3004205120,exaec,,0
GO Ext. N° 6.890,7,modifica,3004205120,marca_exaec,,E
GO Ext. N° 6.890,7,modifica,3004205211,exaec,,0
GO Ext. N° 6.890,7,modifica,3004205211,marca_exaec,,E
GO Ext. N° 6.890,7,modifica,3004205219,exaec,,0
GO Ext. N° 6.890,7,modifica,3004205219,marca_exaec,,E
GO Ext. N° 6.890,7,modifica,3004205220,exaec,,0
GO Ext. N° 6.890,7,modifica,3004205220,marca_exaec,,E
GO Ext. N° 6.890,7,modifica,3004205911,exaec,,0
GO Ext. N° 6.890,7,modifica,3004205911,marca_exaec,,E
GO Ext. N° 6.890,7,crea,3004205912,,,Las demás cefadroxilos y cefiximas
GO Ext. N° 6.890,7,modifica,3004205919,exaec,,0
GO Ext. N° 6.890,7,modifica,3004205919,marca_exaec,,E
GO Ext. N° 6.890,7,modifica,3004205920,exaec,,0
GO Ext. N° 6.890,7,modifica,3004205920,marca_exaec,,E
GO Ext. N° 6.890,7,modifica,3004206111,exaec,,0
GO Ext. N° 6.890,7,modifica,3004206111,marca_exaec,,E
GO Ext. N° 6.890,7,modifica,3004206119,exaec,,0
GO Ext. N° 6.890,7,modifica,3004206119,marca_exaec,,E
GO Ext. N° 6.890,7,modifica,3004206120,exaec,,0
GO Ext. N° 6.890,7,modifica,3004206120,marca_exaec,,E
GO Ext. N° 6.890,7,modifica,3004206911,exaec,,0
GO Ext. N° 6.890,7,modifica,3004206911,marca_exaec,,E
GO Ext. N° 6.890,7,crea,3004206912,,,Las demás gentamicinas y neomicinas
GO Ext. N° 6.890,7,modifica,3004206919,exaec,,0
GO Ext. N° 6.890,7,modifica,3004206919,marca_exaec,,E
GO Ext. N° 6.890,7,modifica,3004206920,exaec,,0
GO Ext. N° 6.890,7,modifica,3004206920,marca_exaec,,E
GO Ext. N° 6.890,7,modifica,3004207111,exaec,,0
GO Ext. N° 6.890,7,modifica,3004207111,marca_exaec,,E
GO Ext. N° 6.890,7,modifica,3004207119,exaec,,0
GO Ext. N° 6.890,7,modifica,3004207119,marca_exaec,,E
GO Ext. N° 6.890,7,modifica,3004207120,exaec,,0
GO Ext. N° 6.890,7,modifica,3004207120,marca_exaec,,E
GO Ext. N° 6.890,7,modifica,3004207911,exaec,,0
GO Ext. N° 6.890,7,modifica,3004207911,marca_exaec,,E
GO Ext. N° 6.890,7,modifica,3004207919,exaec,,0
GO Ext. N° 6.890,7,modifica,3004207919,marca_exaec,,E
GO Ext. N° 6.890,7,modifica,3004207920,exaec,,0
GO Ext. N° 6.890,7,modifica,3004207920,marca_exaec,,E
GO Ext. N° 6.890,7,modifica,3004209211,exaec,,0
GO Ext. N° 6.890,7,modifica,3004209211,marca_exaec,,E
GO Ext. N° 6.890,7,modifica,3004209219,exaec,,0
GO Ext. N° 6.890,7,modifica,3004209219,marca_exaec,,E
GO Ext. N° 6.890,7,modifica,3004209220,exaec,,0
GO Ext. N° 6.890,7,modifica,3004209220,marca_exaec,,E
GO Ext. N° 6.890,7,modifica,3004209911,exaec,,0
GO Ext. N° 6.890,7,modifica,3004209911,marca_exaec,,E
GO Ext. N° 6.890,7,crea,3004209912,,,Las demás mupirocinas
GO Ext. N° 6.890,7,modifica,3004209919,exaec,,0
GO Ext. N° 6.890,7,modifica,3004209919,marca_exaec,,E
GO Ext. N° 6.890,7,modifica,3004209920,exaec,,0
GO Ext. N° 6.890,7,modifica,3004209920,marca_exaec,,E
GO Ext. N° 6.890,7,modifica,3004310010,exaec,,0
GO Ext. N° 6.890,7,modifica,3004310010,marca_exaec,,E
GO Ext. N° 6.890,7,modifica,3004310020,exaec,,0
GO Ext. N° 6.890,7,modifica,3004310020,marca_exaec,,E
GO Ext. N° 6.890,7,modifica,3004321011,exaec,,0
GO Ext. N° 6.890,7,modifica,3004321011,marca_exaec,,E
GO Ext. N° 6.890,7,crea,3004321012,,,"Las demás betametasonas, dexametasonas, mometasonas, prednisolonas"
GO Ext. N° 6.890,7,modifica,3004321019,exaec,,0
GO Ext. N° 6.890,7,modifica,3004321019,marca_exaec,,E
GO Ext. N° 6.890,7,modifica,3004321020,exaec,,0
GO Ext. N° 6.890,7,modifica,3004321020,marca_exaec,,E
GO Ext. N° 6.890,7,modifica,3004322011,exaec,,0
GO Ext. N° 6.890,7,modifica,3004322011,marca_exaec,,E
GO Ext. N° 6.890,7,modifica,3004322019,exaec,,0
GO Ext. N° 6.890,7,modifica,3004322019,marca_exaec,,E
GO Ext. N° 6.890,7,modifica,3004322020,exaec,,0
GO Ext. N° 6.890,7,modifica,3004322020,marca_exaec,,E
GO Ext. N° 6.890,7,modifica,3004329011,exaec,,0
GO Ext. N° 6.890,7,modifica,3004329011,marca_exaec,,E
GO Ext. N° 6.890,7,modifica,3004329019,exaec,,0
GO Ext. N° 6.890,7,modifica,3004329019,marca_exaec,,E
GO Ext. N° 6.890,7,modifica,3004329020,exaec,,0
GO Ext. N° 6.890,7,modifica,3004329020,marca_exaec,,E
GO Ext. N° 6.890,7,modifica,3004391211,exaec,,0
GO Ext. N° 6.890,7,modifica,3004391211,marca_exaec,,E
GO Ext. N° 6.890,7,modifica,3004391219,exaec,,0
GO Ext. N° 6.890,7,modifica,3004391219,marca_exaec,,E
GO Ext. N° 6.890,7,modifica,3004391220,exaec,,0
GO Ext. N° 6.890,7,modifica,3004391220,marca_exaec,,E
GO Ext. N° 6.890,7,modifica,3004391311,exaec,,0
GO Ext. N° 6.890,7,modifica,3004391311,marca_exaec,,E
GO Ext. N° 6.890,7,modifica,3004391319,exaec,,0
GO Ext. N° 6.890,7,modifica,3004391319,marca_exaec,,E
GO Ext. N° 6.890,7,modifica,3004391320,exaec,,0
GO Ext. N° 6.890,7,modifica,3004391320,marca_exaec,,E
GO Ext. N° 6.890,7,modifica,3004391411,exaec,,0
GO Ext. N° 6.890,7,modifica,3004391411,marca_exaec,,E
GO Ext. N° 6.890,7,modifica,3004391419,exaec,,0
GO Ext. N° 6.890,7,modifica,3004391419,marca_exaec,,E
GO Ext. N° 6.890,7,modifica,3004391420,exaec,,0
GO Ext. N° 6.890,7,modifica,3004391420,marca_exaec,,E
GO Ext. N° 6.890,7,modifica,3004391511,exaec,,0
GO Ext. N° 6.890,7,modifica,3004391511,marca_exaec,,E
GO Ext. N° 6.890,7,modifica,3004391519,exaec,,0
GO Ext. N° 6.890,7,modifica,3004391519,marca_exaec,,E
GO Ext. N° 6.890,7,modifica,3004391520,exaec,,0
GO Ext. N° 6.890,7,modifica,3004391520,marca_exaec,,E
GO Ext. N° 6.890,7,modifica,3004392211,exaec,,0
GO Ext. N° 6.890,7,modifica,3004392211,marca_exaec,,E
GO Ext. N° 6.890,7,modifica,3004392219,exaec,,0
GO Ext. N° 6.890,7,modifica,3004392219,marca_exaec,,E
GO Ext. N° 6.890,7,modifica,3004392220,exaec,,0
GO Ext. N° 6.890,7,modifica,3004392220,marca_exaec,,E
GO Ext. N° 6.890,7,modifica,3004392311,exaec,,0
GO Ext. N° 6.890,7,modifica,3004392311,marca_exaec,,E
GO Ext. N° 6.890,7,modifica,3004392319,exaec,,0
GO Ext. N° 6.890,7,modifica,3004392319,marca_exaec,,E
GO Ext. N° 6.890,7,modifica,3004392320,exaec,,0
GO Ext. N° 6.890,7,modifica,3004392320,marca_exaec,,E
GO Ext. N° 6.890,7,modifica,3004392511,exaec,,0
GO Ext. N° 6.890,7,modifica,3004392511,marca_exaec,,E
GO Ext. N° 6.890,7,modifica,3004392519,exaec,,0
GO Ext. N° 6.890,7,modifica,3004392519,marca_exaec,,E
GO Ext. N° 6.890,7,modifica,3004392520,exaec,,0
GO Ext. N° 6.890,7,modifica,3004392520,marca_exaec,,E
GO Ext. N° 6.890,7,modifica,3004392911,exaec,,0
GO Ext. N° 6.890,7,modifica,3004392911,marca_exaec,,E
GO Ext. N° 6.890,7,modifica,3004392919,exaec,,0
GO Ext. N° 6.890,7,modifica,3004392919,marca_exaec,,E
GO Ext. N° 6.890,7,modifica,3004392920,exaec,,0
GO Ext. N° 6.890,7,modifica,3004392920,marca_exaec,,E
GO Ext. N° 6.890,7,modifica,3004393111,exaec,,0
GO Ext. N° 6.890,7,modifica,3004393111,marca_exaec,,E
GO Ext. N° 6.890,7,modifica,3004393119,exaec,,0
GO Ext. N° 6.890,7,modifica,3004393119,marca_exaec,,E
GO Ext. N° 6.890,7,modifica,3004393120,exaec,,0
GO Ext. N° 6.890,7,modifica,3004393120,marca_exaec,,E
GO Ext. N° 6.890,7,modifica,3004393211,exaec,,0
GO Ext. N° 6.890,7,modifica,3004393211,marca_exaec,,E
GO Ext. N° 6.890,7,modifica,3004393219,exaec,,0
GO Ext. N° 6.890,7,modifica,3004393219,marca_exaec,,E
GO Ext. N° 6.890,7,modifica,3004393220,exaec,,0
GO Ext. N° 6.890,7,modifica,3004393220,marca_exaec,,E
GO Ext. N° 6.890,7,modifica,3004393311,exaec,,0
GO Ext. N° 6.890,7,modifica,3004393311,marca_exaec,,E
GO Ext. N° 6.890,7,modifica,3004393319,exaec,,0
GO Ext. N° 6.890,7,modifica,3004393319,marca_exaec,,E
GO Ext. N° 6.890,7,modifica,3004393320,exaec,,0
GO Ext. N° 6.890,7,modifica,3004393320,marca_exaec,,E
GO Ext. N° 6.890,7,modifica,3004393411,exaec,,0
GO Ext. N° 6.890,7,modifica,3004393411,marca_exaec,,E
GO Ext. N° 6.890,7,modifica,3004393419,exaec,,0
GO Ext. N° 6.890,7,modifica,3004393419,marca_exaec,,E
GO Ext. N° 6.890,7,modifica,3004393420,exaec,,0
GO Ext. N° 6.890,7,modifica,3004393420,marca_exaec,,E
GO Ext. N° 6.890,7,modifica,3004393511,exaec,,0
GO Ext. N° 6.890,7,modifica,3004393511,marca_exaec,,E
GO Ext. N° 6.890,7,modifica,3004393519,exaec,,0
GO Ext. N° 6.890,7,modifica,3004393519,marca_exaec,,E
GO Ext. N° 6.890,7,modifica,3004393520,exaec,,0
GO Ext. N° 6.890,7,modifica,3004393520,marca_exaec,,E
GO Ext. N° 6.890,7,modifica,3004393711,exaec,,0
GO Ext. N° 6.890,7,modifica,3004393711,marca_exaec,,E
GO Ext. N° 6.890,7,modifica,3004393719,exaec,,0
GO Ext. N° 6.890,7,modifica,3004393719,marca_exaec,,E
GO Ext. N° 6.890,7,modifica,3004393720,exaec,,0
GO Ext. N° 6.890,7,modifica,3004393720,marca_exaec,,E
GO Ext. N° 6.890,7,modifica,3004393911,exaec,,0
GO Ext. N° 6.890,7,modifica,3004393911,marca_exaec,,E
GO Ext. N° 6.890,7,modifica,3004393919,exaec,,0
GO Ext. N° 6.890,7,modifica,3004393919,marca_exaec,,E
GO Ext. N° 6.890,7,modifica,3004393920,exaec,,0
GO Ext. N° 6.890,7,modifica,3004393920,marca_exaec,,E
GO Ext. N° 6.890,7,modifica,3004398111,exaec,,0
GO Ext. N° 6.890,7,modifica,3004398111,marca_exaec,,E
GO Ext. N° 6.890,7,modifica,3004398119,exaec,,0
GO Ext. N° 6.890,7,modifica,3004398119,marca_exaec,,E
GO Ext. N° 6.890,7,modifica,3004398120,exaec,,0
GO Ext. N° 6.890,7,modifica,3004398120,marca_exaec,,E
GO Ext. N° 6.890,7,modifica,3004398211,exaec,,0
GO Ext. N° 6.890,7,modifica,3004398211,marca_exaec,,E
GO Ext. N° 6.890,7,modifica,3004398219,exaec,,0
GO Ext. N° 6.890,7,modifica,3004398219,marca_exaec,,E
GO Ext. N° 6.890,7,modifica,3004398220,exaec,,0
GO Ext. N° 6.890,7,modifica,3004398220,marca_exaec,,E
GO Ext. N° 6.890,7,modifica,3004399211,exaec,,0
GO Ext. N° 6.890,7,modifica,3004399211,marca_exaec,,E
GO Ext. N° 6.890,7,modifica,3004399219,exaec,,0
GO Ext. N° 6.890,7,modifica,3004399219,marca_exaec,,E
GO Ext. N° 6.890,7,modifica,3004399220,exaec,,0
GO Ext. N° 6.890,7,modifica,3004399220,marca_exaec,,E
GO Ext. N° 6.890,7,modifica,3004399911,exaec,,0
GO Ext. N° 6.890,7,modifica,3004399911,marca_exaec,,E
GO Ext. N° 6.890,7,crea,3004399912,,,Las demás dutasteridas
GO Ext. N° 6.890,7,modifica,3004399919,exaec,,0
GO Ext. N° 6.890,7,modifica,3004399919,marca_exaec,,E
GO Ext. N° 6.890,7,modifica,3004399920,exaec,,0
GO Ext. N° 6.890,7,modifica,3004399920,marca_exaec,,E
GO Ext. N° 6.890,7,modifica,3004410020,exaec,,0
GO Ext. N° 6.890,7,modifica,3004410020,marca_exaec,,E
GO Ext. N° 6.890,7,modifica,3004420020,exaec,,0
GO Ext. N° 6.890,7,modifica,3004420020,marca_exaec,,E
GO Ext. N° 6.890,7,modifica,3004430020,exaec,,0
GO Ext. N° 6.890,7,modifica,3004430020,marca_exaec,,E
GO Ext. N° 6.890,7,modifica,3004491020,exaec,,0
GO Ext. N° 6.890,7,modifica,3004491020,marca_exaec,,E
GO Ext. N° 6.890,7,modifica,3004492020,exaec,,0
GO Ext. N° 6.890,7,modifica,3004492020,marca_exaec,,E
GO Ext. N° 6.890,7,modifica,3004493020,exaec,,0
GO Ext. N° 6.890,7,modifica,3004493020,marca_exaec,,E
GO Ext. N° 6.890,7,modifica,3004494020,exaec,,0
GO Ext. N° 6.890,7,modifica,3004494020,marca_exaec,,E
GO Ext. N° 6.890,7,modifica,3004495020,exaec,,0
GO Ext. N° 6.890,7,modifica,3004495020,marca_exaec,,E
GO Ext. N° 6.890,7,crea,300449901,,,Para uso humano:
GO Ext. N° 6.890,7,crea,3004499011,,,"Cafeína incluso con clorfeniramina, dihidroergotamina o paracetamol; clorhidrato de morfina; hioscina incluso con ibuprofeno, oxazepan o paracetamol; tiocolchicósido incluso con ibuprofeno"
GO Ext. N° 6.890,7,crea,3004499019,,,Los demás
GO Ext. N° 6.890,7,modifica,3004499020,exaec,,0
GO Ext. N° 6.890,7,modifica,3004499020,marca_exaec,,E
GO Ext. N° 6.890,7,modifica,3004501010,exaec,,0
GO Ext. N° 6.890,7,modifica,3004501010,marca_exaec,,E
GO Ext. N° 6.890,7,modifica,3004501020,exaec,,0
GO Ext. N° 6.890,7,modifica,3004501020,marca_exaec,,E
GO Ext. N° 6.890,7,modifica,3004502010,exaec,,0
GO Ext. N° 6.890,7,modifica,3004502010,marca_exaec,,E
GO Ext. N° 6.890,7,modifica,3004502020,exaec,,0
GO Ext. N° 6.890,7,modifica,3004502020,marca_exaec,,E
GO Ext. N° 6.890,7,modifica,3004503010,exaec,,0
GO Ext. N° 6.890,7,modifica,3004503010,marca_exaec,,E
GO Ext. N° 6.890,7,modifica,3004503020,exaec,,0
GO Ext. N° 6.890,7,modifica,3004503020,marca_exaec,,E
GO Ext. N° 6.890,7,modifica,3004504010,exaec,,0
GO Ext. N° 6.890,7,modifica,3004504010,marca_exaec,,E
GO Ext. N° 6.890,7,modifica,3004504020,exaec,,0
GO Ext. N° 6.890,7,modifica,3004504020,marca_exaec,,E
GO Ext. N° 6.890,7,modifica,3004505010,exaec,,0
GO Ext. N° 6.890,7,modifica,3004505010,marca_exaec,,E
GO Ext. N° 6.890,7,modifica,3004505020,exaec,,0
GO Ext. N° 6.890,7,modifica,3004505020,marca_exaec,,E
GO Ext. N° 6.890,7,crea,300450901,,,Para uso humano:
GO Ext. N° 6.890,7,crea,3004509011,,,Ácido fólico
GO Ext. N° 6.890,7,crea,3004509012,,,"Complejos de vitamina B, incluso que contengan compuestos de las subpartidas 3004.50.10, 3004.50.20, 3004.50.30 o lidocaína"
GO Ext. N° 6.890,7,crea,3004509019,,,Los demás
GO Ext. N° 6.890,7,modifica,3004509020,exaec,,0
GO Ext. N° 6.890,7,modifica,3004509020,marca_exaec,,E
GO Ext. N° 6.890,7,modifica,3004600000,exaec,,0
GO Ext. N° 6.890,7,modifica,3004600000,marca_exaec,,E
GO Ext. N° 6.890,7,modifica,3004901410,exaec,,0
GO Ext. N° 6.890,7,modifica,3004901410,marca_exaec,,E
GO Ext. N° 6.890,7,modifica,3004901420,exaec,,0
GO Ext. N° 6.890,7,modifica,3004901420,marca_exaec,,E
GO Ext. N° 6.890,7,modifica,3004901510,exaec,,0
GO Ext. N° 6.890,7,modifica,3004901510,marca_exaec,,E
GO Ext. N° 6.890,7,modifica,3004901520,exaec,,0
GO Ext. N° 6.890,7,modifica,3004901520,marca_exaec,,E
GO Ext. N° 6.890,7,crea,300490191,,,Para uso humano:
GO Ext. N° 6.890,7,crea,3004901911,,,Lactasa; pancreatina incluso con simeticona
GO Ext. N° 6.890,7,crea,3004901919,,,Los demás
GO Ext. N° 6.890,7,modifica,3004901920,exaec,,0
GO Ext. N° 6.890,7,modifica,3004901920,marca_exaec,,E
GO Ext. N° 6.890,7,modifica,3004902110,exaec,,0
GO Ext. N° 6.890,7,modifica,3004902110,marca_exaec,,E
GO Ext. N° 6.890,7,modifica,3004902120,exaec,,0
GO Ext. N° 6.890,7,modifica,3004902120,marca_exaec,,E
GO Ext. N° 6.890,7,modifica,3004902210,exaec,,0
GO Ext. N° 6.890,7,modifica,3004902210,marca_exaec,,E
GO Ext. N° 6.890,7,modifica,3004902220,exaec,,0
GO Ext. N° 6.890,7,modifica,3004902220,marca_exaec,,E
GO Ext. N° 6.890,7,modifica,3004902310,exaec,,0
GO Ext. N° 6.890,7,modifica,3004902310,marca_exaec,,E
GO Ext. N° 6.890,7,modifica,3004902320,exaec,,0
GO Ext. N° 6.890,7,modifica,3004902320,marca_exaec,,E
GO Ext. N° 6.890,7,crea,300490241,,,Para uso humano:
GO Ext. N° 6.890,7,crea,3004902411,,,Ácido O- acetilsalicílico
GO Ext. N° 6.890,7,crea,3004902419,,,Los demás
GO Ext. N° 6.890,7,modifica,3004902420,exaec,,0
GO Ext. N° 6.890,7,modifica,3004902420,marca_exaec,,E
GO Ext. N° 6.890,7,modifica,3004902510,exaec,,0
GO Ext. N° 6.890,7,modifica,3004902510,marca_exaec,,E
GO Ext. N° 6.890,7,modifica,3004902520,exaec,,0
GO Ext. N° 6.890,7,modifica,3004902520,marca_exaec,,E
GO Ext. N° 6.890,7,modifica,3004902610,exaec,,0
GO Ext. N° 6.890,7,modifica,3004902610,marca_exaec,,E
GO Ext. N° 6.890,7,modifica,3004902620,exaec,,0
GO Ext. N° 6.890,7,modifica,3004902620,marca_exaec,,E
GO Ext. N° 6.890,7,modifica,3004902710,exaec,,0
GO Ext. N° 6.890,7,modifica,3004902710,marca_exaec,,E
GO Ext. N° 6.890,7,modifica,3004902720,exaec,,0
GO Ext. N° 6.890,7,modifica,3004902720,marca_exaec,,E
GO Ext. N° 6.890,7,crea,300490291,,,Para uso humano:
GO Ext. N° 6.890,7,crea,3004902911,,,Ácido benzoico; ácido salicílico; carboximetilcisteína; ciprofibrato; ibuprufeno; ketoprofeno; naproxeno; orofeno
GO Ext. N° 6.890,7,crea,3004902919,,,Los demás
GO Ext. N° 6.890,7,modifica,3004902920,exaec,,0
GO Ext. N° 6.890,7,modifica,3004902920,marca_exaec,,E
GO Ext. N° 6.890,7,modifica,3004903110,exaec,,0
GO Ext. N° 6.890,7,modifica,3004903110,marca_exaec,,E
GO Ext. N° 6.890,7,modifica,3004903120,exaec,,0
GO Ext. N° 6.890,7,modifica,3004903120,marca_exaec,,E
GO Ext. N° 6.890,7,modifica,3004903210,exaec,,0
GO Ext. N° 6.890,7,modifica,3004903210,marca_exaec,,E
GO Ext. N° 6.890,7,modifica,3004903220,exaec,,0
GO Ext. N° 6.890,7,modifica,3004903220,marca_exaec,,E
GO Ext. N° 6.890,7,modifica,3004903310,exaec,,0
GO Ext. N° 6.890,7,modifica,3004903310,marca_exaec,,E
GO Ext. N° 6.890,7,modifica,3004903320,exaec,,0
GO Ext. N° 6.890,7,modifica,3004903320,marca_exaec,,E
GO Ext. N° 6.890,7,modifica,3004903410,exaec,,0
GO Ext. N° 6.890,7,modifica,3004903410,marca_exaec,,E
GO Ext. N° 6.890,7,modifica,3004903420,exaec,,0
GO Ext. N° 6.890,7,modifica,3004903420,marca_exaec,,E
GO Ext. N° 6.890,7,modifica,3004903510,exaec,,0
GO Ext. N° 6.890,7,modifica,3004903510,marca_exaec,,E
GO Ext. N° 6.890,7,modifica,3004903520,exaec,,0
GO Ext. N° 6.890,7,modifica,3004903520,marca_exaec,,E
GO Ext. N° 6.890,7,modifica,3004903610,exaec,,0
GO Ext. N° 6.890,7,modifica,3004903610,marca_exaec,,E
GO Ext. N° 6.890,7,modifica,3004903620,exaec,,0
GO Ext. N° 6.890,7,modifica,3004903620,marca_exaec,,E
GO Ext. N° 6.890,7,modifica,3004903710,exaec,,4
GO Ext. N° 6.890,7,modifica,3004903710,marca_exaec,,E
GO Ext. N° 6.890,7,modifica,3004903720,exaec,,4
GO Ext. N° 6.890,7,modifica,3004903720,marca_exaec,,E
GO Ext. N° 6.890,7,crea,300490391,,,Para uso humano:
GO Ext. N° 6.890,7,crea,3004903911,,,Ambroxol; bisoprolol; bromhexina; fluoxetina; isoxsuprina; mebeverina; pregabalina; propranolol; salbutamol; sertralina; terbinafina; tolterodina; tramadol; trimebutina; venlafaxina
GO Ext. N° 6.890,7,crea,3004903919,,,Los demás
GO Ext. N° 6.890,7,modifica,3004903920,exaec,,0
GO Ext. N° 6.890,7,modifica,3004903920,marca_exaec,,E
GO Ext. N° 6.890,7,crea,300490411,,,Para uso humano:
GO Ext. N° 6.890,7,crea,3004904111,,,Metoclopramida
GO Ext. N° 6.890,7,crea,3004904119,,,Los demás
GO Ext. N° 6.890,7,modifica,3004904120,exaec,,0
GO Ext. N° 6.890,7,modifica,3004904120,marca_exaec,,E
GO Ext. N° 6.890,7,crea,300490421,,,Para uso humano:
GO Ext. N° 6.890,7,crea,3004904211,,,Atenolol
GO Ext. N° 6.890,7,crea,3004904219,,,Los demás
GO Ext. N° 6.890,7,modifica,3004904220,exaec,,0
GO Ext. N° 6.890,7,modifica,3004904220,marca_exaec,,E
GO Ext. N° 6.890,7,modifica,3004904310,exaec,,0
GO Ext. N° 6.890,7,modifica,3004904310,marca_exaec,,E
GO Ext. N° 6.890,7,modifica,3004904320,exaec,,0
GO Ext. N° 6.890,7,modifica,3004904320,marca_exaec,,E
GO Ext. N° 6.890,7,modifica,3004904410,exaec,,0
GO Ext. N° 6.890,7,modifica,3004904410,marca_exaec,,E
GO Ext. N° 6.890,7,modifica,3004904420,exaec,,0
GO Ext. N° 6.890,7,modifica,3004904420,marca_exaec,,E
GO Ext. N° 6.890,7,crea,300490451,,,Para uso humano:
GO Ext. N° 6.890,7,crea,3004904511,,,Paracetamol
GO Ext. N° 6.890,7,crea,3004904519,,,Los demás
GO Ext. N° 6.890,7,modifica,3004904520,exaec,,0
GO Ext. N° 6.890,7,modifica,3004904520,marca_exaec,,E
GO Ext. N° 6.890,7,modifica,3004904610,exaec,,0
GO Ext. N° 6.890,7,modifica,3004904610,marca_exaec,,E
GO Ext. N° 6.890,7,modifica,3004904620,exaec,,0
GO Ext. N° 6.890,7,modifica,3004904620,marca_exaec,,E
GO Ext. N° 6.890,7,modifica,3004904710,exaec,,0
GO Ext. N° 6.890,7,modifica,3004904710,marca_exaec,,E
GO Ext. N° 6.890,7,modifica,3004904720,exaec,,0
GO Ext. N° 6.890,7,modifica,3004904720,marca_exaec,,E
GO Ext. N° 6.890,7,crea,300490491,,,Para uso humano:
GO Ext. N° 6.890,7,crea,3004904911,,,Metformina; sitagliptina
GO Ext. N° 6.890,7,crea,3004904919,,,Los demás
GO Ext. N° 6.890,7,modifica,3004904920,exaec,,0
GO Ext. N° 6.890,7,modifica,3004904920,marca_exaec,,E
GO Ext. N° 6.890,7,modifica,3004905110,exaec,,0
GO Ext. N° 6.890,7,modifica,3004905110,marca_exaec,,E
GO Ext. N° 6.890,7,modifica,3004905120,exaec,,0
GO Ext. N° 6.890,7,modifica,3004905120,marca_exaec,,E
GO Ext. N° 6.890,7,modifica,3004905210,exaec,,0
GO Ext. N° 6.890,7,modifica,3004905210,marca_exaec,,E
GO Ext. N° 6.890,7,modifica,3004905220,exaec,,0
GO Ext. N° 6.890,7,modifica,3004905220,marca_exaec,,E
GO Ext. N° 6.890,7,modifica,3004905310,exaec,,0
GO Ext. N° 6.890,7,modifica,3004905310,marca_exaec,,E
GO Ext. N° 6.890,7,modifica,3004905320,exaec,,0
GO Ext. N° 6.890,7,modifica,3004905320,marca_exaec,,E
GO Ext. N° 6.890,7,modifica,3004905410,exaec,,4
GO Ext. N° 6.890,7,modifica,3004905410,marca_exaec,,E
GO Ext. N° 6.890,7,modifica,3004905420,exaec,,0
GO Ext. N° 6.890,7,modifica,3004905420,marca_exaec,,E
GO Ext. N° 6.890,7,modifica,3004905510,exaec,,0
GO Ext. N° 6.890,7,modifica,3004905510,marca_exaec,,E
GO Ext. N° 6.890,7,modifica,3004905520,exaec,,0
GO Ext. N° 6.890,7,modifica,3004905520,marca_exaec,,E
GO Ext. N° 6.890,7,modifica,3004905710,exaec,,0
GO Ext. N° 6.890,7,modifica,3004905710,marca_exaec,,E
GO Ext. N° 6.890,7,modifica,3004905720,exaec,,0
GO Ext. N° 6.890,7,modifica,3004905720,marca_exaec,,E
GO Ext. N° 6.890,7,crea,300490591,,,Para uso humano:
GO Ext. N° 6.890,7,crea,3004905911,,,Empagliflozina; ivermectina; orlistat (tetrahidrolipstatina; ranitidina; simvastatina
GO Ext. N° 6.890,7,crea,3004905919,,,Los demás
GO Ext. N° 6.890,7,modifica,3004905920,exaec,,0
GO Ext. N° 6.890,7,modifica,3004905920,marca_exaec,,E
GO Ext. N° 6.890,7,crea,300490611,,,Para uso humano:
GO Ext. N° 6.890,7,crea,3004906111,,,Nitrato de isoconazol; trimetoprim
GO Ext. N° 6.890,7,crea,3004906119,,,Los demás
GO Ext. N° 6.890,7,modifica,3004906120,exaec,,0
GO Ext. N° 6.890,7,modifica,3004906120,marca_exaec,,E
GO Ext. N° 6.890,7,crea,300490621,,,Para uso humano:
GO Ext. N° 6.890,7,crea,3004906211,,,Ketorolac; Clorhidrato de loperamida; nifedipina; nimodipina
GO Ext. N° 6.890,7,crea,3004906219,,,Los demás
GO Ext. N° 6.890,7,modifica,3004906220,exaec,,0
GO Ext. N° 6.890,7,modifica,3004906220,marca_exaec,,E
GO Ext. N° 6.890,7,crea,300490631,,,Para uso humano:
GO Ext. N° 6.890,7,crea,3004906311,,,Albendazol
GO Ext. N° 6.890,7,crea,3004906319,,,Los demás
GO Ext. N° 6.890,7,modifica,3004906320,exaec,,0
GO Ext. N° 6.890,7,modifica,3004906320,marca_exaec,,E
GO Ext. N° 6.890,7,crea,300490641,,,Para uso humano:
GO Ext. N° 6.890,7,crea,3004906411,,,Alprazolam; bromazepam
GO Ext. N° 6.890,7,crea,3004906419,,,Los demás
GO Ext. N° 6.890,7,modifica,3004906420,exaec,,0
GO Ext. N° 6.890,7,modifica,3004906420,marca_exaec,,E
GO Ext. N° 6.890,7,modifica,3004906510,exaec,,0
GO Ext. N° 6.890,7,modifica,3004906510,marca_exaec,,E
GO Ext. N° 6.890,7,modifica,3004906520,exaec,,0
GO Ext. N° 6.890,7,modifica,3004906520,marca_exaec,,E
GO Ext. N° 6.890,7,crea,300490661,,,Para uso humano:
GO Ext. N° 6.890,7,crea,3004906611,,,Metronidazol
GO Ext. N° 6.890,7,crea,3004906619,,,Los demás
GO Ext. N° 6.890,7,modifica,3004906620,exaec,,0
GO Ext. N° 6.890,7,modifica,3004906620,marca_exaec,,E
GO Ext. N° 6.890,7,crea,300490671,,,Para uso humano:
GO Ext. N° 6.890,7,crea,3004906711,,,Clonazepam; maleato de enalapril
GO Ext. N° 6.890,7,crea,3004906719,,,Los demás
GO Ext. N° 6.890,7,modifica,3004906720,exaec,,0
GO Ext. N° 6.890,7,modifica,3004906720,marca_exaec,,E
GO Ext. N° 6.890,7,crea,300490691,,,Para uso humano:
GO Ext. N° 6.890,7,crea,3004906911,,,Aciclovir; amilorida; amlodipino; apixabán; atorvastatina; bencidamina; betahistina; buspirona; candesartán; captopril; carbamazepina; carvedilol; cetilpiridinio; cetirizina; cinarizina; ciprofloxacino;clonidina; clonixinato de lisina; clorfeniramina; clotrimazol
GO Ext. N° 6.890,7,crea,3004906912,,,Desloratadina; desonida; dextrometorfano; domperidona; esomeprazol; etoricoxib; fexofenadina; fluconazol; flunarizina; flurazepam; irbesartán; lamotrigina; lansoprazol; lercanidipino; levocetirizina; loratadina; losartán; metamizol (dipirona)
GO Ext. N° 6.890,7,crea,3004906913,,,Mirtazapina; montelukast; moxifloxacina; moxifloxacino; omeprazol; oximetazolina; pantoprazol; piritinol; secnidazol; ticagrelor; valsartán; zolpidem
GO Ext. N° 6.890,7,crea,3004906919,,,Los demás
GO Ext. N° 6.890,7,modifica,3004906920,exaec,,0
GO Ext. N° 6.890,7,modifica,3004906920,marca_exaec,,E
GO Ext. N° 6.890,7,modifica,3004907110,exaec,,0
GO Ext. N° 6.890,7,modifica,3004907110,marca_exaec,,E
GO Ext. N° 6.890,7,modifica,3004907120,exaec,,0
GO Ext. N° 6.890,7,modifica,3004907120,marca_exaec,,E
GO Ext. N° 6.890,7,modifica,3004907210,exaec,,0
GO Ext. N° 6.890,7,modifica,3004907210,marca_exaec,,E
GO Ext. N° 6.890,7,modifica,3004907220,exaec,,0
GO Ext. N° 6.890,7,modifica,3004907220,marca_exaec,,E
GO Ext. N° 6.890,7,crea,300490731,,,Para uso humano:
GO Ext. N° 6.890,7,crea,3004907311,,,Piroxicam
GO Ext. N° 6.890,7,crea,3004907319,,,Los demás
GO Ext. N° 6.890,7,modifica,3004907320,exaec,,0
GO Ext. N° 6.890,7,modifica,3004907320,marca_exaec,,E
GO Ext. N° 6.890,7,modifica,3004907410,exaec,,0
GO Ext. N° 6.890,7,modifica,3004907410,marca_exaec,,E
GO Ext. N° 6.890,7,modifica,3004907420,exaec,,0
GO Ext. N° 6.890,7,modifica,3004907420,marca_exaec,,E
GO Ext. N° 6.890,7,modifica,3004907510,exaec,,0
GO Ext. N° 6.890,7,modifica,3004907510,marca_exaec,,E
GO Ext. N° 6.890,7,modifica,3004907520,exaec,,0
GO Ext. N° 6.890,7,modifica,3004907520,marca_exaec,,E
GO Ext. N° 6.890,7,modifica,3004907610,exaec,,0
GO Ext. N° 6.890,7,modifica,3004907610,marca_exaec,,E
GO Ext. N° 6.890,7,modifica,3004907620,exaec,,0
GO Ext. N° 6.890,7,modifica,3004907620,marca_exaec,,E
GO Ext. N° 6.890,7,crea,300490771,,,Para uso humano:
GO Ext. N° 6.890,7,crea,3004907711,,,Ketoconazol
GO Ext. N° 6.890,7,crea,3004907719,,,Los demás
GO Ext. N° 6.890,7,modifica,3004907720,exaec,,0
GO Ext. N° 6.890,7,modifica,3004907720,marca_exaec,,E
GO Ext. N° 6.890,7,crea,300490791,,,Para uso humano:
GO Ext. N° 6.890,7,crea,3004907911,,,Citicolina; Clopidogrel; Diltiazem; Diosmina; Glimepirida; Hidroclorotiazida; Hidroxicloroquina; Itraconazol; Levofloxacino; Levosulpirida; Meloxicam; Nimesulida; Olmesartán; Oxolamina; Pioglitazona; Pirantel; Prucaloprida; Quetiapina; Risperidona; Rivaroxabán; Rosuvastatina; Sildenafilo; Sulfametizol; Tadalafil; Tamsulosina
GO Ext. N° 6.890,7,crea,3004907919,,,Los demás
GO Ext. N° 6.890,7,modifica,3004907920,exaec,,0
GO Ext. N° 6.890,7,modifica,3004907920,marca_exaec,,E
GO Ext. N° 6.890,7,modifica,3004909110,exaec,,0
GO Ext. N° 6.890,7,modifica,3004909110,marca_exaec,,E
GO Ext. N° 6.890,7,modifica,3004909120,exaec,,0
GO Ext. N° 6.890,7,modifica,3004909120,marca_exaec,,E
GO Ext. N° 6.890,7,modifica,3004909210,exaec,,0
GO Ext. N° 6.890,7,modifica,3004909210,marca_exaec,,E
GO Ext. N° 6.890,7,modifica,3004909220,exaec,,0
GO Ext. N° 6.890,7,modifica,3004909220,marca_exaec,,E
GO Ext. N° 6.890,7,modifica,3004909310,exaec,,0
GO Ext. N° 6.890,7,modifica,3004909310,marca_exaec,,E
GO Ext. N° 6.890,7,modifica,3004909320,exaec,,0
GO Ext. N° 6.890,7,modifica,3004909320,marca_exaec,,E
GO Ext. N° 6.890,7,modifica,3004909410,exaec,,0
GO Ext. N° 6.890,7,modifica,3004909410,marca_exaec,,E
GO Ext. N° 6.890,7,modifica,3004909420,exaec,,0
GO Ext. N° 6.890,7,modifica,3004909420,marca_exaec,,E
GO Ext. N° 6.890,7,modifica,3004909610,exaec,,0
GO Ext. N° 6.890,7,modifica,3004909610,marca_exaec,,E
GO Ext. N° 6.890,7,modifica,3004909620,exaec,,0
GO Ext. N° 6.890,7,modifica,3004909620,marca_exaec,,E
GO Ext. N° 6.890,7,modifica,3004909700,exaec,,0
GO Ext. N° 6.890,7,modifica,3004909700,marca_exaec,,E
GO Ext. N° 6.890,7,modifica,3004909910,exaec,,0
GO Ext. N° 6.890,7,modifica,3004909910,marca_exaec,,E
GO Ext. N° 6.890,7,modifica,3004909922,exaec,,0
GO Ext. N° 6.890,7,modifica,3004909922,marca_exaec,,E
GO Ext. N° 6.890,7,modifica,3004909923,exaec,,0
GO Ext. N° 6.890,7,modifica,3004909923,marca_exaec,,E
GO Ext. N° 6.890,7,modifica,3004909924,exaec,,0
GO Ext. N° 6.890,7,modifica,3004909924,marca_exaec,,E
GO Ext. N° 6.890,7,modifica,3004909925,exaec,,0
GO Ext. N° 6.890,7,modifica,3004909925,marca_exaec,,E
GO Ext. N° 6.890,7,modifica,3004909930,exaec,,0
GO Ext. N° 6.890,7,modifica,3004909930,marca_exaec,,E
GO Ext. N° 6.890,7,crea,3004909943,,,"Soluciones que contengan dextrosa, cloruro de sodio, cloruro de potasio, cloruro de calcio, ácido láctico ionizado (lactato), manitol, bicarbonato de sodio o gluconato de calcio, incluidas las soluciones que contengan dos o más de estos compuestos, para uso humano"
GO Ext. N° 6.890,7,crea,3004909944,,,Las demás para uso humano
GO Ext. N° 6.890,7,crea,3004909945,,,Para uso veterinario
GO Ext. N° 6.890,7,modifica,3004909950,exaec,,0
GO Ext. N° 6.890,7,modifica,3004909950,marca_exaec,,E
GO Ext. N° 6.890,7,crea,3004909960,,,"Los demás que contengan benzalconio, carbonato de litio, glicerol, guaifenesina, hidróxido de aluminio en suspensión, lactulosa o simeticona"
GO Ext. N° 6.890,7,modifica,3004909991,descripcion,"Los demás medicamentos para uso veterinario, incluso los que contengan productos de las subpartidas 3004.90.91.00 a 3004.90.97.00, o de la subpartida 3004.90.99.10, o de las subpartidas 3004.90.99.21 a 3004.90.99.29, o de las subpartidas 3004.90.99.30 a 3004.90.99.50",Los demás medicamentos para uso veterinario
GO Ext. N° 6.890,7,modifica,3004909991,exaec,,8
GO Ext. N° 6.890,7,modifica,3004909991,marca_exaec,,E
GO Ext. N° 6.890,7,modifica,3004909999,exaec,,4
GO Ext. N° 6.890,7,modifica,3004909999,marca_exaec,,E
GO Ext. N° 6.890,8,elimina,0909210000,,Sin triturar ni pulverizar,
GO Ext. N° 6.890,8,elimina,1601000000,,"EMBUTIDOS Y PRODUCTOS SIMILARES DE CARNE, DESPOJOS, SANGRE O DE INSECTOS; PREPARACIONES ALIMENTICIAS A BASE DE ESTOS PRODUCTOS.",
GO Ext. N° 6.890,8,elimina,2711199000,,Los demás,
GO Ext. N° 6.890,8,elimina,2711299000,,Los demás,
GO Ext. N° 6.890,8,elimina,2901100000,,Saturados,
GO Ext. N° 6.890,8,elimina,2930904920,,S-2-diisopropilaminoetilmetilfosfonotiolato de 0-etilo,
GO Ext. N° 6.890,8,elimina,2930909600,,"Hidrogenoalquil(de C 1 a C 3) fosfonotioatos de [S-2-(dialquil(de C 1 a C 3)amino)etilo]; sus ésteres de O-alquilo (de hasta C 10, incluidos los cicloalquilos); sus sales alquiladas o protonadas",
GO Ext. N° 6.890,8,elimina,29333999,,Los demás:,
GO Ext. N° 6.890,8,elimina,2933399910,,4-anilino-N-fenetilpiperidina (ANPP),
GO Ext. N° 6.890,8,elimina,2933399920,,N-fenetil-4-piperidona (NPP),
GO Ext. N° 6.890,8,elimina,2933399990,,Los demás,
GO Ext. N° 6.890,8,elimina,7216611090,,Los demás,
GO Ext. N° 6.890,8,elimina,7314310000,,Cincadas,
GO Ext. N° 6.890,8,elimina,7607119000,,Las demás,
GO Ext. N° 6.890,8,elimina,7607199000,,Las demás,
GO Ext. N° 6.890,8,elimina,8547900000,,Los demás,
GO Ext. N° 6.890,8,elimina,9603900000,,Los demás,
GO Ext. N° 6.890,8,modifica,0701900000,regimen_importacion,"5,6,9","5,6"
GO Ext. N° 6.890,8,crea,09092100,,,Sin triturar ni pulverizar:
GO Ext. N° 6.890,8,crea,0909210010,,,Para la siembra
GO Ext. N° 6.890,8,crea,0909210090,,,Las demás
GO Ext. N° 6.890,8,modifica,1511900000,regimen_importacion,"5,8,9,12","5,8,12"
GO Ext. N° 6.890,8,modifica,1517100000,regimen_importacion,"5,9,12","5,12"
GO Ext. N° 6.890,8,crea,16010000,,,"EMBUTIDOS Y PRODUCTOS SIMILARES DE CARNE, DESPOJOS, SANGRE O DE INSECTOS; PREPARACIONES ALIMENTICIAS A BASE DE ESTOS PRODUCTOS."
GO Ext. N° 6.890,8,crea,1601000010,,,Mortadelas
GO Ext. N° 6.890,8,crea,1601000020,,,Salchichas
GO Ext. N° 6.890,8,crea,1601000090,,,Los demás
GO Ext. N° 6.890,8,modifica,1902190010,descripcion,"Pastas largas según Norma Venezolana COVENIN 283:1994 de obligatorio cumplimiento (excepto «Vermicelli», «Linguini» o «Bucatini»)","Pastas alimenticias de sémola durum y sémola de otros trigos, largas, según Norma Venezolana COVENIN 283:1994 de obligatorio cumplimiento"
GO Ext. N° 6.890,8,modifica,1902190010,exaec,20,40
GO Ext. N° 6.890,8,crea,27111990,,,Los demás:
GO Ext. N° 6.890,8,crea,2711199010,,,Metano
GO Ext. N° 6.890,8,crea,2711199090,,,Los demás
GO Ext. N° 6.890,8,crea,27112990,,,Los demás:
GO Ext. N° 6.890,8,crea,2711299010,,,Metano
GO Ext. N° 6.890,8,crea,2711299020,,,Gas Natural Comprimido (GNC)
GO Ext. N° 6.890,8,crea,2711299090,,,Los demás
GO Ext. N° 6.890,8,crea,29011000,,,Saturados:
GO Ext. N° 6.890,8,crea,2901100010,,,Pentano
GO Ext. N° 6.890,8,crea,2901100090,,,Los demás
GO Ext. N° 6.890,8,crea,2915909090,,,Los demás
GO Ext. N° 6.890,8,modifica,2930908100,regimen_importacion,,7
GO Ext. N° 6.890,8,modifica,2930908100,regimen_exportacion,,7
GO Ext. N° 6.890,8,modifica,2930908200,regimen_importacion,,7
GO Ext. N° 6.890,8,modifica,2930908200,regimen_exportacion,,7
GO Ext. N° 6.890,8,modifica,2930908300,regimen_importacion,,7
GO Ext. N° 6.890,8,modifica,2930908300,regimen_exportacion,,7
GO Ext. N° 6.890,8,modifica,2930908400,regimen_importacion,,7
GO Ext. N° 6.890,8,modifica,2930908400,regimen_exportacion,,7
GO Ext. N° 6.890,8,modifica,2930908500,regimen_importacion,,7
GO Ext. N° 6.890,8,modifica,2930908500,regimen_exportacion,,7
GO Ext. N° 6.890,8,modifica,2930908600,regimen_importacion,,7
GO Ext. N° 6.890,8,modifica,2930908600,regimen_exportacion,,7
GO Ext. N° 6.890,8,modifica,2930908700,regimen_importacion,,7
GO Ext. N° 6.890,8,modifica,2930908700,regimen_exportacion,,7
GO Ext. N° 6.890,8,modifica,2930908800,regimen_importacion,,7
GO Ext. N° 6.890,8,modifica,2930908800,regimen_exportacion,,7
GO Ext. N° 6.890,8,modifica,2930908900,regimen_importacion,,7
GO Ext. N° 6.890,8,modifica,2930908900,regimen_exportacion,,7
GO Ext. N° 6.890,8,crea,29309096,,,"Hidrogenoalquil(de C1 a C3) fosfonotioatos de [S-2- (dialquil(de C1 a C3)amino)etilo]; sus ésteres de O-alquilo (de hasta C10, incluidos los cicloalquilos); sus sales alquiladas o protonadas:"
GO Ext. N° 6.890,8,crea,2930909610,,,S-2- diisopropilaminoetilmetilf osfonotiolato de 0-etilo
GO Ext. N° 6.890,8,crea,2930909690,,,Los demás
GO Ext. N° 6.890,8,crea,2933399900,,,Los demás
GO Ext. N° 6.890,8,modifica,2933360000,regimen_importacion,4,21
GO Ext. N° 6.890,8,modifica,2933360000,regimen_exportacion,4,21
GO Ext. N° 6.890,8,modifica,2933370000,regimen_importacion,4,21
GO Ext. N° 6.890,8,modifica,2933370000,regimen_exportacion,4,21
GO Ext. N° 6.890,8,modifica,3402500091,exaec,12,35
GO Ext. N° 6.890,8,modifica,3402500092,exaec,,35
GO Ext. N° 6.890,8,modifica,3402500092,marca_exaec,,E
GO Ext. N° 6.890,8,modifica,3402500093,exaec,,35
GO Ext. N° 6.890,8,modifica,3402500093,marca_exaec,,E
GO Ext. N° 6.890,8,modifica,3402500094,exaec,12,35
GO Ext. N° 6.890,8,modifica,3402500095,exaec,12,35
GO Ext. N° 6.890,8,crea,3402500096,,,Para lavar vajillas en máquinas automáticas
GO Ext. N° 6.890,8,modifica,3402500099,exaec,,35
GO Ext. N° 6.890,8,modifica,3402500099,marca_exaec,,E
GO Ext. N° 6.890,8,modifica,3808592400,descripcion,"A base de 1,2,3,4,5,6- hexaclorocicloexano (HCH (ISO)), incluido el lindano (ISO, DCI)","A base de 1,2,3,4,5,6- hexaclorociclohexano (HCH (ISO)), incluido el lindano (ISO, DCI)"
GO Ext. N° 6.890,8,modifica,3824994100,exaec,0,2
GO Ext. N° 6.890,8,modifica,3824994100,marca_exaec,A,"E,A"
GO Ext. N° 6.890,8,modifica,6310100010,regimen_importacion,"5,9","5,4"
GO Ext. N° 6.890,8,crea,721661109,,,Los demás:
GO Ext. N° 6.890,8,crea,7216611091,,,"Del tipo de los utilizados en sistemas de construcción en seco «Draywall», de espesor inferior o igual a 0,45 mm"
GO Ext. N° 6.890,8,crea,7216611099,,,Los demás
GO Ext. N° 6.890,8,modifica,7310211000,regimen_importacion,,20
GO Ext. N° 6.890,8,modifica,7311000011,regimen_importacion,20,"11,20"
GO Ext. N° 6.890,8,modifica,7311000011,regimen_exportacion,,11
GO Ext. N° 6.890,8,crea,7311000012,,,Para aire comprimido para compresores
GO Ext. N° 6.890,8,modifica,7311000091,regimen_importacion,20,"11,20"
GO Ext. N° 6.890,8,modifica,7311000091,regimen_exportacion,,11
GO Ext. N° 6.890,8,crea,7311000092,,,Para aire comprimido para compresores
GO Ext. N° 6.890,8,crea,73143100,,,Cincadas:
GO Ext. N° 6.890,8,crea,7314310010,,,"Electroforjadas mediante soldadura de fusión generada por la inducción de corriente, del tipo de las utilizadas en pisos de escaleras, andamios, pasarelas y demás construcciones estructurales similares o en alcantarillas"
GO Ext. N° 6.890,8,crea,7314310090,,,Las demás
GO Ext. N° 6.890,8,crea,76071190,,,Las demás:
GO Ext. N° 6.890,8,crea,7607119010,,,"De espesor inferior o igual a 0,038 milímetros"
GO Ext. N° 6.890,8,crea,7607119090,,,Las demás
GO Ext. N° 6.890,8,crea,76071990,,,Las demás:
GO Ext. N° 6.890,8,crea,7607199010,,,"De espesor inferior o igual a 0,038 milímetros"
GO Ext. N° 6.890,8,crea,7607199090,,,Las demás
GO Ext. N° 6.890,8,modifica,8309100000,exaec,,35
GO Ext. N° 6.890,8,modifica,8309100000,marca_exaec,,"E,A"
GO Ext. N° 6.890,8,modifica,8309100000,regimen_importacion,,20
GO Ext. N° 6.890,8,crea,96039000,,,Los demás:
GO Ext. N° 6.890,8,crea,9603900010,,,Cabezas preparadas para brochas
GO Ext. N° 6.890,8,crea,9603900090,,,Los demás
GO Ext. N° 6.890,8,crea,9821000073,,,"Habas (porotos, frijoles, fréjoles) de soja (soya), incluso quebrantadas"
GO Ext. N° 6.890,8,modifica,9826000015,unidad,u,kg
GO Ext. N° 6.890,8,modifica,9826000016,unidad,u,kg
GO Ext. N° 6.890,8,modifica,9842000090,aec,,0
GO Ext. N° 6.890,8,modifica,9842000090,unidad,,u
GO Ext. N° 6.890,5,exaec,3001201000,exaec,,0
GO Ext. N° 6.890,5,exaec,3001201000,marca_exaec,,E
GO Ext. N° 6.890,5,exaec,3002411500,exaec,,0
GO Ext. N° 6.890,5,exaec,3002411500,marca_exaec,,E
GO Ext. N° 6.890,5,exaec,3003203200,exaec,,0
GO Ext. N° 6.890,5,exaec,3003203200,marca_exaec,,E
GO Ext. N° 6.890,5,exaec,3001209000,exaec,,0
GO Ext. N° 6.890,5,exaec,3001209000,marca_exaec,,E
GO Ext. N° 6.890,5,exaec,3002411600,exaec,,0
GO Ext. N° 6.890,5,exaec,3002411600,marca_exaec,,E
GO Ext. N° 6.890,5,exaec,3003203900,exaec,,0
GO Ext. N° 6.890,5,exaec,3003203900,marca_exaec,,E
GO Ext. N° 6.890,5,exaec,3001901000,exaec,,0
GO Ext. N° 6.890,5,exaec,3001901000,marca_exaec,,E
GO Ext. N° 6.890,5,exaec,3002411700,exaec,,0
GO Ext. N° 6.890,5,exaec,3002411700,marca_exaec,,E
GO Ext. N° 6.890,5,exaec,3003205100,exaec,,0
GO Ext. N° 6.890,5,exaec,3003205100,marca_exaec,,E
GO Ext. N° 6.890,5,exaec,3001902000,exaec,,0
GO Ext. N° 6.890,5,exaec,3001902000,marca_exaec,,E
GO Ext. N° 6.890,5,exaec,3002411800,exaec,,0
GO Ext. N° 6.890,5,exaec,3002411800,marca_exaec,,E
GO Ext. N° 6.890,5,exaec,3003205200,exaec,,0
GO Ext. N° 6.890,5,exaec,3003205200,marca_exaec,,E
GO Ext. N° 6.890,5,exaec,3001903100,exaec,,0
GO Ext. N° 6.890,5,exaec,3001903100,marca_exaec,,E
GO Ext. N° 6.890,5,exaec,3002411900,exaec,,0
GO Ext. N° 6.890,5,exaec,3002411900,marca_exaec,,E
GO Ext. N° 6.890,5,exaec,3003205900,exaec,,0
GO Ext. N° 6.890,5,exaec,3003205900,marca_exaec,,E
GO Ext. N° 6.890,5,exaec,3001903900,exaec,,0
GO Ext. N° 6.890,5,exaec,3001903900,marca_exaec,,E
GO Ext. N° 6.890,5,exaec,3002412100,exaec,,0
GO Ext. N° 6.890,5,exaec,3002412100,marca_exaec,,E
GO Ext. N° 6.890,5,exaec,3003206100,exaec,,0
GO Ext. N° 6.890,5,exaec,3003206100,marca_exaec,,E
GO Ext. N° 6.890,5,exaec,3001909000,exaec,,0
GO Ext. N° 6.890,5,exaec,3001909000,marca_exaec,,E
GO Ext. N° 6.890,5,exaec,3002412200,exaec,,0
GO Ext. N° 6.890,5,exaec,3002412200,marca_exaec,,E
GO Ext. N° 6.890,5,exaec,3003206900,exaec,,0
GO Ext. N° 6.890,5,exaec,3003206900,marca_exaec,,E
GO Ext. N° 6.890,5,exaec,3002121110,exaec,,0
GO Ext. N° 6.890,5,exaec,3002121110,marca_exaec,,E
GO Ext. N° 6.890,5,exaec,3002412300,exaec,,0
GO Ext. N° 6.890,5,exaec,3002412300,marca_exaec,,E
GO Ext. N° 6.890,5,exaec,3003207100,exaec,,0
GO Ext. N° 6.890,5,exaec,3003207100,marca_exaec,,E
GO Ext. N° 6.890,5,exaec,3002121120,exaec,,0
GO Ext. N° 6.890,5,exaec,3002121120,marca_exaec,,E
GO Ext. N° 6.890,5,exaec,3002412400,exaec,,0
GO Ext. N° 6.890,5,exaec,3002412400,marca_exaec,,E
GO Ext. N° 6.890,5,exaec,3003207900,exaec,,0
GO Ext. N° 6.890,5,exaec,3003207900,marca_exaec,,E
GO Ext. N° 6.890,5,exaec,3002121210,exaec,,0
GO Ext. N° 6.890,5,exaec,3002121210,marca_exaec,,E
GO Ext. N° 6.890,5,exaec,3002412500,exaec,,0
GO Ext. N° 6.890,5,exaec,3002412500,marca_exaec,,E
GO Ext. N° 6.890,5,exaec,3003209900,exaec,,0
GO Ext. N° 6.890,5,exaec,3003209900,marca_exaec,,E
GO Ext. N° 6.890,5,exaec,3002121220,exaec,,0
GO Ext. N° 6.890,5,exaec,3002121220,marca_exaec,,E
GO Ext. N° 6.890,5,exaec,3002412600,exaec,,0
GO Ext. N° 6.890,5,exaec,3002412600,marca_exaec,,E
GO Ext. N° 6.890,5,exaec,3003310000,exaec,,0
GO Ext. N° 6.890,5,exaec,3003310000,marca_exaec,,E
GO Ext. N° 6.890,5,exaec,3002121310,exaec,,0
GO Ext. N° 6.890,5,exaec,3002121310,marca_exaec,,E
GO Ext. N° 6.890,5,exaec,3002412700,exaec,,0
GO Ext. N° 6.890,5,exaec,3002412700,marca_exaec,,E
GO Ext. N° 6.890,5,exaec,3003391200,exaec,,0
GO Ext. N° 6.890,5,exaec,3003391200,marca_exaec,,E
GO Ext. N° 6.890,5,exaec,3002121320,exaec,,0
GO Ext. N° 6.890,5,exaec,3002121320,marca_exaec,,E
GO Ext. N° 6.890,5,exaec,3002412800,exaec,,0
GO Ext. N° 6.890,5,exaec,3002412800,marca_exaec,,E
GO Ext. N° 6.890,5,exaec,3003391400,exaec,,0
GO Ext. N° 6.890,5,exaec,3003391400,marca_exaec,,E
GO Ext. N° 6.890,5,exaec,3002121400,exaec,,0
GO Ext. N° 6.890,5,exaec,3002121400,marca_exaec,,E
GO Ext. N° 6.890,5,exaec,3002412900,exaec,,0
GO Ext. N° 6.890,5,exaec,3002412900,marca_exaec,,E
GO Ext. N° 6.890,5,exaec,3003391500,exaec,,0
GO Ext. N° 6.890,5,exaec,3003391500,marca_exaec,,E
GO Ext. N° 6.890,5,exaec,3002121500,exaec,,0
GO Ext. N° 6.890,5,exaec,3002121500,marca_exaec,,E
GO Ext. N° 6.890,5,exaec,3002421000,exaec,,0
GO Ext. N° 6.890,5,exaec,3002421000,marca_exaec,,E
GO Ext. N° 6.890,5,exaec,3003392200,exaec,,0
GO Ext. N° 6.890,5,exaec,3003392200,marca_exaec,,E
GO Ext. N° 6.890,5,exaec,3002121600,exaec,,0
GO Ext. N° 6.890,5,exaec,3002121600,marca_exaec,,E
GO Ext. N° 6.890,5,exaec,3002422000,exaec,,0
GO Ext. N° 6.890,5,exaec,3002422000,marca_exaec,,E
GO Ext. N° 6.890,5,exaec,3003392300,exaec,,0
GO Ext. N° 6.890,5,exaec,3003392300,marca_exaec,,E
GO Ext. N° 6.890,5,exaec,3002121900,exaec,,0
GO Ext. N° 6.890,5,exaec,3002121900,marca_exaec,,E
GO Ext. N° 6.890,5,exaec,3002423000,exaec,,0
GO Ext. N° 6.890,5,exaec,3002423000,marca_exaec,,E
GO Ext. N° 6.890,5,exaec,3003392900,exaec,,0
GO Ext. N° 6.890,5,exaec,3003392900,marca_exaec,,E
GO Ext. N° 6.890,5,exaec,3002122100,exaec,,0
GO Ext. N° 6.890,5,exaec,3002122100,marca_exaec,,E
GO Ext. N° 6.890,5,exaec,3002424000,exaec,,0
GO Ext. N° 6.890,5,exaec,3002424000,marca_exaec,,E
GO Ext. N° 6.890,5,exaec,3003393100,exaec,,0
GO Ext. N° 6.890,5,exaec,3003393100,marca_exaec,,E
GO Ext. N° 6.890,5,exaec,3002122200,exaec,,0
GO Ext. N° 6.890,5,exaec,3002122200,marca_exaec,,E
GO Ext. N° 6.890,5,exaec,3002425000,exaec,,0
GO Ext. N° 6.890,5,exaec,3002425000,marca_exaec,,E
GO Ext. N° 6.890,5,exaec,3003393200,exaec,,0
GO Ext. N° 6.890,5,exaec,3003393200,marca_exaec,,E
GO Ext. N° 6.890,5,exaec,3002122300,exaec,,0
GO Ext. N° 6.890,5,exaec,3002122300,marca_exaec,,E
GO Ext. N° 6.890,5,exaec,3002426000,exaec,,0
GO Ext. N° 6.890,5,exaec,3002426000,marca_exaec,,E
GO Ext. N° 6.890,5,exaec,3003393300,exaec,,0
GO Ext. N° 6.890,5,exaec,3003393300,marca_exaec,,E
GO Ext. N° 6.890,5,exaec,3002122400,exaec,,0
GO Ext. N° 6.890,5,exaec,3002122400,marca_exaec,,E
GO Ext. N° 6.890,5,exaec,3002427000,exaec,,0
GO Ext. N° 6.890,5,exaec,3002427000,marca_exaec,,E
GO Ext. N° 6.890,5,exaec,3003393400,exaec,,0
GO Ext. N° 6.890,5,exaec,3003393400,marca_exaec,,E
GO Ext. N° 6.890,5,exaec,3002122910,exaec,,0
GO Ext. N° 6.890,5,exaec,3002122910,marca_exaec,,E
GO Ext. N° 6.890,5,exaec,3002428000,exaec,,0
GO Ext. N° 6.890,5,exaec,3002428000,marca_exaec,,E
GO Ext. N° 6.890,5,exaec,3003393500,exaec,,0
GO Ext. N° 6.890,5,exaec,3003393500,marca_exaec,,E
GO Ext. N° 6.890,5,exaec,3002122920,exaec,,0
GO Ext. N° 6.890,5,exaec,3002122920,marca_exaec,,E
GO Ext. N° 6.890,5,exaec,3002429000,exaec,,0
GO Ext. N° 6.890,5,exaec,3002429000,marca_exaec,,E
GO Ext. N° 6.890,5,exaec,3003393700,exaec,,0
GO Ext. N° 6.890,5,exaec,3003393700,marca_exaec,,E
GO Ext. N° 6.890,5,exaec,3002122990,exaec,,0
GO Ext. N° 6.890,5,exaec,3002122990,marca_exaec,,E
GO Ext. N° 6.890,5,exaec,3002491000,exaec,,0
GO Ext. N° 6.890,5,exaec,3002491000,marca_exaec,,E
GO Ext. N° 6.890,5,exaec,3003393900,exaec,,0
GO Ext. N° 6.890,5,exaec,3003393900,marca_exaec,,E
GO Ext. N° 6.890,5,exaec,3002123100,exaec,,0
GO Ext. N° 6.890,5,exaec,3002123100,marca_exaec,,E
GO Ext. N° 6.890,5,exaec,3002492000,exaec,,0
GO Ext. N° 6.890,5,exaec,3002492000,marca_exaec,,E
GO Ext. N° 6.890,5,exaec,3003398100,exaec,,0
GO Ext. N° 6.890,5,exaec,3003398100,marca_exaec,,E
GO Ext. N° 6.890,5,exaec,3002123400,exaec,,0
GO Ext. N° 6.890,5,exaec,3002123400,marca_exaec,,E
GO Ext. N° 6.890,5,exaec,3002499100,exaec,,0
GO Ext. N° 6.890,5,exaec,3002499100,marca_exaec,,E
GO Ext. N° 6.890,5,exaec,3003398200,exaec,,0
GO Ext. N° 6.890,5,exaec,3003398200,marca_exaec,,E
GO Ext. N° 6.890,5,exaec,3002123500,exaec,,0
GO Ext. N° 6.890,5,exaec,3002123500,marca_exaec,,E
GO Ext. N° 6.890,5,exaec,3002499200,exaec,,0
GO Ext. N° 6.890,5,exaec,3002499200,marca_exaec,,E
GO Ext. N° 6.890,5,exaec,3003399400,exaec,,0
GO Ext. N° 6.890,5,exaec,3003399400,marca_exaec,,E
GO Ext. N° 6.890,5,exaec,3002123600,exaec,,0
GO Ext. N° 6.890,5,exaec,3002123600,marca_exaec,,E
GO Ext. N° 6.890,5,exaec,3002499300,exaec,,0
GO Ext. N° 6.890,5,exaec,3002499300,marca_exaec,,E
GO Ext. N° 6.890,5,exaec,3003492000,exaec,,0
GO Ext. N° 6.890,5,exaec,3003492000,marca_exaec,,E
GO Ext. N° 6.890,5,exaec,3002123910,exaec,,0
GO Ext. N° 6.890,5,exaec,3002123910,marca_exaec,,E
GO Ext. N° 6.890,5,exaec,3002499400,exaec,,0
GO Ext. N° 6.890,5,exaec,3002499400,marca_exaec,,E
GO Ext. N° 6.890,5,exaec,3003600000,exaec,,0
GO Ext. N° 6.890,5,exaec,3003600000,marca_exaec,,E
GO Ext. N° 6.890,5,exaec,3002123920,exaec,,0
GO Ext. N° 6.890,5,exaec,3002123920,marca_exaec,,E
GO Ext. N° 6.890,5,exaec,3002499900,exaec,,0
GO Ext. N° 6.890,5,exaec,3002499900,marca_exaec,,E
GO Ext. N° 6.890,5,exaec,3003901300,exaec,,0
GO Ext. N° 6.890,5,exaec,3003901300,marca_exaec,,E
GO Ext. N° 6.890,5,exaec,3002123990,exaec,,0
GO Ext. N° 6.890,5,exaec,3002123990,marca_exaec,,E
GO Ext. N° 6.890,5,exaec,3002510000,exaec,,0
GO Ext. N° 6.890,5,exaec,3002510000,marca_exaec,,E
GO Ext. N° 6.890,5,exaec,3003901400,exaec,,0
GO Ext. N° 6.890,5,exaec,3003901400,marca_exaec,,E
GO Ext. N° 6.890,5,exaec,3002130000,exaec,,0
GO Ext. N° 6.890,5,exaec,3002130000,marca_exaec,,E
GO Ext. N° 6.890,5,exaec,3002590000,exaec,,0
GO Ext. N° 6.890,5,exaec,3002590000,marca_exaec,,E
GO Ext. N° 6.890,5,exaec,3003903100,exaec,,0
GO Ext. N° 6.890,5,exaec,3003903100,marca_exaec,,E
GO Ext. N° 6.890,5,exaec,3002140000,exaec,,0
GO Ext. N° 6.890,5,exaec,3002140000,marca_exaec,,E
GO Ext. N° 6.890,5,exaec,3002900000,exaec,,0
GO Ext. N° 6.890,5,exaec,3002900000,marca_exaec,,E
GO Ext. N° 6.890,5,exaec,3003903400,exaec,,0
GO Ext. N° 6.890,5,exaec,3003903400,marca_exaec,,E
GO Ext. N° 6.890,5,exaec,3002151000,exaec,,0
GO Ext. N° 6.890,5,exaec,3002151000,marca_exaec,,E
GO Ext. N° 6.890,5,exaec,3003101100,exaec,,0
GO Ext. N° 6.890,5,exaec,3003101100,marca_exaec,,E
GO Ext. N° 6.890,5,exaec,3003904200,exaec,,0
GO Ext. N° 6.890,5,exaec,3003904200,marca_exaec,,E
GO Ext. N° 6.890,5,exaec,3002152000,exaec,,0
GO Ext. N° 6.890,5,exaec,3002152000,marca_exaec,,E
GO Ext. N° 6.890,5,exaec,3003101200,exaec,,0
GO Ext. N° 6.890,5,exaec,3003101200,marca_exaec,,E
GO Ext. N° 6.890,5,exaec,3003904400,exaec,,0
GO Ext. N° 6.890,5,exaec,3003904400,marca_exaec,,E
GO Ext. N° 6.890,5,exaec,3002159010,exaec,,0
GO Ext. N° 6.890,5,exaec,3002159010,marca_exaec,,E
GO Ext. N° 6.890,5,exaec,3003101300,exaec,,0
GO Ext. N° 6.890,5,exaec,3003101300,marca_exaec,,E
GO Ext. N° 6.890,5,exaec,3003904500,exaec,,0
GO Ext. N° 6.890,5,exaec,3003904500,marca_exaec,,E
GO Ext. N° 6.890,5,exaec,3003101400,exaec,,0
GO Ext. N° 6.890,5,exaec,3003101400,marca_exaec,,E
GO Ext. N° 6.890,5,exaec,3003904600,exaec,,0
GO Ext. N° 6.890,5,exaec,3003904600,marca_exaec,,E
GO Ext. N° 6.890,5,exaec,3002159020,exaec,,0
GO Ext. N° 6.890,5,exaec,3002159020,marca_exaec,,E
GO Ext. N° 6.890,5,exaec,3003101500,exaec,,0
GO Ext. N° 6.890,5,exaec,3003101500,marca_exaec,,E
GO Ext. N° 6.890,5,exaec,3003904700,exaec,,0
GO Ext. N° 6.890,5,exaec,3003904700,marca_exaec,,E
GO Ext. N° 6.890,5,exaec,3003101900,exaec,,0
GO Ext. N° 6.890,5,exaec,3003101900,marca_exaec,,E
GO Ext. N° 6.890,5,exaec,3003905300,exaec,,0
GO Ext. N° 6.890,5,exaec,3003905300,marca_exaec,,E
GO Ext. N° 6.890,5,exaec,3002159090,exaec,,0
GO Ext. N° 6.890,5,exaec,3002159090,marca_exaec,,E
GO Ext. N° 6.890,5,exaec,3003102000,exaec,,0
GO Ext. N° 6.890,5,exaec,3003102000,marca_exaec,,E
GO Ext. N° 6.890,5,exaec,3003905500,exaec,,0
GO Ext. N° 6.890,5,exaec,3003905500,marca_exaec,,E
GO Ext. N° 6.890,5,exaec,3003201100,exaec,,0
GO Ext. N° 6.890,5,exaec,3003201100,marca_exaec,,E
GO Ext. N° 6.890,5,exaec,3003907200,exaec,,0
GO Ext. N° 6.890,5,exaec,3003907200,marca_exaec,,E
GO Ext. N° 6.890,5,exaec,3002411100,exaec,,0
GO Ext. N° 6.890,5,exaec,3002411100,marca_exaec,,E
GO Ext. N° 6.890,5,exaec,3003201900,exaec,,0
GO Ext. N° 6.890,5,exaec,3003201900,marca_exaec,,E
GO Ext. N° 6.890,5,exaec,3003907300,exaec,,0
GO Ext. N° 6.890,5,exaec,3003907300,marca_exaec,,E
GO Ext. N° 6.890,5,exaec,3002411200,exaec,,0
GO Ext. N° 6.890,5,exaec,3002411200,marca_exaec,,E
GO Ext. N° 6.890,5,exaec,3003202100,exaec,,0
GO Ext. N° 6.890,5,exaec,3003202100,marca_exaec,,E
GO Ext. N° 6.890,5,exaec,3003907400,exaec,,0
GO Ext. N° 6.890,5,exaec,3003907400,marca_exaec,,E
GO Ext. N° 6.890,5,exaec,3002411300,exaec,,0
GO Ext. N° 6.890,5,exaec,3002411300,marca_exaec,,E
GO Ext. N° 6.890,5,exaec,3003202900,exaec,,0
GO Ext. N° 6.890,5,exaec,3003202900,marca_exaec,,E
GO Ext. N° 6.890,5,exaec,3003907600,exaec,,0
GO Ext. N° 6.890,5,exaec,3003907600,marca_exaec,,E
GO Ext. N° 6.890,5,exaec,3002411400,exaec,,0
GO Ext. N° 6.890,5,exaec,3002411400,marca_exaec,,E
GO Ext. N° 6.890,5,exaec,3003203100,exaec,,0
GO Ext. N° 6.890,5,exaec,3003203100,marca_exaec,,E
GO Ext. N° 6.890,5,exaec,3003907700,exaec,,0
GO Ext. N° 6.890,5,exaec,3003907700,marca_exaec,,E
GO Ext. N° 6.890,5,exaec,3003907900,exaec,,0
GO Ext. N° 6.890,5,exaec,3003907900,marca_exaec,,E
GO Ext. N° 6.890,5,exaec,3005909031,exaec,,0
GO Ext. N° 6.890,5,exaec,3005909031,marca_exaec,,E
GO Ext. N° 6.890,5,exaec,3006301900,exaec,,0
GO Ext. N° 6.890,5,exaec,3006301900,marca_exaec,,E
GO Ext. N° 6.890,5,exaec,3003909600,exaec,,0
GO Ext. N° 6.890,5,exaec,3003909600,marca_exaec,,E
GO Ext. N° 6.890,5,exaec,3005909039,exaec,,0
GO Ext. N° 6.890,5,exaec,3005909039,marca_exaec,,E
GO Ext. N° 6.890,5,exaec,3006302100,exaec,,0
GO Ext. N° 6.890,5,exaec,3006302100,marca_exaec,,E
GO Ext. N° 6.890,5,exaec,3005101000,exaec,,0
GO Ext. N° 6.890,5,exaec,3005101000,marca_exaec,,E
GO Ext. N° 6.890,5,exaec,3005909091,exaec,,0
GO Ext. N° 6.890,5,exaec,3005909091,marca_exaec,,E
GO Ext. N° 6.890,5,exaec,3006302900,exaec,,0
GO Ext. N° 6.890,5,exaec,3006302900,marca_exaec,,E
GO Ext. N° 6.890,5,exaec,3005102000,exaec,,0
GO Ext. N° 6.890,5,exaec,3005102000,marca_exaec,,E
GO Ext. N° 6.890,5,exaec,3005909099,exaec,,0
GO Ext. N° 6.890,5,exaec,3005909099,marca_exaec,,E
GO Ext. N° 6.890,5,exaec,3006401100,exaec,,0
GO Ext. N° 6.890,5,exaec,3006401100,marca_exaec,,E
GO Ext. N° 6.890,5,exaec,3005103000,exaec,,0
GO Ext. N° 6.890,5,exaec,3005103000,marca_exaec,,E
GO Ext. N° 6.890,5,exaec,3006101000,exaec,,0
GO Ext. N° 6.890,5,exaec,3006101000,marca_exaec,,E
GO Ext. N° 6.890,5,exaec,3006401200,exaec,,0
GO Ext. N° 6.890,5,exaec,3006401200,marca_exaec,,E
GO Ext. N° 6.890,5,exaec,3005104000,exaec,,0
GO Ext. N° 6.890,5,exaec,3005104000,marca_exaec,,E
GO Ext. N° 6.890,5,exaec,3006102000,exaec,,0
GO Ext. N° 6.890,5,exaec,3006102000,marca_exaec,,E
GO Ext. N° 6.890,5,exaec,3006402000,exaec,,0
GO Ext. N° 6.890,5,exaec,3006402000,marca_exaec,,E
GO Ext. N° 6.890,5,exaec,3005105000,exaec,,0
GO Ext. N° 6.890,5,exaec,3005105000,marca_exaec,,E
GO Ext. N° 6.890,5,exaec,3006109000,exaec,,0
GO Ext. N° 6.890,5,exaec,3006109000,marca_exaec,,E
GO Ext. N° 6.890,5,exaec,3006500000,exaec,,0
GO Ext. N° 6.890,5,exaec,3006500000,marca_exaec,,E
GO Ext. N° 6.890,5,exaec,3005109000,exaec,,0
GO Ext. N° 6.890,5,exaec,3005109000,marca_exaec,,E
GO Ext. N° 6.890,5,exaec,3006301100,exaec,,0
GO Ext. N° 6.890,5,exaec,3006301100,marca_exaec,,E
GO Ext. N° 6.890,5,exaec,3006600000,exaec,,0
GO Ext. N° 6.890,5,exaec,3006600000,marca_exaec,,E
GO Ext. N° 6.890,5,exaec,3005901100,exaec,,0
GO Ext. N° 6.890,5,exaec,3005901100,marca_exaec,,E
GO Ext. N° 6.890,5,exaec,3006301200,exaec,,0
GO Ext. N° 6.890,5,exaec,3006301200,marca_exaec,,E
GO Ext. N° 6.890,5,exaec,3006700000,exaec,,0
GO Ext. N° 6.890,5,exaec,3006700000,marca_exaec,,E
GO Ext. N° 6.890,5,exaec,3005901200,exaec,,0
GO Ext. N° 6.890,5,exaec,3005901200,marca_exaec,,E
GO Ext. N° 6.890,5,exaec,3006301300,exaec,,0
GO Ext. N° 6.890,5,exaec,3006301300,marca_exaec,,E
GO Ext. N° 6.890,5,exaec,3006911000,exaec,,0
GO Ext. N° 6.890,5,exaec,3006911000,marca_exaec,,E
GO Ext. N° 6.890,5,exaec,3005901900,exaec,,0
GO Ext. N° 6.890,5,exaec,3005901900,marca_exaec,,E
GO Ext. N° 6.890,5,exaec,3006301500,exaec,,0
GO Ext. N° 6.890,5,exaec,3006301500,marca_exaec,,E
GO Ext. N° 6.890,5,exaec,3006919000,exaec,,0
GO Ext. N° 6.890,5,exaec,3006919000,marca_exaec,,E
GO Ext. N° 6.890,5,exaec,3005902000,exaec,,0
GO Ext. N° 6.890,5,exaec,3005902000,marca_exaec,,E
GO Ext. N° 6.890,5,exaec,3006301600,exaec,,0
GO Ext. N° 6.890,5,exaec,3006301600,marca_exaec,,E
GO Ext. N° 6.890,5,exaec,3822193000,exaec,,0
GO Ext. N° 6.890,5,exaec,3822193000,marca_exaec,,E
GO Ext. N° 6.890,5,exaec,3005909010,exaec,,0
GO Ext. N° 6.890,5,exaec,3005909010,marca_exaec,,E
GO Ext. N° 6.890,5,exaec,3006301700,exaec,,0
GO Ext. N° 6.890,5,exaec,3006301700,marca_exaec,,E
GO Ext. N° 6.890,5,exaec,3005909020,exaec,,0
GO Ext. N° 6.890,5,exaec,3005909020,marca_exaec,,E
GO Ext. N° 6.890,5,exaec,3006301800,exaec,,0
GO Ext. N° 6.890,5,exaec,3006301800,marca_exaec,,E
GO Ext. N° 6.890,6,exaec,0403900000,exaec,,40
GO Ext. N° 6.890,6,exaec,0403900000,marca_exaec,,E
GO Ext. N° 6.890,6,exaec,1602322000,exaec,20,30
GO Ext. N° 6.890,6,exaec,2309909090,exaec,15,8
GO Ext. N° 6.890,6,exaec,0406101000,exaec,,40
GO Ext. N° 6.890,6,exaec,0406101000,marca_exaec,,E
GO Ext. N° 6.890,6,exaec,1602323000,exaec,20,30
GO Ext. N° 6.890,6,exaec,2502000000,exaec,,0
GO Ext. N° 6.890,6,exaec,2502000000,marca_exaec,,E
GO Ext. N° 6.890,6,exaec,0406109000,exaec,,40
GO Ext. N° 6.890,6,exaec,0406109000,marca_exaec,,E
GO Ext. N° 6.890,6,exaec,1602329000,exaec,20,30
GO Ext. N° 6.890,6,exaec,2519909000,exaec,,0
GO Ext. N° 6.890,6,exaec,2519909000,marca_exaec,,E
GO Ext. N° 6.890,6,exaec,0406200000,exaec,,40
GO Ext. N° 6.890,6,exaec,0406200000,marca_exaec,,E
GO Ext. N° 6.890,6,exaec,1602390000,exaec,20,30
GO Ext. N° 6.890,6,exaec,2526200000,exaec,2,12
GO Ext. N° 6.890,6,exaec,0801310000,exaec,,30
GO Ext. N° 6.890,6,exaec,0801310000,marca_exaec,,E
GO Ext. N° 6.890,6,exaec,1602410000,exaec,20,35
GO Ext. N° 6.890,6,exaec,2610001000,exaec,,0
GO Ext. N° 6.890,6,exaec,2610001000,marca_exaec,,E
GO Ext. N° 6.890,6,exaec,0801320000,exaec,,30
GO Ext. N° 6.890,6,exaec,0801320000,marca_exaec,,E
GO Ext. N° 6.890,6,exaec,1602420000,exaec,20,30
GO Ext. N° 6.890,6,exaec,2710193210,exaec,16,26
GO Ext. N° 6.890,6,exaec,0802210000,exaec,,20
GO Ext. N° 6.890,6,exaec,0802210000,marca_exaec,,E
GO Ext. N° 6.890,6,exaec,1602490000,exaec,20,30
GO Ext. N° 6.890,6,exaec,2710193290,exaec,16,26
GO Ext. N° 6.890,6,exaec,0802320000,exaec,,20
GO Ext. N° 6.890,6,exaec,0802320000,marca_exaec,,E
GO Ext. N° 6.890,6,exaec,1602500000,exaec,20,30
GO Ext. N° 6.890,6,exaec,2710199100,marca_exaec,A,"E,A"
GO Ext. N° 6.890,6,exaec,0802410000,exaec,,40
GO Ext. N° 6.890,6,exaec,0802410000,marca_exaec,,E
GO Ext. N° 6.890,6,exaec,1602900000,exaec,20,30
GO Ext. N° 6.890,6,exaec,2710199200,exaec,10,20
GO Ext. N° 6.890,6,exaec,0802510000,exaec,,40
GO Ext. N° 6.890,6,exaec,0802510000,marca_exaec,,E
GO Ext. N° 6.890,6,exaec,1605560000,exaec,,30
GO Ext. N° 6.890,6,exaec,1605560000,marca_exaec,,E
GO Ext. N° 6.890,6,exaec,2710199311,exaec,10,20
GO Ext. N° 6.890,6,exaec,0802520000,exaec,,40
GO Ext. N° 6.890,6,exaec,0802520000,marca_exaec,,E
GO Ext. N° 6.890,6,exaec,1701130010,exaec,20,40
GO Ext. N° 6.890,6,exaec,2710199312,exaec,10,20
GO Ext. N° 6.890,6,exaec,0802610000,exaec,,40
GO Ext. N° 6.890,6,exaec,0802610000,marca_exaec,,E
GO Ext. N° 6.890,6,exaec,1701130090,exaec,20,40
GO Ext. N° 6.890,6,exaec,2710199390,exaec,10,20
GO Ext. N° 6.890,6,exaec,0802700000,exaec,,40
GO Ext. N° 6.890,6,exaec,0802700000,marca_exaec,,E
GO Ext. N° 6.890,6,exaec,1701140021,exaec,20,40
GO Ext. N° 6.890,6,exaec,2710199900,exaec,0,10
GO Ext. N° 6.890,6,exaec,2710199900,marca_exaec,A,"E,A"
GO Ext. N° 6.890,6,exaec,0802910000,exaec,,40
GO Ext. N° 6.890,6,exaec,0802910000,marca_exaec,,E
GO Ext. N° 6.890,6,exaec,1701140029,exaec,20,40
GO Ext. N° 6.890,6,exaec,2712900000,exaec,2,0
GO Ext. N° 6.890,6,exaec,0802920000,exaec,,40
GO Ext. N° 6.890,6,exaec,0802920000,marca_exaec,,E
GO Ext. N° 6.890,6,exaec,1701140091,exaec,20,40
GO Ext. N° 6.890,6,exaec,2804900000,exaec,,0
GO Ext. N° 6.890,6,exaec,2804900000,marca_exaec,,E
GO Ext. N° 6.890,6,exaec,0804102000,exaec,,30
GO Ext. N° 6.890,6,exaec,0804102000,marca_exaec,,E
GO Ext. N° 6.890,6,exaec,1701140099,exaec,20,40
GO Ext. N° 6.890,6,exaec,2815110000,exaec,,0
GO Ext. N° 6.890,6,exaec,2815110000,marca_exaec,,E
GO Ext. N° 6.890,6,exaec,0809210000,exaec,,20
GO Ext. N° 6.890,6,exaec,0809210000,marca_exaec,,E
GO Ext. N° 6.890,6,exaec,1701910010,exaec,20,40
GO Ext. N° 6.890,6,exaec,2815200000,exaec,,0
GO Ext. N° 6.890,6,exaec,2815200000,marca_exaec,,E
GO Ext. N° 6.890,6,exaec,0809290000,exaec,,20
GO Ext. N° 6.890,6,exaec,0809290000,marca_exaec,,E
GO Ext. N° 6.890,6,exaec,1701910090,exaec,20,40
GO Ext. N° 6.890,6,exaec,2817001000,exaec,,0
GO Ext. N° 6.890,6,exaec,2817001000,marca_exaec,,E
GO Ext. N° 6.890,6,exaec,0902100000,exaec,,30
GO Ext. N° 6.890,6,exaec,0902100000,marca_exaec,,E
GO Ext. N° 6.890,6,exaec,1701990091,exaec,20,40
GO Ext. N° 6.890,6,exaec,2818201000,exaec,10,0
GO Ext. N° 6.890,6,exaec,0902200000,exaec,,30
GO Ext. N° 6.890,6,exaec,0902200000,marca_exaec,,E
GO Ext. N° 6.890,6,exaec,1701990099,exaec,20,40
GO Ext. N° 6.890,6,exaec,2821101100,exaec,,0
GO Ext. N° 6.890,6,exaec,2821101100,marca_exaec,,E
GO Ext. N° 6.890,6,exaec,1005901011,exaec,15,40
GO Ext. N° 6.890,6,exaec,1702301110,exaec,2,0
GO Ext. N° 6.890,6,exaec,2823001000,exaec,4,0
GO Ext. N° 6.890,6,exaec,1005901019,exaec,15,40
GO Ext. N° 6.890,6,exaec,1702900060,exaec,2,16
GO Ext. N° 6.890,6,exaec,2825202000,exaec,,0
GO Ext. N° 6.890,6,exaec,2825202000,marca_exaec,,E
GO Ext. N° 6.890,6,exaec,1006201000,exaec,,40
GO Ext. N° 6.890,6,exaec,1006201000,marca_exaec,,E
GO Ext. N° 6.890,6,exaec,1902110000,exaec,20,40
GO Ext. N° 6.890,6,exaec,2827209000,exaec,,0
GO Ext. N° 6.890,6,exaec,2827209000,marca_exaec,,E
GO Ext. N° 6.890,6,exaec,1006202000,exaec,20,40
GO Ext. N° 6.890,6,exaec,1902190020,exaec,20,40
GO Ext. N° 6.890,6,exaec,2827399900,exaec,,0
GO Ext. N° 6.890,6,exaec,2827399900,marca_exaec,,E
GO Ext. N° 6.890,6,exaec,1006301110,exaec,20,40
GO Ext. N° 6.890,6,exaec,1902190030,exaec,20,40
GO Ext. N° 6.890,6,exaec,2828100000,exaec,4,0
GO Ext. N° 6.890,6,exaec,1006301190,exaec,20,40
GO Ext. N° 6.890,6,exaec,1902190040,exaec,20,40
GO Ext. N° 6.890,6,exaec,2828901100,exaec,,35
GO Ext. N° 6.890,6,exaec,2828901100,marca_exaec,,E
GO Ext. N° 6.890,6,exaec,1006301910,exaec,20,40
GO Ext. N° 6.890,6,exaec,1902190090,exaec,20,40
GO Ext. N° 6.890,6,exaec,2830901100,exaec,,0
GO Ext. N° 6.890,6,exaec,2830901100,marca_exaec,,E
GO Ext. N° 6.890,6,exaec,1006301990,exaec,20,40
GO Ext. N° 6.890,6,exaec,1905310000,exaec,20,40
GO Ext. N° 6.890,6,exaec,2831101100,exaec,,0
GO Ext. N° 6.890,6,exaec,2831101100,marca_exaec,,E
GO Ext. N° 6.890,6,exaec,1006302110,exaec,20,40
GO Ext. N° 6.890,6,exaec,2103201000,exaec,20,40
GO Ext. N° 6.890,6,exaec,2833111000,exaec,,0
GO Ext. N° 6.890,6,exaec,2833111000,marca_exaec,,E
GO Ext. N° 6.890,6,exaec,1006302190,exaec,20,40
GO Ext. N° 6.890,6,exaec,2103209000,exaec,,40
GO Ext. N° 6.890,6,exaec,2103209000,marca_exaec,,E
GO Ext. N° 6.890,6,exaec,2833119000,exaec,4,0
GO Ext. N° 6.890,6,exaec,1006302910,exaec,20,40
GO Ext. N° 6.890,6,exaec,2103901100,exaec,20,40
GO Ext. N° 6.890,6,exaec,2834299000,exaec,,0
GO Ext. N° 6.890,6,exaec,2834299000,marca_exaec,,E
GO Ext. N° 6.890,6,exaec,1006302990,exaec,20,40
GO Ext. N° 6.890,6,exaec,2103901900,exaec,20,40
GO Ext. N° 6.890,6,exaec,2836201000,exaec,4,0
GO Ext. N° 6.890,6,exaec,1201900000,exaec,2,40
GO Ext. N° 6.890,6,exaec,2105001000,exaec,20,40
GO Ext. N° 6.890,6,exaec,2836209000,exaec,4,0
GO Ext. N° 6.890,6,exaec,1212991000,exaec,,40
GO Ext. N° 6.890,6,exaec,1212991000,marca_exaec,,E
GO Ext. N° 6.890,6,exaec,2106901019,exaec,,30
GO Ext. N° 6.890,6,exaec,2106901019,marca_exaec,,E
GO Ext. N° 6.890,6,exaec,2839902000,exaec,,0
GO Ext. N° 6.890,6,exaec,2839902000,marca_exaec,,E
GO Ext. N° 6.890,6,exaec,1302322000,exaec,4,2
GO Ext. N° 6.890,6,exaec,2106902900,exaec,,30
GO Ext. N° 6.890,6,exaec,2106902900,marca_exaec,,E
GO Ext. N° 6.890,6,exaec,2841702000,exaec,,0
GO Ext. N° 6.890,6,exaec,2841702000,marca_exaec,,E
GO Ext. N° 6.890,6,exaec,1302391000,exaec,,0
GO Ext. N° 6.890,6,exaec,1302391000,marca_exaec,,E
GO Ext. N° 6.890,6,exaec,2201100000,exaec,,40
GO Ext. N° 6.890,6,exaec,2201100000,marca_exaec,,E
GO Ext. N° 6.890,6,exaec,2847000000,exaec,,0
GO Ext. N° 6.890,6,exaec,2847000000,marca_exaec,,E
GO Ext. N° 6.890,6,exaec,1507100000,exaec,20,10
GO Ext. N° 6.890,6,exaec,2202100000,exaec,,40
GO Ext. N° 6.890,6,exaec,2202100000,marca_exaec,,E
GO Ext. N° 6.890,6,exaec,2903913000,exaec,4,0
GO Ext. N° 6.890,6,exaec,1512111000,exaec,20,10
GO Ext. N° 6.890,6,exaec,2202990020,exaec,,40
GO Ext. N° 6.890,6,exaec,2202990020,marca_exaec,,E
GO Ext. N° 6.890,6,exaec,2905172000,exaec,,0
GO Ext. N° 6.890,6,exaec,2905172000,marca_exaec,,E
GO Ext. N° 6.890,6,exaec,1516100000,exaec,,0
GO Ext. N° 6.890,6,exaec,1516100000,marca_exaec,,E
GO Ext. N° 6.890,6,exaec,2208302000,exaec,,40
GO Ext. N° 6.890,6,exaec,2208302000,marca_exaec,,E
GO Ext. N° 6.890,6,exaec,2905173000,exaec,,2
GO Ext. N° 6.890,6,exaec,2905173000,marca_exaec,,E
GO Ext. N° 6.890,6,exaec,1516200000,exaec,20,30
GO Ext. N° 6.890,6,exaec,2208309000,exaec,,40
GO Ext. N° 6.890,6,exaec,2208309000,marca_exaec,,E
GO Ext. N° 6.890,6,exaec,2905430000,exaec,2,0
GO Ext. N° 6.890,6,exaec,1517100000,exaec,20,40
GO Ext. N° 6.890,6,exaec,2208400000,exaec,,40
GO Ext. N° 6.890,6,exaec,2208400000,marca_exaec,,E
GO Ext. N° 6.890,6,exaec,2915704000,exaec,,0
GO Ext. N° 6.890,6,exaec,2915704000,marca_exaec,,E
GO Ext. N° 6.890,6,exaec,1521100000,exaec,2,0
GO Ext. N° 6.890,6,exaec,2208500000,exaec,,40
GO Ext. N° 6.890,6,exaec,2208500000,marca_exaec,,E
GO Ext. N° 6.890,6,exaec,2916201300,exaec,,0
GO Ext. N° 6.890,6,exaec,2916201300,marca_exaec,,E
GO Ext. N° 6.890,6,exaec,1521909000,exaec,,0
GO Ext. N° 6.890,6,exaec,1521909000,marca_exaec,,E
GO Ext. N° 6.890,6,exaec,2208600000,exaec,,40
GO Ext. N° 6.890,6,exaec,2208600000,marca_exaec,,E
GO Ext. N° 6.890,6,exaec,2916201400,exaec,,0
GO Ext. N° 6.890,6,exaec,2916201400,marca_exaec,,E
GO Ext. N° 6.890,6,exaec,1602100000,exaec,20,30
GO Ext. N° 6.890,6,exaec,2209000000,exaec,,40
GO Ext. N° 6.890,6,exaec,2209000000,marca_exaec,,E
GO Ext. N° 6.890,6,exaec,2916201900,exaec,,0
GO Ext. N° 6.890,6,exaec,2916201900,marca_exaec,,E
GO Ext. N° 6.890,6,exaec,1602200000,exaec,20,30
GO Ext. N° 6.890,6,exaec,2303100000,exaec,,2
GO Ext. N° 6.890,6,exaec,2303100000,marca_exaec,,E
GO Ext. N° 6.890,6,exaec,2917131000,exaec,,0
GO Ext. N° 6.890,6,exaec,2917131000,marca_exaec,,E
GO Ext. N° 6.890,6,exaec,1602310000,exaec,20,30
GO Ext. N° 6.890,6,exaec,2303300000,exaec,,2
GO Ext. N° 6.890,6,exaec,2303300000,marca_exaec,,E
GO Ext. N° 6.890,6,exaec,2918999990,exaec,,0
GO Ext. N° 6.890,6,exaec,2918999990,marca_exaec,,E
GO Ext. N° 6.890,6,exaec,1602321000,exaec,20,30
GO Ext. N° 6.890,6,exaec,2309906000,exaec,15,2
GO Ext. N° 6.890,6,exaec,2924212000,exaec,,0
GO Ext. N° 6.890,6,exaec,2924212000,marca_exaec,,E
GO Ext. N° 6.890,6,exaec,2924299600,exaec,,0
GO Ext. N° 6.890,6,exaec,2924299600,marca_exaec,,E
GO Ext. N° 6.890,6,exaec,3910009000,exaec,2,0
GO Ext. N° 6.890,6,exaec,7007190090,exaec,,22
GO Ext. N° 6.890,6,exaec,7007190090,marca_exaec,,E
GO Ext. N° 6.890,6,exaec,2924299990,exaec,,0
GO Ext. N° 6.890,6,exaec,2924299990,marca_exaec,,E
GO Ext. N° 6.890,6,exaec,3917220000,exaec,20,35
GO Ext. N° 6.890,6,exaec,7007290090,exaec,,22
GO Ext. N° 6.890,6,exaec,7007290090,marca_exaec,,E
GO Ext. N° 6.890,6,exaec,2925199000,exaec,,0
GO Ext. N° 6.890,6,exaec,2925199000,marca_exaec,,E
GO Ext. N° 6.890,6,exaec,3920101090,marca_exaec,A,"E,A"
GO Ext. N° 6.890,6,exaec,7010100000,exaec,15,35
GO Ext. N° 6.890,6,exaec,2925293000,exaec,,0
GO Ext. N° 6.890,6,exaec,2925293000,marca_exaec,,E
GO Ext. N° 6.890,6,exaec,3920621900,marca_exaec,A,"E,A"
GO Ext. N° 6.890,6,exaec,7010200000,exaec,,35
GO Ext. N° 6.890,6,exaec,7010200000,marca_exaec,,E
GO Ext. N° 6.890,6,exaec,2926902300,exaec,,0
GO Ext. N° 6.890,6,exaec,2926902300,marca_exaec,,E
GO Ext. N° 6.890,6,exaec,3921139000,marca_exaec,A,"E,A"
GO Ext. N° 6.890,6,exaec,7010901110,exaec,16,30
GO Ext. N° 6.890,6,exaec,2929101000,exaec,,0
GO Ext. N° 6.890,6,exaec,2929101000,marca_exaec,,E
GO Ext. N° 6.890,6,exaec,4011100011,exaec,,30
GO Ext. N° 6.890,6,exaec,4011100011,marca_exaec,,E
GO Ext. N° 6.890,6,exaec,7010901190,exaec,,30
GO Ext. N° 6.890,6,exaec,7010901190,marca_exaec,,E
GO Ext. N° 6.890,6,exaec,2929102100,exaec,,0
GO Ext. N° 6.890,6,exaec,2929102100,marca_exaec,,E
GO Ext. N° 6.890,6,exaec,4011100012,exaec,,30
GO Ext. N° 6.890,6,exaec,4011100012,marca_exaec,,E
GO Ext. N° 6.890,6,exaec,7010901210,exaec,16,30
GO Ext. N° 6.890,6,exaec,2929102900,exaec,,0
GO Ext. N° 6.890,6,exaec,2929102900,marca_exaec,,E
GO Ext. N° 6.890,6,exaec,4011100021,exaec,,30
GO Ext. N° 6.890,6,exaec,4011100021,marca_exaec,,E
GO Ext. N° 6.890,6,exaec,7010901290,exaec,,30
GO Ext. N° 6.890,6,exaec,7010901290,marca_exaec,,E
GO Ext. N° 6.890,6,exaec,2929103000,exaec,,0
GO Ext. N° 6.890,6,exaec,2929103000,marca_exaec,,E
GO Ext. N° 6.890,6,exaec,4011100022,exaec,,30
GO Ext. N° 6.890,6,exaec,4011100022,marca_exaec,,E
GO Ext. N° 6.890,6,exaec,7010902110,exaec,16,30
GO Ext. N° 6.890,6,exaec,2931491400,exaec,,0
GO Ext. N° 6.890,6,exaec,2931491400,marca_exaec,,E
GO Ext. N° 6.890,6,exaec,4011100023,exaec,,30
GO Ext. N° 6.890,6,exaec,4011100023,marca_exaec,,E
GO Ext. N° 6.890,6,exaec,7010902120,exaec,16,30
GO Ext. N° 6.890,6,exaec,2931904900,exaec,,0
GO Ext. N° 6.890,6,exaec,2931904900,marca_exaec,,E
GO Ext. N° 6.890,6,exaec,4011100024,exaec,,30
GO Ext. N° 6.890,6,exaec,4011100024,marca_exaec,,E
GO Ext. N° 6.890,6,exaec,7010902130,exaec,16,30
GO Ext. N° 6.890,6,exaec,2932999910,exaec,,0
GO Ext. N° 6.890,6,exaec,2932999910,marca_exaec,,E
GO Ext. N° 6.890,6,exaec,4011100031,exaec,,30
GO Ext. N° 6.890,6,exaec,4011100031,marca_exaec,,E
GO Ext. N° 6.890,6,exaec,7010902190,exaec,,30
GO Ext. N° 6.890,6,exaec,7010902190,marca_exaec,,E
GO Ext. N° 6.890,6,exaec,2932999990,exaec,,0
GO Ext. N° 6.890,6,exaec,2932999990,marca_exaec,,E
GO Ext. N° 6.890,6,exaec,4011100032,exaec,,30
GO Ext. N° 6.890,6,exaec,4011100032,marca_exaec,,E
GO Ext. N° 6.890,6,exaec,7010902211,exaec,16,30
GO Ext. N° 6.890,6,exaec,2933199000,exaec,,0
GO Ext. N° 6.890,6,exaec,2933199000,marca_exaec,,E
GO Ext. N° 6.890,6,exaec,4011100034,exaec,,30
GO Ext. N° 6.890,6,exaec,4011100034,marca_exaec,,E
GO Ext. N° 6.890,6,exaec,7010902219,exaec,,0
GO Ext. N° 6.890,6,exaec,7010902219,marca_exaec,,E
GO Ext. N° 6.890,6,exaec,2933691300,exaec,,0
GO Ext. N° 6.890,6,exaec,2933691300,marca_exaec,,E
GO Ext. N° 6.890,6,exaec,4011100039,exaec,,30
GO Ext. N° 6.890,6,exaec,4011100039,marca_exaec,,E
GO Ext. N° 6.890,6,exaec,7010902221,exaec,16,30
GO Ext. N° 6.890,6,exaec,3105200000,exaec,5,0
GO Ext. N° 6.890,6,exaec,4011100043,exaec,,30
GO Ext. N° 6.890,6,exaec,4011100043,marca_exaec,,E
GO Ext. N° 6.890,6,exaec,7010902222,exaec,16,30
GO Ext. N° 6.890,6,exaec,3204110000,exaec,,0
GO Ext. N° 6.890,6,exaec,3204110000,marca_exaec,,E
GO Ext. N° 6.890,6,exaec,4011100049,exaec,,30
GO Ext. N° 6.890,6,exaec,4011100049,marca_exaec,,E
GO Ext. N° 6.890,6,exaec,7010902229,exaec,,30
GO Ext. N° 6.890,6,exaec,7010902229,marca_exaec,,E
GO Ext. N° 6.890,6,exaec,3204130000,exaec,,0
GO Ext. N° 6.890,6,exaec,3204130000,marca_exaec,,E
GO Ext. N° 6.890,6,exaec,4011100090,exaec,,30
GO Ext. N° 6.890,6,exaec,4011100090,marca_exaec,,E
GO Ext. N° 6.890,6,exaec,7010902290,exaec,,30
GO Ext. N° 6.890,6,exaec,7010902290,marca_exaec,,E
GO Ext. N° 6.890,6,exaec,3204170000,exaec,,0
GO Ext. N° 6.890,6,exaec,3204170000,marca_exaec,,E
GO Ext. N° 6.890,6,exaec,4011209000,exaec,,6
GO Ext. N° 6.890,6,exaec,4011209000,marca_exaec,,E
GO Ext. N° 6.890,6,exaec,7010909030,exaec,15,0
GO Ext. N° 6.890,6,exaec,3204192000,exaec,,0
GO Ext. N° 6.890,6,exaec,3204192000,marca_exaec,,E
GO Ext. N° 6.890,6,exaec,4011400090,exaec,,35
GO Ext. N° 6.890,6,exaec,4011400090,marca_exaec,,E
GO Ext. N° 6.890,6,exaec,7010909041,exaec,16,30
GO Ext. N° 6.890,6,exaec,3206200000,exaec,,22
GO Ext. N° 6.890,6,exaec,3206200000,marca_exaec,,E
GO Ext. N° 6.890,6,exaec,4011701000,exaec,,6
GO Ext. N° 6.890,6,exaec,4011701000,marca_exaec,,E
GO Ext. N° 6.890,6,exaec,7010909042,exaec,16,30
GO Ext. N° 6.890,6,exaec,3211000000,exaec,4,0
GO Ext. N° 6.890,6,exaec,4011709000,exaec,,6
GO Ext. N° 6.890,6,exaec,4011709000,marca_exaec,,E
GO Ext. N° 6.890,6,exaec,7010909049,exaec,,30
GO Ext. N° 6.890,6,exaec,7010909049,marca_exaec,,E
GO Ext. N° 6.890,6,exaec,3301129000,exaec,,0
GO Ext. N° 6.890,6,exaec,3301129000,marca_exaec,,E
GO Ext. N° 6.890,6,exaec,4011809000,exaec,,6
GO Ext. N° 6.890,6,exaec,4011809000,marca_exaec,,E
GO Ext. N° 6.890,6,exaec,7010909050,exaec,16,30
GO Ext. N° 6.890,6,exaec,3301199000,exaec,,0
GO Ext. N° 6.890,6,exaec,3301199000,marca_exaec,,E
GO Ext. N° 6.890,6,exaec,4011909010,exaec,,6
GO Ext. N° 6.890,6,exaec,4011909010,marca_exaec,,E
GO Ext. N° 6.890,6,exaec,7010909061,exaec,16,30
GO Ext. N° 6.890,6,exaec,3301901000,exaec,,0
GO Ext. N° 6.890,6,exaec,3301901000,marca_exaec,,E
GO Ext. N° 6.890,6,exaec,4011909090,exaec,,6
GO Ext. N° 6.890,6,exaec,4011909090,marca_exaec,,E
GO Ext. N° 6.890,6,exaec,7010909069,exaec,16,30
GO Ext. N° 6.890,6,exaec,3302901900,exaec,,0
GO Ext. N° 6.890,6,exaec,3302901900,marca_exaec,,E
GO Ext. N° 6.890,6,exaec,4114100000,exaec,15,0
GO Ext. N° 6.890,6,exaec,7010909070,exaec,16,30
GO Ext. N° 6.890,6,exaec,3302909000,exaec,4,0
GO Ext. N° 6.890,6,exaec,4801002000,exaec,,6
GO Ext. N° 6.890,6,exaec,4801002000,marca_exaec,,E
GO Ext. N° 6.890,6,exaec,7010909090,exaec,15,30
GO Ext. N° 6.890,6,exaec,3401190000,exaec,12,35
GO Ext. N° 6.890,6,exaec,4801003000,exaec,2,0
GO Ext. N° 6.890,6,exaec,7202190000,exaec,,0
GO Ext. N° 6.890,6,exaec,7202190000,marca_exaec,,E
GO Ext. N° 6.890,6,exaec,3402310000,exaec,2,35
GO Ext. N° 6.890,6,exaec,4801009000,exaec,,2
GO Ext. N° 6.890,6,exaec,4801009000,marca_exaec,,E
GO Ext. N° 6.890,6,exaec,7202300000,exaec,2,0
GO Ext. N° 6.890,6,exaec,3402500011,exaec,12,35
GO Ext. N° 6.890,6,exaec,4806200000,exaec,,2
GO Ext. N° 6.890,6,exaec,4806200000,marca_exaec,,E
GO Ext. N° 6.890,6,exaec,7202991000,exaec,,0
GO Ext. N° 6.890,6,exaec,7202991000,marca_exaec,,E
GO Ext. N° 6.890,6,exaec,3402500012,exaec,12,35
GO Ext. N° 6.890,6,exaec,4807000000,exaec,,0
GO Ext. N° 6.890,6,exaec,4807000000,marca_exaec,,E
GO Ext. N° 6.890,6,exaec,7210120010,marca_exaec,A,"E,A"
GO Ext. N° 6.890,6,exaec,3402500019,exaec,,35
GO Ext. N° 6.890,6,exaec,3402500019,marca_exaec,,E
GO Ext. N° 6.890,6,exaec,4809200000,exaec,,0
GO Ext. N° 6.890,6,exaec,4809200000,marca_exaec,,E
GO Ext. N° 6.890,6,exaec,7210500000,exaec,20,0
GO Ext. N° 6.890,6,exaec,3402500021,exaec,12,35
GO Ext. N° 6.890,6,exaec,4811512200,exaec,,2
GO Ext. N° 6.890,6,exaec,4811512200,marca_exaec,,E
GO Ext. N° 6.890,6,exaec,7216210010,exaec,0,22
GO Ext. N° 6.890,6,exaec,7216210010,marca_exaec,A,"E,A"
GO Ext. N° 6.890,6,exaec,3402500022,exaec,12,35
GO Ext. N° 6.890,6,exaec,4816200000,exaec,,0
GO Ext. N° 6.890,6,exaec,4816200000,marca_exaec,,E
GO Ext. N° 6.890,6,exaec,7216210090,exaec,0,22
GO Ext. N° 6.890,6,exaec,7216210090,marca_exaec,A,"E,A"
GO Ext. N° 6.890,6,exaec,3402500029,exaec,,35
GO Ext. N° 6.890,6,exaec,3402500029,marca_exaec,,E
GO Ext. N° 6.890,6,exaec,4820100000,exaec,20,30
GO Ext. N° 6.890,6,exaec,7228700010,exaec,0,20
GO Ext. N° 6.890,6,exaec,7228700010,marca_exaec,A,"E,A"
GO Ext. N° 6.890,6,exaec,3402903910,exaec,12,35
GO Ext. N° 6.890,6,exaec,4820200000,exaec,20,30
GO Ext. N° 6.890,6,exaec,7306300000,exaec,0,24
GO Ext. N° 6.890,6,exaec,7306300000,marca_exaec,A,"E,A"
GO Ext. N° 6.890,6,exaec,3403190021,exaec,16,35
GO Ext. N° 6.890,6,exaec,4820300000,exaec,20,30
GO Ext. N° 6.890,6,exaec,7306500000,exaec,0,24
GO Ext. N° 6.890,6,exaec,7306500000,marca_exaec,A,"E,A"
GO Ext. N° 6.890,6,exaec,3403190029,exaec,8,35
GO Ext. N° 6.890,6,exaec,4820400010,exaec,20,30
GO Ext. N° 6.890,6,exaec,7306610000,exaec,0,24
GO Ext. N° 6.890,6,exaec,7306610000,marca_exaec,A,"E,A"
GO Ext. N° 6.890,6,exaec,3404202000,exaec,4,35
GO Ext. N° 6.890,6,exaec,4820400090,exaec,12,22
GO Ext. N° 6.890,6,exaec,7306690000,exaec,0,24
GO Ext. N° 6.890,6,exaec,7306690000,marca_exaec,A,"E,A"
GO Ext. N° 6.890,6,exaec,3404901100,exaec,,4
GO Ext. N° 6.890,6,exaec,3404901100,marca_exaec,,E
GO Ext. N° 6.890,6,exaec,4820500000,exaec,20,30
GO Ext. N° 6.890,6,exaec,7306901000,exaec,0,24
GO Ext. N° 6.890,6,exaec,7306901000,marca_exaec,A,"E,A"
GO Ext. N° 6.890,6,exaec,3404901900,exaec,,4
GO Ext. N° 6.890,6,exaec,3404901900,marca_exaec,,E
GO Ext. N° 6.890,6,exaec,4820900010,exaec,20,30
GO Ext. N° 6.890,6,exaec,7306909000,exaec,0,24
GO Ext. N° 6.890,6,exaec,7306909000,marca_exaec,A,"E,A"
GO Ext. N° 6.890,6,exaec,3404902900,exaec,4,35
GO Ext. N° 6.890,6,exaec,4820900090,exaec,12,22
GO Ext. N° 6.890,6,exaec,7311000019,exaec,0,4
GO Ext. N° 6.890,6,exaec,7311000019,marca_exaec,A,"E,A"
GO Ext. N° 6.890,6,exaec,3507901900,exaec,,0
GO Ext. N° 6.890,6,exaec,3507901900,marca_exaec,,E
GO Ext. N° 6.890,6,exaec,4821100000,exaec,,26
GO Ext. N° 6.890,6,exaec,4821100000,marca_exaec,,E
GO Ext. N° 6.890,6,exaec,7314120000,exaec,,0
GO Ext. N° 6.890,6,exaec,7314120000,marca_exaec,,E
GO Ext. N° 6.890,6,exaec,3507903900,exaec,,0
GO Ext. N° 6.890,6,exaec,3507903900,marca_exaec,,E
GO Ext. N° 6.890,6,exaec,4821900000,exaec,0,26
GO Ext. N° 6.890,6,exaec,4821900000,marca_exaec,A,"E,A"
GO Ext. N° 6.890,6,exaec,7321110010,exaec,,35
GO Ext. N° 6.890,6,exaec,7321110010,marca_exaec,,E
GO Ext. N° 6.890,6,exaec,3507904100,exaec,,0
GO Ext. N° 6.890,6,exaec,3507904100,marca_exaec,,E
GO Ext. N° 6.890,6,exaec,4903000000,exaec,,26
GO Ext. N° 6.890,6,exaec,4903000000,marca_exaec,,E
GO Ext. N° 6.890,6,exaec,7406200000,exaec,4,0
GO Ext. N° 6.890,6,exaec,3701302100,exaec,,4
GO Ext. N° 6.890,6,exaec,3701302100,marca_exaec,,E
GO Ext. N° 6.890,6,exaec,4909000000,exaec,26,35
GO Ext. N° 6.890,6,exaec,7504009000,exaec,,0
GO Ext. N° 6.890,6,exaec,7504009000,marca_exaec,,E
GO Ext. N° 6.890,6,exaec,3801100000,exaec,12,0
GO Ext. N° 6.890,6,exaec,4911101000,exaec,30,35
GO Ext. N° 6.890,6,exaec,7806002000,exaec,0,4
GO Ext. N° 6.890,6,exaec,7806002000,marca_exaec,A,"E,A"
GO Ext. N° 6.890,6,exaec,3801209000,exaec,20,0
GO Ext. N° 6.890,6,exaec,4911109000,exaec,30,35
GO Ext. N° 6.890,6,exaec,7907001000,exaec,0,4
GO Ext. N° 6.890,6,exaec,7907001000,marca_exaec,A,"E,A"
GO Ext. N° 6.890,6,exaec,3802901000,exaec,,0
GO Ext. N° 6.890,6,exaec,3802901000,marca_exaec,,E
GO Ext. N° 6.890,6,exaec,4911910000,exaec,26,35
GO Ext. N° 6.890,6,exaec,8007003000,exaec,,4
GO Ext. N° 6.890,6,exaec,8007003000,marca_exaec,,E
GO Ext. N° 6.890,6,exaec,3802902000,exaec,4,0
GO Ext. N° 6.890,6,exaec,4911990000,exaec,26,35
GO Ext. N° 6.890,6,exaec,8309100000,exaec,35,26
GO Ext. N° 6.890,6,exaec,8309100000,marca_exaec,"E,A",E
GO Ext. N° 6.890,6,exaec,3806300000,exaec,4,14
GO Ext. N° 6.890,6,exaec,5208220000,exaec,10,35
GO Ext. N° 6.890,6,exaec,8415101100,exaec,,35
GO Ext. N° 6.890,6,exaec,8415101100,marca_exaec,,E
GO Ext. N° 6.890,6,exaec,3808911910,exaec,,35
GO Ext. N° 6.890,6,exaec,3808911910,marca_exaec,,E
GO Ext. N° 6.890,6,exaec,5208230000,exaec,10,35
GO Ext. N° 6.890,6,exaec,8415101900,exaec,,35
GO Ext. N° 6.890,6,exaec,8415101900,marca_exaec,,E
GO Ext. N° 6.890,6,exaec,3808919100,exaec,,35
GO Ext. N° 6.890,6,exaec,3808919100,marca_exaec,,E
GO Ext. N° 6.890,6,exaec,5208290000,exaec,10,35
GO Ext. N° 6.890,6,exaec,8415109000,exaec,,35
GO Ext. N° 6.890,6,exaec,8415109000,marca_exaec,,E
GO Ext. N° 6.890,6,exaec,3808919200,exaec,,0
GO Ext. N° 6.890,6,exaec,3808919200,marca_exaec,,E
GO Ext. N° 6.890,6,exaec,5208320000,exaec,10,35
GO Ext. N° 6.890,6,exaec,8418100000,exaec,0,35
GO Ext. N° 6.890,6,exaec,8418100000,marca_exaec,A,"E,A"
GO Ext. N° 6.890,6,exaec,3808919500,exaec,,0
GO Ext. N° 6.890,6,exaec,3808919500,marca_exaec,,E
GO Ext. N° 6.890,6,exaec,5208330000,exaec,10,35
GO Ext. N° 6.890,6,exaec,8418210000,exaec,,35
GO Ext. N° 6.890,6,exaec,8418210000,marca_exaec,,E
GO Ext. N° 6.890,6,exaec,3808919910,exaec,,35
GO Ext. N° 6.890,6,exaec,3808919910,marca_exaec,,E
GO Ext. N° 6.890,6,exaec,5208420000,exaec,10,35
GO Ext. N° 6.890,6,exaec,8418290000,exaec,,35
GO Ext. N° 6.890,6,exaec,8418290000,marca_exaec,,E
GO Ext. N° 6.890,6,exaec,3808919990,exaec,,0
GO Ext. N° 6.890,6,exaec,3808919990,marca_exaec,,E
GO Ext. N° 6.890,6,exaec,5208430000,exaec,10,35
GO Ext. N° 6.890,6,exaec,8424891000,marca_exaec,A,"E,A"
GO Ext. N° 6.890,6,exaec,3808929300,exaec,,0
GO Ext. N° 6.890,6,exaec,3808929300,marca_exaec,,E
GO Ext. N° 6.890,6,exaec,5208490000,exaec,10,35
GO Ext. N° 6.890,6,exaec,8431101000,exaec,,0
GO Ext. N° 6.890,6,exaec,8431101000,marca_exaec,,E
GO Ext. N° 6.890,6,exaec,3808929920,exaec,,0
GO Ext. N° 6.890,6,exaec,3808929920,marca_exaec,,E
GO Ext. N° 6.890,6,exaec,5208520000,exaec,10,35
GO Ext. N° 6.890,6,exaec,8450110000,exaec,,35
GO Ext. N° 6.890,6,exaec,8450110000,marca_exaec,,E
GO Ext. N° 6.890,6,exaec,3808932500,exaec,,0
GO Ext. N° 6.890,6,exaec,3808932500,marca_exaec,,E
GO Ext. N° 6.890,6,exaec,5208599000,exaec,10,35
GO Ext. N° 6.890,6,exaec,8450120000,exaec,,35
GO Ext. N° 6.890,6,exaec,8450120000,marca_exaec,,E
GO Ext. N° 6.890,6,exaec,3808932800,exaec,,0
GO Ext. N° 6.890,6,exaec,3808932800,marca_exaec,,E
GO Ext. N° 6.890,6,exaec,5209220000,exaec,10,35
GO Ext. N° 6.890,6,exaec,8450190000,exaec,,35
GO Ext. N° 6.890,6,exaec,8450190000,marca_exaec,,E
GO Ext. N° 6.890,6,exaec,3808932900,exaec,,0
GO Ext. N° 6.890,6,exaec,3808932900,marca_exaec,,E
GO Ext. N° 6.890,6,exaec,5209320000,exaec,10,35
GO Ext. N° 6.890,6,exaec,8450201000,exaec,,35
GO Ext. N° 6.890,6,exaec,8450201000,marca_exaec,,E
GO Ext. N° 6.890,6,exaec,3808941900,exaec,,35
GO Ext. N° 6.890,6,exaec,3808941900,marca_exaec,,E
GO Ext. N° 6.890,6,exaec,5402331000,exaec,,0
GO Ext. N° 6.890,6,exaec,5402331000,marca_exaec,,E
GO Ext. N° 6.890,6,exaec,8450209000,exaec,,35
GO Ext. N° 6.890,6,exaec,8450209000,marca_exaec,,E
GO Ext. N° 6.890,6,exaec,3808942900,exaec,,35
GO Ext. N° 6.890,6,exaec,3808942900,marca_exaec,,E
GO Ext. N° 6.890,6,exaec,5402440000,exaec,,0
GO Ext. N° 6.890,6,exaec,5402440000,marca_exaec,,E
GO Ext. N° 6.890,6,exaec,8451210000,exaec,,35
GO Ext. N° 6.890,6,exaec,8451210000,marca_exaec,,E
GO Ext. N° 6.890,6,exaec,3808999600,exaec,2,35
GO Ext. N° 6.890,6,exaec,5407200000,exaec,,0
GO Ext. N° 6.890,6,exaec,5407200000,marca_exaec,,E
GO Ext. N° 6.890,6,exaec,8451299000,exaec,,35
GO Ext. N° 6.890,6,exaec,8451299000,marca_exaec,,E
GO Ext. N° 6.890,6,exaec,3809911000,exaec,2,35
GO Ext. N° 6.890,6,exaec,5503209000,exaec,,0
GO Ext. N° 6.890,6,exaec,5503209000,marca_exaec,,E
GO Ext. N° 6.890,6,exaec,8482101000,marca_exaec,A,"E,A"
GO Ext. N° 6.890,6,exaec,3809919000,exaec,,0
GO Ext. N° 6.890,6,exaec,3809919000,marca_exaec,,E
GO Ext. N° 6.890,6,exaec,5504901000,exaec,,0
GO Ext. N° 6.890,6,exaec,5504901000,marca_exaec,,E
GO Ext. N° 6.890,6,exaec,8482109000,marca_exaec,A,"E,A"
GO Ext. N° 6.890,6,exaec,3811211000,exaec,,0
GO Ext. N° 6.890,6,exaec,3811211000,marca_exaec,,E
GO Ext. N° 6.890,6,exaec,5603141000,exaec,15,0
GO Ext. N° 6.890,6,exaec,8501401931,marca_exaec,A,"E,A"
GO Ext. N° 6.890,6,exaec,3811212000,exaec,,0
GO Ext. N° 6.890,6,exaec,3811212000,marca_exaec,,E
GO Ext. N° 6.890,6,exaec,5911209000,exaec,,0
GO Ext. N° 6.890,6,exaec,5911209000,marca_exaec,,E
GO Ext. N° 6.890,6,exaec,8516500000,exaec,0,35
GO Ext. N° 6.890,6,exaec,8516500000,marca_exaec,A,"E,A"
GO Ext. N° 6.890,6,exaec,3811215000,exaec,,0
GO Ext. N° 6.890,6,exaec,3811215000,marca_exaec,,E
GO Ext. N° 6.890,6,exaec,6203420000,exaec,12,35
GO Ext. N° 6.890,6,exaec,8516600000,exaec,0,35
GO Ext. N° 6.890,6,exaec,8516600000,marca_exaec,A,"E,A"
GO Ext. N° 6.890,6,exaec,3811291000,exaec,4,0
GO Ext. N° 6.890,6,exaec,6203430000,exaec,12,35
GO Ext. N° 6.890,6,exaec,8517130000,exaec,,35
GO Ext. N° 6.890,6,exaec,8517130000,marca_exaec,,E
GO Ext. N° 6.890,6,exaec,3811292000,exaec,4,0
GO Ext. N° 6.890,6,exaec,6204620000,exaec,12,35
GO Ext. N° 6.890,6,exaec,8518210000,exaec,0,35
GO Ext. N° 6.890,6,exaec,8518210000,marca_exaec,A,"E,A"
GO Ext. N° 6.890,6,exaec,3811299000,exaec,,0
GO Ext. N° 6.890,6,exaec,3811299000,marca_exaec,,E
GO Ext. N° 6.890,6,exaec,6204630000,exaec,12,35
GO Ext. N° 6.890,6,exaec,8518220000,exaec,0,35
GO Ext. N° 6.890,6,exaec,8518220000,marca_exaec,A,"E,A"
GO Ext. N° 6.890,6,exaec,3811901000,marca_exaec,A,"E,A"
GO Ext. N° 6.890,6,exaec,6406100090,exaec,12,0
GO Ext. N° 6.890,6,exaec,8518299000,exaec,0,35
GO Ext. N° 6.890,6,exaec,8518299000,marca_exaec,A,"E,A"
GO Ext. N° 6.890,6,exaec,3823120000,exaec,,0
GO Ext. N° 6.890,6,exaec,3823120000,marca_exaec,,E
GO Ext. N° 6.890,6,exaec,6406909090,exaec,12,0
GO Ext. N° 6.890,6,exaec,8527130000,exaec,,35
GO Ext. N° 6.890,6,exaec,8527130000,marca_exaec,,E
GO Ext. N° 6.890,6,exaec,3823199090,exaec,,0
GO Ext. N° 6.890,6,exaec,3823199090,marca_exaec,,E
GO Ext. N° 6.890,6,exaec,6804211100,exaec,,2
GO Ext. N° 6.890,6,exaec,6804211100,marca_exaec,,E
GO Ext. N° 6.890,6,exaec,8527190000,exaec,,35
GO Ext. N° 6.890,6,exaec,8527190000,marca_exaec,,E
GO Ext. N° 6.890,6,exaec,3824994100,exaec,2,35
GO Ext. N° 6.890,6,exaec,6907210000,exaec,26,35
GO Ext. N° 6.890,6,exaec,8527210000,exaec,,35
GO Ext. N° 6.890,6,exaec,8527210000,marca_exaec,,E
GO Ext. N° 6.890,6,exaec,3906904100,exaec,2,0
GO Ext. N° 6.890,6,exaec,6907220000,exaec,30,35
GO Ext. N° 6.890,6,exaec,8527290000,exaec,,35
GO Ext. N° 6.890,6,exaec,8527290000,marca_exaec,,E
GO Ext. N° 6.890,6,exaec,3906904990,exaec,4,14
GO Ext. N° 6.890,6,exaec,6907230000,exaec,30,35
GO Ext. N° 6.890,6,exaec,8527910000,exaec,,35
GO Ext. N° 6.890,6,exaec,8527910000,marca_exaec,,E
GO Ext. N° 6.890,6,exaec,3907299000,exaec,2,0
GO Ext. N° 6.890,6,exaec,6907300000,exaec,15,35
GO Ext. N° 6.890,6,exaec,8527920000,exaec,,35
GO Ext. N° 6.890,6,exaec,8527920000,marca_exaec,,E
GO Ext. N° 6.890,6,exaec,3907610010,exaec,,0
GO Ext. N° 6.890,6,exaec,3907610010,marca_exaec,,E
GO Ext. N° 6.890,6,exaec,7002310000,exaec,,0
GO Ext. N° 6.890,6,exaec,7002310000,marca_exaec,,E
GO Ext. N° 6.890,6,exaec,8527991000,exaec,,35
GO Ext. N° 6.890,6,exaec,8527991000,marca_exaec,,E
GO Ext. N° 6.890,6,exaec,3907610090,exaec,,0
GO Ext. N° 6.890,6,exaec,3907610090,marca_exaec,,E
GO Ext. N° 6.890,6,exaec,7005300000,exaec,,2
GO Ext. N° 6.890,6,exaec,7005300000,marca_exaec,,E
GO Ext. N° 6.890,6,exaec,8527999000,exaec,,35
GO Ext. N° 6.890,6,exaec,8527999000,marca_exaec,,E
GO Ext. N° 6.890,6,exaec,3909310000,exaec,4,0
GO Ext. N° 6.890,6,exaec,7006000000,exaec,,22
GO Ext. N° 6.890,6,exaec,7006000000,marca_exaec,,E
GO Ext. N° 6.890,6,exaec,8528520000,exaec,0,35
GO Ext. N° 6.890,6,exaec,8528520000,marca_exaec,A,"E,A"
GO Ext. N° 6.890,6,exaec,8528590000,exaec,0,35
GO Ext. N° 6.890,6,exaec,8528590000,marca_exaec,A,"E,A"
GO Ext. N° 6.890,6,exaec,8703239040,exaec,,40
GO Ext. N° 6.890,6,exaec,8703239040,marca_exaec,,E
GO Ext. N° 6.890,6,exaec,9805000030,exaec,,9
GO Ext. N° 6.890,6,exaec,9805000030,marca_exaec,,E
GO Ext. N° 6.890,6,exaec,8528711900,exaec,,30
GO Ext. N° 6.890,6,exaec,8528711900,marca_exaec,,E
GO Ext. N° 6.890,6,exaec,8703239090,exaec,,40
GO Ext. N° 6.890,6,exaec,8703239090,marca_exaec,,E
GO Ext. N° 6.890,6,exaec,9805000040,exaec,,9
GO Ext. N° 6.890,6,exaec,9805000040,marca_exaec,,E
GO Ext. N° 6.890,6,exaec,8528719000,exaec,,30
GO Ext. N° 6.890,6,exaec,8528719000,marca_exaec,,E
GO Ext. N° 6.890,6,exaec,8703241000,exaec,,40
GO Ext. N° 6.890,6,exaec,8703241000,marca_exaec,,E
GO Ext. N° 6.890,6,exaec,9805000050,exaec,,9
GO Ext. N° 6.890,6,exaec,9805000050,marca_exaec,,E
GO Ext. N° 6.890,6,exaec,8528720000,exaec,,30
GO Ext. N° 6.890,6,exaec,8528720000,marca_exaec,,E
GO Ext. N° 6.890,6,exaec,8703249000,exaec,,40
GO Ext. N° 6.890,6,exaec,8703249000,marca_exaec,,E
GO Ext. N° 6.890,6,exaec,9805000060,exaec,,9
GO Ext. N° 6.890,6,exaec,9805000060,marca_exaec,,E
GO Ext. N° 6.890,6,exaec,8528730000,exaec,,35
GO Ext. N° 6.890,6,exaec,8528730000,marca_exaec,,E
GO Ext. N° 6.890,6,exaec,9504500000,exaec,,35
GO Ext. N° 6.890,6,exaec,9504500000,marca_exaec,,E
GO Ext. N° 6.890,6,exaec,9805000090,exaec,,9
GO Ext. N° 6.890,6,exaec,9805000090,marca_exaec,,E
GO Ext. N° 6.890,6,exaec,8703231040,exaec,,40
GO Ext. N° 6.890,6,exaec,8703231040,marca_exaec,,E
GO Ext. N° 6.890,6,exaec,9805000010,exaec,,9
GO Ext. N° 6.890,6,exaec,9805000010,marca_exaec,,E
GO Ext. N° 6.890,6,exaec,8703231090,exaec,,40
GO Ext. N° 6.890,6,exaec,8703231090,marca_exaec,,E
GO Ext. N° 6.890,6,exaec,9805000020,exaec,,9
GO Ext. N° 6.890,6,exaec,9805000020,marca_exaec,,E
GO Ext. N° 6.890,9,regimen,1005901011,regimen_importacion,"5,6,8","5,6,8,9"
GO Ext. N° 6.890,9,regimen,1201900000,regimen_importacion,"5,6,8","5,6,8,9"
GO Ext. N° 6.890,9,regimen,1005901019,regimen_importacion,"5,6","5,6,9"
GO Ext. N° 6.890,9,regimen,1701130010,regimen_importacion,"3,5,8","3,5,8,9"
GO Ext. N° 6.890,9,regimen,1006201000,regimen_importacion,"5,6","5,6,9"
GO Ext. N° 6.890,9,regimen,1701130090,regimen_importacion,"3,5,8","3,5,8,9"
GO Ext. N° 6.890,9,regimen,1006202000,regimen_importacion,"5,6","5,6,9"
GO Ext. N° 6.890,9,regimen,1701140021,regimen_importacion,"3,5,8","3,5,8,9"
GO Ext. N° 6.890,9,regimen,1006301110,regimen_importacion,"5,6","5,6,9"
GO Ext. N° 6.890,9,regimen,1701140029,regimen_importacion,"3,5,8","3,5,8,9"
GO Ext. N° 6.890,9,regimen,1006301190,regimen_importacion,"5,6","5,6,9"
GO Ext. N° 6.890,9,regimen,1701140091,regimen_importacion,"3,5,8","3,5,8,9"
GO Ext. N° 6.890,9,regimen,1006301910,regimen_importacion,"5,6","5,6,9"
GO Ext. N° 6.890,9,regimen,1701140099,regimen_importacion,"3,5,8","3,5,8,9"
GO Ext. N° 6.890,9,regimen,1006301990,regimen_importacion,"5,6","5,6,9"
GO Ext. N° 6.890,9,regimen,1701910010,regimen_importacion,"3,5,8","3,5,8,9"
GO Ext. N° 6.890,9,regimen,1006302110,regimen_importacion,"5,6","5,6,9"
GO Ext. N° 6.890,9,regimen,1701910090,regimen_importacion,"3,5,8","3,5,8,9"
GO Ext. N° 6.890,9,regimen,1006302190,regimen_importacion,"5,6","5,6,9"
GO Ext. N° 6.890,9,regimen,1701990091,regimen_importacion,"3,5,8","3,5,8,9"
GO Ext. N° 6.890,9,regimen,1006302910,regimen_importacion,"5,6","5,6,9"
GO Ext. N° 6.890,9,regimen,1701990099,regimen_importacion,"3,5,8","3,5,8,9"
GO Ext. N° 6.890,9,regimen,1006302990,regimen_importacion,"5,6","5,6,9"
GO Ext. N° 6.918,5,elimina,0201209000,,Los demás,
GO Ext. N° 6.918,5,elimina,0201300000,,Deshuesada,
GO Ext. N° 6.918,5,elimina,2710199900,,Los demás,
GO Ext. N° 6.918,5,elimina,3004909991,,Los demás medicamentos para uso veterinario,
GO Ext. N° 6.918,5,crea,02012090,,,Los demás:
GO Ext. N° 6.918,5,crea,0201209010,,,Con un contenido de grasa intramuscular (entreverada) superior o igual al 20% en peso
GO Ext. N° 6.918,5,crea,0201209090,,,Los demás
GO Ext. N° 6.918,5,crea,02013000,,,Deshuesada:
GO Ext. N° 6.918,5,crea,0201300010,,,Con un contenido de grasa intramuscular (entreverada) superior o igual al 20% en peso
GO Ext. N° 6.918,5,crea,0201300090,,,Los demás
GO Ext. N° 6.918,5,modifica,2710124100,regimen_importacion,,11
GO Ext. N° 6.918,5,modifica,2710124100,regimen_exportacion,,11
GO Ext. N° 6.918,5,crea,2710124200,,,Nafta residual derivada del fraccionamiento de los líquidos del gas natural
GO Ext. N° 6.918,5,modifica,2710124900,regimen_importacion,,11
GO Ext. N° 6.918,5,modifica,2710124900,regimen_exportacion,,11
GO Ext. N° 6.918,5,crea,27101999,,,Los demás:
GO Ext. N° 6.918,5,crea,2710199910,,,Grasas lubricantes
GO Ext. N° 6.918,5,crea,2710199990,,,Las demás
GO Ext. N° 6.918,5,modifica,3004499019,exaec,8,0
GO Ext. N° 6.918,5,modifica,3004902911,descripcion,Ácido benzoico; ácido salicílico; carboximetilcisteína; ciprofibrato; ibuprufeno; ketoprofeno; naproxeno; orofeno,Ácido benzoico; ácido salicílico; ciprofibrato; ibuprofeno; ketoprofeno; naproxeno; orofeno
GO Ext. N° 6.918,5,modifica,3004906913,descripcion,Mirtazapina; montelukast; moxifloxacina; moxifloxacino; omeprazol; oximetazolina; pantoprazol; piritinol; secnidazol; ticagrelor; valsartán; zolpidem,Mirtazapina; montelukast; moxifloxacina; omeprazol; oximetazolina; pantoprazol; piritinol; secnidazol; ticagrelor; valsartán; zolpidem
GO Ext. N° 6.918,5,modifica,3004907911,descripcion,Citicolina; Clopidogrel; Diltiazem; Diosmina; Glimepirida; Hidroclorotiazida; Hidroxicloroquina; Itraconazol; Levofloxacino; Levosulpirida; Meloxicam; Nimesulida; Olmesartán; Oxolamina; Pioglitazona; Pirantel; Prucaloprida; Quetiapina; Risperidona; Rivaroxabán; Rosuvastatina; Sildenafilo; Sulfametizol; Tadalafil; Tamsulosina,Citicolina; clopidogrel; diltiazem; diosmina; glimepirida; hidroclorotiazida; itraconazol; levofloxacino; levosulpirida; meloxicam; nimesulida; olmesartán; oxolamina; pioglitazona; pirantel; prucaloprida; quetiapina; risperidona; rivaroxabán; rosuvastatina; sildenafilo; sulfametizol; tadalafil; tamsulosina
GO Ext. N° 6.918,5,crea,3004907912,,,Brimonidina incluso con dorzolamida o timolol
GO Ext. N° 6.918,5,crea,3004909992,,,Ácido 2-propilpentanoico; ácido alfa-ceto; ácido tricloroacético; alfa-hederina; carbómero; dextrano; enoxaparina con carácter de medicamento; estibogluconato; extracto de hedera helix con uso terapeútico o profiláctico; fosfato de sodio y bis(2-etilhexilo); gadobutrol; hidróxido de magnesio; hipromelosa; isoflurano; n-acetilcisteína excepto las comprendidas en la subpartida 3004.90.99.50; nitroprusiato; polietilenglicol; probióticos con uso terapeútico o profiláctico; sacarosa de hierro; solución viscoelástica con uso terapeútico o profiláctico; sucralfato; sulfato de hierro; para uso veterinario
GO Ext. N° 6.918,5,crea,3004909993,,,Ácido 2-propilpentanoico; ácido alfa-ceto; ácido tricloroacético; alfa-hederina; carbómero; dextrano; enoxaparina con carácter de medicamento; estibogluconato; extracto de hedera helix con uso terapeútico o profiláctico; fosfato de sodio y bis(2-etilhexilo); gadobutrol; hidróxido de magnesio; hipromelosa; isoflurano; n-acetilcisteína excepto las comprendidas en la subpartida 3004.90.99.50; nitroprusiato; polietilenglicol; probióticos con uso terapeútico o profiláctico; sacarosa de hierro; solución viscoelástica con uso terapeútico o profiláctico; sucralfato; sulfato de hierro; para uso humano
GO Ext. N° 6.918,5,crea,3004909998,,,Los demás medicamentos para uso veterinario
GO Ext. N° 6.918,5,modifica,9825000081,descripcion,"Agentes de superficie orgánicos (excepto el jabón), constituidos por mezclas de ácidos alquilbencenosulfónicos, excepto acondicionados para la venta al por menor","Agentes de superficie orgánicos (por ejemplo: acetato de oleilamina, ácidos alquilbenceno sulfónicos líneales y sus sales, alquilsulfonato, dibutilnaftalensulfato, lauril éter sulfato, n-metil-n-oleoiltaurato), aniónicos, catiónicos o no iónicos (excepto el jabón o las acondicionadas para la venta al por menor)"
GO Ext. N° 6.918,5,crea,9826000017,,,Polímeros acrílicos en forma primaria
GO Ext. N° 6.918,3,exaec,0101210010,exaec,,40
GO Ext. N° 6.918,3,exaec,0209102100,exaec,,40
GO Ext. N° 6.918,3,exaec,0306161010,exaec,,35
GO Ext. N° 6.918,3,exaec,0101210090,exaec,,40
GO Ext. N° 6.918,3,exaec,0209102900,exaec,,40
GO Ext. N° 6.918,3,exaec,0306161090,exaec,,35
GO Ext. N° 6.918,3,exaec,0101290010,exaec,,40
GO Ext. N° 6.918,3,exaec,0209900000,exaec,,40
GO Ext. N° 6.918,3,exaec,0306169010,exaec,,35
GO Ext. N° 6.918,3,exaec,0101290090,exaec,,40
GO Ext. N° 6.918,3,exaec,0210110000,exaec,,40
GO Ext. N° 6.918,3,exaec,0306169090,exaec,,35
GO Ext. N° 6.918,3,exaec,0101300000,exaec,,40
GO Ext. N° 6.918,3,exaec,0210120000,exaec,,40
GO Ext. N° 6.918,3,exaec,0306171010,exaec,,35
GO Ext. N° 6.918,3,exaec,0101900000,exaec,,40
GO Ext. N° 6.918,3,exaec,0301111000,exaec,,35
GO Ext. N° 6.918,3,exaec,0306171090,exaec,,35
GO Ext. N° 6.918,3,exaec,0104109000,exaec,,14
GO Ext. N° 6.918,3,exaec,0301119000,exaec,,35
GO Ext. N° 6.918,3,exaec,0306179010,exaec,,35
GO Ext. N° 6.918,3,exaec,0104209000,exaec,,20
GO Ext. N° 6.918,3,exaec,0301190000,exaec,,35
GO Ext. N° 6.918,3,exaec,0306179090,exaec,,35
GO Ext. N° 6.918,3,exaec,0106110000,exaec,,40
GO Ext. N° 6.918,3,exaec,0301919000,exaec,,35
GO Ext. N° 6.918,3,exaec,0306191000,exaec,,35
GO Ext. N° 6.918,3,exaec,0106120000,exaec,,40
GO Ext. N° 6.918,3,exaec,0301929000,exaec,,35
GO Ext. N° 6.918,3,exaec,0306199000,exaec,,35
GO Ext. N° 6.918,3,exaec,0106130000,exaec,,40
GO Ext. N° 6.918,3,exaec,0301939000,exaec,,35
GO Ext. N° 6.918,3,exaec,0306310000,exaec,,35
GO Ext. N° 6.918,3,exaec,0106140000,exaec,,40
GO Ext. N° 6.918,3,exaec,0301949000,exaec,,35
GO Ext. N° 6.918,3,exaec,0306320000,exaec,,35
GO Ext. N° 6.918,3,exaec,0106190000,exaec,,40
GO Ext. N° 6.918,3,exaec,0301959000,exaec,,35
GO Ext. N° 6.918,3,exaec,0306330000,exaec,,35
GO Ext. N° 6.918,3,exaec,0106200000,exaec,,40
GO Ext. N° 6.918,3,exaec,0301999100,exaec,,35
GO Ext. N° 6.918,3,exaec,0306340000,exaec,,35
GO Ext. N° 6.918,3,exaec,0106310000,exaec,,40
GO Ext. N° 6.918,3,exaec,0301999200,exaec,,35
GO Ext. N° 6.918,3,exaec,0306350019,exaec,20,35
GO Ext. N° 6.918,3,exaec,0306350019,marca_exaec,E,
GO Ext. N° 6.918,3,exaec,0106320000,exaec,,40
GO Ext. N° 6.918,3,exaec,0301999900,exaec,,35
GO Ext. N° 6.918,3,exaec,0306350099,exaec,20,35
GO Ext. N° 6.918,3,exaec,0306350099,marca_exaec,E,
GO Ext. N° 6.918,3,exaec,0106339000,exaec,,40
GO Ext. N° 6.918,3,exaec,0305200000,exaec,,35
GO Ext. N° 6.918,3,exaec,0306360090,exaec,,35
GO Ext. N° 6.918,3,exaec,0106390000,exaec,,40
GO Ext. N° 6.918,3,exaec,0305310000,exaec,,35
GO Ext. N° 6.918,3,exaec,0306391000,exaec,,35
GO Ext. N° 6.918,3,exaec,0106410010,exaec,,40
GO Ext. N° 6.918,3,exaec,0305321000,exaec,,35
GO Ext. N° 6.918,3,exaec,0306399000,exaec,,35
GO Ext. N° 6.918,3,exaec,0106410090,exaec,,40
GO Ext. N° 6.918,3,exaec,0305322000,exaec,,35
GO Ext. N° 6.918,3,exaec,0306910000,exaec,,35
GO Ext. N° 6.918,3,exaec,0106490000,exaec,,40
GO Ext. N° 6.918,3,exaec,0305323000,exaec,,35
GO Ext. N° 6.918,3,exaec,0306920000,exaec,,35
GO Ext. N° 6.918,3,exaec,0106900000,exaec,,40
GO Ext. N° 6.918,3,exaec,0305329000,exaec,,35
GO Ext. N° 6.918,3,exaec,0306930000,exaec,,35
GO Ext. N° 6.918,3,exaec,0204100000,exaec,,24
GO Ext. N° 6.918,3,exaec,0305390000,exaec,,35
GO Ext. N° 6.918,3,exaec,0306940000,exaec,,35
GO Ext. N° 6.918,3,exaec,0204210000,exaec,20,24
GO Ext. N° 6.918,3,exaec,0204210000,marca_exaec,E,
GO Ext. N° 6.918,3,exaec,0305410000,exaec,,35
GO Ext. N° 6.918,3,exaec,0306950011,exaec,5,35
GO Ext. N° 6.918,3,exaec,0306950011,marca_exaec,E,
GO Ext. N° 6.918,3,exaec,0204220000,exaec,,24
GO Ext. N° 6.918,3,exaec,0305420000,exaec,,35
GO Ext. N° 6.918,3,exaec,0306950019,exaec,20,35
GO Ext. N° 6.918,3,exaec,0306950019,marca_exaec,E,
GO Ext. N° 6.918,3,exaec,0204230000,exaec,,24
GO Ext. N° 6.918,3,exaec,0305430000,exaec,,35
GO Ext. N° 6.918,3,exaec,0306950091,exaec,5,35
GO Ext. N° 6.918,3,exaec,0306950091,marca_exaec,E,
GO Ext. N° 6.918,3,exaec,0204300000,exaec,,24
GO Ext. N° 6.918,3,exaec,0305440000,exaec,,35
GO Ext. N° 6.918,3,exaec,0306950099,exaec,20,35
GO Ext. N° 6.918,3,exaec,0306950099,marca_exaec,E,
GO Ext. N° 6.918,3,exaec,0204410000,exaec,,24
GO Ext. N° 6.918,3,exaec,0305491000,exaec,,35
GO Ext. N° 6.918,3,exaec,0306991000,exaec,,35
GO Ext. N° 6.918,3,exaec,0204420000,exaec,,24
GO Ext. N° 6.918,3,exaec,0305492000,exaec,,35
GO Ext. N° 6.918,3,exaec,0306999000,exaec,,35
GO Ext. N° 6.918,3,exaec,0204430000,exaec,,24
GO Ext. N° 6.918,3,exaec,0305499000,exaec,,35
GO Ext. N° 6.918,3,exaec,0307110000,exaec,,35
GO Ext. N° 6.918,3,exaec,0204500000,exaec,,24
GO Ext. N° 6.918,3,exaec,0305510000,exaec,,35
GO Ext. N° 6.918,3,exaec,0307120000,exaec,,35
GO Ext. N° 6.918,3,exaec,0205000000,exaec,,26
GO Ext. N° 6.918,3,exaec,0305520000,exaec,,35
GO Ext. N° 6.918,3,exaec,0307190000,exaec,,35
GO Ext. N° 6.918,3,exaec,0206100000,exaec,,40
GO Ext. N° 6.918,3,exaec,0305531000,exaec,,35
GO Ext. N° 6.918,3,exaec,0307210000,exaec,,35
GO Ext. N° 6.918,3,exaec,0206210000,exaec,,40
GO Ext. N° 6.918,3,exaec,0305539000,exaec,,35
GO Ext. N° 6.918,3,exaec,0307220000,exaec,,35
GO Ext. N° 6.918,3,exaec,0206220000,exaec,,40
GO Ext. N° 6.918,3,exaec,0305540000,exaec,,35
GO Ext. N° 6.918,3,exaec,0307290000,exaec,,35
GO Ext. N° 6.918,3,exaec,0206291000,exaec,,40
GO Ext. N° 6.918,3,exaec,0305590000,exaec,,35
GO Ext. N° 6.918,3,exaec,0307310000,exaec,,35
GO Ext. N° 6.918,3,exaec,0206299000,exaec,,40
GO Ext. N° 6.918,3,exaec,0305610000,exaec,,35
GO Ext. N° 6.918,3,exaec,0307320000,exaec,,35
GO Ext. N° 6.918,3,exaec,0206300000,exaec,,40
GO Ext. N° 6.918,3,exaec,0305620000,exaec,,35
GO Ext. N° 6.918,3,exaec,0307390000,exaec,,35
GO Ext. N° 6.918,3,exaec,0206410000,exaec,,40
GO Ext. N° 6.918,3,exaec,0305630000,exaec,,35
GO Ext. N° 6.918,3,exaec,0307420000,exaec,,35
GO Ext. N° 6.918,3,exaec,0206490000,exaec,,40
GO Ext. N° 6.918,3,exaec,0305640000,exaec,,35
GO Ext. N° 6.918,3,exaec,0307431000,exaec,,35
GO Ext. N° 6.918,3,exaec,0206800000,exaec,,40
GO Ext. N° 6.918,3,exaec,0305691000,exaec,,35
GO Ext. N° 6.918,3,exaec,0307439000,exaec,,35
GO Ext. N° 6.918,3,exaec,0206900000,exaec,,40
GO Ext. N° 6.918,3,exaec,0305699000,exaec,,35
GO Ext. N° 6.918,3,exaec,0307490000,exaec,,35
GO Ext. N° 6.918,3,exaec,0208100000,exaec,,40
GO Ext. N° 6.918,3,exaec,0305710000,exaec,,35
GO Ext. N° 6.918,3,exaec,0307510000,exaec,,35
GO Ext. N° 6.918,3,exaec,0208300000,exaec,,40
GO Ext. N° 6.918,3,exaec,0305720000,exaec,,35
GO Ext. N° 6.918,3,exaec,0307520000,exaec,,35
GO Ext. N° 6.918,3,exaec,0208400000,exaec,,40
GO Ext. N° 6.918,3,exaec,0305790000,exaec,,35
GO Ext. N° 6.918,3,exaec,0307590000,exaec,,35
GO Ext. N° 6.918,3,exaec,0208500000,exaec,,40
GO Ext. N° 6.918,3,exaec,0306111000,exaec,,35
GO Ext. N° 6.918,3,exaec,0307600000,exaec,,35
GO Ext. N° 6.918,3,exaec,0208600000,exaec,,40
GO Ext. N° 6.918,3,exaec,0306119000,exaec,,35
GO Ext. N° 6.918,3,exaec,0307710000,exaec,,35
GO Ext. N° 6.918,3,exaec,0208900000,exaec,,40
GO Ext. N° 6.918,3,exaec,0306120000,exaec,,35
GO Ext. N° 6.918,3,exaec,0307720000,exaec,,35
GO Ext. N° 6.918,3,exaec,0209101100,exaec,,40
GO Ext. N° 6.918,3,exaec,0306140000,exaec,,35
GO Ext. N° 6.918,3,exaec,0307790000,exaec,,35
GO Ext. N° 6.918,3,exaec,0209101900,exaec,,40
GO Ext. N° 6.918,3,exaec,0306150000,exaec,,35
GO Ext. N° 6.918,3,exaec,0307810000,exaec,,35
GO Ext. N° 6.918,3,exaec,0307820000,exaec,,35
GO Ext. N° 6.918,3,exaec,0604900000,exaec,,40
GO Ext. N° 6.918,3,exaec,0813202000,exaec,,30
GO Ext. N° 6.918,3,exaec,0307830000,exaec,,35
GO Ext. N° 6.918,3,exaec,0708900000,exaec,2,4
GO Ext. N° 6.918,3,exaec,0708900000,marca_exaec,E,
GO Ext. N° 6.918,3,exaec,0813300000,exaec,,40
GO Ext. N° 6.918,3,exaec,0307840000,exaec,,35
GO Ext. N° 6.918,3,exaec,0709991900,exaec,2,4
GO Ext. N° 6.918,3,exaec,0709991900,marca_exaec,E,
GO Ext. N° 6.918,3,exaec,0813401000,exaec,,40
GO Ext. N° 6.918,3,exaec,0307870000,exaec,,35
GO Ext. N° 6.918,3,exaec,0709999000,exaec,2,4
GO Ext. N° 6.918,3,exaec,0709999000,marca_exaec,E,
GO Ext. N° 6.918,3,exaec,0813409000,exaec,,40
GO Ext. N° 6.918,3,exaec,0307880000,exaec,,35
GO Ext. N° 6.918,3,exaec,0713332900,exaec,2,0
GO Ext. N° 6.918,3,exaec,0713332900,marca_exaec,E,
GO Ext. N° 6.918,3,exaec,0813500000,exaec,,30
GO Ext. N° 6.918,3,exaec,0307910000,exaec,,35
GO Ext. N° 6.918,3,exaec,0713339900,exaec,2,0
GO Ext. N° 6.918,3,exaec,0713339900,marca_exaec,E,
GO Ext. N° 6.918,3,exaec,0814000000,exaec,15,40
GO Ext. N° 6.918,3,exaec,0814000000,marca_exaec,E,
GO Ext. N° 6.918,3,exaec,0307920000,exaec,,35
GO Ext. N° 6.918,3,exaec,0713409000,exaec,2,0
GO Ext. N° 6.918,3,exaec,0713409000,marca_exaec,E,
GO Ext. N° 6.918,3,exaec,0901111010,exaec,,40
GO Ext. N° 6.918,3,exaec,0307990000,exaec,,35
GO Ext. N° 6.918,3,exaec,0713609000,exaec,2,0
GO Ext. N° 6.918,3,exaec,0713609000,marca_exaec,E,
GO Ext. N° 6.918,3,exaec,0901111090,exaec,,40
GO Ext. N° 6.918,3,exaec,0308110000,exaec,,35
GO Ext. N° 6.918,3,exaec,0714100000,exaec,,40
GO Ext. N° 6.918,3,exaec,0901119010,exaec,,40
GO Ext. N° 6.918,3,exaec,0308120000,exaec,,35
GO Ext. N° 6.918,3,exaec,0714200000,exaec,,40
GO Ext. N° 6.918,3,exaec,0901119090,exaec,,40
GO Ext. N° 6.918,3,exaec,0308190000,exaec,,35
GO Ext. N° 6.918,3,exaec,0714300000,exaec,,40
GO Ext. N° 6.918,3,exaec,0901120000,exaec,15,40
GO Ext. N° 6.918,3,exaec,0901120000,marca_exaec,E,
GO Ext. N° 6.918,3,exaec,0308210000,exaec,,35
GO Ext. N° 6.918,3,exaec,0714400000,exaec,,40
GO Ext. N° 6.918,3,exaec,0901210010,exaec,15,40
GO Ext. N° 6.918,3,exaec,0901210010,marca_exaec,E,
GO Ext. N° 6.918,3,exaec,0308220000,exaec,,35
GO Ext. N° 6.918,3,exaec,0714500000,exaec,,40
GO Ext. N° 6.918,3,exaec,0901210020,exaec,20,40
GO Ext. N° 6.918,3,exaec,0901210020,marca_exaec,E,
GO Ext. N° 6.918,3,exaec,0308290000,exaec,,35
GO Ext. N° 6.918,3,exaec,0714900000,exaec,,40
GO Ext. N° 6.918,3,exaec,0901220000,exaec,20,40
GO Ext. N° 6.918,3,exaec,0901220000,marca_exaec,E,
GO Ext. N° 6.918,3,exaec,0308300000,exaec,,35
GO Ext. N° 6.918,3,exaec,0801110000,exaec,,40
GO Ext. N° 6.918,3,exaec,0901900000,exaec,,40
GO Ext. N° 6.918,3,exaec,0308900000,exaec,,35
GO Ext. N° 6.918,3,exaec,0801120000,exaec,,40
GO Ext. N° 6.918,3,exaec,0903001000,exaec,,30
GO Ext. N° 6.918,3,exaec,0403200000,exaec,20,40
GO Ext. N° 6.918,3,exaec,0403200000,marca_exaec,E,
GO Ext. N° 6.918,3,exaec,0801190000,exaec,,40
GO Ext. N° 6.918,3,exaec,0903009000,exaec,,30
GO Ext. N° 6.918,3,exaec,0403900000,marca_exaec,E,
GO Ext. N° 6.918,3,exaec,0801210000,exaec,,30
GO Ext. N° 6.918,3,exaec,0904110000,exaec,,4
GO Ext. N° 6.918,3,exaec,0405100000,exaec,20,40
GO Ext. N° 6.918,3,exaec,0405100000,marca_exaec,E,
GO Ext. N° 6.918,3,exaec,0801220000,exaec,,30
GO Ext. N° 6.918,3,exaec,0908110000,exaec,,4
GO Ext. N° 6.918,3,exaec,0405200000,exaec,20,40
GO Ext. N° 6.918,3,exaec,0405200000,marca_exaec,E,
GO Ext. N° 6.918,3,exaec,0802110000,exaec,,20
GO Ext. N° 6.918,3,exaec,0909210090,exaec,2,4
GO Ext. N° 6.918,3,exaec,0909210090,marca_exaec,E,
GO Ext. N° 6.918,3,exaec,0405901000,exaec,,40
GO Ext. N° 6.918,3,exaec,0802120000,exaec,,20
GO Ext. N° 6.918,3,exaec,0909310000,exaec,,4
GO Ext. N° 6.918,3,exaec,0405909000,exaec,,40
GO Ext. N° 6.918,3,exaec,0802220000,exaec,,20
GO Ext. N° 6.918,3,exaec,0909611000,exaec,,4
GO Ext. N° 6.918,3,exaec,0406200000,marca_exaec,E,
GO Ext. N° 6.918,3,exaec,0802310000,exaec,,20
GO Ext. N° 6.918,3,exaec,0909612000,exaec,,4
GO Ext. N° 6.918,3,exaec,0406300000,exaec,,40
GO Ext. N° 6.918,3,exaec,0802420000,exaec,,40
GO Ext. N° 6.918,3,exaec,1002900000,exaec,,40
GO Ext. N° 6.918,3,exaec,0406901000,exaec,,40
GO Ext. N° 6.918,3,exaec,0802620000,exaec,,40
GO Ext. N° 6.918,3,exaec,1004900000,exaec,2,4
GO Ext. N° 6.918,3,exaec,1004900000,marca_exaec,E,
GO Ext. N° 6.918,3,exaec,0406902000,exaec,,40
GO Ext. N° 6.918,3,exaec,0802800000,exaec,,40
GO Ext. N° 6.918,3,exaec,1007900000,exaec,,4
GO Ext. N° 6.918,3,exaec,0406903000,exaec,,40
GO Ext. N° 6.918,3,exaec,0802990000,exaec,,40
GO Ext. N° 6.918,3,exaec,1008109000,exaec,,40
GO Ext. N° 6.918,3,exaec,0406909030,exaec,,40
GO Ext. N° 6.918,3,exaec,0803100000,exaec,15,40
GO Ext. N° 6.918,3,exaec,0803100000,marca_exaec,E,
GO Ext. N° 6.918,3,exaec,1008219000,exaec,,40
GO Ext. N° 6.918,3,exaec,0406909090,exaec,,40
GO Ext. N° 6.918,3,exaec,0803900000,exaec,,40
GO Ext. N° 6.918,3,exaec,1008299000,exaec,,40
GO Ext. N° 6.918,3,exaec,0408110000,exaec,,40
GO Ext. N° 6.918,3,exaec,0804101000,exaec,,30
GO Ext. N° 6.918,3,exaec,1008409000,exaec,,40
GO Ext. N° 6.918,3,exaec,0408990000,exaec,,40
GO Ext. N° 6.918,3,exaec,0804201000,exaec,,40
GO Ext. N° 6.918,3,exaec,1008509000,exaec,,40
GO Ext. N° 6.918,3,exaec,0409000000,exaec,,40
GO Ext. N° 6.918,3,exaec,0804202000,exaec,,40
GO Ext. N° 6.918,3,exaec,1008609000,exaec,,40
GO Ext. N° 6.918,3,exaec,0410100000,exaec,,40
GO Ext. N° 6.918,3,exaec,0804300000,exaec,,40
GO Ext. N° 6.918,3,exaec,1008909000,exaec,,40
GO Ext. N° 6.918,3,exaec,0410900000,exaec,,30
GO Ext. N° 6.918,3,exaec,0804400000,exaec,15,40
GO Ext. N° 6.918,3,exaec,0804400000,marca_exaec,E,
GO Ext. N° 6.918,3,exaec,1102900010,exaec,20,40
GO Ext. N° 6.918,3,exaec,1102900010,marca_exaec,E,
GO Ext. N° 6.918,3,exaec,0501000000,exaec,,30
GO Ext. N° 6.918,3,exaec,0804501000,exaec,15,40
GO Ext. N° 6.918,3,exaec,0804501000,marca_exaec,E,
GO Ext. N° 6.918,3,exaec,1102900020,exaec,20,40
GO Ext. N° 6.918,3,exaec,1102900020,marca_exaec,E,
GO Ext. N° 6.918,3,exaec,0502101100,exaec,,30
GO Ext. N° 6.918,3,exaec,0804502000,exaec,15,40
GO Ext. N° 6.918,3,exaec,0804502000,marca_exaec,E,
GO Ext. N° 6.918,3,exaec,1102900090,exaec,20,40
GO Ext. N° 6.918,3,exaec,1102900090,marca_exaec,E,
GO Ext. N° 6.918,3,exaec,0502101900,exaec,,30
GO Ext. N° 6.918,3,exaec,0804503000,exaec,15,40
GO Ext. N° 6.918,3,exaec,0804503000,marca_exaec,E,
GO Ext. N° 6.918,3,exaec,1103190000,exaec,,40
GO Ext. N° 6.918,3,exaec,0502109000,exaec,,30
GO Ext. N° 6.918,3,exaec,0805100000,exaec,15,40
GO Ext. N° 6.918,3,exaec,0805100000,marca_exaec,E,
GO Ext. N° 6.918,3,exaec,1103200000,exaec,,40
GO Ext. N° 6.918,3,exaec,0502901000,exaec,,30
GO Ext. N° 6.918,3,exaec,0805210000,exaec,15,40
GO Ext. N° 6.918,3,exaec,0805210000,marca_exaec,E,
GO Ext. N° 6.918,3,exaec,1104190000,exaec,,40
GO Ext. N° 6.918,3,exaec,0502902000,exaec,,30
GO Ext. N° 6.918,3,exaec,0805220000,exaec,15,40
GO Ext. N° 6.918,3,exaec,0805220000,marca_exaec,E,
GO Ext. N° 6.918,3,exaec,1104220000,exaec,2,4
GO Ext. N° 6.918,3,exaec,1104220000,marca_exaec,E,
GO Ext. N° 6.918,3,exaec,0504001100,exaec,,30
GO Ext. N° 6.918,3,exaec,0805290000,exaec,15,40
GO Ext. N° 6.918,3,exaec,0805290000,marca_exaec,E,
GO Ext. N° 6.918,3,exaec,1104290000,exaec,,40
GO Ext. N° 6.918,3,exaec,0504001200,exaec,,30
GO Ext. N° 6.918,3,exaec,0805400000,exaec,15,40
GO Ext. N° 6.918,3,exaec,0805400000,marca_exaec,E,
GO Ext. N° 6.918,3,exaec,1104300000,exaec,,40
GO Ext. N° 6.918,3,exaec,0504001300,exaec,,30
GO Ext. N° 6.918,3,exaec,0805500000,exaec,15,40
GO Ext. N° 6.918,3,exaec,0805500000,marca_exaec,E,
GO Ext. N° 6.918,3,exaec,1105100000,exaec,20,40
GO Ext. N° 6.918,3,exaec,1105100000,marca_exaec,E,
GO Ext. N° 6.918,3,exaec,0504001900,exaec,,30
GO Ext. N° 6.918,3,exaec,0805900000,exaec,15,40
GO Ext. N° 6.918,3,exaec,0805900000,marca_exaec,E,
GO Ext. N° 6.918,3,exaec,1105200000,exaec,20,30
GO Ext. N° 6.918,3,exaec,1105200000,marca_exaec,E,
GO Ext. N° 6.918,3,exaec,0504009000,exaec,,30
GO Ext. N° 6.918,3,exaec,0806100000,exaec,15,30
GO Ext. N° 6.918,3,exaec,0806100000,marca_exaec,E,
GO Ext. N° 6.918,3,exaec,1106100000,exaec,,40
GO Ext. N° 6.918,3,exaec,0505100000,exaec,,40
GO Ext. N° 6.918,3,exaec,0807110000,exaec,15,40
GO Ext. N° 6.918,3,exaec,0807110000,marca_exaec,E,
GO Ext. N° 6.918,3,exaec,1106200000,exaec,,40
GO Ext. N° 6.918,3,exaec,0505900000,exaec,,40
GO Ext. N° 6.918,3,exaec,0807190000,exaec,15,40
GO Ext. N° 6.918,3,exaec,0807190000,marca_exaec,E,
GO Ext. N° 6.918,3,exaec,1106300000,exaec,,40
GO Ext. N° 6.918,3,exaec,0506100000,exaec,,40
GO Ext. N° 6.918,3,exaec,0807200000,exaec,15,40
GO Ext. N° 6.918,3,exaec,0807200000,marca_exaec,E,
GO Ext. N° 6.918,3,exaec,1202410000,exaec,,40
GO Ext. N° 6.918,3,exaec,0506900000,exaec,,40
GO Ext. N° 6.918,3,exaec,0808100000,exaec,15,20
GO Ext. N° 6.918,3,exaec,0808100000,marca_exaec,E,
GO Ext. N° 6.918,3,exaec,1202420000,exaec,,40
GO Ext. N° 6.918,3,exaec,0507100000,exaec,,40
GO Ext. N° 6.918,3,exaec,0808300000,exaec,15,20
GO Ext. N° 6.918,3,exaec,0808300000,marca_exaec,E,
GO Ext. N° 6.918,3,exaec,1203000000,exaec,,40
GO Ext. N° 6.918,3,exaec,0507900000,exaec,,40
GO Ext. N° 6.918,3,exaec,0808400000,exaec,,20
GO Ext. N° 6.918,3,exaec,1211909091,exaec,2,4
GO Ext. N° 6.918,3,exaec,1211909091,marca_exaec,E,
GO Ext. N° 6.918,3,exaec,0508000000,exaec,,35
GO Ext. N° 6.918,3,exaec,0809100000,exaec,15,20
GO Ext. N° 6.918,3,exaec,0809100000,marca_exaec,E,
GO Ext. N° 6.918,3,exaec,1211909099,exaec,2,4
GO Ext. N° 6.918,3,exaec,1211909099,marca_exaec,E,
GO Ext. N° 6.918,3,exaec,0510001000,exaec,,40
GO Ext. N° 6.918,3,exaec,0809301000,exaec,15,30
GO Ext. N° 6.918,3,exaec,0809301000,marca_exaec,E,
GO Ext. N° 6.918,3,exaec,1214900000,exaec,,40
GO Ext. N° 6.918,3,exaec,0510009010,exaec,,40
GO Ext. N° 6.918,3,exaec,0809302000,exaec,15,30
GO Ext. N° 6.918,3,exaec,0809302000,marca_exaec,E,
GO Ext. N° 6.918,3,exaec,1401100000,exaec,,30
GO Ext. N° 6.918,3,exaec,0510009090,exaec,,40
GO Ext. N° 6.918,3,exaec,0809400000,exaec,,18
GO Ext. N° 6.918,3,exaec,1401200000,exaec,,30
GO Ext. N° 6.918,3,exaec,0511993000,exaec,,30
GO Ext. N° 6.918,3,exaec,0810100000,exaec,15,40
GO Ext. N° 6.918,3,exaec,0810100000,marca_exaec,E,
GO Ext. N° 6.918,3,exaec,1401900000,exaec,,30
GO Ext. N° 6.918,3,exaec,0511999100,exaec,,30
GO Ext. N° 6.918,3,exaec,0810200000,exaec,15,40
GO Ext. N° 6.918,3,exaec,0810200000,marca_exaec,E,
GO Ext. N° 6.918,3,exaec,1404201000,exaec,,30
GO Ext. N° 6.918,3,exaec,0511999910,exaec,,30
GO Ext. N° 6.918,3,exaec,0810300000,exaec,,40
GO Ext. N° 6.918,3,exaec,1404209000,exaec,,30
GO Ext. N° 6.918,3,exaec,0511999920,exaec,,30
GO Ext. N° 6.918,3,exaec,0810400000,exaec,,40
GO Ext. N° 6.918,3,exaec,1404901000,exaec,,30
GO Ext. N° 6.918,3,exaec,0602300000,exaec,,40
GO Ext. N° 6.918,3,exaec,0810500000,exaec,,40
GO Ext. N° 6.918,3,exaec,1404909000,exaec,,30
GO Ext. N° 6.918,3,exaec,0602400000,exaec,,40
GO Ext. N° 6.918,3,exaec,0810600000,exaec,,40
GO Ext. N° 6.918,3,exaec,1501100000,exaec,,40
GO Ext. N° 6.918,3,exaec,0602901000,exaec,,40
GO Ext. N° 6.918,3,exaec,0810700000,exaec,,40
GO Ext. N° 6.918,3,exaec,1501200000,exaec,,40
GO Ext. N° 6.918,3,exaec,0602902100,exaec,,40
GO Ext. N° 6.918,3,exaec,0810901100,exaec,15,40
GO Ext. N° 6.918,3,exaec,0810901100,marca_exaec,E,
GO Ext. N° 6.918,3,exaec,1501900000,exaec,,40
GO Ext. N° 6.918,3,exaec,0602909000,exaec,,40
GO Ext. N° 6.918,3,exaec,0810901200,exaec,15,40
GO Ext. N° 6.918,3,exaec,0810901200,marca_exaec,E,
GO Ext. N° 6.918,3,exaec,1502101100,exaec,,40
GO Ext. N° 6.918,3,exaec,0603110000,exaec,,40
GO Ext. N° 6.918,3,exaec,0810901300,exaec,15,40
GO Ext. N° 6.918,3,exaec,0810901300,marca_exaec,E,
GO Ext. N° 6.918,3,exaec,1502101200,exaec,,40
GO Ext. N° 6.918,3,exaec,0603120000,exaec,,40
GO Ext. N° 6.918,3,exaec,0810901400,exaec,15,40
GO Ext. N° 6.918,3,exaec,0810901400,marca_exaec,E,
GO Ext. N° 6.918,3,exaec,1502101900,exaec,,40
GO Ext. N° 6.918,3,exaec,0603130000,exaec,,40
GO Ext. N° 6.918,3,exaec,0810901500,exaec,15,40
GO Ext. N° 6.918,3,exaec,0810901500,marca_exaec,E,
GO Ext. N° 6.918,3,exaec,1502109000,exaec,,40
GO Ext. N° 6.918,3,exaec,0603140000,exaec,,40
GO Ext. N° 6.918,3,exaec,0810901600,exaec,15,40
GO Ext. N° 6.918,3,exaec,0810901600,marca_exaec,E,
GO Ext. N° 6.918,3,exaec,1502900000,exaec,15,40
GO Ext. N° 6.918,3,exaec,1502900000,marca_exaec,E,
GO Ext. N° 6.918,3,exaec,0603150000,exaec,,40
GO Ext. N° 6.918,3,exaec,0810901700,exaec,15,40
GO Ext. N° 6.918,3,exaec,0810901700,marca_exaec,E,
GO Ext. N° 6.918,3,exaec,1504300000,exaec,,26
GO Ext. N° 6.918,3,exaec,0603190000,exaec,,40
GO Ext. N° 6.918,3,exaec,0810909000,exaec,15,40
GO Ext. N° 6.918,3,exaec,0810909000,marca_exaec,E,
GO Ext. N° 6.918,3,exaec,1505009000,exaec,,40
GO Ext. N° 6.918,3,exaec,0603900000,exaec,,40
GO Ext. N° 6.918,3,exaec,0813100000,exaec,,40
GO Ext. N° 6.918,3,exaec,1506000000,exaec,15,40
GO Ext. N° 6.918,3,exaec,1506000000,marca_exaec,E,
GO Ext. N° 6.918,3,exaec,0604200000,exaec,,40
GO Ext. N° 6.918,3,exaec,0813201000,exaec,,30
GO Ext. N° 6.918,3,exaec,1508100000,exaec,20,40
GO Ext. N° 6.918,3,exaec,1508100000,marca_exaec,E,
GO Ext. N° 6.918,3,exaec,1508900000,exaec,20,40
GO Ext. N° 6.918,3,exaec,1508900000,marca_exaec,E,
GO Ext. N° 6.918,3,exaec,1905209000,exaec,20,40
GO Ext. N° 6.918,3,exaec,1905209000,marca_exaec,E,
GO Ext. N° 6.918,3,exaec,2103909100,exaec,20,40
GO Ext. N° 6.918,3,exaec,2103909100,marca_exaec,E,
GO Ext. N° 6.918,3,exaec,1510100000,exaec,,40
GO Ext. N° 6.918,3,exaec,1905320000,exaec,20,40
GO Ext. N° 6.918,3,exaec,1905320000,marca_exaec,E,
GO Ext. N° 6.918,3,exaec,2103909900,exaec,20,40
GO Ext. N° 6.918,3,exaec,2103909900,marca_exaec,E,
GO Ext. N° 6.918,3,exaec,1510900000,exaec,,40
GO Ext. N° 6.918,3,exaec,1905400000,exaec,20,40
GO Ext. N° 6.918,3,exaec,1905400000,marca_exaec,E,
GO Ext. N° 6.918,3,exaec,2104101100,exaec,20,40
GO Ext. N° 6.918,3,exaec,2104101100,marca_exaec,E,
GO Ext. N° 6.918,3,exaec,1513110000,exaec,20,28
GO Ext. N° 6.918,3,exaec,1513110000,marca_exaec,E,
GO Ext. N° 6.918,3,exaec,1905901000,exaec,20,40
GO Ext. N° 6.918,3,exaec,1905901000,marca_exaec,E,
GO Ext. N° 6.918,3,exaec,2104101900,exaec,20,40
GO Ext. N° 6.918,3,exaec,2104101900,marca_exaec,E,
GO Ext. N° 6.918,3,exaec,1513190000,exaec,20,28
GO Ext. N° 6.918,3,exaec,1513190000,marca_exaec,E,
GO Ext. N° 6.918,3,exaec,1905902000,exaec,20,40
GO Ext. N° 6.918,3,exaec,1905902000,marca_exaec,E,
GO Ext. N° 6.918,3,exaec,2104102100,exaec,20,40
GO Ext. N° 6.918,3,exaec,2104102100,marca_exaec,E,
GO Ext. N° 6.918,3,exaec,1514191010,exaec,,4
GO Ext. N° 6.918,3,exaec,1905909000,exaec,20,40
GO Ext. N° 6.918,3,exaec,1905909000,marca_exaec,E,
GO Ext. N° 6.918,3,exaec,2104102900,exaec,20,40
GO Ext. N° 6.918,3,exaec,2104102900,marca_exaec,E,
GO Ext. N° 6.918,3,exaec,1514191090,exaec,20,4
GO Ext. N° 6.918,3,exaec,1514191090,marca_exaec,E,
GO Ext. N° 6.918,3,exaec,2003100000,exaec,,40
GO Ext. N° 6.918,3,exaec,2104200000,exaec,20,40
GO Ext. N° 6.918,3,exaec,2104200000,marca_exaec,E,
GO Ext. N° 6.918,3,exaec,1515500000,exaec,20,40
GO Ext. N° 6.918,3,exaec,1515500000,marca_exaec,E,
GO Ext. N° 6.918,3,exaec,2003900000,exaec,,40
GO Ext. N° 6.918,3,exaec,2105009000,exaec,20,40
GO Ext. N° 6.918,3,exaec,2105009000,marca_exaec,E,
GO Ext. N° 6.918,3,exaec,1515600000,exaec,,40
GO Ext. N° 6.918,3,exaec,2006000000,exaec,,40
GO Ext. N° 6.918,3,exaec,2106901011,exaec,,30
GO Ext. N° 6.918,3,exaec,1516100000,exaec,0,40
GO Ext. N° 6.918,3,exaec,1516100000,marca_exaec,E,
GO Ext. N° 6.918,3,exaec,2007100000,exaec,,40
GO Ext. N° 6.918,3,exaec,2106901020,exaec,,30
GO Ext. N° 6.918,3,exaec,1516300000,exaec,,40
GO Ext. N° 6.918,3,exaec,2007910010,exaec,20,40
GO Ext. N° 6.918,3,exaec,2007910010,marca_exaec,E,
GO Ext. N° 6.918,3,exaec,2106902100,exaec,,30
GO Ext. N° 6.918,3,exaec,1517100000,marca_exaec,E,
GO Ext. N° 6.918,3,exaec,2007991010,exaec,20,40
GO Ext. N° 6.918,3,exaec,2007991010,marca_exaec,E,
GO Ext. N° 6.918,3,exaec,2106903011,exaec,,30
GO Ext. N° 6.918,3,exaec,1517901000,exaec,20,40
GO Ext. N° 6.918,3,exaec,1517901000,marca_exaec,E,
GO Ext. N° 6.918,3,exaec,2007991090,exaec,20,40
GO Ext. N° 6.918,3,exaec,2007991090,marca_exaec,E,
GO Ext. N° 6.918,3,exaec,2106903012,exaec,,30
GO Ext. N° 6.918,3,exaec,1517909000,exaec,20,40
GO Ext. N° 6.918,3,exaec,1517909000,marca_exaec,E,
GO Ext. N° 6.918,3,exaec,2007999011,exaec,20,40
GO Ext. N° 6.918,3,exaec,2007999011,marca_exaec,E,
GO Ext. N° 6.918,3,exaec,2106903021,exaec,,30
GO Ext. N° 6.918,3,exaec,1521901100,exaec,,40
GO Ext. N° 6.918,3,exaec,2007999091,exaec,20,40
GO Ext. N° 6.918,3,exaec,2007999091,marca_exaec,E,
GO Ext. N° 6.918,3,exaec,2106903022,exaec,,30
GO Ext. N° 6.918,3,exaec,1521901900,exaec,,40
GO Ext. N° 6.918,3,exaec,2008110000,exaec,20,40
GO Ext. N° 6.918,3,exaec,2008110000,marca_exaec,E,
GO Ext. N° 6.918,3,exaec,2106903031,exaec,2,30
GO Ext. N° 6.918,3,exaec,2106903031,marca_exaec,E,
GO Ext. N° 6.918,3,exaec,1521909000,exaec,0,40
GO Ext. N° 6.918,3,exaec,1521909000,marca_exaec,E,
GO Ext. N° 6.918,3,exaec,2008190000,exaec,,40
GO Ext. N° 6.918,3,exaec,2106903032,exaec,,30
GO Ext. N° 6.918,3,exaec,1522000000,exaec,,40
GO Ext. N° 6.918,3,exaec,2008201000,exaec,,40
GO Ext. N° 6.918,3,exaec,2106903041,exaec,,30
GO Ext. N° 6.918,3,exaec,1603000000,exaec,,35
GO Ext. N° 6.918,3,exaec,2008209000,exaec,,40
GO Ext. N° 6.918,3,exaec,2106903042,exaec,,30
GO Ext. N° 6.918,3,exaec,1604110000,exaec,,35
GO Ext. N° 6.918,3,exaec,2008300000,exaec,20,40
GO Ext. N° 6.918,3,exaec,2008300000,marca_exaec,E,
GO Ext. N° 6.918,3,exaec,2106903091,exaec,2,30
GO Ext. N° 6.918,3,exaec,2106903091,marca_exaec,E,
GO Ext. N° 6.918,3,exaec,1604120000,exaec,,35
GO Ext. N° 6.918,3,exaec,2008401000,exaec,,40
GO Ext. N° 6.918,3,exaec,2106903092,exaec,,30
GO Ext. N° 6.918,3,exaec,1604139000,exaec,20,35
GO Ext. N° 6.918,3,exaec,1604139000,marca_exaec,E,
GO Ext. N° 6.918,3,exaec,2008409000,exaec,,40
GO Ext. N° 6.918,3,exaec,2106905010,exaec,,30
GO Ext. N° 6.918,3,exaec,1604142000,exaec,,35
GO Ext. N° 6.918,3,exaec,2008500000,exaec,,40
GO Ext. N° 6.918,3,exaec,2106905090,exaec,,30
GO Ext. N° 6.918,3,exaec,1604143000,exaec,,35
GO Ext. N° 6.918,3,exaec,2008601000,exaec,,40
GO Ext. N° 6.918,3,exaec,2106906010,exaec,,30
GO Ext. N° 6.918,3,exaec,1604150000,exaec,,35
GO Ext. N° 6.918,3,exaec,2008609000,exaec,,40
GO Ext. N° 6.918,3,exaec,2106906090,exaec,,30
GO Ext. N° 6.918,3,exaec,1604160000,exaec,20,35
GO Ext. N° 6.918,3,exaec,1604160000,marca_exaec,E,
GO Ext. N° 6.918,3,exaec,2008701000,exaec,,40
GO Ext. N° 6.918,3,exaec,2106909040,exaec,2,4
GO Ext. N° 6.918,3,exaec,2106909040,marca_exaec,E,
GO Ext. N° 6.918,3,exaec,1604170000,exaec,,35
GO Ext. N° 6.918,3,exaec,2008702000,exaec,,40
GO Ext. N° 6.918,3,exaec,2106909060,exaec,2,4
GO Ext. N° 6.918,3,exaec,2106909060,marca_exaec,E,
GO Ext. N° 6.918,3,exaec,1604180000,exaec,,35
GO Ext. N° 6.918,3,exaec,2008709000,exaec,,40
GO Ext. N° 6.918,3,exaec,2106909090,exaec,,4
GO Ext. N° 6.918,3,exaec,1604190000,exaec,,35
GO Ext. N° 6.918,3,exaec,2008800000,exaec,,40
GO Ext. N° 6.918,3,exaec,2201900000,exaec,,40
GO Ext. N° 6.918,3,exaec,1604202000,exaec,,35
GO Ext. N° 6.918,3,exaec,2008910000,exaec,,30
GO Ext. N° 6.918,3,exaec,2202910000,exaec,,40
GO Ext. N° 6.918,3,exaec,1604209000,exaec,,35
GO Ext. N° 6.918,3,exaec,2008930000,exaec,,40
GO Ext. N° 6.918,3,exaec,2202990030,exaec,30,40
GO Ext. N° 6.918,3,exaec,2202990030,marca_exaec,E,
GO Ext. N° 6.918,3,exaec,1604310000,exaec,,35
GO Ext. N° 6.918,3,exaec,2008971000,exaec,,40
GO Ext. N° 6.918,3,exaec,2202990090,exaec,,40
GO Ext. N° 6.918,3,exaec,1604320000,exaec,,35
GO Ext. N° 6.918,3,exaec,2008979000,exaec,,40
GO Ext. N° 6.918,3,exaec,2203000000,exaec,,40
GO Ext. N° 6.918,3,exaec,1605100000,exaec,,35
GO Ext. N° 6.918,3,exaec,2008990000,exaec,,40
GO Ext. N° 6.918,3,exaec,2204101000,exaec,,40
GO Ext. N° 6.918,3,exaec,1605210000,exaec,,35
GO Ext. N° 6.918,3,exaec,2009110000,exaec,20,40
GO Ext. N° 6.918,3,exaec,2009110000,marca_exaec,E,
GO Ext. N° 6.918,3,exaec,2204109000,exaec,,40
GO Ext. N° 6.918,3,exaec,1605290000,exaec,,35
GO Ext. N° 6.918,3,exaec,2009120000,exaec,20,40
GO Ext. N° 6.918,3,exaec,2009120000,marca_exaec,E,
GO Ext. N° 6.918,3,exaec,2204210000,exaec,,40
GO Ext. N° 6.918,3,exaec,1605300000,exaec,,35
GO Ext. N° 6.918,3,exaec,2009190000,exaec,20,40
GO Ext. N° 6.918,3,exaec,2009190000,marca_exaec,E,
GO Ext. N° 6.918,3,exaec,2204221100,exaec,,40
GO Ext. N° 6.918,3,exaec,1605400000,exaec,,35
GO Ext. N° 6.918,3,exaec,2009210000,exaec,,40
GO Ext. N° 6.918,3,exaec,2204221900,exaec,,40
GO Ext. N° 6.918,3,exaec,1605510000,exaec,,35
GO Ext. N° 6.918,3,exaec,2009290000,exaec,,40
GO Ext. N° 6.918,3,exaec,2204222000,exaec,,40
GO Ext. N° 6.918,3,exaec,1605520000,exaec,,35
GO Ext. N° 6.918,3,exaec,2009310000,exaec,,40
GO Ext. N° 6.918,3,exaec,2204291000,exaec,,40
GO Ext. N° 6.918,3,exaec,1605530000,exaec,,35
GO Ext. N° 6.918,3,exaec,2009390000,exaec,,40
GO Ext. N° 6.918,3,exaec,2204292000,exaec,,40
GO Ext. N° 6.918,3,exaec,1605540000,exaec,,35
GO Ext. N° 6.918,3,exaec,2009410000,exaec,20,40
GO Ext. N° 6.918,3,exaec,2009410000,marca_exaec,E,
GO Ext. N° 6.918,3,exaec,2204300000,exaec,,40
GO Ext. N° 6.918,3,exaec,1605550000,exaec,,35
GO Ext. N° 6.918,3,exaec,2009490000,exaec,20,40
GO Ext. N° 6.918,3,exaec,2009490000,marca_exaec,E,
GO Ext. N° 6.918,3,exaec,2205100000,exaec,,40
GO Ext. N° 6.918,3,exaec,1605560000,exaec,30,35
GO Ext. N° 6.918,3,exaec,1605560000,marca_exaec,E,
GO Ext. N° 6.918,3,exaec,2009500000,exaec,20,40
GO Ext. N° 6.918,3,exaec,2009500000,marca_exaec,E,
GO Ext. N° 6.918,3,exaec,2205900000,exaec,,40
GO Ext. N° 6.918,3,exaec,1605570000,exaec,,35
GO Ext. N° 6.918,3,exaec,2009610000,exaec,,40
GO Ext. N° 6.918,3,exaec,2206001000,exaec,,40
GO Ext. N° 6.918,3,exaec,1605580000,exaec,,35
GO Ext. N° 6.918,3,exaec,2009690000,exaec,,40
GO Ext. N° 6.918,3,exaec,2206009000,exaec,,40
GO Ext. N° 6.918,3,exaec,1605590000,exaec,,35
GO Ext. N° 6.918,3,exaec,2009710000,exaec,,40
GO Ext. N° 6.918,3,exaec,2207202000,exaec,,40
GO Ext. N° 6.918,3,exaec,1605610000,exaec,,35
GO Ext. N° 6.918,3,exaec,2009790000,exaec,,40
GO Ext. N° 6.918,3,exaec,2208200000,exaec,,40
GO Ext. N° 6.918,3,exaec,1605620000,exaec,,35
GO Ext. N° 6.918,3,exaec,2009810000,exaec,,40
GO Ext. N° 6.918,3,exaec,2208301000,exaec,,40
GO Ext. N° 6.918,3,exaec,1605630000,exaec,,35
GO Ext. N° 6.918,3,exaec,2009891100,exaec,,40
GO Ext. N° 6.918,3,exaec,2208700000,exaec,,40
GO Ext. N° 6.918,3,exaec,1605690000,exaec,,35
GO Ext. N° 6.918,3,exaec,2009891200,exaec,,40
GO Ext. N° 6.918,3,exaec,2304009090,exaec,15,4
GO Ext. N° 6.918,3,exaec,2304009090,marca_exaec,E,
GO Ext. N° 6.918,3,exaec,1703100000,exaec,15,40
GO Ext. N° 6.918,3,exaec,1703100000,marca_exaec,E,
GO Ext. N° 6.918,3,exaec,2009891300,exaec,,40
GO Ext. N° 6.918,3,exaec,2401101000,exaec,,40
GO Ext. N° 6.918,3,exaec,1703900000,exaec,15,40
GO Ext. N° 6.918,3,exaec,1703900000,marca_exaec,E,
GO Ext. N° 6.918,3,exaec,2009891900,exaec,,40
GO Ext. N° 6.918,3,exaec,2401102000,exaec,,40
GO Ext. N° 6.918,3,exaec,1704100000,exaec,,40
GO Ext. N° 6.918,3,exaec,2009892100,exaec,,40
GO Ext. N° 6.918,3,exaec,2401103000,exaec,,40
GO Ext. N° 6.918,3,exaec,1704901000,exaec,,24
GO Ext. N° 6.918,3,exaec,2009892200,exaec,,40
GO Ext. N° 6.918,3,exaec,2401104000,exaec,,40
GO Ext. N° 6.918,3,exaec,1704902000,exaec,,24
GO Ext. N° 6.918,3,exaec,2009899000,exaec,,40
GO Ext. N° 6.918,3,exaec,2401109000,exaec,,40
GO Ext. N° 6.918,3,exaec,1704909000,exaec,,24
GO Ext. N° 6.918,3,exaec,2009900000,exaec,,40
GO Ext. N° 6.918,3,exaec,2401201000,exaec,,40
GO Ext. N° 6.918,3,exaec,1802000000,exaec,10,40
GO Ext. N° 6.918,3,exaec,1802000000,marca_exaec,E,
GO Ext. N° 6.918,3,exaec,2101111000,exaec,20,40
GO Ext. N° 6.918,3,exaec,2101111000,marca_exaec,E,
GO Ext. N° 6.918,3,exaec,2401202000,exaec,,40
GO Ext. N° 6.918,3,exaec,1806200000,marca_exaec,E,
GO Ext. N° 6.918,3,exaec,2101119000,exaec,,40
GO Ext. N° 6.918,3,exaec,2401203000,exaec,,40
GO Ext. N° 6.918,3,exaec,1806311000,marca_exaec,E,
GO Ext. N° 6.918,3,exaec,2101120000,exaec,20,40
GO Ext. N° 6.918,3,exaec,2101120000,marca_exaec,E,
GO Ext. N° 6.918,3,exaec,2401204000,exaec,,40
GO Ext. N° 6.918,3,exaec,1806312000,marca_exaec,E,
GO Ext. N° 6.918,3,exaec,2101201000,exaec,,40
GO Ext. N° 6.918,3,exaec,2401209000,exaec,,40
GO Ext. N° 6.918,3,exaec,1806321000,marca_exaec,E,
GO Ext. N° 6.918,3,exaec,2101202000,exaec,,40
GO Ext. N° 6.918,3,exaec,2401300000,exaec,,40
GO Ext. N° 6.918,3,exaec,1806322000,marca_exaec,E,
GO Ext. N° 6.918,3,exaec,2101300000,exaec,,40
GO Ext. N° 6.918,3,exaec,2402100000,exaec,,40
GO Ext. N° 6.918,3,exaec,1806900000,exaec,24,40
GO Ext. N° 6.918,3,exaec,1806900000,marca_exaec,E,
GO Ext. N° 6.918,3,exaec,2103101000,exaec,20,40
GO Ext. N° 6.918,3,exaec,2103101000,marca_exaec,E,
GO Ext. N° 6.918,3,exaec,2402200000,exaec,,40
GO Ext. N° 6.918,3,exaec,1902200000,exaec,20,40
GO Ext. N° 6.918,3,exaec,1902200000,marca_exaec,E,
GO Ext. N° 6.918,3,exaec,2103109000,exaec,,40
GO Ext. N° 6.918,3,exaec,2402900000,exaec,,40
GO Ext. N° 6.918,3,exaec,1902300000,exaec,20,40
GO Ext. N° 6.918,3,exaec,1902300000,marca_exaec,E,
GO Ext. N° 6.918,3,exaec,2103201000,marca_exaec,E,
GO Ext. N° 6.918,3,exaec,2403110000,exaec,,40
GO Ext. N° 6.918,3,exaec,1902400000,exaec,,40
GO Ext. N° 6.918,3,exaec,2103209000,marca_exaec,E,
GO Ext. N° 6.918,3,exaec,2403190010,exaec,,40
GO Ext. N° 6.918,3,exaec,1903000000,exaec,,40
GO Ext. N° 6.918,3,exaec,2103302100,exaec,20,40
GO Ext. N° 6.918,3,exaec,2103302100,marca_exaec,E,
GO Ext. N° 6.918,3,exaec,2403190020,exaec,,40
GO Ext. N° 6.918,3,exaec,1904300000,exaec,,40
GO Ext. N° 6.918,3,exaec,2103302900,exaec,,40
GO Ext. N° 6.918,3,exaec,2403910000,exaec,,40
GO Ext. N° 6.918,3,exaec,1904900000,exaec,,40
GO Ext. N° 6.918,3,exaec,2103901100,marca_exaec,E,
GO Ext. N° 6.918,3,exaec,2403991000,exaec,,40
GO Ext. N° 6.918,3,exaec,1905100000,exaec,20,40
GO Ext. N° 6.918,3,exaec,1905100000,marca_exaec,E,
GO Ext. N° 6.918,3,exaec,2103901900,marca_exaec,E,
GO Ext. N° 6.918,3,exaec,2403999000,exaec,,40
GO Ext. N° 6.918,3,exaec,1905201000,exaec,20,40
GO Ext. N° 6.918,3,exaec,1905201000,marca_exaec,E,
GO Ext. N° 6.918,3,exaec,2103902100,exaec,20,40
GO Ext. N° 6.918,3,exaec,2103902100,marca_exaec,E,
GO Ext. N° 6.918,3,exaec,2404110000,exaec,,40
GO Ext. N° 6.918,3,exaec,2404120000,exaec,,35
GO Ext. N° 6.918,3,exaec,3703101000,exaec,,30
GO Ext. N° 6.918,3,exaec,4101901000,exaec,,40
GO Ext. N° 6.918,3,exaec,2404190000,exaec,,40
GO Ext. N° 6.918,3,exaec,3703102100,exaec,,30
GO Ext. N° 6.918,3,exaec,4101902000,exaec,,40
GO Ext. N° 6.918,3,exaec,2404910000,exaec,,30
GO Ext. N° 6.918,3,exaec,3703102900,exaec,,30
GO Ext. N° 6.918,3,exaec,4101903000,exaec,,40
GO Ext. N° 6.918,3,exaec,2404920000,exaec,,35
GO Ext. N° 6.918,3,exaec,3703200000,exaec,,35
GO Ext. N° 6.918,3,exaec,4102100000,exaec,,40
GO Ext. N° 6.918,3,exaec,2404990000,exaec,,35
GO Ext. N° 6.918,3,exaec,3703901000,exaec,,30
GO Ext. N° 6.918,3,exaec,4102210000,exaec,,40
GO Ext. N° 6.918,3,exaec,2505900000,exaec,,4
GO Ext. N° 6.918,3,exaec,3703909000,exaec,,30
GO Ext. N° 6.918,3,exaec,4102290000,exaec,,40
GO Ext. N° 6.918,3,exaec,2515122000,exaec,,4
GO Ext. N° 6.918,3,exaec,3704000000,exaec,,30
GO Ext. N° 6.918,3,exaec,4103200000,exaec,,35
GO Ext. N° 6.918,3,exaec,2515200000,exaec,,4
GO Ext. N° 6.918,3,exaec,3705001000,exaec,,30
GO Ext. N° 6.918,3,exaec,4103300000,exaec,,35
GO Ext. N° 6.918,3,exaec,2516120000,exaec,,4
GO Ext. N° 6.918,3,exaec,3705009000,exaec,,35
GO Ext. N° 6.918,3,exaec,4103900000,exaec,,30
GO Ext. N° 6.918,3,exaec,2516200000,exaec,,4
GO Ext. N° 6.918,3,exaec,3706100000,exaec,,35
GO Ext. N° 6.918,3,exaec,4104111100,exaec,,35
GO Ext. N° 6.918,3,exaec,2517100000,exaec,,4
GO Ext. N° 6.918,3,exaec,3706900000,exaec,,35
GO Ext. N° 6.918,3,exaec,4104111200,exaec,,35
GO Ext. N° 6.918,3,exaec,2517410000,exaec,,4
GO Ext. N° 6.918,3,exaec,3707100000,exaec,,35
GO Ext. N° 6.918,3,exaec,4104111300,exaec,,35
GO Ext. N° 6.918,3,exaec,2523100000,exaec,,4
GO Ext. N° 6.918,3,exaec,3707901000,exaec,,35
GO Ext. N° 6.918,3,exaec,4104111400,exaec,,35
GO Ext. N° 6.918,3,exaec,2523210000,exaec,,4
GO Ext. N° 6.918,3,exaec,3707902100,exaec,,35
GO Ext. N° 6.918,3,exaec,4104111900,exaec,,35
GO Ext. N° 6.918,3,exaec,2523300000,exaec,,4
GO Ext. N° 6.918,3,exaec,3707902900,exaec,,35
GO Ext. N° 6.918,3,exaec,4104112100,exaec,,35
GO Ext. N° 6.918,3,exaec,2523900000,exaec,,4
GO Ext. N° 6.918,3,exaec,3707903000,exaec,,35
GO Ext. N° 6.918,3,exaec,4104112200,exaec,,35
GO Ext. N° 6.918,3,exaec,2606009000,exaec,,4
GO Ext. N° 6.918,3,exaec,3707909000,exaec,,35
GO Ext. N° 6.918,3,exaec,4104112300,exaec,,35
GO Ext. N° 6.918,3,exaec,2617900000,exaec,,4
GO Ext. N° 6.918,3,exaec,3807000000,exaec,,4
GO Ext. N° 6.918,3,exaec,4104112400,exaec,,35
GO Ext. N° 6.918,3,exaec,2712100000,exaec,,4
GO Ext. N° 6.918,3,exaec,3813009000,exaec,,4
GO Ext. N° 6.918,3,exaec,4104112900,exaec,,35
GO Ext. N° 6.918,3,exaec,3213900000,exaec,,4
GO Ext. N° 6.918,3,exaec,3816001100,exaec,,4
GO Ext. N° 6.918,3,exaec,4104191000,exaec,,35
GO Ext. N° 6.918,3,exaec,3303001000,exaec,,35
GO Ext. N° 6.918,3,exaec,3816001200,exaec,,4
GO Ext. N° 6.918,3,exaec,4104192000,exaec,,35
GO Ext. N° 6.918,3,exaec,3303002000,exaec,,35
GO Ext. N° 6.918,3,exaec,3816009000,exaec,,4
GO Ext. N° 6.918,3,exaec,4104193000,exaec,,35
GO Ext. N° 6.918,3,exaec,3307300000,exaec,,35
GO Ext. N° 6.918,3,exaec,3824997990,exaec,0,35
GO Ext. N° 6.918,3,exaec,3824997990,marca_exaec,"E,A",
GO Ext. N° 6.918,3,exaec,4104194000,exaec,,35
GO Ext. N° 6.918,3,exaec,3307410000,exaec,,35
GO Ext. N° 6.918,3,exaec,3824998993,exaec,0,4
GO Ext. N° 6.918,3,exaec,3824998993,marca_exaec,A,
GO Ext. N° 6.918,3,exaec,4104199000,exaec,,35
GO Ext. N° 6.918,3,exaec,3307490000,exaec,,35
GO Ext. N° 6.918,3,exaec,3824998999,exaec,0,4
GO Ext. N° 6.918,3,exaec,3824998999,marca_exaec,A,
GO Ext. N° 6.918,3,exaec,4104411000,exaec,,35
GO Ext. N° 6.918,3,exaec,3307900090,exaec,,35
GO Ext. N° 6.918,3,exaec,3825500000,exaec,,35
GO Ext. N° 6.918,3,exaec,4104412000,exaec,,35
GO Ext. N° 6.918,3,exaec,3401119000,exaec,2,30
GO Ext. N° 6.918,3,exaec,3401119000,marca_exaec,E,
GO Ext. N° 6.918,3,exaec,3825900000,exaec,,35
GO Ext. N° 6.918,3,exaec,4104413000,exaec,,35
GO Ext. N° 6.918,3,exaec,3401300000,exaec,2,30
GO Ext. N° 6.918,3,exaec,3401300000,marca_exaec,E,
GO Ext. N° 6.918,3,exaec,3826000000,exaec,,35
GO Ext. N° 6.918,3,exaec,4104419000,exaec,,35
GO Ext. N° 6.918,3,exaec,3405900000,exaec,,4
GO Ext. N° 6.918,3,exaec,3903190090,exaec,2,30
GO Ext. N° 6.918,3,exaec,3903190090,marca_exaec,E,
GO Ext. N° 6.918,3,exaec,4104491000,exaec,,35
GO Ext. N° 6.918,3,exaec,3406000000,exaec,20,35
GO Ext. N° 6.918,3,exaec,3406000000,marca_exaec,E,
GO Ext. N° 6.918,3,exaec,3903909000,exaec,2,30
GO Ext. N° 6.918,3,exaec,3903909000,marca_exaec,E,
GO Ext. N° 6.918,3,exaec,4104492000,exaec,,35
GO Ext. N° 6.918,3,exaec,3407001000,exaec,20,35
GO Ext. N° 6.918,3,exaec,3407001000,marca_exaec,E,
GO Ext. N° 6.918,3,exaec,3906904400,exaec,0,35
GO Ext. N° 6.918,3,exaec,3906904400,marca_exaec,A,
GO Ext. N° 6.918,3,exaec,4104499000,exaec,,35
GO Ext. N° 6.918,3,exaec,3701201000,exaec,,35
GO Ext. N° 6.918,3,exaec,3906904920,exaec,2,35
GO Ext. N° 6.918,3,exaec,3906904920,marca_exaec,"E,A",
GO Ext. N° 6.918,3,exaec,4105101000,exaec,,35
GO Ext. N° 6.918,3,exaec,3701202000,exaec,,35
GO Ext. N° 6.918,3,exaec,3909202900,exaec,2,35
GO Ext. N° 6.918,3,exaec,3909202900,marca_exaec,"E,A",
GO Ext. N° 6.918,3,exaec,4105102100,exaec,,35
GO Ext. N° 6.918,3,exaec,3701301000,exaec,,35
GO Ext. N° 6.918,3,exaec,3909390000,exaec,4,35
GO Ext. N° 6.918,3,exaec,3909390000,marca_exaec,"E,A",
GO Ext. N° 6.918,3,exaec,4105102900,exaec,,35
GO Ext. N° 6.918,3,exaec,3701302100,exaec,4,35
GO Ext. N° 6.918,3,exaec,3701302100,marca_exaec,E,
GO Ext. N° 6.918,3,exaec,3909401100,exaec,2,35
GO Ext. N° 6.918,3,exaec,3909401100,marca_exaec,"E,A",
GO Ext. N° 6.918,3,exaec,4105109000,exaec,,35
GO Ext. N° 6.918,3,exaec,3701302200,exaec,,35
GO Ext. N° 6.918,3,exaec,3915900000,exaec,,4
GO Ext. N° 6.918,3,exaec,4105300000,exaec,,35
GO Ext. N° 6.918,3,exaec,3701302900,exaec,,35
GO Ext. N° 6.918,3,exaec,3926100000,exaec,,35
GO Ext. N° 6.918,3,exaec,4106211000,exaec,,20
GO Ext. N° 6.918,3,exaec,3701303100,exaec,,35
GO Ext. N° 6.918,3,exaec,3926200000,exaec,,35
GO Ext. N° 6.918,3,exaec,4106212100,exaec,,20
GO Ext. N° 6.918,3,exaec,3701303900,exaec,,35
GO Ext. N° 6.918,3,exaec,3926300000,exaec,0,35
GO Ext. N° 6.918,3,exaec,3926300000,marca_exaec,A,
GO Ext. N° 6.918,3,exaec,4106212900,exaec,,20
GO Ext. N° 6.918,3,exaec,3701304000,exaec,,35
GO Ext. N° 6.918,3,exaec,3926400000,exaec,,35
GO Ext. N° 6.918,3,exaec,4106219000,exaec,,20
GO Ext. N° 6.918,3,exaec,3701305000,exaec,,35
GO Ext. N° 6.918,3,exaec,3926909010,exaec,0,35
GO Ext. N° 6.918,3,exaec,3926909010,marca_exaec,A,
GO Ext. N° 6.918,3,exaec,4106220000,exaec,,35
GO Ext. N° 6.918,3,exaec,3701309000,exaec,,35
GO Ext. N° 6.918,3,exaec,3926909020,exaec,0,35
GO Ext. N° 6.918,3,exaec,3926909020,marca_exaec,A,
GO Ext. N° 6.918,3,exaec,4106311000,exaec,,35
GO Ext. N° 6.918,3,exaec,3701910000,exaec,,35
GO Ext. N° 6.918,3,exaec,3926909060,exaec,0,35
GO Ext. N° 6.918,3,exaec,3926909060,marca_exaec,A,
GO Ext. N° 6.918,3,exaec,4106319000,exaec,,35
GO Ext. N° 6.918,3,exaec,3701990000,exaec,,35
GO Ext. N° 6.918,3,exaec,3926909070,exaec,0,35
GO Ext. N° 6.918,3,exaec,3926909070,marca_exaec,A,
GO Ext. N° 6.918,3,exaec,4106320000,exaec,,35
GO Ext. N° 6.918,3,exaec,3702101000,exaec,,35
GO Ext. N° 6.918,3,exaec,3926909092,exaec,0,35
GO Ext. N° 6.918,3,exaec,3926909092,marca_exaec,A,
GO Ext. N° 6.918,3,exaec,4106400000,exaec,,35
GO Ext. N° 6.918,3,exaec,3702102000,exaec,,35
GO Ext. N° 6.918,3,exaec,3926909099,exaec,0,35
GO Ext. N° 6.918,3,exaec,3926909099,marca_exaec,A,
GO Ext. N° 6.918,3,exaec,4106910000,exaec,,35
GO Ext. N° 6.918,3,exaec,3702310000,exaec,,35
GO Ext. N° 6.918,3,exaec,4011100012,marca_exaec,E,
GO Ext. N° 6.918,3,exaec,4106920000,exaec,,35
GO Ext. N° 6.918,3,exaec,3702320000,exaec,,35
GO Ext. N° 6.918,3,exaec,4011100013,exaec,,30
GO Ext. N° 6.918,3,exaec,4107111000,exaec,15,35
GO Ext. N° 6.918,3,exaec,4107111000,marca_exaec,E,
GO Ext. N° 6.918,3,exaec,3702390000,exaec,,35
GO Ext. N° 6.918,3,exaec,4011100014,exaec,,30
GO Ext. N° 6.918,3,exaec,4107112000,exaec,15,35
GO Ext. N° 6.918,3,exaec,4107112000,marca_exaec,E,
GO Ext. N° 6.918,3,exaec,3702410000,exaec,,35
GO Ext. N° 6.918,3,exaec,4011100019,exaec,,30
GO Ext. N° 6.918,3,exaec,4107119000,exaec,2,35
GO Ext. N° 6.918,3,exaec,4107119000,marca_exaec,E,
GO Ext. N° 6.918,3,exaec,3702421000,exaec,,35
GO Ext. N° 6.918,3,exaec,4011100029,exaec,,30
GO Ext. N° 6.918,3,exaec,4107121000,exaec,2,35
GO Ext. N° 6.918,3,exaec,4107121000,marca_exaec,E,
GO Ext. N° 6.918,3,exaec,3702429000,exaec,,35
GO Ext. N° 6.918,3,exaec,4011100033,exaec,,30
GO Ext. N° 6.918,3,exaec,4107122000,exaec,15,35
GO Ext. N° 6.918,3,exaec,4107122000,marca_exaec,E,
GO Ext. N° 6.918,3,exaec,3702431000,exaec,,35
GO Ext. N° 6.918,3,exaec,4011100041,exaec,,30
GO Ext. N° 6.918,3,exaec,4107129000,exaec,2,35
GO Ext. N° 6.918,3,exaec,4107129000,marca_exaec,E,
GO Ext. N° 6.918,3,exaec,3702432000,exaec,,35
GO Ext. N° 6.918,3,exaec,4011100042,exaec,,30
GO Ext. N° 6.918,3,exaec,4107191000,exaec,15,35
GO Ext. N° 6.918,3,exaec,4107191000,marca_exaec,E,
GO Ext. N° 6.918,3,exaec,3702439000,exaec,,35
GO Ext. N° 6.918,3,exaec,4011100044,exaec,,30
GO Ext. N° 6.918,3,exaec,4107192000,exaec,15,35
GO Ext. N° 6.918,3,exaec,4107192000,marca_exaec,E,
GO Ext. N° 6.918,3,exaec,3702441000,exaec,,35
GO Ext. N° 6.918,3,exaec,4011400090,marca_exaec,E,
GO Ext. N° 6.918,3,exaec,4107199000,exaec,2,35
GO Ext. N° 6.918,3,exaec,4107199000,marca_exaec,E,
GO Ext. N° 6.918,3,exaec,3702442100,exaec,,35
GO Ext. N° 6.918,3,exaec,4012110000,exaec,,35
GO Ext. N° 6.918,3,exaec,4107911000,exaec,15,35
GO Ext. N° 6.918,3,exaec,4107911000,marca_exaec,E,
GO Ext. N° 6.918,3,exaec,3702442200,exaec,,35
GO Ext. N° 6.918,3,exaec,4012120000,exaec,,35
GO Ext. N° 6.918,3,exaec,4107919000,exaec,15,35
GO Ext. N° 6.918,3,exaec,4107919000,marca_exaec,E,
GO Ext. N° 6.918,3,exaec,3702442900,exaec,,35
GO Ext. N° 6.918,3,exaec,4012130000,exaec,0,35
GO Ext. N° 6.918,3,exaec,4012130000,marca_exaec,A,
GO Ext. N° 6.918,3,exaec,4107921000,exaec,2,35
GO Ext. N° 6.918,3,exaec,4107921000,marca_exaec,E,
GO Ext. N° 6.918,3,exaec,3702520000,exaec,,35
GO Ext. N° 6.918,3,exaec,4012190000,exaec,,35
GO Ext. N° 6.918,3,exaec,4107929000,exaec,15,35
GO Ext. N° 6.918,3,exaec,4107929000,marca_exaec,E,
GO Ext. N° 6.918,3,exaec,3702530000,exaec,,35
GO Ext. N° 6.918,3,exaec,4012200000,exaec,0,35
GO Ext. N° 6.918,3,exaec,4012200000,marca_exaec,A,
GO Ext. N° 6.918,3,exaec,4107991000,exaec,2,35
GO Ext. N° 6.918,3,exaec,4107991000,marca_exaec,E,
GO Ext. N° 6.918,3,exaec,3702541100,exaec,,35
GO Ext. N° 6.918,3,exaec,4016109000,exaec,0,35
GO Ext. N° 6.918,3,exaec,4016109000,marca_exaec,A,
GO Ext. N° 6.918,3,exaec,4107999000,exaec,2,35
GO Ext. N° 6.918,3,exaec,4107999000,marca_exaec,E,
GO Ext. N° 6.918,3,exaec,3702541200,exaec,,35
GO Ext. N° 6.918,3,exaec,4016910000,exaec,20,35
GO Ext. N° 6.918,3,exaec,4016910000,marca_exaec,"E,A",
GO Ext. N° 6.918,3,exaec,4112000000,exaec,,35
GO Ext. N° 6.918,3,exaec,3702541900,exaec,,35
GO Ext. N° 6.918,3,exaec,4016920000,exaec,,35
GO Ext. N° 6.918,3,exaec,4113101000,exaec,,35
GO Ext. N° 6.918,3,exaec,3702549100,exaec,,35
GO Ext. N° 6.918,3,exaec,4016940000,exaec,,35
GO Ext. N° 6.918,3,exaec,4113109000,exaec,,35
GO Ext. N° 6.918,3,exaec,3702549900,exaec,,35
GO Ext. N° 6.918,3,exaec,4016951000,exaec,0,35
GO Ext. N° 6.918,3,exaec,4016951000,marca_exaec,A,
GO Ext. N° 6.918,3,exaec,4113200000,exaec,,35
GO Ext. N° 6.918,3,exaec,3702551000,exaec,,35
GO Ext. N° 6.918,3,exaec,4016959000,exaec,0,35
GO Ext. N° 6.918,3,exaec,4016959000,marca_exaec,A,
GO Ext. N° 6.918,3,exaec,4113300000,exaec,,35
GO Ext. N° 6.918,3,exaec,3702559000,exaec,,35
GO Ext. N° 6.918,3,exaec,4016999000,exaec,0,4
GO Ext. N° 6.918,3,exaec,4016999000,marca_exaec,A,
GO Ext. N° 6.918,3,exaec,4113900000,exaec,,35
GO Ext. N° 6.918,3,exaec,3702560000,exaec,,35
GO Ext. N° 6.918,3,exaec,4101200000,exaec,,40
GO Ext. N° 6.918,3,exaec,4114100000,exaec,0,35
GO Ext. N° 6.918,3,exaec,4114100000,marca_exaec,"E,A",
GO Ext. N° 6.918,3,exaec,3702960000,exaec,,35
GO Ext. N° 6.918,3,exaec,4101501000,exaec,,35
GO Ext. N° 6.918,3,exaec,4114201000,exaec,15,35
GO Ext. N° 6.918,3,exaec,4114201000,marca_exaec,"E,A",
GO Ext. N° 6.918,3,exaec,3702970000,exaec,,35
GO Ext. N° 6.918,3,exaec,4101502000,exaec,,35
GO Ext. N° 6.918,3,exaec,4114202000,exaec,15,35
GO Ext. N° 6.918,3,exaec,4114202000,marca_exaec,"E,A",
GO Ext. N° 6.918,3,exaec,3702980000,exaec,,35
GO Ext. N° 6.918,3,exaec,4101503000,exaec,,35
GO Ext. N° 6.918,3,exaec,4115100000,exaec,,35
GO Ext. N° 6.918,3,exaec,4115200000,exaec,,35
GO Ext. N° 6.918,3,exaec,6504001000,exaec,,35
GO Ext. N° 6.918,3,exaec,8203300000,exaec,,4
GO Ext. N° 6.918,3,exaec,4201001000,exaec,,35
GO Ext. N° 6.918,3,exaec,6504009000,exaec,,35
GO Ext. N° 6.918,3,exaec,8203400000,exaec,,4
GO Ext. N° 6.918,3,exaec,4201009000,exaec,,35
GO Ext. N° 6.918,3,exaec,6505001100,exaec,,35
GO Ext. N° 6.918,3,exaec,8204110000,exaec,,4
GO Ext. N° 6.918,3,exaec,4203100000,exaec,,35
GO Ext. N° 6.918,3,exaec,6505001200,exaec,,35
GO Ext. N° 6.918,3,exaec,8204120000,exaec,,4
GO Ext. N° 6.918,3,exaec,4203210000,exaec,,35
GO Ext. N° 6.918,3,exaec,6505001900,exaec,,35
GO Ext. N° 6.918,3,exaec,8204200000,exaec,,4
GO Ext. N° 6.918,3,exaec,4203290011,exaec,,35
GO Ext. N° 6.918,3,exaec,6505002100,exaec,,35
GO Ext. N° 6.918,3,exaec,8205100000,exaec,,4
GO Ext. N° 6.918,3,exaec,4203290012,exaec,,35
GO Ext. N° 6.918,3,exaec,6505002200,exaec,,35
GO Ext. N° 6.918,3,exaec,8205200000,exaec,,4
GO Ext. N° 6.918,3,exaec,4203290019,exaec,,35
GO Ext. N° 6.918,3,exaec,6505002900,exaec,,35
GO Ext. N° 6.918,3,exaec,8205300000,exaec,,4
GO Ext. N° 6.918,3,exaec,4203290090,exaec,,35
GO Ext. N° 6.918,3,exaec,6505003100,exaec,,35
GO Ext. N° 6.918,3,exaec,8205400000,exaec,,4
GO Ext. N° 6.918,3,exaec,4203300000,exaec,,35
GO Ext. N° 6.918,3,exaec,6505003200,exaec,,35
GO Ext. N° 6.918,3,exaec,8205510000,exaec,,4
GO Ext. N° 6.918,3,exaec,4203400000,exaec,,35
GO Ext. N° 6.918,3,exaec,6505003900,exaec,,35
GO Ext. N° 6.918,3,exaec,8205590000,exaec,,4
GO Ext. N° 6.918,3,exaec,4205000010,exaec,0,35
GO Ext. N° 6.918,3,exaec,4205000010,marca_exaec,A,
GO Ext. N° 6.918,3,exaec,6505009000,exaec,,35
GO Ext. N° 6.918,3,exaec,8205600000,exaec,,4
GO Ext. N° 6.918,3,exaec,4205000020,exaec,0,35
GO Ext. N° 6.918,3,exaec,4205000020,marca_exaec,A,
GO Ext. N° 6.918,3,exaec,6506100090,exaec,,35
GO Ext. N° 6.918,3,exaec,8205700000,exaec,,4
GO Ext. N° 6.918,3,exaec,4205000090,exaec,0,35
GO Ext. N° 6.918,3,exaec,4205000090,marca_exaec,A,
GO Ext. N° 6.918,3,exaec,6506910000,exaec,,35
GO Ext. N° 6.918,3,exaec,8205900000,exaec,,4
GO Ext. N° 6.918,3,exaec,4206000000,exaec,,35
GO Ext. N° 6.918,3,exaec,6506990000,exaec,,35
GO Ext. N° 6.918,3,exaec,8207130000,exaec,,4
GO Ext. N° 6.918,3,exaec,4301100000,exaec,,30
GO Ext. N° 6.918,3,exaec,6507000000,exaec,,35
GO Ext. N° 6.918,3,exaec,8207200000,exaec,,4
GO Ext. N° 6.918,3,exaec,4301300000,exaec,,30
GO Ext. N° 6.918,3,exaec,6601100000,exaec,,35
GO Ext. N° 6.918,3,exaec,8207300000,exaec,,30
GO Ext. N° 6.918,3,exaec,4301600000,exaec,,30
GO Ext. N° 6.918,3,exaec,6601911000,exaec,,35
GO Ext. N° 6.918,3,exaec,8207401000,exaec,,4
GO Ext. N° 6.918,3,exaec,4301800000,exaec,,30
GO Ext. N° 6.918,3,exaec,6601919000,exaec,,35
GO Ext. N° 6.918,3,exaec,8207402000,exaec,,4
GO Ext. N° 6.918,3,exaec,4301900000,exaec,,30
GO Ext. N° 6.918,3,exaec,6601990000,exaec,,35
GO Ext. N° 6.918,3,exaec,8207501100,exaec,,4
GO Ext. N° 6.918,3,exaec,4302110000,exaec,,35
GO Ext. N° 6.918,3,exaec,6602000000,exaec,,35
GO Ext. N° 6.918,3,exaec,8207501900,exaec,,4
GO Ext. N° 6.918,3,exaec,4302191000,exaec,,35
GO Ext. N° 6.918,3,exaec,6603200000,exaec,,35
GO Ext. N° 6.918,3,exaec,8207509000,exaec,,4
GO Ext. N° 6.918,3,exaec,4302199000,exaec,,35
GO Ext. N° 6.918,3,exaec,6603900000,exaec,,35
GO Ext. N° 6.918,3,exaec,8207600000,exaec,,4
GO Ext. N° 6.918,3,exaec,4302200000,exaec,,35
GO Ext. N° 6.918,3,exaec,6701000000,exaec,,35
GO Ext. N° 6.918,3,exaec,8207701000,exaec,,4
GO Ext. N° 6.918,3,exaec,4302300000,exaec,,35
GO Ext. N° 6.918,3,exaec,6702100000,exaec,,35
GO Ext. N° 6.918,3,exaec,8207702000,exaec,,4
GO Ext. N° 6.918,3,exaec,4303100000,exaec,,35
GO Ext. N° 6.918,3,exaec,6702900000,exaec,,35
GO Ext. N° 6.918,3,exaec,8207709000,exaec,,4
GO Ext. N° 6.918,3,exaec,4303900000,exaec,,35
GO Ext. N° 6.918,3,exaec,6703000000,exaec,,35
GO Ext. N° 6.918,3,exaec,8207800000,exaec,,4
GO Ext. N° 6.918,3,exaec,4304000000,exaec,,35
GO Ext. N° 6.918,3,exaec,6704110000,exaec,,35
GO Ext. N° 6.918,3,exaec,8207900000,exaec,,4
GO Ext. N° 6.918,3,exaec,4401110000,exaec,,35
GO Ext. N° 6.918,3,exaec,6704190000,exaec,,35
GO Ext. N° 6.918,3,exaec,8208100000,exaec,,4
GO Ext. N° 6.918,3,exaec,4401120000,exaec,,35
GO Ext. N° 6.918,3,exaec,6704200000,exaec,,35
GO Ext. N° 6.918,3,exaec,8208200000,exaec,,4
GO Ext. N° 6.918,3,exaec,4401210000,exaec,,35
GO Ext. N° 6.918,3,exaec,6704900000,exaec,,35
GO Ext. N° 6.918,3,exaec,8208300000,exaec,,4
GO Ext. N° 6.918,3,exaec,4401220000,exaec,,4
GO Ext. N° 6.918,3,exaec,6811400011,exaec,,35
GO Ext. N° 6.918,3,exaec,8208400000,exaec,,4
GO Ext. N° 6.918,3,exaec,4401310000,exaec,,35
GO Ext. N° 6.918,3,exaec,6811400021,exaec,,35
GO Ext. N° 6.918,3,exaec,8209001900,exaec,,4
GO Ext. N° 6.918,3,exaec,4401320000,exaec,,35
GO Ext. N° 6.918,3,exaec,6811400031,exaec,,35
GO Ext. N° 6.918,3,exaec,8209009000,exaec,,4
GO Ext. N° 6.918,3,exaec,4401390000,exaec,,35
GO Ext. N° 6.918,3,exaec,6811400091,exaec,,35
GO Ext. N° 6.918,3,exaec,8210001000,exaec,,4
GO Ext. N° 6.918,3,exaec,4401410000,exaec,,35
GO Ext. N° 6.918,3,exaec,6812800000,exaec,0,35
GO Ext. N° 6.918,3,exaec,6812800000,marca_exaec,A,
GO Ext. N° 6.918,3,exaec,8210009000,exaec,,4
GO Ext. N° 6.918,3,exaec,4401490000,exaec,,35
GO Ext. N° 6.918,3,exaec,6813200011,exaec,0,35
GO Ext. N° 6.918,3,exaec,6813200011,marca_exaec,A,
GO Ext. N° 6.918,3,exaec,8211100010,exaec,,35
GO Ext. N° 6.918,3,exaec,4402100000,exaec,,35
GO Ext. N° 6.918,3,exaec,6813200021,exaec,0,35
GO Ext. N° 6.918,3,exaec,6813200021,marca_exaec,A,
GO Ext. N° 6.918,3,exaec,8211922010,exaec,,35
GO Ext. N° 6.918,3,exaec,4402200000,exaec,,35
GO Ext. N° 6.918,3,exaec,6907400000,exaec,15,35
GO Ext. N° 6.918,3,exaec,6907400000,marca_exaec,E,
GO Ext. N° 6.918,3,exaec,8211929010,exaec,,35
GO Ext. N° 6.918,3,exaec,4402900000,exaec,,35
GO Ext. N° 6.918,3,exaec,6909122000,exaec,,35
GO Ext. N° 6.918,3,exaec,8211932010,exaec,,35
GO Ext. N° 6.918,3,exaec,4410119000,exaec,,4
GO Ext. N° 6.918,3,exaec,6909192000,exaec,,35
GO Ext. N° 6.918,3,exaec,8211939030,exaec,,35
GO Ext. N° 6.918,3,exaec,4421200000,exaec,0,35
GO Ext. N° 6.918,3,exaec,4421200000,marca_exaec,A,
GO Ext. N° 6.918,3,exaec,7116202000,exaec,,35
GO Ext. N° 6.918,3,exaec,8302490000,exaec,0,4
GO Ext. N° 6.918,3,exaec,8302490000,marca_exaec,A,
GO Ext. N° 6.918,3,exaec,4421910000,exaec,0,35
GO Ext. N° 6.918,3,exaec,4421910000,marca_exaec,A,
GO Ext. N° 6.918,3,exaec,7118101000,exaec,,35
GO Ext. N° 6.918,3,exaec,8309900090,exaec,,4
GO Ext. N° 6.918,3,exaec,4601210000,exaec,,35
GO Ext. N° 6.918,3,exaec,7118109000,exaec,,35
GO Ext. N° 6.918,3,exaec,8704223000,exaec,,4
GO Ext. N° 6.918,3,exaec,4601220000,exaec,,35
GO Ext. N° 6.918,3,exaec,7118900000,exaec,,35
GO Ext. N° 6.918,3,exaec,8716390000,exaec,,4
GO Ext. N° 6.918,3,exaec,4601290000,exaec,,35
GO Ext. N° 6.918,3,exaec,7308100000,exaec,,35
GO Ext. N° 6.918,3,exaec,9020001000,exaec,0,4
GO Ext. N° 6.918,3,exaec,9020001000,marca_exaec,A,
GO Ext. N° 6.918,3,exaec,4601920000,exaec,,35
GO Ext. N° 6.918,3,exaec,7308200000,exaec,,35
GO Ext. N° 6.918,3,exaec,9020009000,exaec,0,4
GO Ext. N° 6.918,3,exaec,9020009000,marca_exaec,A,
GO Ext. N° 6.918,3,exaec,4601930000,exaec,,35
GO Ext. N° 6.918,3,exaec,7309001000,exaec,,35
GO Ext. N° 6.918,3,exaec,9025111900,exaec,0,4
GO Ext. N° 6.918,3,exaec,9025111900,marca_exaec,A,
GO Ext. N° 6.918,3,exaec,4601940000,exaec,,35
GO Ext. N° 6.918,3,exaec,7309002000,exaec,,35
GO Ext. N° 6.918,3,exaec,9025119100,exaec,0,4
GO Ext. N° 6.918,3,exaec,9025119100,marca_exaec,A,
GO Ext. N° 6.918,3,exaec,4601990000,exaec,,35
GO Ext. N° 6.918,3,exaec,7309009000,exaec,,35
GO Ext. N° 6.918,3,exaec,9025119900,exaec,0,4
GO Ext. N° 6.918,3,exaec,9025119900,marca_exaec,A,
GO Ext. N° 6.918,3,exaec,4602110000,exaec,,35
GO Ext. N° 6.918,3,exaec,7410111200,exaec,0,35
GO Ext. N° 6.918,3,exaec,7410111200,marca_exaec,A,
GO Ext. N° 6.918,3,exaec,9025199000,exaec,0,4
GO Ext. N° 6.918,3,exaec,9025199000,marca_exaec,A,
GO Ext. N° 6.918,3,exaec,4602120000,exaec,,35
GO Ext. N° 6.918,3,exaec,7410111300,exaec,0,35
GO Ext. N° 6.918,3,exaec,7410111300,marca_exaec,A,
GO Ext. N° 6.918,3,exaec,9025800090,exaec,0,4
GO Ext. N° 6.918,3,exaec,9025800090,marca_exaec,A,
GO Ext. N° 6.918,3,exaec,4602190000,exaec,,35
GO Ext. N° 6.918,3,exaec,7410111900,exaec,0,35
GO Ext. N° 6.918,3,exaec,7410111900,marca_exaec,A,
GO Ext. N° 6.918,3,exaec,9025901000,exaec,0,4
GO Ext. N° 6.918,3,exaec,9025901000,marca_exaec,A,
GO Ext. N° 6.918,3,exaec,4819100010,exaec,,35
GO Ext. N° 6.918,3,exaec,7410211000,exaec,0,35
GO Ext. N° 6.918,3,exaec,7410211000,marca_exaec,A,
GO Ext. N° 6.918,3,exaec,9025909000,exaec,0,4
GO Ext. N° 6.918,3,exaec,9025909000,marca_exaec,A,
GO Ext. N° 6.918,3,exaec,4819200010,exaec,,35
GO Ext. N° 6.918,3,exaec,7410212000,exaec,0,35
GO Ext. N° 6.918,3,exaec,7410212000,marca_exaec,A,
GO Ext. N° 6.918,3,exaec,9026102100,exaec,0,4
GO Ext. N° 6.918,3,exaec,9026102100,marca_exaec,A,
GO Ext. N° 6.918,3,exaec,4819300021,exaec,,35
GO Ext. N° 6.918,3,exaec,7410213000,exaec,0,35
GO Ext. N° 6.918,3,exaec,7410213000,marca_exaec,A,
GO Ext. N° 6.918,3,exaec,9026209010,exaec,0,4
GO Ext. N° 6.918,3,exaec,9026209010,marca_exaec,A,
GO Ext. N° 6.918,3,exaec,4819300091,exaec,,35
GO Ext. N° 6.918,3,exaec,8201100000,exaec,,4
GO Ext. N° 6.918,3,exaec,9026901000,exaec,0,4
GO Ext. N° 6.918,3,exaec,9026901000,marca_exaec,A,
GO Ext. N° 6.918,3,exaec,4819400011,exaec,,35
GO Ext. N° 6.918,3,exaec,4819400091,exaec,,35
GO Ext. N° 6.918,3,exaec,4820100000,exaec,30,35
GO Ext. N° 6.918,3,exaec,4820100000,marca_exaec,E,
GO Ext. N° 6.918,3,exaec,4820200000,exaec,30,35
GO Ext. N° 6.918,3,exaec,4820200000,marca_exaec,E,
GO Ext. N° 6.918,3,exaec,4820300000,exaec,30,35
GO Ext. N° 6.918,3,exaec,4820300000,marca_exaec,E,
GO Ext. N° 6.918,3,exaec,4820400010,exaec,30,35
GO Ext. N° 6.918,3,exaec,4820400010,marca_exaec,E,
GO Ext. N° 6.918,3,exaec,4820400090,exaec,22,35
GO Ext. N° 6.918,3,exaec,4820400090,marca_exaec,E,
GO Ext. N° 6.918,3,exaec,4820500000,exaec,30,35
GO Ext. N° 6.918,3,exaec,4820500000,marca_exaec,E,
GO Ext. N° 6.918,3,exaec,4820900010,exaec,30,35
GO Ext. N° 6.918,3,exaec,4820900010,marca_exaec,E,
GO Ext. N° 6.918,3,exaec,4820900090,exaec,22,35
GO Ext. N° 6.918,3,exaec,4820900090,marca_exaec,E,
GO Ext. N° 6.918,3,exaec,4821900000,exaec,26,35
GO Ext. N° 6.918,3,exaec,4821900000,marca_exaec,"E,A",
GO Ext. N° 6.918,3,exaec,4903000000,exaec,26,35
GO Ext. N° 6.918,3,exaec,4903000000,marca_exaec,E,
GO Ext. N° 6.918,3,exaec,6501000000,exaec,,35
GO Ext. N° 6.918,3,exaec,6502001000,exaec,,35
GO Ext. N° 6.918,3,exaec,6502009000,exaec,,35
GO Ext. N° 6.918,4,regimen,0401101000,regimen_importacion,"5,8,12","5,8,9,12"
GO Ext. N° 6.918,4,regimen,0402211091,regimen_importacion,"5,8,12","5,8,9,12"
GO Ext. N° 6.918,4,regimen,0401109000,regimen_importacion,"5,8,12","5,8,9,12"
GO Ext. N° 6.918,4,regimen,0402211099,regimen_importacion,"3,5,8","3,5,8,9"
GO Ext. N° 6.918,4,regimen,0401209000,regimen_importacion,"5,8,12","5,8,9,12"
GO Ext. N° 6.918,4,regimen,0402212019,regimen_importacion,"3,5,8","3,5,8,9"
GO Ext. N° 6.918,4,regimen,0401401000,regimen_importacion,"5,8,12","5,8,9,12"
GO Ext. N° 6.918,4,regimen,0402291011,regimen_importacion,"5,8,12","5,8,9,12"
GO Ext. N° 6.918,4,regimen,0401501000,regimen_importacion,"5,8,12","5,8,9,12"
GO Ext. N° 6.918,4,regimen,0402291019,regimen_importacion,"3,5,8","3,5,8,9"
GO Ext. N° 6.918,4,regimen,0401502100,regimen_importacion,"5,8,12","5,8,9,12"
GO Ext. N° 6.918,4,regimen,0402291099,regimen_importacion,"3,5,8","3,5,8,9"
GO Ext. N° 6.918,4,regimen,0401502900,regimen_importacion,"5,8,12","5,8,9,12"
GO Ext. N° 6.918,4,regimen,0402292019,regimen_importacion,"3,5,8","3,5,8,9"
GO Ext. N° 6.918,4,regimen,0402101010,regimen_importacion,"5,8,12","5,8,9,12"
GO Ext. N° 6.918,4,regimen,0402292099,regimen_importacion,"3,5,8","3,5,8,9"
GO Ext. N° 6.918,4,regimen,0402101020,regimen_importacion,"5,8,12","5,8,9,12"
GO Ext. N° 6.918,4,regimen,0402293091,regimen_importacion,"5,8,12","5,8,9,12"
GO Ext. N° 6.918,4,regimen,0402101090,regimen_importacion,"3,5,8","3,5,8,9"
GO Ext. N° 6.918,4,regimen,0402293099,regimen_importacion,"3,5,8","3,5,8,9"
GO Ext. N° 6.918,4,regimen,0402109010,regimen_importacion,"5,8,12","5,8,9,12"
GO Ext. N° 6.918,4,regimen,0406101000,regimen_importacion,"5,8,12","5,8,9,12"
GO Ext. N° 6.918,4,regimen,0402109020,regimen_importacion,"5,8,12","5,8,9,12"
GO Ext. N° 6.918,4,regimen,0406109000,regimen_importacion,"5,8,12","5,8,9,12"
GO Ext. N° 6.918,4,regimen,0402109090,regimen_importacion,"3,5,8","3,5,8,9"
GO Ext. N° 6.918,4,regimen,0406200000,regimen_importacion,"5,8,12","5,8,9,12"
GO Ext. N° 6.918,4,regimen,0402211011,regimen_importacion,"5,8,12","5,8,9,12"
GO Ext. N° 6.918,4,regimen,0406300000,regimen_importacion,"5,8,12","5,8,9,12"
GO Ext. N° 6.918,4,regimen,0402211012,regimen_importacion,"5,8,12","5,8,9,12"
GO Ext. N° 6.918,4,regimen,0406400000,regimen_importacion,"5,8,12","5,8,9,12"
GO Ext. N° 6.918,4,regimen,0402211013,regimen_importacion,"5,8,12","5,8,9,12"
GO Ext. N° 6.918,4,regimen,0406901000,regimen_importacion,"5,8,12","5,8,9,12"
GO Ext. N° 6.918,4,regimen,0402211019,regimen_importacion,"3,5,8","3,5,8,9"
GO Ext. N° 6.918,4,regimen,0406902000,regimen_importacion,"5,8,12","5,8,9,12"
GO Ext. N° 6.918,4,regimen,0406903000,regimen_importacion,"5,8,12","5,8,9,12"
GO Ext. N° 6.918,4,regimen,2204210000,regimen_importacion,"5,12","3,5,9"
GO Ext. N° 6.918,4,regimen,0406909030,regimen_importacion,"5,8,12","5,8,9,12"
GO Ext. N° 6.918,4,regimen,2208301000,regimen_importacion,"5,12","3,5"
GO Ext. N° 6.918,4,regimen,0406909090,regimen_importacion,"5,8,12","5,8,9,12"
GO Ext. N° 6.918,4,regimen,2208302000,regimen_importacion,"5,12","3,5,9"
GO Ext. N° 6.918,4,regimen,0713109000,regimen_importacion,"5,6","5,6,9"
GO Ext. N° 6.918,4,regimen,2208302000,regimen_importacion,"3,5,9","3,5"
GO Ext. N° 6.918,4,regimen,0806100000,regimen_importacion,"5,6","5,6,9"
GO Ext. N° 6.918,4,regimen,2208309000,regimen_importacion,"5,12","3,5"
GO Ext. N° 6.918,4,regimen,0808100000,regimen_importacion,"5,6","5,6,9"
GO Ext. N° 6.918,4,regimen,2208400000,regimen_importacion,"5,12","3,5"
GO Ext. N° 6.918,4,regimen,2208500000,regimen_importacion,"5,12","3,5"
GO Ext. N° 6.918,4,regimen,1005901020,regimen_importacion,"5,6","5,6,9"
GO Ext. N° 6.918,4,regimen,2208600000,regimen_importacion,"5,12","3,5"
GO Ext. N° 6.918,4,regimen,1101001091,regimen_importacion,"5,6","5,6,9"
GO Ext. N° 6.918,4,regimen,2208700000,regimen_importacion,"5,12","3,5"
GO Ext. N° 6.918,4,regimen,1101001099,regimen_importacion,"5,6","5,6,9"
GO Ext. N° 6.918,4,regimen,2304009010,regimen_importacion,"5,8","5,8,9"
GO Ext. N° 6.918,4,regimen,1104120000,regimen_importacion,"3,5,6","3,5,6,9"
GO Ext. N° 6.918,4,regimen,2711110000,regimen_importacion,20,"11,20"
GO Ext. N° 6.918,4,regimen,2711110000,regimen_exportacion,,11
GO Ext. N° 6.918,4,regimen,1107101000,regimen_importacion,5,"5,9"
GO Ext. N° 6.918,4,regimen,2711121000,regimen_importacion,20,"11,20"
GO Ext. N° 6.918,4,regimen,2711121000,regimen_exportacion,,11
GO Ext. N° 6.918,4,regimen,2711129000,regimen_importacion,20,"11,20"
GO Ext. N° 6.918,4,regimen,2711129000,regimen_exportacion,,11
GO Ext. N° 6.918,4,regimen,1207101000,regimen_importacion,"5,6,8","5,6,8,9"
GO Ext. N° 6.918,4,regimen,2711130000,regimen_importacion,20,"11,20"
GO Ext. N° 6.918,4,regimen,2711130000,regimen_exportacion,,11
GO Ext. N° 6.918,4,regimen,1207109000,regimen_importacion,"5,6,8","5,6,8,9"
GO Ext. N° 6.918,4,regimen,2711140000,regimen_importacion,20,"11,20"
GO Ext. N° 6.918,4,regimen,2711140000,regimen_exportacion,,11
GO Ext. N° 6.918,4,regimen,1207409000,regimen_importacion,"5,6,8","5,6,8,9"
GO Ext. N° 6.918,4,regimen,2711191000,regimen_importacion,20,"11,20"
GO Ext. N° 6.918,4,regimen,2711191000,regimen_exportacion,,11
GO Ext. N° 6.918,4,regimen,1207709000,regimen_importacion,"5,6,8","5,6,8,9"
GO Ext. N° 6.918,4,regimen,2711210000,regimen_importacion,,11
GO Ext. N° 6.918,4,regimen,2711210000,regimen_exportacion,,11
GO Ext. N° 6.918,4,regimen,1207999090,regimen_importacion,"5,6,8","5,6,8,9"
GO Ext. N° 6.918,4,regimen,2711291000,regimen_importacion,,11
GO Ext. N° 6.918,4,regimen,2711291000,regimen_exportacion,,11
GO Ext. N° 6.918,4,regimen,1507100000,regimen_importacion,"5,8","5,8,9"
GO Ext. N° 6.918,4,regimen,3006600000,regimen_importacion,12,"9,12"
GO Ext. N° 6.918,4,regimen,1507901100,regimen_importacion,"5,8,12","5,8,9,12"
GO Ext. N° 6.918,4,regimen,3209101000,regimen_importacion,,20
GO Ext. N° 6.918,4,regimen,1507901900,regimen_importacion,"5,8,12","5,8,9,12"
GO Ext. N° 6.918,4,regimen,3209102000,regimen_importacion,,20
GO Ext. N° 6.918,4,regimen,1507909000,regimen_importacion,"5,8,12","5,8,9,12"
GO Ext. N° 6.918,4,regimen,3209901100,regimen_importacion,,20
GO Ext. N° 6.918,4,regimen,1510100000,regimen_importacion,"5,8","5,8,9"
GO Ext. N° 6.918,4,regimen,3209901900,regimen_importacion,,20
GO Ext. N° 6.918,4,regimen,1510900000,regimen_importacion,"5,8","5,8,9"
GO Ext. N° 6.918,4,regimen,3209902000,regimen_importacion,,20
GO Ext. N° 6.918,4,regimen,1511100000,regimen_importacion,"5,8","5,8,9"
GO Ext. N° 6.918,4,regimen,3304991000,regimen_importacion,12,"9,12"
GO Ext. N° 6.918,4,regimen,1511900000,regimen_importacion,"5,8,12","5,8,9,12"
GO Ext. N° 6.918,4,regimen,3304999000,regimen_importacion,12,"9,12"
GO Ext. N° 6.918,4,regimen,1512111000,regimen_importacion,"5,8","5,8,9"
GO Ext. N° 6.918,4,regimen,3305100000,regimen_importacion,12,"9,12"
GO Ext. N° 6.918,4,regimen,1512191100,regimen_importacion,"5,8,12","5,8,9,12"
GO Ext. N° 6.918,4,regimen,3305900010,regimen_importacion,12,"9,12"
GO Ext. N° 6.918,4,regimen,1512191900,regimen_importacion,"5,8,12","5,8,9,12"
GO Ext. N° 6.918,4,regimen,3305900020,regimen_importacion,12,"9,12"
GO Ext. N° 6.918,4,regimen,1512299000,regimen_importacion,"5,8","5,8,9"
GO Ext. N° 6.918,4,regimen,3305900090,regimen_importacion,12,"9,12"
GO Ext. N° 6.918,4,regimen,1513110000,regimen_importacion,"5,8","5,8,9"
GO Ext. N° 6.918,4,regimen,3306100000,regimen_importacion,12,"9,12"
GO Ext. N° 6.918,4,regimen,1513190000,regimen_importacion,"5,8,12","5,8,9,12"
GO Ext. N° 6.918,4,regimen,3307201010,regimen_importacion,12,"9,12"
GO Ext. N° 6.918,4,regimen,1513292000,regimen_importacion,"5,8","5,8,9"
GO Ext. N° 6.918,4,regimen,3401119000,regimen_importacion,12,"9,12"
GO Ext. N° 6.918,4,regimen,1515291000,regimen_importacion,"5,8,12","5,8,9,12"
GO Ext. N° 6.918,4,regimen,3402500011,regimen_importacion,,9
GO Ext. N° 6.918,4,regimen,1515299000,regimen_importacion,"5,8,12","5,8,9,12"
GO Ext. N° 6.918,4,regimen,3403190021,regimen_importacion,,9
GO Ext. N° 6.918,4,regimen,1515500000,regimen_importacion,"5,8,12","5,8,9,12"
GO Ext. N° 6.918,4,regimen,3923301000,regimen_importacion,,11
GO Ext. N° 6.918,4,regimen,3923301000,regimen_exportacion,,11
GO Ext. N° 6.918,4,regimen,1517100000,regimen_importacion,"5,12","5,9,12"
GO Ext. N° 6.918,4,regimen,3923500000,regimen_importacion,,9
GO Ext. N° 6.918,4,regimen,1602329000,regimen_importacion,"5,6,12","5,6,9,12"
GO Ext. N° 6.918,4,regimen,3924100090,regimen_importacion,,9
GO Ext. N° 6.918,4,regimen,3924900000,regimen_importacion,,9
GO Ext. N° 6.918,4,regimen,3925909000,regimen_importacion,,9
GO Ext. N° 6.918,4,regimen,3926909099,regimen_importacion,,9
GO Ext. N° 6.918,4,regimen,4010390000,regimen_importacion,,9
GO Ext. N° 6.918,4,regimen,4011100090,regimen_importacion,20,"9,20"
GO Ext. N° 6.918,4,regimen,4011209000,regimen_importacion,20,"9,20"
GO Ext. N° 6.918,4,regimen,4011400030,regimen_importacion,20,"9,20"
GO Ext. N° 6.918,4,regimen,1704902000,regimen_importacion,"5,12","5,9,12"
GO Ext. N° 6.918,4,regimen,4016999000,regimen_importacion,,9
GO Ext. N° 6.918,4,regimen,1704909000,regimen_importacion,"5,12","5,9,12"
GO Ext. N° 6.918,4,regimen,4202290000,regimen_importacion,,9
GO Ext. N° 6.918,4,regimen,1806900000,regimen_importacion,"5,12","5,9,12"
GO Ext. N° 6.918,4,regimen,4202990000,regimen_importacion,,9
GO Ext. N° 6.918,4,regimen,1901909000,regimen_importacion,"5,12","5,9,12"
GO Ext. N° 6.918,4,regimen,4901990000,regimen_importacion,,9
GO Ext. N° 6.918,4,regimen,1905310000,regimen_importacion,"5,12","5,9,12"
GO Ext. N° 6.918,4,regimen,6103490000,regimen_importacion,,9
GO Ext. N° 6.918,4,regimen,1905320000,regimen_importacion,"5,12","5,9,12"
GO Ext. N° 6.918,4,regimen,6109100000,regimen_importacion,,9
GO Ext. N° 6.918,4,regimen,1905902000,regimen_importacion,"5,12","5,9,12"
GO Ext. N° 6.918,4,regimen,6110900000,regimen_importacion,,9
GO Ext. N° 6.918,4,regimen,1905909000,regimen_importacion,"5,12","5,9,12"
GO Ext. N° 6.918,4,regimen,6203420000,regimen_importacion,,9
GO Ext. N° 6.918,4,regimen,2004100000,regimen_importacion,"5,12","5,9,12"
GO Ext. N° 6.918,4,regimen,6204620000,regimen_importacion,,9
GO Ext. N° 6.918,4,regimen,2005200000,regimen_importacion,"5,12","5,9,12"
GO Ext. N° 6.918,4,regimen,6204690000,regimen_importacion,,9
GO Ext. N° 6.918,4,regimen,2005700000,regimen_importacion,"5,12","5,9,12"
GO Ext. N° 6.918,4,regimen,6305339000,regimen_importacion,,9
GO Ext. N° 6.918,4,regimen,2005800000,regimen_importacion,"5,12","5,9,12"
GO Ext. N° 6.918,4,regimen,6402190000,regimen_importacion,,9
GO Ext. N° 6.918,4,regimen,2106909060,regimen_importacion,12,"9,12"
GO Ext. N° 6.918,4,regimen,6402200000,regimen_importacion,,9
GO Ext. N° 6.918,4,regimen,2106909090,regimen_importacion,3,"3,9"
GO Ext. N° 6.918,4,regimen,6402999000,regimen_importacion,,9
GO Ext. N° 6.918,4,regimen,2203000000,regimen_importacion,"5,12","3,5"
GO Ext. N° 6.918,4,regimen,6404110010,regimen_importacion,,9
GO Ext. N° 6.918,4,regimen,6404190090,regimen_importacion,,9
GO Ext. N° 6.918,4,regimen,8502121000,regimen_importacion,,9
GO Ext. N° 6.918,4,regimen,6405101000,regimen_importacion,,9
GO Ext. N° 6.918,4,regimen,8502131900,regimen_importacion,,9
GO Ext. N° 6.918,4,regimen,6809110000,regimen_importacion,,9
GO Ext. N° 6.918,4,regimen,8504100000,regimen_importacion,,9
GO Ext. N° 6.918,4,regimen,6907210000,regimen_importacion,20,"9,20"
GO Ext. N° 6.918,4,regimen,8504404000,regimen_importacion,,9
GO Ext. N° 6.918,4,regimen,7304299000,regimen_importacion,,9
GO Ext. N° 6.918,4,regimen,8504409000,regimen_importacion,,9
GO Ext. N° 6.918,4,regimen,7308901000,regimen_importacion,,9
GO Ext. N° 6.918,4,regimen,8507109000,regimen_importacion,20,"9,20"
GO Ext. N° 6.918,4,regimen,7311000091,regimen_importacion,"11,20","11,9,20"
GO Ext. N° 6.918,4,regimen,8511100000,regimen_importacion,,9
GO Ext. N° 6.918,4,regimen,7321110010,regimen_importacion,20,"9,20"
GO Ext. N° 6.918,4,regimen,8516600000,regimen_importacion,,9
GO Ext. N° 6.918,4,regimen,7326200000,regimen_importacion,,9
GO Ext. N° 6.918,4,regimen,8517130000,regimen_importacion,,9
GO Ext. N° 6.918,4,regimen,7326909090,regimen_importacion,,9
GO Ext. N° 6.918,4,regimen,8205510000,regimen_importacion,,9
GO Ext. N° 6.918,4,regimen,8517613000,regimen_importacion,,9
GO Ext. N° 6.918,4,regimen,8212102090,regimen_importacion,,9
GO Ext. N° 6.918,4,regimen,8517624100,regimen_importacion,,9
GO Ext. N° 6.918,4,regimen,8309900090,regimen_importacion,,9
GO Ext. N° 6.918,4,regimen,8517624900,regimen_importacion,,9
GO Ext. N° 6.918,4,regimen,8311100000,regimen_importacion,,9
GO Ext. N° 6.918,4,regimen,8517625900,regimen_importacion,,9
GO Ext. N° 6.918,4,regimen,8407219000,regimen_importacion,,9
GO Ext. N° 6.918,4,regimen,8517690000,regimen_importacion,,9
GO Ext. N° 6.918,4,regimen,8408209000,regimen_importacion,,9
GO Ext. N° 6.918,4,regimen,8517790000,regimen_importacion,,9
GO Ext. N° 6.918,4,regimen,8409919010,regimen_importacion,,11
GO Ext. N° 6.918,4,regimen,8409919010,regimen_exportacion,,11
GO Ext. N° 6.918,4,regimen,8528711900,regimen_importacion,,9
GO Ext. N° 6.918,4,regimen,8409919090,regimen_importacion,,11
GO Ext. N° 6.918,4,regimen,8409919090,regimen_exportacion,,11
GO Ext. N° 6.918,4,regimen,8528719000,regimen_importacion,,9
GO Ext. N° 6.918,4,regimen,8409999900,regimen_importacion,,9
GO Ext. N° 6.918,4,regimen,8528720000,regimen_importacion,,9
GO Ext. N° 6.918,4,regimen,8411820000,regimen_importacion,,9
GO Ext. N° 6.918,4,regimen,8529909000,regimen_importacion,,9
GO Ext. N° 6.918,4,regimen,8411990000,regimen_importacion,,9
GO Ext. N° 6.918,4,regimen,8533409100,regimen_importacion,,9
GO Ext. N° 6.918,4,regimen,8413110000,regimen_importacion,,9
GO Ext. N° 6.918,4,regimen,8535301390,regimen_importacion,,9
GO Ext. N° 6.918,4,regimen,8413609000,regimen_importacion,,9
GO Ext. N° 6.918,4,regimen,8536691000,regimen_importacion,,9
GO Ext. N° 6.918,4,regimen,8413701000,regimen_importacion,,9
GO Ext. N° 6.918,4,regimen,8536700000,regimen_importacion,,9
GO Ext. N° 6.918,4,regimen,8413709000,regimen_importacion,,9
GO Ext. N° 6.918,4,regimen,8536905000,regimen_importacion,,9
GO Ext. N° 6.918,4,regimen,8413810000,regimen_importacion,,9
GO Ext. N° 6.918,4,regimen,8536909000,regimen_importacion,,9
GO Ext. N° 6.918,4,regimen,8413919000,regimen_importacion,,9
GO Ext. N° 6.918,4,regimen,8537109000,regimen_importacion,,9
GO Ext. N° 6.918,4,regimen,8414519000,regimen_importacion,,9
GO Ext. N° 6.918,4,regimen,8539520000,regimen_importacion,,9
GO Ext. N° 6.918,4,regimen,8415101100,regimen_importacion,20,"9,20"
GO Ext. N° 6.918,4,regimen,8544110000,regimen_importacion,,9
GO Ext. N° 6.918,4,regimen,8415101900,regimen_importacion,20,"9,20"
GO Ext. N° 6.918,4,regimen,8544490000,regimen_importacion,20,"9,20"
GO Ext. N° 6.918,4,regimen,8415109000,regimen_importacion,20,"9,20"
GO Ext. N° 6.918,4,regimen,8544600000,regimen_importacion,,9
GO Ext. N° 6.918,4,regimen,8418100000,regimen_importacion,20,"9,20"
GO Ext. N° 6.918,4,regimen,8544701000,regimen_importacion,,9
GO Ext. N° 6.918,4,regimen,8418300000,regimen_importacion,20,"9,20"
GO Ext. N° 6.918,4,regimen,8544709000,regimen_importacion,,9
GO Ext. N° 6.918,4,regimen,8418509000,regimen_importacion,20,"9,20"
GO Ext. N° 6.918,4,regimen,8701210000,regimen_importacion,20,"9,20"
GO Ext. N° 6.918,4,regimen,8418699990,regimen_importacion,,9
GO Ext. N° 6.918,4,regimen,8701949000,regimen_importacion,,9
GO Ext. N° 6.918,4,regimen,8419909000,regimen_importacion,,9
GO Ext. N° 6.918,4,regimen,8702100099,regimen_importacion,20,"9,20"
GO Ext. N° 6.918,4,regimen,8421210090,regimen_importacion,,9
GO Ext. N° 6.918,4,regimen,8703210000,regimen_importacion,20,"9,20"
GO Ext. N° 6.918,4,regimen,8421230000,regimen_importacion,,9
GO Ext. N° 6.918,4,regimen,8703221010,regimen_importacion,20,"9,20"
GO Ext. N° 6.918,4,regimen,8421291900,regimen_importacion,,9
GO Ext. N° 6.918,4,regimen,8703221090,regimen_importacion,20,"9,20"
GO Ext. N° 6.918,4,regimen,8422909000,regimen_importacion,,9
GO Ext. N° 6.918,4,regimen,8703229090,regimen_importacion,20,"9,20"
GO Ext. N° 6.918,4,regimen,8433599000,regimen_importacion,,9
GO Ext. N° 6.918,4,regimen,8703231010,regimen_importacion,20,"9,20"
GO Ext. N° 6.918,4,regimen,8436290000,regimen_importacion,,9
GO Ext. N° 6.918,4,regimen,8703231020,regimen_importacion,20,"9,20"
GO Ext. N° 6.918,4,regimen,8438500000,regimen_importacion,,9
GO Ext. N° 6.918,4,regimen,8703231030,regimen_importacion,20,"9,20"
GO Ext. N° 6.918,4,regimen,8450120000,regimen_importacion,20,"9,20"
GO Ext. N° 6.918,4,regimen,8703231040,regimen_importacion,20,"9,20"
GO Ext. N° 6.918,4,regimen,8450190000,regimen_importacion,20,"9,20"
GO Ext. N° 6.918,4,regimen,8703231090,regimen_importacion,20,"9,20"
GO Ext. N° 6.918,4,regimen,8450209000,regimen_importacion,20,"9,20"
GO Ext. N° 6.918,4,regimen,8703239040,regimen_importacion,20,"9,20"
GO Ext. N° 6.918,4,regimen,8452100000,regimen_importacion,,9
GO Ext. N° 6.918,4,regimen,8703239090,regimen_importacion,20,"9,20"
GO Ext. N° 6.918,4,regimen,8458990000,regimen_importacion,,9
GO Ext. N° 6.918,4,regimen,8703241000,regimen_importacion,20,"9,20"
GO Ext. N° 6.918,4,regimen,8459290000,regimen_importacion,,9
GO Ext. N° 6.918,4,regimen,8703249000,regimen_importacion,20,"9,20"
GO Ext. N° 6.918,4,regimen,8459390000,regimen_importacion,,9
GO Ext. N° 6.918,4,regimen,8704211010,regimen_importacion,20,"9,20"
GO Ext. N° 6.918,4,regimen,8470501000,regimen_importacion,,9
GO Ext. N° 6.918,4,regimen,8704211090,regimen_importacion,20,"9,20"
GO Ext. N° 6.918,4,regimen,8704219010,regimen_importacion,20,"9,20"
GO Ext. N° 6.918,4,regimen,8471301190,regimen_importacion,,9
GO Ext. N° 6.918,4,regimen,8704311010,regimen_importacion,20,"9,20"
GO Ext. N° 6.918,4,regimen,8471490000,regimen_importacion,,9
GO Ext. N° 6.918,4,regimen,8704311090,regimen_importacion,20,"9,20"
GO Ext. N° 6.918,4,regimen,8471504000,regimen_importacion,,9
GO Ext. N° 6.918,4,regimen,8704319010,regimen_importacion,20,"9,20"
GO Ext. N° 6.918,4,regimen,8474201000,regimen_importacion,,9
GO Ext. N° 6.918,4,regimen,8708800021,regimen_importacion,20,"9,20"
GO Ext. N° 6.918,4,regimen,8481801990,regimen_importacion,,9
GO Ext. N° 6.918,4,regimen,8708999099,regimen_importacion,,9
GO Ext. N° 6.918,4,regimen,8481809990,regimen_importacion,,9
GO Ext. N° 6.918,4,regimen,8711202000,regimen_importacion,20,"9,20"
GO Ext. N° 6.918,4,regimen,8482991000,regimen_importacion,,9
GO Ext. N° 6.918,4,regimen,8712001000,regimen_importacion,20,"9,20"
GO Ext. N° 6.918,4,regimen,8502111000,regimen_importacion,,9
GO Ext. N° 6.918,4,regimen,8713100010,regimen_importacion,20,"9,20"
GO Ext. N° 6.918,4,regimen,8714100000,regimen_importacion,,9
GO Ext. N° 6.918,4,regimen,9503001000,regimen_importacion,20,"9,20"
GO Ext. N° 6.918,4,regimen,8716310010,regimen_importacion,20,"11,20"
GO Ext. N° 6.918,4,regimen,8716310010,regimen_exportacion,,11
GO Ext. N° 6.918,4,regimen,9503008000,regimen_importacion,20,"9,20"
GO Ext. N° 6.918,4,regimen,8802409000,regimen_importacion,,9
GO Ext. N° 6.918,4,regimen,9503009900,regimen_importacion,20,"9,20"
GO Ext. N° 6.918,4,regimen,9018121000,regimen_importacion,,9
GO Ext. N° 6.918,4,regimen,9505100000,regimen_importacion,,9
GO Ext. N° 6.918,4,regimen,9018130000,regimen_importacion,,9
GO Ext. N° 6.918,4,regimen,9506620000,regimen_importacion,,9
GO Ext. N° 6.918,4,regimen,9018909990,regimen_importacion,,9
GO Ext. N° 6.918,4,regimen,9605000000,regimen_importacion,,9
GO Ext. N° 6.918,4,regimen,9021901900,regimen_importacion,12,"9,12"
GO Ext. N° 6.918,4,regimen,9617001000,regimen_importacion,,9
GO Ext. N° 6.918,4,regimen,9022909990,regimen_importacion,,9
GO Ext. N° 6.918,4,regimen,9619000010,regimen_importacion,,9
GO Ext. N° 6.918,4,regimen,9026800000,regimen_importacion,,9
GO Ext. N° 6.918,4,regimen,9619000030,regimen_importacion,,9
GO Ext. N° 6.918,4,regimen,9032899000,regimen_importacion,,9
GO Ext. N° 6.918,4,regimen,9801000021,regimen_importacion,,9
GO Ext. N° 6.918,4,regimen,9102210000,regimen_importacion,,9
GO Ext. N° 6.918,4,regimen,9802000019,regimen_importacion,,9
GO Ext. N° 6.918,4,regimen,9401610000,regimen_importacion,,9
GO Ext. N° 6.918,4,regimen,9803000013,regimen_importacion,,9
GO Ext. N° 6.918,4,regimen,9401800000,regimen_importacion,,9
GO Ext. N° 6.918,4,regimen,9804000011,regimen_importacion,,9
GO Ext. N° 6.918,4,regimen,9403200090,regimen_importacion,,9
GO Ext. N° 6.918,4,regimen,9804000013,regimen_importacion,,9
GO Ext. N° 6.918,4,regimen,9403300000,regimen_importacion,,9
GO Ext. N° 6.918,4,regimen,9804000014,regimen_importacion,,9
GO Ext. N° 6.918,4,regimen,9403600000,regimen_importacion,,9
GO Ext. N° 6.918,4,regimen,9804000021,regimen_importacion,,9
GO Ext. N° 6.918,4,regimen,9404210000,regimen_importacion,,9
GO Ext. N° 6.918,4,regimen,9805000020,regimen_importacion,,9
GO Ext. N° 6.918,4,regimen,9404900000,regimen_importacion,,9
GO Ext. N° 6.952,5,elimina,1104220000,,De avena,
GO Ext. N° 6.952,5,elimina,2710124200,,Nafta residual derivada del fraccionamiento de los líquidos del gas natural,
GO Ext. N° 6.952,5,elimina,2710124900,,Las demás,
GO Ext. N° 6.952,5,elimina,3004909930,,Parches impregnados con nitroglicerina,
GO Ext. N° 6.952,5,elimina,3214101000,,"Masilla, cementos de resina y demás mástiques",
GO Ext. N° 6.952,5,elimina,3214102000,,Plastes (enduidos) utilizados en pintura,
GO Ext. N° 6.952,5,elimina,3824997990,,Los demás,
GO Ext. N° 6.952,5,elimina,3920109900,,Las demás,
GO Ext. N° 6.952,5,elimina,4016920000,,Gomas de borrar,
GO Ext. N° 6.952,5,elimina,6910900000,,Los demás,
GO Ext. N° 6.952,5,elimina,7606129010,,"Con un contenido de magnesio superior o igual a 0,5 % en peso (duraluminio)",
GO Ext. N° 6.952,5,crea,11042200,,,De avena:
GO Ext. N° 6.952,5,crea,1104220010,,,Granos que hayan sido sometidos a estabilizado para la inactivación de las enzimas después del retiro del cascabillo (cascarilla)
GO Ext. N° 6.952,5,crea,1104220090,,,Las demás
GO Ext. N° 6.952,5,modifica,2106903031,exaec,30,35
GO Ext. N° 6.952,5,modifica,2106903031,marca_exaec,,E
GO Ext. N° 6.952,5,modifica,2106903032,exaec,30,35
GO Ext. N° 6.952,5,modifica,2106903032,marca_exaec,,E
GO Ext. N° 6.952,5,crea,2106903033,,,"Presentado en grageas masticables o efervescentes, del tipo de los normalmente utilizados como coadyuvante para la conservación del buen estado de la salud"
GO Ext. N° 6.952,5,modifica,2106903041,exaec,30,35
GO Ext. N° 6.952,5,modifica,2106903041,marca_exaec,,E
GO Ext. N° 6.952,5,modifica,2106903042,exaec,30,35
GO Ext. N° 6.952,5,modifica,2106903042,marca_exaec,,E
GO Ext. N° 6.952,5,crea,2106903043,,,"Presentado en grageas masticables o efervescentes, del tipo de los normalmente utilizados como coadyuvante para la conservación del buen estado de la salud"
GO Ext. N° 6.952,5,crea,27101249,,,Las demás:
GO Ext. N° 6.952,5,crea,2710124910,,,Nafta residual derivada del fraccionamiento de los líquidos del gas natural
GO Ext. N° 6.952,5,crea,2710124990,,,Las demás
GO Ext. N° 6.952,5,modifica,3004906211,descripcion,Ketorolac; Clorhidrato de loperamida; nifedipina; nimodipina,Ketorolac trometamina; clorhidrato de loperamida; nifedipina; nimodipina
GO Ext. N° 6.952,5,modifica,3004906211,regimen_importacion,12,3
GO Ext. N° 6.952,5,modifica,3004906711,descripcion,Clonazepam; maleato de enalapril,Maleato de enalapril
GO Ext. N° 6.952,5,modifica,3004906711,regimen_importacion,12,3
GO Ext. N° 6.952,5,modifica,3004909910,regimen_importacion,12,3
GO Ext. N° 6.952,5,modifica,300490992,regimen_importacion,,3
GO Ext. N° 6.952,5,modifica,3004909922,regimen_importacion,12,3
GO Ext. N° 6.952,5,modifica,3004909923,regimen_importacion,13,6
GO Ext. N° 6.952,5,modifica,3004909924,regimen_importacion,12,3
GO Ext. N° 6.952,5,modifica,3004909925,regimen_importacion,13,6
GO Ext. N° 6.952,5,modifica,3004909943,regimen_importacion,12,3
GO Ext. N° 6.952,5,modifica,3004909944,regimen_importacion,12,3
GO Ext. N° 6.952,5,modifica,3004909945,regimen_importacion,13,6
GO Ext. N° 6.952,5,modifica,3004909950,regimen_importacion,12,3
GO Ext. N° 6.952,5,modifica,3004909960,regimen_importacion,12,3
GO Ext. N° 6.952,5,modifica,3004909992,regimen_importacion,12,6
GO Ext. N° 6.952,5,modifica,3004909993,regimen_importacion,12,3
GO Ext. N° 6.952,5,modifica,3004909998,regimen_importacion,13,6
GO Ext. N° 6.952,5,modifica,3004909999,regimen_importacion,12,3
GO Ext. N° 6.952,5,crea,32141010,,,"Masilla, cementos de resina y demás mástiques:"
GO Ext. N° 6.952,5,crea,3214101010,,,Acondicionados para la venta al por menor en envases de peso inferior o igual a 1 kg
GO Ext. N° 6.952,5,crea,3214101090,,,Las demás
GO Ext. N° 6.952,5,crea,32141020,,,Plastes (enduidos) utilizados en pintura:
GO Ext. N° 6.952,5,crea,3214102010,,,Acondicionados para la venta al por menor en envases de peso inferior o igual a 1 kg
GO Ext. N° 6.952,5,crea,3214102090,,,Las demás
GO Ext. N° 6.952,5,crea,382499799,,,Los demás:
GO Ext. N° 6.952,5,crea,3824997991,,,"Los demás abonos que contengan microelementos, excepto los que contengan nitrógeno, fósforo o potasio"
GO Ext. N° 6.952,5,crea,3824997999,,,Los demás
GO Ext. N° 6.952,5,crea,39201099,,,Las demás:
GO Ext. N° 6.952,5,crea,3920109910,,,"Películas extensibles de polietileno lineal de baja densidad «Stretch Film», en rollos de anchura superior o igual a 450 mm y espesor superior o igual a 15 micrómetros (micras, micrones), pero inferior o igual a 30 micrómetros (micras, micrones)"
GO Ext. N° 6.952,5,crea,3920109990,,,Las demás
GO Ext. N° 6.952,5,crea,40169200,,,Gomas de borrar:
GO Ext. N° 6.952,5,crea,4016920010,,,Destinadas a ser incorporadas a lápices o bolígrafos
GO Ext. N° 6.952,5,crea,4016920090,,,Las demás
GO Ext. N° 6.952,5,crea,69109000,,,Los demás:
GO Ext. N° 6.952,5,crea,691090001,,,Lavabos:
GO Ext. N° 6.952,5,crea,6910900011,,,Con pedestal
GO Ext. N° 6.952,5,crea,6910900012,,,Para colgar
GO Ext. N° 6.952,5,crea,6910900013,,,Para colocar sobre vanitorios
GO Ext. N° 6.952,5,crea,6910900019,,,Los demás
GO Ext. N° 6.952,5,crea,691090002,,,Inodoros:
GO Ext. N° 6.952,5,crea,6910900021,,,De dos piezas
GO Ext. N° 6.952,5,crea,6910900029,,,Los demás
GO Ext. N° 6.952,5,crea,691090003,,,Urinarios y bidés:
GO Ext. N° 6.952,5,crea,6910900031,,,Urinarios
GO Ext. N° 6.952,5,crea,6910900032,,,Bidés
GO Ext. N° 6.952,5,crea,760612901,,,"Con un contenido de magnesio superior o igual a 0,5 % en peso (duraluminio):"
GO Ext. N° 6.952,5,crea,7606129011,,,"De espesor inferior o igual a 0,3 mm"
GO Ext. N° 6.952,5,crea,7606129019,,,Los demás
GO Ext. N° 6.952,5,crea,7616990093,,,Casquillos para lápices y bolígrafos
GO Ext. N° 6.952,5,modifica,9820000021,regimen_importacion,"3,5,6","5,6"
GO Ext. N° 6.952,5,crea,9820000022,,,"Carne de animales de la especie bovina, fresca, refrigerada o congelada."
GO Ext. N° 6.952,5,modifica,9823000022,descripcion,"Azúcar (excepto en bruto y la sacarosa químicamente pura), sin adición de aromatizantes o colorantes, excepto acondicionado para la venta al por menor","Azúcar (excepto en bruto y la sacarosa químicamente pura), sin adición de aromatizantes o colorantes"
GO Ext. N° 6.952,5,crea,9823000073,,,"Preparaciones presentadas en envases, frascos u otros acondicionamientos similares, que contengan ácidos grasos (por ejemplo: aceites vegetales y derivados), aminoácidos, azúcares o edulcorantes (por ejemplo: sacarosa, fructosa, isomaltulosa, sucralosa o acesulfame de potasio), carbohidratos (por ejemplo: maltodextrina), emulsificantes (por ejemplo: goma de celulosa, hexametafosfato de sodio, carragenina, mono y diglicéridos, tocoferol, gel de celulosa o lecitina de soya), enzimas (por ejemplo: lactasa), lácteos, minerales (por ejemplo: citratos de potasio o sodio), proteínas, saborizantes, sales minerales (por ejemplo: cloruros de cromo, potasio o sodio, fosfatos de calcio, magnesio, potasio o sodio, hidróxido de potasio, molibdato de sodio, óxidos de magnesio o zinc, picolinato de cromo, pirofosfato tetrapotásico, selenito de sodio, sulfatos cúprico, de cobre, de manganeso, de zinc o ferroso o yoduro de potasio), vehículos y vitaminas, del tipo de las normalmente utilizados como coadyuvante en tratamientos renales, diabetes o como complemento alimenticio"
GO Ext. N° 6.952,5,modifica,9836000023,descripcion,Partes y accesorios de vehículos de las partidas 87.11 a 87.13,"Partes, piezas y componentes de vehículos del Capítulo 87"
GO Ext. N° 6.952,3,exaec,0207240000,exaec,,40
GO Ext. N° 6.952,3,exaec,0207240000,marca_exaec,,E
GO Ext. N° 6.952,3,exaec,0302190000,exaec,,20
GO Ext. N° 6.952,3,exaec,0302190000,marca_exaec,,E
GO Ext. N° 6.952,3,exaec,0302790000,exaec,,20
GO Ext. N° 6.952,3,exaec,0302790000,marca_exaec,,E
GO Ext. N° 6.952,3,exaec,0207250000,exaec,,40
GO Ext. N° 6.952,3,exaec,0207250000,marca_exaec,,E
GO Ext. N° 6.952,3,exaec,0302210000,exaec,,20
GO Ext. N° 6.952,3,exaec,0302210000,marca_exaec,,E
GO Ext. N° 6.952,3,exaec,0302810000,exaec,,20
GO Ext. N° 6.952,3,exaec,0302810000,marca_exaec,,E
GO Ext. N° 6.952,3,exaec,0207260000,exaec,,40
GO Ext. N° 6.952,3,exaec,0207260000,marca_exaec,,E
GO Ext. N° 6.952,3,exaec,0302220000,exaec,,20
GO Ext. N° 6.952,3,exaec,0302220000,marca_exaec,,E
GO Ext. N° 6.952,3,exaec,0302820000,exaec,,20
GO Ext. N° 6.952,3,exaec,0302820000,marca_exaec,,E
GO Ext. N° 6.952,3,exaec,0207270000,exaec,,40
GO Ext. N° 6.952,3,exaec,0207270000,marca_exaec,,E
GO Ext. N° 6.952,3,exaec,0302230000,exaec,,20
GO Ext. N° 6.952,3,exaec,0302230000,marca_exaec,,E
GO Ext. N° 6.952,3,exaec,0302831000,exaec,,20
GO Ext. N° 6.952,3,exaec,0302831000,marca_exaec,,E
GO Ext. N° 6.952,3,exaec,0207410000,exaec,20,40
GO Ext. N° 6.952,3,exaec,0302240000,exaec,,20
GO Ext. N° 6.952,3,exaec,0302240000,marca_exaec,,E
GO Ext. N° 6.952,3,exaec,0302832000,exaec,,20
GO Ext. N° 6.952,3,exaec,0302832000,marca_exaec,,E
GO Ext. N° 6.952,3,exaec,0207420000,exaec,20,40
GO Ext. N° 6.952,3,exaec,0302290000,exaec,,20
GO Ext. N° 6.952,3,exaec,0302290000,marca_exaec,,E
GO Ext. N° 6.952,3,exaec,0302840000,exaec,,20
GO Ext. N° 6.952,3,exaec,0302840000,marca_exaec,,E
GO Ext. N° 6.952,3,exaec,0207430000,exaec,,40
GO Ext. N° 6.952,3,exaec,0207430000,marca_exaec,,E
GO Ext. N° 6.952,3,exaec,0302410000,exaec,,20
GO Ext. N° 6.952,3,exaec,0302410000,marca_exaec,,E
GO Ext. N° 6.952,3,exaec,0302850000,exaec,,20
GO Ext. N° 6.952,3,exaec,0302850000,marca_exaec,,E
GO Ext. N° 6.952,3,exaec,0207440000,exaec,,40
GO Ext. N° 6.952,3,exaec,0207440000,marca_exaec,,E
GO Ext. N° 6.952,3,exaec,0302421000,exaec,,20
GO Ext. N° 6.952,3,exaec,0302421000,marca_exaec,,E
GO Ext. N° 6.952,3,exaec,0302891000,exaec,,20
GO Ext. N° 6.952,3,exaec,0302891000,marca_exaec,,E
GO Ext. N° 6.952,3,exaec,0207450000,exaec,,40
GO Ext. N° 6.952,3,exaec,0207450000,marca_exaec,,E
GO Ext. N° 6.952,3,exaec,0302429000,exaec,,20
GO Ext. N° 6.952,3,exaec,0302429000,marca_exaec,,E
GO Ext. N° 6.952,3,exaec,0302892100,exaec,,20
GO Ext. N° 6.952,3,exaec,0302892100,marca_exaec,,E
GO Ext. N° 6.952,3,exaec,0207510000,exaec,,40
GO Ext. N° 6.952,3,exaec,0207510000,marca_exaec,,E
GO Ext. N° 6.952,3,exaec,0302430000,exaec,,20
GO Ext. N° 6.952,3,exaec,0302430000,marca_exaec,,E
GO Ext. N° 6.952,3,exaec,0302892200,exaec,,20
GO Ext. N° 6.952,3,exaec,0302892200,marca_exaec,,E
GO Ext. N° 6.952,3,exaec,0207520000,exaec,,40
GO Ext. N° 6.952,3,exaec,0207520000,marca_exaec,,E
GO Ext. N° 6.952,3,exaec,0302440000,exaec,,20
GO Ext. N° 6.952,3,exaec,0302440000,marca_exaec,,E
GO Ext. N° 6.952,3,exaec,0302892300,exaec,,20
GO Ext. N° 6.952,3,exaec,0302892300,marca_exaec,,E
GO Ext. N° 6.952,3,exaec,0207530000,exaec,,40
GO Ext. N° 6.952,3,exaec,0207530000,marca_exaec,,E
GO Ext. N° 6.952,3,exaec,0302450000,exaec,,20
GO Ext. N° 6.952,3,exaec,0302450000,marca_exaec,,E
GO Ext. N° 6.952,3,exaec,0302892400,exaec,,20
GO Ext. N° 6.952,3,exaec,0302892400,marca_exaec,,E
GO Ext. N° 6.952,3,exaec,0207540000,exaec,,40
GO Ext. N° 6.952,3,exaec,0207540000,marca_exaec,,E
GO Ext. N° 6.952,3,exaec,0302460000,exaec,,20
GO Ext. N° 6.952,3,exaec,0302460000,marca_exaec,,E
GO Ext. N° 6.952,3,exaec,0302893100,exaec,,20
GO Ext. N° 6.952,3,exaec,0302893100,marca_exaec,,E
GO Ext. N° 6.952,3,exaec,0207550000,exaec,,40
GO Ext. N° 6.952,3,exaec,0207550000,marca_exaec,,E
GO Ext. N° 6.952,3,exaec,0302470000,exaec,,20
GO Ext. N° 6.952,3,exaec,0302470000,marca_exaec,,E
GO Ext. N° 6.952,3,exaec,0302893200,exaec,,20
GO Ext. N° 6.952,3,exaec,0302893200,marca_exaec,,E
GO Ext. N° 6.952,3,exaec,0207600000,exaec,,40
GO Ext. N° 6.952,3,exaec,0207600000,marca_exaec,,E
GO Ext. N° 6.952,3,exaec,0302491000,exaec,,20
GO Ext. N° 6.952,3,exaec,0302491000,marca_exaec,,E
GO Ext. N° 6.952,3,exaec,0302893300,exaec,,20
GO Ext. N° 6.952,3,exaec,0302893300,marca_exaec,,E
GO Ext. N° 6.952,3,exaec,0210190000,exaec,2,40
GO Ext. N° 6.952,3,exaec,0302499000,exaec,,20
GO Ext. N° 6.952,3,exaec,0302499000,marca_exaec,,E
GO Ext. N° 6.952,3,exaec,0302893400,exaec,,20
GO Ext. N° 6.952,3,exaec,0302893400,marca_exaec,,E
GO Ext. N° 6.952,3,exaec,0210910000,exaec,,40
GO Ext. N° 6.952,3,exaec,0210910000,marca_exaec,,E
GO Ext. N° 6.952,3,exaec,0302510000,exaec,,20
GO Ext. N° 6.952,3,exaec,0302510000,marca_exaec,,E
GO Ext. N° 6.952,3,exaec,0302893500,exaec,,20
GO Ext. N° 6.952,3,exaec,0302893500,marca_exaec,,E
GO Ext. N° 6.952,3,exaec,0210920000,exaec,,40
GO Ext. N° 6.952,3,exaec,0210920000,marca_exaec,,E
GO Ext. N° 6.952,3,exaec,0302520000,exaec,,20
GO Ext. N° 6.952,3,exaec,0302520000,marca_exaec,,E
GO Ext. N° 6.952,3,exaec,0302893600,exaec,,20
GO Ext. N° 6.952,3,exaec,0302893600,marca_exaec,,E
GO Ext. N° 6.952,3,exaec,0210930000,exaec,,40
GO Ext. N° 6.952,3,exaec,0210930000,marca_exaec,,E
GO Ext. N° 6.952,3,exaec,0302530000,exaec,,20
GO Ext. N° 6.952,3,exaec,0302530000,marca_exaec,,E
GO Ext. N° 6.952,3,exaec,0302893700,exaec,,20
GO Ext. N° 6.952,3,exaec,0302893700,marca_exaec,,E
GO Ext. N° 6.952,3,exaec,0210991100,exaec,,40
GO Ext. N° 6.952,3,exaec,0210991100,marca_exaec,,E
GO Ext. N° 6.952,3,exaec,0302540000,exaec,,20
GO Ext. N° 6.952,3,exaec,0302540000,marca_exaec,,E
GO Ext. N° 6.952,3,exaec,0302893800,exaec,,20
GO Ext. N° 6.952,3,exaec,0302893800,marca_exaec,,E
GO Ext. N° 6.952,3,exaec,0210991900,exaec,,40
GO Ext. N° 6.952,3,exaec,0210991900,marca_exaec,,E
GO Ext. N° 6.952,3,exaec,0302550000,exaec,,20
GO Ext. N° 6.952,3,exaec,0302550000,marca_exaec,,E
GO Ext. N° 6.952,3,exaec,0302894100,exaec,,20
GO Ext. N° 6.952,3,exaec,0302894100,marca_exaec,,E
GO Ext. N° 6.952,3,exaec,0210992000,exaec,,40
GO Ext. N° 6.952,3,exaec,0210992000,marca_exaec,,E
GO Ext. N° 6.952,3,exaec,0302560000,exaec,,20
GO Ext. N° 6.952,3,exaec,0302560000,marca_exaec,,E
GO Ext. N° 6.952,3,exaec,0302894200,exaec,,20
GO Ext. N° 6.952,3,exaec,0302894200,marca_exaec,,E
GO Ext. N° 6.952,3,exaec,0210993000,exaec,,40
GO Ext. N° 6.952,3,exaec,0210993000,marca_exaec,,E
GO Ext. N° 6.952,3,exaec,0302590000,exaec,,20
GO Ext. N° 6.952,3,exaec,0302590000,marca_exaec,,E
GO Ext. N° 6.952,3,exaec,0302894300,exaec,,20
GO Ext. N° 6.952,3,exaec,0302894300,marca_exaec,,E
GO Ext. N° 6.952,3,exaec,0210994000,exaec,,40
GO Ext. N° 6.952,3,exaec,0210994000,marca_exaec,,E
GO Ext. N° 6.952,3,exaec,0302710000,exaec,,20
GO Ext. N° 6.952,3,exaec,0302710000,marca_exaec,,E
GO Ext. N° 6.952,3,exaec,0302894400,exaec,,20
GO Ext. N° 6.952,3,exaec,0302894400,marca_exaec,,E
GO Ext. N° 6.952,3,exaec,0210999000,exaec,,40
GO Ext. N° 6.952,3,exaec,0210999000,marca_exaec,,E
GO Ext. N° 6.952,3,exaec,0302721000,exaec,,20
GO Ext. N° 6.952,3,exaec,0302721000,marca_exaec,,E
GO Ext. N° 6.952,3,exaec,0302894500,exaec,,20
GO Ext. N° 6.952,3,exaec,0302894500,marca_exaec,,E
GO Ext. N° 6.952,3,exaec,0302110000,exaec,,20
GO Ext. N° 6.952,3,exaec,0302110000,marca_exaec,,E
GO Ext. N° 6.952,3,exaec,0302729000,exaec,,20
GO Ext. N° 6.952,3,exaec,0302729000,marca_exaec,,E
GO Ext. N° 6.952,3,exaec,0302899010,exaec,,20
GO Ext. N° 6.952,3,exaec,0302899010,marca_exaec,,E
GO Ext. N° 6.952,3,exaec,0302130000,exaec,,20
GO Ext. N° 6.952,3,exaec,0302130000,marca_exaec,,E
GO Ext. N° 6.952,3,exaec,0302730000,exaec,,20
GO Ext. N° 6.952,3,exaec,0302730000,marca_exaec,,E
GO Ext. N° 6.952,3,exaec,0302899020,exaec,,20
GO Ext. N° 6.952,3,exaec,0302899020,marca_exaec,,E
GO Ext. N° 6.952,3,exaec,0302140000,exaec,,20
GO Ext. N° 6.952,3,exaec,0302140000,marca_exaec,,E
GO Ext. N° 6.952,3,exaec,0302740000,exaec,,20
GO Ext. N° 6.952,3,exaec,0302740000,marca_exaec,,E
GO Ext. N° 6.952,3,exaec,0302899030,exaec,,20
GO Ext. N° 6.952,3,exaec,0302899030,marca_exaec,,E
GO Ext. N° 6.952,3,exaec,0302899040,exaec,,20
GO Ext. N° 6.952,3,exaec,0302899040,marca_exaec,,E
GO Ext. N° 6.952,3,exaec,0303910000,exaec,,20
GO Ext. N° 6.952,3,exaec,0303910000,marca_exaec,,E
GO Ext. N° 6.952,3,exaec,1302199911,exaec,,30
GO Ext. N° 6.952,3,exaec,1302199911,marca_exaec,,E
GO Ext. N° 6.952,3,exaec,0302899090,exaec,,20
GO Ext. N° 6.952,3,exaec,0302899090,marca_exaec,,E
GO Ext. N° 6.952,3,exaec,0303920000,exaec,,20
GO Ext. N° 6.952,3,exaec,0303920000,marca_exaec,,E
GO Ext. N° 6.952,3,exaec,1302199991,exaec,,30
GO Ext. N° 6.952,3,exaec,1302199991,marca_exaec,,E
GO Ext. N° 6.952,3,exaec,0302910000,exaec,,20
GO Ext. N° 6.952,3,exaec,0302910000,marca_exaec,,E
GO Ext. N° 6.952,3,exaec,0303991000,exaec,,20
GO Ext. N° 6.952,3,exaec,0303991000,marca_exaec,,E
GO Ext. N° 6.952,3,exaec,1701120000,exaec,20,98
GO Ext. N° 6.952,3,exaec,0302920000,exaec,,20
GO Ext. N° 6.952,3,exaec,0302920000,marca_exaec,,E
GO Ext. N° 6.952,3,exaec,0303992000,exaec,,20
GO Ext. N° 6.952,3,exaec,0303992000,marca_exaec,,E
GO Ext. N° 6.952,3,exaec,1701130010,exaec,40,98
GO Ext. N° 6.952,3,exaec,0302990000,exaec,,20
GO Ext. N° 6.952,3,exaec,0302990000,marca_exaec,,E
GO Ext. N° 6.952,3,exaec,0303999000,exaec,,20
GO Ext. N° 6.952,3,exaec,0303999000,marca_exaec,,E
GO Ext. N° 6.952,3,exaec,1701130090,exaec,40,98
GO Ext. N° 6.952,3,exaec,0303110000,exaec,,20
GO Ext. N° 6.952,3,exaec,0303110000,marca_exaec,,E
GO Ext. N° 6.952,3,exaec,0304310000,exaec,,20
GO Ext. N° 6.952,3,exaec,0304310000,marca_exaec,,E
GO Ext. N° 6.952,3,exaec,1701140010,exaec,20,98
GO Ext. N° 6.952,3,exaec,0303120000,exaec,,20
GO Ext. N° 6.952,3,exaec,0303120000,marca_exaec,,E
GO Ext. N° 6.952,3,exaec,0304321000,exaec,,20
GO Ext. N° 6.952,3,exaec,0304321000,marca_exaec,,E
GO Ext. N° 6.952,3,exaec,1701140021,exaec,40,98
GO Ext. N° 6.952,3,exaec,0303130000,exaec,,20
GO Ext. N° 6.952,3,exaec,0303130000,marca_exaec,,E
GO Ext. N° 6.952,3,exaec,0304329000,exaec,,20
GO Ext. N° 6.952,3,exaec,0304329000,marca_exaec,,E
GO Ext. N° 6.952,3,exaec,1701140029,exaec,40,98
GO Ext. N° 6.952,3,exaec,0303140000,exaec,,20
GO Ext. N° 6.952,3,exaec,0303140000,marca_exaec,,E
GO Ext. N° 6.952,3,exaec,0304330000,exaec,,20
GO Ext. N° 6.952,3,exaec,0304330000,marca_exaec,,E
GO Ext. N° 6.952,3,exaec,1701140091,exaec,40,98
GO Ext. N° 6.952,3,exaec,0303190000,exaec,,20
GO Ext. N° 6.952,3,exaec,0303190000,marca_exaec,,E
GO Ext. N° 6.952,3,exaec,0304390000,exaec,,20
GO Ext. N° 6.952,3,exaec,0304390000,marca_exaec,,E
GO Ext. N° 6.952,3,exaec,1701140099,exaec,40,98
GO Ext. N° 6.952,3,exaec,0303230000,exaec,,20
GO Ext. N° 6.952,3,exaec,0303230000,marca_exaec,,E
GO Ext. N° 6.952,3,exaec,0304410000,exaec,,20
GO Ext. N° 6.952,3,exaec,0304410000,marca_exaec,,E
GO Ext. N° 6.952,3,exaec,1701910010,exaec,40,98
GO Ext. N° 6.952,3,exaec,0303241000,exaec,,20
GO Ext. N° 6.952,3,exaec,0303241000,marca_exaec,,E
GO Ext. N° 6.952,3,exaec,0304420000,exaec,,20
GO Ext. N° 6.952,3,exaec,0304420000,marca_exaec,,E
GO Ext. N° 6.952,3,exaec,1701910090,exaec,40,98
GO Ext. N° 6.952,3,exaec,0303249000,exaec,,20
GO Ext. N° 6.952,3,exaec,0303249000,marca_exaec,,E
GO Ext. N° 6.952,3,exaec,0304430000,exaec,,20
GO Ext. N° 6.952,3,exaec,0304430000,marca_exaec,,E
GO Ext. N° 6.952,3,exaec,1701990010,exaec,20,98
GO Ext. N° 6.952,3,exaec,0303250000,exaec,,20
GO Ext. N° 6.952,3,exaec,0303250000,marca_exaec,,E
GO Ext. N° 6.952,3,exaec,0304440000,exaec,,20
GO Ext. N° 6.952,3,exaec,0304440000,marca_exaec,,E
GO Ext. N° 6.952,3,exaec,1701990091,exaec,40,98
GO Ext. N° 6.952,3,exaec,0303260000,exaec,,20
GO Ext. N° 6.952,3,exaec,0303260000,marca_exaec,,E
GO Ext. N° 6.952,3,exaec,0304450000,exaec,,20
GO Ext. N° 6.952,3,exaec,0304450000,marca_exaec,,E
GO Ext. N° 6.952,3,exaec,1701990099,exaec,40,98
GO Ext. N° 6.952,3,exaec,0303290000,exaec,,20
GO Ext. N° 6.952,3,exaec,0303290000,marca_exaec,,E
GO Ext. N° 6.952,3,exaec,0304460000,exaec,,20
GO Ext. N° 6.952,3,exaec,0304460000,marca_exaec,,E
GO Ext. N° 6.952,3,exaec,2710193210,exaec,26,35
GO Ext. N° 6.952,3,exaec,0303310000,exaec,,20
GO Ext. N° 6.952,3,exaec,0303310000,marca_exaec,,E
GO Ext. N° 6.952,3,exaec,0304470000,exaec,,20
GO Ext. N° 6.952,3,exaec,0304470000,marca_exaec,,E
GO Ext. N° 6.952,3,exaec,2710193290,exaec,26,35
GO Ext. N° 6.952,3,exaec,0303320000,exaec,,20
GO Ext. N° 6.952,3,exaec,0303320000,marca_exaec,,E
GO Ext. N° 6.952,3,exaec,0304480000,exaec,,20
GO Ext. N° 6.952,3,exaec,0304480000,marca_exaec,,E
GO Ext. N° 6.952,3,exaec,2710199200,exaec,20,35
GO Ext. N° 6.952,3,exaec,0303330000,exaec,,20
GO Ext. N° 6.952,3,exaec,0303330000,marca_exaec,,E
GO Ext. N° 6.952,3,exaec,0304491000,exaec,,20
GO Ext. N° 6.952,3,exaec,0304491000,marca_exaec,,E
GO Ext. N° 6.952,3,exaec,2804100000,exaec,,16
GO Ext. N° 6.952,3,exaec,2804100000,marca_exaec,,E
GO Ext. N° 6.952,3,exaec,0303340000,exaec,,20
GO Ext. N° 6.952,3,exaec,0303340000,marca_exaec,,E
GO Ext. N° 6.952,3,exaec,0304492000,exaec,,20
GO Ext. N° 6.952,3,exaec,0304492000,marca_exaec,,E
GO Ext. N° 6.952,3,exaec,2804300000,exaec,,16
GO Ext. N° 6.952,3,exaec,2804300000,marca_exaec,,E
GO Ext. N° 6.952,3,exaec,0303390000,exaec,,20
GO Ext. N° 6.952,3,exaec,0303390000,marca_exaec,,E
GO Ext. N° 6.952,3,exaec,0304499000,exaec,,20
GO Ext. N° 6.952,3,exaec,0304499000,marca_exaec,,E
GO Ext. N° 6.952,3,exaec,2804400000,exaec,,16
GO Ext. N° 6.952,3,exaec,2804400000,marca_exaec,,E
GO Ext. N° 6.952,3,exaec,0303510000,exaec,,20
GO Ext. N° 6.952,3,exaec,0303510000,marca_exaec,,E
GO Ext. N° 6.952,3,exaec,0304510000,exaec,,20
GO Ext. N° 6.952,3,exaec,0304510000,marca_exaec,,E
GO Ext. N° 6.952,3,exaec,2806101000,exaec,,16
GO Ext. N° 6.952,3,exaec,2806101000,marca_exaec,,E
GO Ext. N° 6.952,3,exaec,0304520000,exaec,,20
GO Ext. N° 6.952,3,exaec,0304520000,marca_exaec,,E
GO Ext. N° 6.952,3,exaec,2807001000,exaec,,14
GO Ext. N° 6.952,3,exaec,2807001000,marca_exaec,,E
GO Ext. N° 6.952,3,exaec,0303540000,exaec,,20
GO Ext. N° 6.952,3,exaec,0303540000,marca_exaec,,E
GO Ext. N° 6.952,3,exaec,0304530000,exaec,,20
GO Ext. N° 6.952,3,exaec,0304530000,marca_exaec,,E
GO Ext. N° 6.952,3,exaec,2807002000,exaec,,14
GO Ext. N° 6.952,3,exaec,2807002000,marca_exaec,,E
GO Ext. N° 6.952,3,exaec,0303550000,exaec,,20
GO Ext. N° 6.952,3,exaec,0303550000,marca_exaec,,E
GO Ext. N° 6.952,3,exaec,0304540000,exaec,,20
GO Ext. N° 6.952,3,exaec,0304540000,marca_exaec,,E
GO Ext. N° 6.952,3,exaec,2808001000,exaec,,20
GO Ext. N° 6.952,3,exaec,2808001000,marca_exaec,,E
GO Ext. N° 6.952,3,exaec,0303560000,exaec,,20
GO Ext. N° 6.952,3,exaec,0303560000,marca_exaec,,E
GO Ext. N° 6.952,3,exaec,0304550000,exaec,,20
GO Ext. N° 6.952,3,exaec,0304550000,marca_exaec,,E
GO Ext. N° 6.952,3,exaec,2809201100,exaec,,0
GO Ext. N° 6.952,3,exaec,2809201100,marca_exaec,,E
GO Ext. N° 6.952,3,exaec,0303570000,exaec,,20
GO Ext. N° 6.952,3,exaec,0303570000,marca_exaec,,E
GO Ext. N° 6.952,3,exaec,0304560000,exaec,,20
GO Ext. N° 6.952,3,exaec,0304560000,marca_exaec,,E
GO Ext. N° 6.952,3,exaec,2811210000,exaec,,14
GO Ext. N° 6.952,3,exaec,2811210000,marca_exaec,,E
GO Ext. N° 6.952,3,exaec,0303591000,exaec,,20
GO Ext. N° 6.952,3,exaec,0303591000,marca_exaec,,E
GO Ext. N° 6.952,3,exaec,0304570000,exaec,,20
GO Ext. N° 6.952,3,exaec,0304570000,marca_exaec,,E
GO Ext. N° 6.952,3,exaec,2811291000,exaec,,20
GO Ext. N° 6.952,3,exaec,2811291000,marca_exaec,,E
GO Ext. N° 6.952,3,exaec,0303592000,exaec,,20
GO Ext. N° 6.952,3,exaec,0303592000,marca_exaec,,E
GO Ext. N° 6.952,3,exaec,0304590000,exaec,,20
GO Ext. N° 6.952,3,exaec,0304590000,marca_exaec,,E
GO Ext. N° 6.952,3,exaec,2811299010,exaec,10,20
GO Ext. N° 6.952,3,exaec,0303599000,exaec,,20
GO Ext. N° 6.952,3,exaec,0303599000,marca_exaec,,E
GO Ext. N° 6.952,3,exaec,0304610000,exaec,,20
GO Ext. N° 6.952,3,exaec,0304610000,marca_exaec,,E
GO Ext. N° 6.952,3,exaec,2818101000,exaec,,12
GO Ext. N° 6.952,3,exaec,2818101000,marca_exaec,,E
GO Ext. N° 6.952,3,exaec,0303630000,exaec,,20
GO Ext. N° 6.952,3,exaec,0303630000,marca_exaec,,E
GO Ext. N° 6.952,3,exaec,0304621000,exaec,,20
GO Ext. N° 6.952,3,exaec,0304621000,marca_exaec,,E
GO Ext. N° 6.952,3,exaec,2818109000,exaec,,12
GO Ext. N° 6.952,3,exaec,2818109000,marca_exaec,,E
GO Ext. N° 6.952,3,exaec,0303640000,exaec,,20
GO Ext. N° 6.952,3,exaec,0303640000,marca_exaec,,E
GO Ext. N° 6.952,3,exaec,0304629000,exaec,,20
GO Ext. N° 6.952,3,exaec,0304629000,marca_exaec,,E
GO Ext. N° 6.952,3,exaec,2821109000,exaec,,20
GO Ext. N° 6.952,3,exaec,2821109000,marca_exaec,,E
GO Ext. N° 6.952,3,exaec,0303650000,exaec,,20
GO Ext. N° 6.952,3,exaec,0303650000,marca_exaec,,E
GO Ext. N° 6.952,3,exaec,0304630000,exaec,,20
GO Ext. N° 6.952,3,exaec,0304630000,marca_exaec,,E
GO Ext. N° 6.952,3,exaec,2824909000,exaec,,12
GO Ext. N° 6.952,3,exaec,2824909000,marca_exaec,,E
GO Ext. N° 6.952,3,exaec,0303660000,exaec,,20
GO Ext. N° 6.952,3,exaec,0303660000,marca_exaec,,E
GO Ext. N° 6.952,3,exaec,0304690000,exaec,,20
GO Ext. N° 6.952,3,exaec,0304690000,marca_exaec,,E
GO Ext. N° 6.952,3,exaec,2827320000,exaec,,20
GO Ext. N° 6.952,3,exaec,2827320000,marca_exaec,,E
GO Ext. N° 6.952,3,exaec,0303670000,exaec,,20
GO Ext. N° 6.952,3,exaec,0303670000,marca_exaec,,E
GO Ext. N° 6.952,3,exaec,0304710000,exaec,,20
GO Ext. N° 6.952,3,exaec,0304710000,marca_exaec,,E
GO Ext. N° 6.952,3,exaec,2827491910,exaec,10,20
GO Ext. N° 6.952,3,exaec,0303680000,exaec,,20
GO Ext. N° 6.952,3,exaec,0303680000,marca_exaec,,E
GO Ext. N° 6.952,3,exaec,0304720000,exaec,,20
GO Ext. N° 6.952,3,exaec,0304720000,marca_exaec,,E
GO Ext. N° 6.952,3,exaec,2827492100,exaec,,20
GO Ext. N° 6.952,3,exaec,2827492100,marca_exaec,,E
GO Ext. N° 6.952,3,exaec,0303691000,exaec,,20
GO Ext. N° 6.952,3,exaec,0303691000,marca_exaec,,E
GO Ext. N° 6.952,3,exaec,0304730000,exaec,,20
GO Ext. N° 6.952,3,exaec,0304730000,marca_exaec,,E
GO Ext. N° 6.952,3,exaec,2832101000,exaec,,20
GO Ext. N° 6.952,3,exaec,2832101000,marca_exaec,,E
GO Ext. N° 6.952,3,exaec,0303699000,exaec,,20
GO Ext. N° 6.952,3,exaec,0303699000,marca_exaec,,E
GO Ext. N° 6.952,3,exaec,0304740000,exaec,,20
GO Ext. N° 6.952,3,exaec,0304740000,marca_exaec,,E
GO Ext. N° 6.952,3,exaec,2832109000,exaec,,20
GO Ext. N° 6.952,3,exaec,2832109000,marca_exaec,,E
GO Ext. N° 6.952,3,exaec,0303811100,exaec,,20
GO Ext. N° 6.952,3,exaec,0303811100,marca_exaec,,E
GO Ext. N° 6.952,3,exaec,0304750000,exaec,,20
GO Ext. N° 6.952,3,exaec,0304750000,marca_exaec,,E
GO Ext. N° 6.952,3,exaec,2833210000,exaec,,0
GO Ext. N° 6.952,3,exaec,2833210000,marca_exaec,,E
GO Ext. N° 6.952,3,exaec,0303811200,exaec,,20
GO Ext. N° 6.952,3,exaec,0303811200,marca_exaec,,E
GO Ext. N° 6.952,3,exaec,0304790000,exaec,,20
GO Ext. N° 6.952,3,exaec,0304790000,marca_exaec,,E
GO Ext. N° 6.952,3,exaec,2833220000,exaec,,20
GO Ext. N° 6.952,3,exaec,2833220000,marca_exaec,,E
GO Ext. N° 6.952,3,exaec,0303811300,exaec,,20
GO Ext. N° 6.952,3,exaec,0303811300,marca_exaec,,E
GO Ext. N° 6.952,3,exaec,0304810000,exaec,,20
GO Ext. N° 6.952,3,exaec,0304810000,marca_exaec,,E
GO Ext. N° 6.952,3,exaec,2834211000,exaec,,0
GO Ext. N° 6.952,3,exaec,2834211000,marca_exaec,,E
GO Ext. N° 6.952,3,exaec,0303811400,exaec,,20
GO Ext. N° 6.952,3,exaec,0303811400,marca_exaec,,E
GO Ext. N° 6.952,3,exaec,0304820000,exaec,,20
GO Ext. N° 6.952,3,exaec,0304820000,marca_exaec,,E
GO Ext. N° 6.952,3,exaec,2835240000,exaec,,0
GO Ext. N° 6.952,3,exaec,2835240000,marca_exaec,,E
GO Ext. N° 6.952,3,exaec,0303811900,exaec,,20
GO Ext. N° 6.952,3,exaec,0303811900,marca_exaec,,E
GO Ext. N° 6.952,3,exaec,0304830000,exaec,,20
GO Ext. N° 6.952,3,exaec,0304830000,marca_exaec,,E
GO Ext. N° 6.952,3,exaec,2835250000,exaec,,20
GO Ext. N° 6.952,3,exaec,2835250000,marca_exaec,,E
GO Ext. N° 6.952,3,exaec,0303819000,exaec,,20
GO Ext. N° 6.952,3,exaec,0303819000,marca_exaec,,E
GO Ext. N° 6.952,3,exaec,0304840000,exaec,,20
GO Ext. N° 6.952,3,exaec,0304840000,marca_exaec,,E
GO Ext. N° 6.952,3,exaec,2835319000,exaec,,20
GO Ext. N° 6.952,3,exaec,2835319000,marca_exaec,,E
GO Ext. N° 6.952,3,exaec,0303820000,exaec,,20
GO Ext. N° 6.952,3,exaec,0303820000,marca_exaec,,E
GO Ext. N° 6.952,3,exaec,0304851000,exaec,,20
GO Ext. N° 6.952,3,exaec,0304851000,marca_exaec,,E
GO Ext. N° 6.952,3,exaec,2836300000,exaec,,20
GO Ext. N° 6.952,3,exaec,2836300000,marca_exaec,,E
GO Ext. N° 6.952,3,exaec,0303831100,exaec,,20
GO Ext. N° 6.952,3,exaec,0303831100,marca_exaec,,E
GO Ext. N° 6.952,3,exaec,0304852000,exaec,,20
GO Ext. N° 6.952,3,exaec,0304852000,marca_exaec,,E
GO Ext. N° 6.952,3,exaec,2836500000,exaec,,20
GO Ext. N° 6.952,3,exaec,2836500000,marca_exaec,,E
GO Ext. N° 6.952,3,exaec,0303831900,exaec,,20
GO Ext. N° 6.952,3,exaec,0303831900,marca_exaec,,E
GO Ext. N° 6.952,3,exaec,0304860000,exaec,,20
GO Ext. N° 6.952,3,exaec,0304860000,marca_exaec,,E
GO Ext. N° 6.952,3,exaec,2839110000,exaec,,20
GO Ext. N° 6.952,3,exaec,2839110000,marca_exaec,,E
GO Ext. N° 6.952,3,exaec,0303832100,exaec,,20
GO Ext. N° 6.952,3,exaec,0303832100,marca_exaec,,E
GO Ext. N° 6.952,3,exaec,0304881000,exaec,,20
GO Ext. N° 6.952,3,exaec,0304881000,marca_exaec,,E
GO Ext. N° 6.952,3,exaec,2839190000,exaec,,20
GO Ext. N° 6.952,3,exaec,2839190000,marca_exaec,,E
GO Ext. N° 6.952,3,exaec,0303832900,exaec,,20
GO Ext. N° 6.952,3,exaec,0303832900,marca_exaec,,E
GO Ext. N° 6.952,3,exaec,0304889000,exaec,,20
GO Ext. N° 6.952,3,exaec,0304889000,marca_exaec,,E
GO Ext. N° 6.952,3,exaec,2839901000,exaec,,20
GO Ext. N° 6.952,3,exaec,2839901000,marca_exaec,,E
GO Ext. N° 6.952,3,exaec,0303840000,exaec,,20
GO Ext. N° 6.952,3,exaec,0303840000,marca_exaec,,E
GO Ext. N° 6.952,3,exaec,0304891000,exaec,,20
GO Ext. N° 6.952,3,exaec,0304891000,marca_exaec,,E
GO Ext. N° 6.952,3,exaec,2839909000,exaec,,12
GO Ext. N° 6.952,3,exaec,2839909000,marca_exaec,,E
GO Ext. N° 6.952,3,exaec,0303891000,exaec,,20
GO Ext. N° 6.952,3,exaec,0303891000,marca_exaec,,E
GO Ext. N° 6.952,3,exaec,0304892000,exaec,,20
GO Ext. N° 6.952,3,exaec,0304892000,marca_exaec,,E
GO Ext. N° 6.952,3,exaec,2842900000,exaec,,12
GO Ext. N° 6.952,3,exaec,2842900000,marca_exaec,,E
GO Ext. N° 6.952,3,exaec,0303892000,exaec,,20
GO Ext. N° 6.952,3,exaec,0303892000,marca_exaec,,E
GO Ext. N° 6.952,3,exaec,0304893000,exaec,,20
GO Ext. N° 6.952,3,exaec,0304893000,marca_exaec,,E
GO Ext. N° 6.952,3,exaec,2849200000,exaec,,20
GO Ext. N° 6.952,3,exaec,2849200000,marca_exaec,,E
GO Ext. N° 6.952,3,exaec,0303893200,exaec,,20
GO Ext. N° 6.952,3,exaec,0303893200,marca_exaec,,E
GO Ext. N° 6.952,3,exaec,0304899000,exaec,,20
GO Ext. N° 6.952,3,exaec,0304899000,marca_exaec,,E
GO Ext. N° 6.952,3,exaec,2853909010,exaec,10,20
GO Ext. N° 6.952,3,exaec,0303893300,exaec,,20
GO Ext. N° 6.952,3,exaec,0303893300,marca_exaec,,E
GO Ext. N° 6.952,3,exaec,0304910000,exaec,,20
GO Ext. N° 6.952,3,exaec,0304910000,marca_exaec,,E
GO Ext. N° 6.952,3,exaec,2853909020,exaec,10,20
GO Ext. N° 6.952,3,exaec,0303894100,exaec,,20
GO Ext. N° 6.952,3,exaec,0303894100,marca_exaec,,E
GO Ext. N° 6.952,3,exaec,0304921100,exaec,,20
GO Ext. N° 6.952,3,exaec,0304921100,marca_exaec,,E
GO Ext. N° 6.952,3,exaec,2901210000,exaec,,12
GO Ext. N° 6.952,3,exaec,2901210000,marca_exaec,,E
GO Ext. N° 6.952,3,exaec,0303894200,exaec,,20
GO Ext. N° 6.952,3,exaec,0303894200,marca_exaec,,E
GO Ext. N° 6.952,3,exaec,0304921200,exaec,,20
GO Ext. N° 6.952,3,exaec,0304921200,marca_exaec,,E
GO Ext. N° 6.952,3,exaec,2901220000,exaec,,12
GO Ext. N° 6.952,3,exaec,2901220000,marca_exaec,,E
GO Ext. N° 6.952,3,exaec,0303894300,exaec,,20
GO Ext. N° 6.952,3,exaec,0303894300,marca_exaec,,E
GO Ext. N° 6.952,3,exaec,0304921900,exaec,,20
GO Ext. N° 6.952,3,exaec,0304921900,marca_exaec,,E
GO Ext. N° 6.952,3,exaec,2901230000,exaec,,12
GO Ext. N° 6.952,3,exaec,2901230000,marca_exaec,,E
GO Ext. N° 6.952,3,exaec,0303894400,exaec,,20
GO Ext. N° 6.952,3,exaec,0303894400,marca_exaec,,E
GO Ext. N° 6.952,3,exaec,0304922100,exaec,,20
GO Ext. N° 6.952,3,exaec,0304922100,marca_exaec,,E
GO Ext. N° 6.952,3,exaec,2902200000,exaec,,14
GO Ext. N° 6.952,3,exaec,2902200000,marca_exaec,,E
GO Ext. N° 6.952,3,exaec,0303894500,exaec,,20
GO Ext. N° 6.952,3,exaec,0303894500,marca_exaec,,E
GO Ext. N° 6.952,3,exaec,0304922200,exaec,,20
GO Ext. N° 6.952,3,exaec,0304922200,marca_exaec,,E
GO Ext. N° 6.952,3,exaec,2902300000,exaec,,14
GO Ext. N° 6.952,3,exaec,2902300000,marca_exaec,,E
GO Ext. N° 6.952,3,exaec,0303894600,exaec,,20
GO Ext. N° 6.952,3,exaec,0303894600,marca_exaec,,E
GO Ext. N° 6.952,3,exaec,0304922900,exaec,,20
GO Ext. N° 6.952,3,exaec,0304922900,marca_exaec,,E
GO Ext. N° 6.952,3,exaec,2902410000,exaec,,14
GO Ext. N° 6.952,3,exaec,2902410000,marca_exaec,,E
GO Ext. N° 6.952,3,exaec,0303895100,exaec,,20
GO Ext. N° 6.952,3,exaec,0303895100,marca_exaec,,E
GO Ext. N° 6.952,3,exaec,0304930000,exaec,,20
GO Ext. N° 6.952,3,exaec,0304930000,marca_exaec,,E
GO Ext. N° 6.952,3,exaec,2903150000,exaec,,20
GO Ext. N° 6.952,3,exaec,2903150000,marca_exaec,,E
GO Ext. N° 6.952,3,exaec,0303895200,exaec,,20
GO Ext. N° 6.952,3,exaec,0303895200,marca_exaec,,E
GO Ext. N° 6.952,3,exaec,0304940000,exaec,,20
GO Ext. N° 6.952,3,exaec,0304940000,marca_exaec,,E
GO Ext. N° 6.952,3,exaec,2903210000,exaec,,20
GO Ext. N° 6.952,3,exaec,2903210000,marca_exaec,,E
GO Ext. N° 6.952,3,exaec,0303895300,exaec,,20
GO Ext. N° 6.952,3,exaec,0303895300,marca_exaec,,E
GO Ext. N° 6.952,3,exaec,0304950000,exaec,,20
GO Ext. N° 6.952,3,exaec,0304950000,marca_exaec,,E
GO Ext. N° 6.952,3,exaec,2904101100,exaec,10,20
GO Ext. N° 6.952,3,exaec,0303895400,exaec,,20
GO Ext. N° 6.952,3,exaec,0303895400,marca_exaec,,E
GO Ext. N° 6.952,3,exaec,0304960000,exaec,,20
GO Ext. N° 6.952,3,exaec,0304960000,marca_exaec,,E
GO Ext. N° 6.952,3,exaec,2904105300,exaec,,12
GO Ext. N° 6.952,3,exaec,2904105300,marca_exaec,,E
GO Ext. N° 6.952,3,exaec,0303895500,exaec,,20
GO Ext. N° 6.952,3,exaec,0303895500,marca_exaec,,E
GO Ext. N° 6.952,3,exaec,0304970000,exaec,,20
GO Ext. N° 6.952,3,exaec,0304970000,marca_exaec,,E
GO Ext. N° 6.952,3,exaec,2904105900,exaec,10,20
GO Ext. N° 6.952,3,exaec,0303895600,exaec,,20
GO Ext. N° 6.952,3,exaec,0303895600,marca_exaec,,E
GO Ext. N° 6.952,3,exaec,0304990000,exaec,,20
GO Ext. N° 6.952,3,exaec,0304990000,marca_exaec,,E
GO Ext. N° 6.952,3,exaec,2904109010,exaec,10,20
GO Ext. N° 6.952,3,exaec,0303896100,exaec,,20
GO Ext. N° 6.952,3,exaec,0303896100,marca_exaec,,E
GO Ext. N° 6.952,3,exaec,0406400000,exaec,,40
GO Ext. N° 6.952,3,exaec,0406400000,marca_exaec,,E
GO Ext. N° 6.952,3,exaec,2904109090,exaec,16,26
GO Ext. N° 6.952,3,exaec,0303896200,exaec,,20
GO Ext. N° 6.952,3,exaec,0303896200,marca_exaec,,E
GO Ext. N° 6.952,3,exaec,1006400000,exaec,20,35
GO Ext. N° 6.952,3,exaec,2905110000,exaec,,22
GO Ext. N° 6.952,3,exaec,2905110000,marca_exaec,,E
GO Ext. N° 6.952,3,exaec,0303896300,exaec,,20
GO Ext. N° 6.952,3,exaec,0303896300,marca_exaec,,E
GO Ext. N° 6.952,3,exaec,1212210000,exaec,,30
GO Ext. N° 6.952,3,exaec,1212210000,marca_exaec,,E
GO Ext. N° 6.952,3,exaec,2905310000,exaec,12,30
GO Ext. N° 6.952,3,exaec,0303896400,exaec,,20
GO Ext. N° 6.952,3,exaec,0303896400,marca_exaec,,E
GO Ext. N° 6.952,3,exaec,1302191010,exaec,,30
GO Ext. N° 6.952,3,exaec,1302191010,marca_exaec,,E
GO Ext. N° 6.952,3,exaec,2909191000,exaec,,22
GO Ext. N° 6.952,3,exaec,2909191000,marca_exaec,,E
GO Ext. N° 6.952,3,exaec,0303896500,exaec,,20
GO Ext. N° 6.952,3,exaec,0303896500,marca_exaec,,E
GO Ext. N° 6.952,3,exaec,1302192010,exaec,,30
GO Ext. N° 6.952,3,exaec,1302192010,marca_exaec,,E
GO Ext. N° 6.952,3,exaec,2909410000,exaec,,24
GO Ext. N° 6.952,3,exaec,2909410000,marca_exaec,,E
GO Ext. N° 6.952,3,exaec,0303899010,exaec,,20
GO Ext. N° 6.952,3,exaec,0303899010,marca_exaec,,E
GO Ext. N° 6.952,3,exaec,1302193010,exaec,,30
GO Ext. N° 6.952,3,exaec,1302193010,marca_exaec,,E
GO Ext. N° 6.952,3,exaec,2910100000,exaec,10,20
GO Ext. N° 6.952,3,exaec,0303899020,exaec,,20
GO Ext. N° 6.952,3,exaec,0303899020,marca_exaec,,E
GO Ext. N° 6.952,3,exaec,1302194010,exaec,,30
GO Ext. N° 6.952,3,exaec,1302194010,marca_exaec,,E
GO Ext. N° 6.952,3,exaec,2912110000,exaec,,22
GO Ext. N° 6.952,3,exaec,2912110000,marca_exaec,,E
GO Ext. N° 6.952,3,exaec,0303899030,exaec,,20
GO Ext. N° 6.952,3,exaec,0303899030,marca_exaec,,E
GO Ext. N° 6.952,3,exaec,1302195010,exaec,,30
GO Ext. N° 6.952,3,exaec,1302195010,marca_exaec,,E
GO Ext. N° 6.952,3,exaec,2915291000,exaec,,22
GO Ext. N° 6.952,3,exaec,2915291000,marca_exaec,,E
GO Ext. N° 6.952,3,exaec,0303899040,exaec,,20
GO Ext. N° 6.952,3,exaec,0303899040,marca_exaec,,E
GO Ext. N° 6.952,3,exaec,1302196010,exaec,,30
GO Ext. N° 6.952,3,exaec,1302196010,marca_exaec,,E
GO Ext. N° 6.952,3,exaec,2915702000,exaec,,22
GO Ext. N° 6.952,3,exaec,2915702000,marca_exaec,,E
GO Ext. N° 6.952,3,exaec,0303899090,exaec,,20
GO Ext. N° 6.952,3,exaec,0303899090,marca_exaec,,E
GO Ext. N° 6.952,3,exaec,1302199110,exaec,,30
GO Ext. N° 6.952,3,exaec,1302199110,marca_exaec,,E
GO Ext. N° 6.952,3,exaec,2917320000,exaec,15,24
GO Ext. N° 6.952,3,exaec,2917350000,exaec,,22
GO Ext. N° 6.952,3,exaec,2917350000,marca_exaec,,E
GO Ext. N° 6.952,3,exaec,5209310000,exaec,,35
GO Ext. N° 6.952,3,exaec,5209310000,marca_exaec,,E
GO Ext. N° 6.952,3,exaec,6106100000,exaec,,26
GO Ext. N° 6.952,3,exaec,6106100000,marca_exaec,,E
GO Ext. N° 6.952,3,exaec,2923200000,exaec,,22
GO Ext. N° 6.952,3,exaec,2923200000,marca_exaec,,E
GO Ext. N° 6.952,3,exaec,5209390000,exaec,10,35
GO Ext. N° 6.952,3,exaec,5209390000,marca_exaec,"E,A",E
GO Ext. N° 6.952,3,exaec,6106200000,exaec,12,26
GO Ext. N° 6.952,3,exaec,2923901000,exaec,,22
GO Ext. N° 6.952,3,exaec,2923901000,marca_exaec,,E
GO Ext. N° 6.952,3,exaec,5209421000,exaec,,35
GO Ext. N° 6.952,3,exaec,5209421000,marca_exaec,,E
GO Ext. N° 6.952,3,exaec,6106900000,exaec,,26
GO Ext. N° 6.952,3,exaec,6106900000,marca_exaec,,E
GO Ext. N° 6.952,3,exaec,2923909000,exaec,,12
GO Ext. N° 6.952,3,exaec,2923909000,marca_exaec,,E
GO Ext. N° 6.952,3,exaec,5209510000,exaec,,35
GO Ext. N° 6.952,3,exaec,5209510000,marca_exaec,,E
GO Ext. N° 6.952,3,exaec,6107110000,exaec,12,26
GO Ext. N° 6.952,3,exaec,2924296100,exaec,,24
GO Ext. N° 6.952,3,exaec,2924296100,marca_exaec,,E
GO Ext. N° 6.952,3,exaec,5209520000,exaec,,35
GO Ext. N° 6.952,3,exaec,5209520000,marca_exaec,,E
GO Ext. N° 6.952,3,exaec,6107120000,exaec,12,26
GO Ext. N° 6.952,3,exaec,2925110020,exaec,,24
GO Ext. N° 6.952,3,exaec,2925110020,marca_exaec,,E
GO Ext. N° 6.952,3,exaec,5209590000,exaec,10,35
GO Ext. N° 6.952,3,exaec,5209590000,marca_exaec,"E,A",E
GO Ext. N° 6.952,3,exaec,6107190000,exaec,,26
GO Ext. N° 6.952,3,exaec,6107190000,marca_exaec,,E
GO Ext. N° 6.952,3,exaec,3204151000,exaec,,0
GO Ext. N° 6.952,3,exaec,3204151000,marca_exaec,,E
GO Ext. N° 6.952,3,exaec,5210310000,exaec,,35
GO Ext. N° 6.952,3,exaec,5210310000,marca_exaec,,E
GO Ext. N° 6.952,3,exaec,6107210000,exaec,12,26
GO Ext. N° 6.952,3,exaec,3204159000,exaec,,0
GO Ext. N° 6.952,3,exaec,3204159000,marca_exaec,,E
GO Ext. N° 6.952,3,exaec,5210320000,exaec,,35
GO Ext. N° 6.952,3,exaec,5210320000,marca_exaec,,E
GO Ext. N° 6.952,3,exaec,6107220000,exaec,12,26
GO Ext. N° 6.952,3,exaec,3204199000,exaec,,0
GO Ext. N° 6.952,3,exaec,3204199000,marca_exaec,,E
GO Ext. N° 6.952,3,exaec,5210390000,exaec,0,35
GO Ext. N° 6.952,3,exaec,5210390000,marca_exaec,A,"E,A"
GO Ext. N° 6.952,3,exaec,6107290000,exaec,,26
GO Ext. N° 6.952,3,exaec,6107290000,marca_exaec,,E
GO Ext. N° 6.952,3,exaec,3206199000,exaec,,0
GO Ext. N° 6.952,3,exaec,3206199000,marca_exaec,,E
GO Ext. N° 6.952,3,exaec,5210510000,exaec,10,35
GO Ext. N° 6.952,3,exaec,6107910000,exaec,,26
GO Ext. N° 6.952,3,exaec,6107910000,marca_exaec,,E
GO Ext. N° 6.952,3,exaec,3208101000,exaec,0,35
GO Ext. N° 6.952,3,exaec,3208101000,marca_exaec,A,"E,A"
GO Ext. N° 6.952,3,exaec,5210591000,exaec,,35
GO Ext. N° 6.952,3,exaec,5210591000,marca_exaec,,E
GO Ext. N° 6.952,3,exaec,6107991000,exaec,,26
GO Ext. N° 6.952,3,exaec,6107991000,marca_exaec,,E
GO Ext. N° 6.952,3,exaec,3208102000,exaec,0,35
GO Ext. N° 6.952,3,exaec,3208102000,marca_exaec,A,"E,A"
GO Ext. N° 6.952,3,exaec,5210599000,exaec,,35
GO Ext. N° 6.952,3,exaec,5210599000,marca_exaec,,E
GO Ext. N° 6.952,3,exaec,6107999000,exaec,,26
GO Ext. N° 6.952,3,exaec,6107999000,marca_exaec,,E
GO Ext. N° 6.952,3,exaec,3208103000,exaec,0,35
GO Ext. N° 6.952,3,exaec,3208103000,marca_exaec,A,"E,A"
GO Ext. N° 6.952,3,exaec,5211310000,exaec,10,35
GO Ext. N° 6.952,3,exaec,6108110000,exaec,,26
GO Ext. N° 6.952,3,exaec,6108110000,marca_exaec,,E
GO Ext. N° 6.952,3,exaec,3208201100,exaec,15,35
GO Ext. N° 6.952,3,exaec,5211320000,exaec,,35
GO Ext. N° 6.952,3,exaec,5211320000,marca_exaec,,E
GO Ext. N° 6.952,3,exaec,6108190000,exaec,,26
GO Ext. N° 6.952,3,exaec,6108190000,marca_exaec,,E
GO Ext. N° 6.952,3,exaec,3208201900,exaec,0,35
GO Ext. N° 6.952,3,exaec,3208201900,marca_exaec,A,"E,A"
GO Ext. N° 6.952,3,exaec,5211390000,exaec,10,35
GO Ext. N° 6.952,3,exaec,6108210000,exaec,12,26
GO Ext. N° 6.952,3,exaec,3208202000,exaec,0,35
GO Ext. N° 6.952,3,exaec,3208202000,marca_exaec,A,"E,A"
GO Ext. N° 6.952,3,exaec,5211421000,exaec,10,35
GO Ext. N° 6.952,3,exaec,6108220000,exaec,12,26
GO Ext. N° 6.952,3,exaec,3208203000,exaec,0,35
GO Ext. N° 6.952,3,exaec,3208203000,marca_exaec,A,"E,A"
GO Ext. N° 6.952,3,exaec,5211510000,exaec,,35
GO Ext. N° 6.952,3,exaec,5211510000,marca_exaec,,E
GO Ext. N° 6.952,3,exaec,6108290000,exaec,,26
GO Ext. N° 6.952,3,exaec,6108290000,marca_exaec,,E
GO Ext. N° 6.952,3,exaec,3208901000,exaec,0,35
GO Ext. N° 6.952,3,exaec,3208901000,marca_exaec,A,"E,A"
GO Ext. N° 6.952,3,exaec,5211520000,exaec,,35
GO Ext. N° 6.952,3,exaec,5211520000,marca_exaec,,E
GO Ext. N° 6.952,3,exaec,6108310000,exaec,12,26
GO Ext. N° 6.952,3,exaec,3208902100,exaec,0,35
GO Ext. N° 6.952,3,exaec,3208902100,marca_exaec,A,"E,A"
GO Ext. N° 6.952,3,exaec,5211590000,exaec,10,35
GO Ext. N° 6.952,3,exaec,5211590000,marca_exaec,"E,A",E
GO Ext. N° 6.952,3,exaec,6108320000,exaec,12,26
GO Ext. N° 6.952,3,exaec,3208902900,exaec,0,35
GO Ext. N° 6.952,3,exaec,3208902900,marca_exaec,A,"E,A"
GO Ext. N° 6.952,3,exaec,5212130000,exaec,,35
GO Ext. N° 6.952,3,exaec,5212130000,marca_exaec,,E
GO Ext. N° 6.952,3,exaec,6108390000,exaec,,26
GO Ext. N° 6.952,3,exaec,6108390000,marca_exaec,,E
GO Ext. N° 6.952,3,exaec,3208903100,exaec,0,35
GO Ext. N° 6.952,3,exaec,3208903100,marca_exaec,A,"E,A"
GO Ext. N° 6.952,3,exaec,5212150000,exaec,10,35
GO Ext. N° 6.952,3,exaec,6108910000,exaec,,26
GO Ext. N° 6.952,3,exaec,6108910000,marca_exaec,,E
GO Ext. N° 6.952,3,exaec,3208903900,exaec,0,35
GO Ext. N° 6.952,3,exaec,3208903900,marca_exaec,A,"E,A"
GO Ext. N° 6.952,3,exaec,5212230000,exaec,0,35
GO Ext. N° 6.952,3,exaec,5212230000,marca_exaec,A,E
GO Ext. N° 6.952,3,exaec,6108920000,exaec,12,26
GO Ext. N° 6.952,3,exaec,3209101000,exaec,0,35
GO Ext. N° 6.952,3,exaec,3209101000,marca_exaec,A,"E,A"
GO Ext. N° 6.952,3,exaec,5212250000,exaec,10,35
GO Ext. N° 6.952,3,exaec,6108990000,exaec,,26
GO Ext. N° 6.952,3,exaec,6108990000,marca_exaec,,E
GO Ext. N° 6.952,3,exaec,3209102000,exaec,0,35
GO Ext. N° 6.952,3,exaec,3209102000,marca_exaec,A,"E,A"
GO Ext. N° 6.952,3,exaec,5603124000,exaec,10,35
GO Ext. N° 6.952,3,exaec,6109100000,exaec,12,26
GO Ext. N° 6.952,3,exaec,3209901100,exaec,0,35
GO Ext. N° 6.952,3,exaec,3209901100,marca_exaec,A,"E,A"
GO Ext. N° 6.952,3,exaec,5603134000,exaec,0,35
GO Ext. N° 6.952,3,exaec,5603134000,marca_exaec,A,"E,A"
GO Ext. N° 6.952,3,exaec,6109900000,exaec,,26
GO Ext. N° 6.952,3,exaec,6109900000,marca_exaec,,E
GO Ext. N° 6.952,3,exaec,3209901900,exaec,0,35
GO Ext. N° 6.952,3,exaec,3209901900,marca_exaec,A,"E,A"
GO Ext. N° 6.952,3,exaec,6101200000,exaec,12,26
GO Ext. N° 6.952,3,exaec,6110110000,exaec,12,26
GO Ext. N° 6.952,3,exaec,3209902000,exaec,0,35
GO Ext. N° 6.952,3,exaec,3209902000,marca_exaec,A,"E,A"
GO Ext. N° 6.952,3,exaec,6101300000,exaec,12,26
GO Ext. N° 6.952,3,exaec,6110120000,exaec,,26
GO Ext. N° 6.952,3,exaec,6110120000,marca_exaec,,E
GO Ext. N° 6.952,3,exaec,3210001000,exaec,,35
GO Ext. N° 6.952,3,exaec,3210001000,marca_exaec,,E
GO Ext. N° 6.952,3,exaec,6101901000,exaec,,26
GO Ext. N° 6.952,3,exaec,6101901000,marca_exaec,,E
GO Ext. N° 6.952,3,exaec,6110190000,exaec,,26
GO Ext. N° 6.952,3,exaec,6110190000,marca_exaec,,E
GO Ext. N° 6.952,3,exaec,3210002000,exaec,,35
GO Ext. N° 6.952,3,exaec,3210002000,marca_exaec,,E
GO Ext. N° 6.952,3,exaec,6101909000,exaec,,26
GO Ext. N° 6.952,3,exaec,6101909000,marca_exaec,,E
GO Ext. N° 6.952,3,exaec,6110200000,exaec,,26
GO Ext. N° 6.952,3,exaec,6110200000,marca_exaec,,E
GO Ext. N° 6.952,3,exaec,3214900000,exaec,0,35
GO Ext. N° 6.952,3,exaec,3214900000,marca_exaec,A,"E,A"
GO Ext. N° 6.952,3,exaec,6102100000,exaec,12,26
GO Ext. N° 6.952,3,exaec,6110300000,exaec,,26
GO Ext. N° 6.952,3,exaec,6110300000,marca_exaec,,E
GO Ext. N° 6.952,3,exaec,3304100000,exaec,,35
GO Ext. N° 6.952,3,exaec,3304100000,marca_exaec,,E
GO Ext. N° 6.952,3,exaec,6102200000,exaec,12,26
GO Ext. N° 6.952,3,exaec,6110900000,exaec,,26
GO Ext. N° 6.952,3,exaec,6110900000,marca_exaec,,E
GO Ext. N° 6.952,3,exaec,3304201000,exaec,,35
GO Ext. N° 6.952,3,exaec,3304201000,marca_exaec,,E
GO Ext. N° 6.952,3,exaec,6102300000,exaec,12,26
GO Ext. N° 6.952,3,exaec,6111200000,exaec,12,26
GO Ext. N° 6.952,3,exaec,3304209000,exaec,,35
GO Ext. N° 6.952,3,exaec,3304209000,marca_exaec,,E
GO Ext. N° 6.952,3,exaec,6102900000,exaec,,26
GO Ext. N° 6.952,3,exaec,6102900000,marca_exaec,,E
GO Ext. N° 6.952,3,exaec,6111300000,exaec,,26
GO Ext. N° 6.952,3,exaec,6111300000,marca_exaec,,E
GO Ext. N° 6.952,3,exaec,3304300000,exaec,,35
GO Ext. N° 6.952,3,exaec,3304300000,marca_exaec,,E
GO Ext. N° 6.952,3,exaec,6103101000,exaec,12,26
GO Ext. N° 6.952,3,exaec,6111901000,exaec,,26
GO Ext. N° 6.952,3,exaec,6111901000,marca_exaec,,E
GO Ext. N° 6.952,3,exaec,3304910000,exaec,,35
GO Ext. N° 6.952,3,exaec,3304910000,marca_exaec,,E
GO Ext. N° 6.952,3,exaec,6103102000,exaec,,26
GO Ext. N° 6.952,3,exaec,6103102000,marca_exaec,,E
GO Ext. N° 6.952,3,exaec,6111909000,exaec,,26
GO Ext. N° 6.952,3,exaec,6111909000,marca_exaec,,E
GO Ext. N° 6.952,3,exaec,3304999000,exaec,,35
GO Ext. N° 6.952,3,exaec,3304999000,marca_exaec,,E
GO Ext. N° 6.952,3,exaec,6103109000,exaec,,26
GO Ext. N° 6.952,3,exaec,6103109000,marca_exaec,,E
GO Ext. N° 6.952,3,exaec,6112110000,exaec,,26
GO Ext. N° 6.952,3,exaec,6112110000,marca_exaec,,E
GO Ext. N° 6.952,3,exaec,3305100000,exaec,,35
GO Ext. N° 6.952,3,exaec,3305100000,marca_exaec,,E
GO Ext. N° 6.952,3,exaec,6103220000,exaec,12,26
GO Ext. N° 6.952,3,exaec,6112120000,exaec,,26
GO Ext. N° 6.952,3,exaec,6112120000,marca_exaec,,E
GO Ext. N° 6.952,3,exaec,3305200000,exaec,,35
GO Ext. N° 6.952,3,exaec,3305200000,marca_exaec,,E
GO Ext. N° 6.952,3,exaec,6103230000,exaec,12,26
GO Ext. N° 6.952,3,exaec,6112190000,exaec,,26
GO Ext. N° 6.952,3,exaec,6112190000,marca_exaec,,E
GO Ext. N° 6.952,3,exaec,3305300000,exaec,,35
GO Ext. N° 6.952,3,exaec,3305300000,marca_exaec,,E
GO Ext. N° 6.952,3,exaec,6103291000,exaec,,26
GO Ext. N° 6.952,3,exaec,6103291000,marca_exaec,,E
GO Ext. N° 6.952,3,exaec,6112200000,exaec,,26
GO Ext. N° 6.952,3,exaec,6112200000,marca_exaec,,E
GO Ext. N° 6.952,3,exaec,3305900010,exaec,,35
GO Ext. N° 6.952,3,exaec,3305900010,marca_exaec,,E
GO Ext. N° 6.952,3,exaec,6103299000,exaec,,26
GO Ext. N° 6.952,3,exaec,6103299000,marca_exaec,,E
GO Ext. N° 6.952,3,exaec,6112310000,exaec,12,26
GO Ext. N° 6.952,3,exaec,3305900030,exaec,,35
GO Ext. N° 6.952,3,exaec,3305900030,marca_exaec,,E
GO Ext. N° 6.952,3,exaec,6103310000,exaec,,26
GO Ext. N° 6.952,3,exaec,6103310000,marca_exaec,,E
GO Ext. N° 6.952,3,exaec,6112390000,exaec,,26
GO Ext. N° 6.952,3,exaec,6112390000,marca_exaec,,E
GO Ext. N° 6.952,3,exaec,3305900090,exaec,,35
GO Ext. N° 6.952,3,exaec,3305900090,marca_exaec,,E
GO Ext. N° 6.952,3,exaec,6103320000,exaec,12,26
GO Ext. N° 6.952,3,exaec,6112410000,exaec,12,26
GO Ext. N° 6.952,3,exaec,3401201000,exaec,2,30
GO Ext. N° 6.952,3,exaec,6103330000,exaec,12,26
GO Ext. N° 6.952,3,exaec,6112490000,exaec,,26
GO Ext. N° 6.952,3,exaec,6112490000,marca_exaec,,E
GO Ext. N° 6.952,3,exaec,3402909000,exaec,2,35
GO Ext. N° 6.952,3,exaec,6103390000,exaec,,26
GO Ext. N° 6.952,3,exaec,6103390000,marca_exaec,,E
GO Ext. N° 6.952,3,exaec,6113000000,exaec,12,26
GO Ext. N° 6.952,3,exaec,3403190090,exaec,4,14
GO Ext. N° 6.952,3,exaec,6103410000,exaec,,26
GO Ext. N° 6.952,3,exaec,6103410000,marca_exaec,,E
GO Ext. N° 6.952,3,exaec,6114200000,exaec,12,26
GO Ext. N° 6.952,3,exaec,3403990021,exaec,16,35
GO Ext. N° 6.952,3,exaec,6103420000,exaec,,26
GO Ext. N° 6.952,3,exaec,6103420000,marca_exaec,,E
GO Ext. N° 6.952,3,exaec,6114300000,exaec,12,26
GO Ext. N° 6.952,3,exaec,3403990029,exaec,8,35
GO Ext. N° 6.952,3,exaec,6103430000,exaec,,26
GO Ext. N° 6.952,3,exaec,6103430000,marca_exaec,,E
GO Ext. N° 6.952,3,exaec,6114901000,exaec,,26
GO Ext. N° 6.952,3,exaec,6114901000,marca_exaec,,E
GO Ext. N° 6.952,3,exaec,3403990090,exaec,4,14
GO Ext. N° 6.952,3,exaec,6103490000,exaec,,26
GO Ext. N° 6.952,3,exaec,6103490000,marca_exaec,,E
GO Ext. N° 6.952,3,exaec,6114909000,exaec,,26
GO Ext. N° 6.952,3,exaec,6114909000,marca_exaec,,E
GO Ext. N° 6.952,3,exaec,3404202000,exaec,35,0
GO Ext. N° 6.952,3,exaec,6104130000,exaec,,26
GO Ext. N° 6.952,3,exaec,6104130000,marca_exaec,,E
GO Ext. N° 6.952,3,exaec,6115101100,exaec,,26
GO Ext. N° 6.952,3,exaec,6115101100,marca_exaec,,E
GO Ext. N° 6.952,3,exaec,3405900000,exaec,4,20
GO Ext. N° 6.952,3,exaec,3405900000,marca_exaec,,E
GO Ext. N° 6.952,3,exaec,6104191000,exaec,,26
GO Ext. N° 6.952,3,exaec,6104191000,marca_exaec,,E
GO Ext. N° 6.952,3,exaec,6115101200,exaec,,26
GO Ext. N° 6.952,3,exaec,6115101200,marca_exaec,,E
GO Ext. N° 6.952,3,exaec,3507904900,exaec,,0
GO Ext. N° 6.952,3,exaec,3507904900,marca_exaec,,E
GO Ext. N° 6.952,3,exaec,6104192000,exaec,,26
GO Ext. N° 6.952,3,exaec,6104192000,marca_exaec,,E
GO Ext. N° 6.952,3,exaec,6115101300,exaec,,26
GO Ext. N° 6.952,3,exaec,6115101300,marca_exaec,,E
GO Ext. N° 6.952,3,exaec,3806300000,exaec,14,35
GO Ext. N° 6.952,3,exaec,6104199000,exaec,,26
GO Ext. N° 6.952,3,exaec,6104199000,marca_exaec,,E
GO Ext. N° 6.952,3,exaec,6115101400,exaec,12,26
GO Ext. N° 6.952,3,exaec,3824998993,exaec,4,35
GO Ext. N° 6.952,3,exaec,3824998993,marca_exaec,,E
GO Ext. N° 6.952,3,exaec,6104220000,exaec,12,26
GO Ext. N° 6.952,3,exaec,6115101900,exaec,,26
GO Ext. N° 6.952,3,exaec,6115101900,marca_exaec,,E
GO Ext. N° 6.952,3,exaec,3824998999,exaec,4,35
GO Ext. N° 6.952,3,exaec,3824998999,marca_exaec,,E
GO Ext. N° 6.952,3,exaec,6104230000,exaec,12,26
GO Ext. N° 6.952,3,exaec,6115102100,exaec,,26
GO Ext. N° 6.952,3,exaec,6115102100,marca_exaec,,E
GO Ext. N° 6.952,3,exaec,3825100000,exaec,,35
GO Ext. N° 6.952,3,exaec,3825100000,marca_exaec,,E
GO Ext. N° 6.952,3,exaec,6104291000,exaec,,26
GO Ext. N° 6.952,3,exaec,6104291000,marca_exaec,,E
GO Ext. N° 6.952,3,exaec,6115102200,exaec,12,26
GO Ext. N° 6.952,3,exaec,3825200000,exaec,,35
GO Ext. N° 6.952,3,exaec,3825200000,marca_exaec,,E
GO Ext. N° 6.952,3,exaec,6104299000,exaec,,26
GO Ext. N° 6.952,3,exaec,6104299000,marca_exaec,,E
GO Ext. N° 6.952,3,exaec,6115102900,exaec,,26
GO Ext. N° 6.952,3,exaec,6115102900,marca_exaec,,E
GO Ext. N° 6.952,3,exaec,3825300000,exaec,,35
GO Ext. N° 6.952,3,exaec,3825300000,marca_exaec,,E
GO Ext. N° 6.952,3,exaec,6104310000,exaec,,26
GO Ext. N° 6.952,3,exaec,6104310000,marca_exaec,,E
GO Ext. N° 6.952,3,exaec,6115109100,exaec,,26
GO Ext. N° 6.952,3,exaec,6115109100,marca_exaec,,E
GO Ext. N° 6.952,3,exaec,3825410000,exaec,,35
GO Ext. N° 6.952,3,exaec,3825410000,marca_exaec,,E
GO Ext. N° 6.952,3,exaec,6104320000,exaec,,26
GO Ext. N° 6.952,3,exaec,6104320000,marca_exaec,,E
GO Ext. N° 6.952,3,exaec,6115109200,exaec,12,26
GO Ext. N° 6.952,3,exaec,3825490000,exaec,,35
GO Ext. N° 6.952,3,exaec,3825490000,marca_exaec,,E
GO Ext. N° 6.952,3,exaec,6104330000,exaec,12,26
GO Ext. N° 6.952,3,exaec,6115109300,exaec,12,26
GO Ext. N° 6.952,3,exaec,3825610000,exaec,,35
GO Ext. N° 6.952,3,exaec,3825610000,marca_exaec,,E
GO Ext. N° 6.952,3,exaec,6104390000,exaec,,26
GO Ext. N° 6.952,3,exaec,6104390000,marca_exaec,,E
GO Ext. N° 6.952,3,exaec,6115109900,exaec,,26
GO Ext. N° 6.952,3,exaec,6115109900,marca_exaec,,E
GO Ext. N° 6.952,3,exaec,3825690000,exaec,,35
GO Ext. N° 6.952,3,exaec,3825690000,marca_exaec,,E
GO Ext. N° 6.952,3,exaec,6104410000,exaec,12,26
GO Ext. N° 6.952,3,exaec,6115210000,exaec,12,26
GO Ext. N° 6.952,3,exaec,3920590000,marca_exaec,A,E
GO Ext. N° 6.952,3,exaec,6104420000,exaec,12,26
GO Ext. N° 6.952,3,exaec,6115220000,exaec,,26
GO Ext. N° 6.952,3,exaec,6115220000,marca_exaec,,E
GO Ext. N° 6.952,3,exaec,3923309010,exaec,,35
GO Ext. N° 6.952,3,exaec,3923309010,marca_exaec,,E
GO Ext. N° 6.952,3,exaec,6104430000,exaec,12,26
GO Ext. N° 6.952,3,exaec,6115291000,exaec,,26
GO Ext. N° 6.952,3,exaec,6115291000,marca_exaec,,E
GO Ext. N° 6.952,3,exaec,3923309020,exaec,,35
GO Ext. N° 6.952,3,exaec,3923309020,marca_exaec,,E
GO Ext. N° 6.952,3,exaec,6104440000,exaec,12,26
GO Ext. N° 6.952,3,exaec,6115292000,exaec,,26
GO Ext. N° 6.952,3,exaec,6115292000,marca_exaec,,E
GO Ext. N° 6.952,3,exaec,3923309030,exaec,,35
GO Ext. N° 6.952,3,exaec,3923309030,marca_exaec,,E
GO Ext. N° 6.952,3,exaec,6104490000,exaec,,26
GO Ext. N° 6.952,3,exaec,6104490000,marca_exaec,,E
GO Ext. N° 6.952,3,exaec,6115299000,exaec,,26
GO Ext. N° 6.952,3,exaec,6115299000,marca_exaec,,E
GO Ext. N° 6.952,3,exaec,3923309090,exaec,,35
GO Ext. N° 6.952,3,exaec,3923309090,marca_exaec,,E
GO Ext. N° 6.952,3,exaec,6104510000,exaec,,26
GO Ext. N° 6.952,3,exaec,6104510000,marca_exaec,,E
GO Ext. N° 6.952,3,exaec,6115301000,exaec,,26
GO Ext. N° 6.952,3,exaec,6115301000,marca_exaec,,E
GO Ext. N° 6.952,3,exaec,3923500000,exaec,,35
GO Ext. N° 6.952,3,exaec,3923500000,marca_exaec,,E
GO Ext. N° 6.952,3,exaec,6104520000,exaec,12,26
GO Ext. N° 6.952,3,exaec,6115302000,exaec,,26
GO Ext. N° 6.952,3,exaec,6115302000,marca_exaec,,E
GO Ext. N° 6.952,3,exaec,3923900000,exaec,,35
GO Ext. N° 6.952,3,exaec,3923900000,marca_exaec,,E
GO Ext. N° 6.952,3,exaec,6104530000,exaec,12,26
GO Ext. N° 6.952,3,exaec,6115309000,exaec,,26
GO Ext. N° 6.952,3,exaec,6115309000,marca_exaec,,E
GO Ext. N° 6.952,3,exaec,4819100090,exaec,12,35
GO Ext. N° 6.952,3,exaec,6104590000,exaec,,26
GO Ext. N° 6.952,3,exaec,6104590000,marca_exaec,,E
GO Ext. N° 6.952,3,exaec,6115940000,exaec,,26
GO Ext. N° 6.952,3,exaec,6115940000,marca_exaec,,E
GO Ext. N° 6.952,3,exaec,4819200090,exaec,12,35
GO Ext. N° 6.952,3,exaec,6104610000,exaec,12,26
GO Ext. N° 6.952,3,exaec,6115950000,exaec,12,26
GO Ext. N° 6.952,3,exaec,5201002000,exaec,,0
GO Ext. N° 6.952,3,exaec,5201002000,marca_exaec,,E
GO Ext. N° 6.952,3,exaec,6104620000,exaec,12,26
GO Ext. N° 6.952,3,exaec,6115960000,exaec,12,26
GO Ext. N° 6.952,3,exaec,5205231000,exaec,,35
GO Ext. N° 6.952,3,exaec,5205231000,marca_exaec,,E
GO Ext. N° 6.952,3,exaec,6104630000,exaec,12,26
GO Ext. N° 6.952,3,exaec,6115990000,exaec,,26
GO Ext. N° 6.952,3,exaec,6115990000,marca_exaec,,E
GO Ext. N° 6.952,3,exaec,5208310000,exaec,,35
GO Ext. N° 6.952,3,exaec,5208310000,marca_exaec,,E
GO Ext. N° 6.952,3,exaec,6104690000,exaec,,26
GO Ext. N° 6.952,3,exaec,6104690000,marca_exaec,,E
GO Ext. N° 6.952,3,exaec,6116100000,exaec,12,26
GO Ext. N° 6.952,3,exaec,5208390000,exaec,0,35
GO Ext. N° 6.952,3,exaec,5208390000,marca_exaec,A,"E,A"
GO Ext. N° 6.952,3,exaec,6105100000,exaec,,26
GO Ext. N° 6.952,3,exaec,6105100000,marca_exaec,,E
GO Ext. N° 6.952,3,exaec,6116910000,exaec,,26
GO Ext. N° 6.952,3,exaec,6116910000,marca_exaec,,E
GO Ext. N° 6.952,3,exaec,5208510000,exaec,,35
GO Ext. N° 6.952,3,exaec,5208510000,marca_exaec,,E
GO Ext. N° 6.952,3,exaec,6105200000,exaec,12,26
GO Ext. N° 6.952,3,exaec,6116920000,exaec,12,26
GO Ext. N° 6.952,3,exaec,5208591000,exaec,,35
GO Ext. N° 6.952,3,exaec,5208591000,marca_exaec,,E
GO Ext. N° 6.952,3,exaec,6105900000,exaec,,26
GO Ext. N° 6.952,3,exaec,6105900000,marca_exaec,,E
GO Ext. N° 6.952,3,exaec,6116930011,exaec,,26
GO Ext. N° 6.952,3,exaec,6116930011,marca_exaec,,E
GO Ext. N° 6.952,3,exaec,6116930019,exaec,,26
GO Ext. N° 6.952,3,exaec,6116930019,marca_exaec,,E
GO Ext. N° 6.952,3,exaec,6207999000,exaec,,26
GO Ext. N° 6.952,3,exaec,6207999000,marca_exaec,,E
GO Ext. N° 6.952,3,exaec,6302991000,exaec,,26
GO Ext. N° 6.952,3,exaec,6302991000,marca_exaec,,E
GO Ext. N° 6.952,3,exaec,6116930090,exaec,,26
GO Ext. N° 6.952,3,exaec,6116930090,marca_exaec,,E
GO Ext. N° 6.952,3,exaec,6208110000,exaec,12,26
GO Ext. N° 6.952,3,exaec,6302999000,exaec,,26
GO Ext. N° 6.952,3,exaec,6302999000,marca_exaec,,E
GO Ext. N° 6.952,3,exaec,6116990011,exaec,12,26
GO Ext. N° 6.952,3,exaec,6208190000,exaec,,26
GO Ext. N° 6.952,3,exaec,6208190000,marca_exaec,,E
GO Ext. N° 6.952,3,exaec,6303120000,exaec,0,26
GO Ext. N° 6.952,3,exaec,6303120000,marca_exaec,A,"E,A"
GO Ext. N° 6.952,3,exaec,6116990019,exaec,,26
GO Ext. N° 6.952,3,exaec,6116990019,marca_exaec,,E
GO Ext. N° 6.952,3,exaec,6208210000,exaec,12,26
GO Ext. N° 6.952,3,exaec,6303191000,exaec,0,26
GO Ext. N° 6.952,3,exaec,6303191000,marca_exaec,A,"E,A"
GO Ext. N° 6.952,3,exaec,6116990090,exaec,,26
GO Ext. N° 6.952,3,exaec,6116990090,marca_exaec,,E
GO Ext. N° 6.952,3,exaec,6208220000,exaec,12,26
GO Ext. N° 6.952,3,exaec,6303199000,exaec,0,26
GO Ext. N° 6.952,3,exaec,6303199000,marca_exaec,A,"E,A"
GO Ext. N° 6.952,3,exaec,6117100000,exaec,12,26
GO Ext. N° 6.952,3,exaec,6208290000,exaec,,26
GO Ext. N° 6.952,3,exaec,6208290000,marca_exaec,,E
GO Ext. N° 6.952,3,exaec,6303910000,exaec,0,26
GO Ext. N° 6.952,3,exaec,6303910000,marca_exaec,A,"E,A"
GO Ext. N° 6.952,3,exaec,6117801000,exaec,,26
GO Ext. N° 6.952,3,exaec,6117801000,marca_exaec,,E
GO Ext. N° 6.952,3,exaec,6208910000,exaec,12,26
GO Ext. N° 6.952,3,exaec,6303920000,exaec,0,26
GO Ext. N° 6.952,3,exaec,6303920000,marca_exaec,A,"E,A"
GO Ext. N° 6.952,3,exaec,6117809000,exaec,,26
GO Ext. N° 6.952,3,exaec,6117809000,marca_exaec,,E
GO Ext. N° 6.952,3,exaec,6208920000,exaec,12,26
GO Ext. N° 6.952,3,exaec,6303990000,exaec,0,26
GO Ext. N° 6.952,3,exaec,6303990000,marca_exaec,A,"E,A"
GO Ext. N° 6.952,3,exaec,6117900000,exaec,12,26
GO Ext. N° 6.952,3,exaec,6208990000,exaec,,26
GO Ext. N° 6.952,3,exaec,6208990000,marca_exaec,,E
GO Ext. N° 6.952,3,exaec,6304110000,exaec,,26
GO Ext. N° 6.952,3,exaec,6304110000,marca_exaec,,E
GO Ext. N° 6.952,3,exaec,6201200000,exaec,12,26
GO Ext. N° 6.952,3,exaec,6209200000,exaec,12,26
GO Ext. N° 6.952,3,exaec,6304191000,exaec,,26
GO Ext. N° 6.952,3,exaec,6304191000,marca_exaec,,E
GO Ext. N° 6.952,3,exaec,6201300000,exaec,12,26
GO Ext. N° 6.952,3,exaec,6209300000,exaec,12,26
GO Ext. N° 6.952,3,exaec,6304199000,exaec,,26
GO Ext. N° 6.952,3,exaec,6304199000,marca_exaec,,E
GO Ext. N° 6.952,3,exaec,6201400000,exaec,12,26
GO Ext. N° 6.952,3,exaec,6209901000,exaec,,26
GO Ext. N° 6.952,3,exaec,6209901000,marca_exaec,,E
GO Ext. N° 6.952,3,exaec,6304200000,exaec,,26
GO Ext. N° 6.952,3,exaec,6304200000,marca_exaec,,E
GO Ext. N° 6.952,3,exaec,6201900000,exaec,12,26
GO Ext. N° 6.952,3,exaec,6209909000,exaec,,26
GO Ext. N° 6.952,3,exaec,6209909000,marca_exaec,,E
GO Ext. N° 6.952,3,exaec,6304910000,exaec,,26
GO Ext. N° 6.952,3,exaec,6304910000,marca_exaec,,E
GO Ext. N° 6.952,3,exaec,6202200000,exaec,12,26
GO Ext. N° 6.952,3,exaec,6210100000,exaec,22,26
GO Ext. N° 6.952,3,exaec,6304920000,exaec,,26
GO Ext. N° 6.952,3,exaec,6304920000,marca_exaec,,E
GO Ext. N° 6.952,3,exaec,6202300000,exaec,12,26
GO Ext. N° 6.952,3,exaec,6210200000,exaec,,26
GO Ext. N° 6.952,3,exaec,6210200000,marca_exaec,,E
GO Ext. N° 6.952,3,exaec,6304930000,exaec,0,26
GO Ext. N° 6.952,3,exaec,6304930000,marca_exaec,A,"E,A"
GO Ext. N° 6.952,3,exaec,6202400000,exaec,12,26
GO Ext. N° 6.952,3,exaec,6210300000,exaec,10,26
GO Ext. N° 6.952,3,exaec,6304990000,exaec,0,26
GO Ext. N° 6.952,3,exaec,6304990000,marca_exaec,A,"E,A"
GO Ext. N° 6.952,3,exaec,6202900000,exaec,,26
GO Ext. N° 6.952,3,exaec,6202900000,marca_exaec,,E
GO Ext. N° 6.952,3,exaec,6210400000,exaec,10,26
GO Ext. N° 6.952,3,exaec,6305100000,exaec,,26
GO Ext. N° 6.952,3,exaec,6305100000,marca_exaec,,E
GO Ext. N° 6.952,3,exaec,6203110000,exaec,12,26
GO Ext. N° 6.952,3,exaec,6210500000,exaec,10,26
GO Ext. N° 6.952,3,exaec,6305200000,exaec,,26
GO Ext. N° 6.952,3,exaec,6305200000,marca_exaec,,E
GO Ext. N° 6.952,3,exaec,6203120000,exaec,12,26
GO Ext. N° 6.952,3,exaec,6211110000,exaec,12,26
GO Ext. N° 6.952,3,exaec,6305320000,exaec,,26
GO Ext. N° 6.952,3,exaec,6305320000,marca_exaec,,E
GO Ext. N° 6.952,3,exaec,6203190000,exaec,,26
GO Ext. N° 6.952,3,exaec,6203190000,marca_exaec,,E
GO Ext. N° 6.952,3,exaec,6211120000,exaec,12,26
GO Ext. N° 6.952,3,exaec,6305331000,exaec,,26
GO Ext. N° 6.952,3,exaec,6305331000,marca_exaec,,E
GO Ext. N° 6.952,3,exaec,6203220000,exaec,12,26
GO Ext. N° 6.952,3,exaec,6211200000,exaec,12,26
GO Ext. N° 6.952,3,exaec,6305339000,exaec,,26
GO Ext. N° 6.952,3,exaec,6305339000,marca_exaec,,E
GO Ext. N° 6.952,3,exaec,6203230000,exaec,12,26
GO Ext. N° 6.952,3,exaec,6211320000,exaec,12,26
GO Ext. N° 6.952,3,exaec,6305390000,exaec,,26
GO Ext. N° 6.952,3,exaec,6305390000,marca_exaec,,E
GO Ext. N° 6.952,3,exaec,6203291000,exaec,,26
GO Ext. N° 6.952,3,exaec,6203291000,marca_exaec,,E
GO Ext. N° 6.952,3,exaec,6211330000,exaec,12,26
GO Ext. N° 6.952,3,exaec,6305900000,exaec,,26
GO Ext. N° 6.952,3,exaec,6305900000,marca_exaec,,E
GO Ext. N° 6.952,3,exaec,6203299000,exaec,,26
GO Ext. N° 6.952,3,exaec,6203299000,marca_exaec,,E
GO Ext. N° 6.952,3,exaec,6211391000,exaec,,26
GO Ext. N° 6.952,3,exaec,6211391000,marca_exaec,,E
GO Ext. N° 6.952,3,exaec,6306120000,exaec,,26
GO Ext. N° 6.952,3,exaec,6306120000,marca_exaec,,E
GO Ext. N° 6.952,3,exaec,6203310000,exaec,12,26
GO Ext. N° 6.952,3,exaec,6211399000,exaec,,26
GO Ext. N° 6.952,3,exaec,6211399000,marca_exaec,,E
GO Ext. N° 6.952,3,exaec,6306191000,exaec,,26
GO Ext. N° 6.952,3,exaec,6306191000,marca_exaec,,E
GO Ext. N° 6.952,3,exaec,6203320000,exaec,12,26
GO Ext. N° 6.952,3,exaec,6211420000,exaec,12,26
GO Ext. N° 6.952,3,exaec,6306199000,exaec,,26
GO Ext. N° 6.952,3,exaec,6306199000,marca_exaec,,E
GO Ext. N° 6.952,3,exaec,6203330000,exaec,12,26
GO Ext. N° 6.952,3,exaec,6211430000,exaec,12,26
GO Ext. N° 6.952,3,exaec,6306220000,exaec,,26
GO Ext. N° 6.952,3,exaec,6306220000,marca_exaec,,E
GO Ext. N° 6.952,3,exaec,6203390000,exaec,,26
GO Ext. N° 6.952,3,exaec,6203390000,marca_exaec,,E
GO Ext. N° 6.952,3,exaec,6211490000,exaec,,26
GO Ext. N° 6.952,3,exaec,6211490000,marca_exaec,,E
GO Ext. N° 6.952,3,exaec,6306291000,exaec,,26
GO Ext. N° 6.952,3,exaec,6306291000,marca_exaec,,E
GO Ext. N° 6.952,3,exaec,6203410000,exaec,12,26
GO Ext. N° 6.952,3,exaec,6212100000,exaec,12,26
GO Ext. N° 6.952,3,exaec,6306299000,exaec,,26
GO Ext. N° 6.952,3,exaec,6306299000,marca_exaec,,E
GO Ext. N° 6.952,3,exaec,6203490000,exaec,,26
GO Ext. N° 6.952,3,exaec,6203490000,marca_exaec,,E
GO Ext. N° 6.952,3,exaec,6212200000,exaec,12,26
GO Ext. N° 6.952,3,exaec,6306301000,exaec,,26
GO Ext. N° 6.952,3,exaec,6306301000,marca_exaec,,E
GO Ext. N° 6.952,3,exaec,6204110000,exaec,,26
GO Ext. N° 6.952,3,exaec,6204110000,marca_exaec,,E
GO Ext. N° 6.952,3,exaec,6212300000,exaec,,26
GO Ext. N° 6.952,3,exaec,6212300000,marca_exaec,,E
GO Ext. N° 6.952,3,exaec,6306309000,exaec,,26
GO Ext. N° 6.952,3,exaec,6306309000,marca_exaec,,E
GO Ext. N° 6.952,3,exaec,6204120000,exaec,12,26
GO Ext. N° 6.952,3,exaec,6212900000,exaec,,26
GO Ext. N° 6.952,3,exaec,6212900000,marca_exaec,,E
GO Ext. N° 6.952,3,exaec,6306401000,exaec,,26
GO Ext. N° 6.952,3,exaec,6306401000,marca_exaec,,E
GO Ext. N° 6.952,3,exaec,6204130000,exaec,12,26
GO Ext. N° 6.952,3,exaec,6213200000,exaec,,26
GO Ext. N° 6.952,3,exaec,6213200000,marca_exaec,,E
GO Ext. N° 6.952,3,exaec,6306409000,exaec,,26
GO Ext. N° 6.952,3,exaec,6306409000,marca_exaec,,E
GO Ext. N° 6.952,3,exaec,6204190000,exaec,,26
GO Ext. N° 6.952,3,exaec,6204190000,marca_exaec,,E
GO Ext. N° 6.952,3,exaec,6213901000,exaec,,26
GO Ext. N° 6.952,3,exaec,6213901000,marca_exaec,,E
GO Ext. N° 6.952,3,exaec,6306900000,exaec,,26
GO Ext. N° 6.952,3,exaec,6306900000,marca_exaec,,E
GO Ext. N° 6.952,3,exaec,6204210000,exaec,12,26
GO Ext. N° 6.952,3,exaec,6213909000,exaec,,26
GO Ext. N° 6.952,3,exaec,6213909000,marca_exaec,,E
GO Ext. N° 6.952,3,exaec,6307100000,exaec,,26
GO Ext. N° 6.952,3,exaec,6307100000,marca_exaec,,E
GO Ext. N° 6.952,3,exaec,6204220000,exaec,12,26
GO Ext. N° 6.952,3,exaec,6214100000,exaec,12,26
GO Ext. N° 6.952,3,exaec,6307200000,exaec,0,26
GO Ext. N° 6.952,3,exaec,6307200000,marca_exaec,A,"E,A"
GO Ext. N° 6.952,3,exaec,6204230000,exaec,12,26
GO Ext. N° 6.952,3,exaec,6214200000,exaec,,26
GO Ext. N° 6.952,3,exaec,6214200000,marca_exaec,,E
GO Ext. N° 6.952,3,exaec,6307901000,exaec,0,26
GO Ext. N° 6.952,3,exaec,6307901000,marca_exaec,A,"E,A"
GO Ext. N° 6.952,3,exaec,6204290000,exaec,,26
GO Ext. N° 6.952,3,exaec,6204290000,marca_exaec,,E
GO Ext. N° 6.952,3,exaec,6214300000,exaec,12,26
GO Ext. N° 6.952,3,exaec,6307902000,exaec,0,26
GO Ext. N° 6.952,3,exaec,6307902000,marca_exaec,A,"E,A"
GO Ext. N° 6.952,3,exaec,6204310000,exaec,12,26
GO Ext. N° 6.952,3,exaec,6214400000,exaec,,26
GO Ext. N° 6.952,3,exaec,6214400000,marca_exaec,,E
GO Ext. N° 6.952,3,exaec,6307909040,exaec,0,26
GO Ext. N° 6.952,3,exaec,6307909040,marca_exaec,A,"E,A"
GO Ext. N° 6.952,3,exaec,6204320000,exaec,12,26
GO Ext. N° 6.952,3,exaec,6214901000,exaec,12,26
GO Ext. N° 6.952,3,exaec,6307909090,exaec,0,26
GO Ext. N° 6.952,3,exaec,6307909090,marca_exaec,A,"E,A"
GO Ext. N° 6.952,3,exaec,6204330000,exaec,12,26
GO Ext. N° 6.952,3,exaec,6214909000,exaec,,26
GO Ext. N° 6.952,3,exaec,6214909000,marca_exaec,,E
GO Ext. N° 6.952,3,exaec,6308000000,exaec,,26
GO Ext. N° 6.952,3,exaec,6308000000,marca_exaec,,E
GO Ext. N° 6.952,3,exaec,6204390000,exaec,,26
GO Ext. N° 6.952,3,exaec,6204390000,marca_exaec,,E
GO Ext. N° 6.952,3,exaec,6215100000,exaec,12,26
GO Ext. N° 6.952,3,exaec,6309001000,exaec,,26
GO Ext. N° 6.952,3,exaec,6309001000,marca_exaec,,E
GO Ext. N° 6.952,3,exaec,6204410000,exaec,,26
GO Ext. N° 6.952,3,exaec,6204410000,marca_exaec,,E
GO Ext. N° 6.952,3,exaec,6215200000,exaec,12,26
GO Ext. N° 6.952,3,exaec,6309009000,exaec,,26
GO Ext. N° 6.952,3,exaec,6309009000,marca_exaec,,E
GO Ext. N° 6.952,3,exaec,6204420000,exaec,12,26
GO Ext. N° 6.952,3,exaec,6215900000,exaec,,26
GO Ext. N° 6.952,3,exaec,6215900000,marca_exaec,,E
GO Ext. N° 6.952,3,exaec,6310100010,exaec,,26
GO Ext. N° 6.952,3,exaec,6310100010,marca_exaec,,E
GO Ext. N° 6.952,3,exaec,6204430000,exaec,12,26
GO Ext. N° 6.952,3,exaec,6216000011,exaec,,26
GO Ext. N° 6.952,3,exaec,6216000011,marca_exaec,,E
GO Ext. N° 6.952,3,exaec,6310100090,exaec,,26
GO Ext. N° 6.952,3,exaec,6310100090,marca_exaec,,E
GO Ext. N° 6.952,3,exaec,6204440000,exaec,12,26
GO Ext. N° 6.952,3,exaec,6216000019,exaec,,26
GO Ext. N° 6.952,3,exaec,6216000019,marca_exaec,,E
GO Ext. N° 6.952,3,exaec,6310900000,exaec,,26
GO Ext. N° 6.952,3,exaec,6310900000,marca_exaec,,E
GO Ext. N° 6.952,3,exaec,6204490000,exaec,,26
GO Ext. N° 6.952,3,exaec,6204490000,marca_exaec,,E
GO Ext. N° 6.952,3,exaec,6216000090,exaec,,26
GO Ext. N° 6.952,3,exaec,6216000090,marca_exaec,,E
GO Ext. N° 6.952,3,exaec,7310219000,exaec,,35
GO Ext. N° 6.952,3,exaec,7310219000,marca_exaec,,E
GO Ext. N° 6.952,3,exaec,6204510000,exaec,12,26
GO Ext. N° 6.952,3,exaec,6217100000,exaec,12,26
GO Ext. N° 6.952,3,exaec,9608998100,exaec,,6
GO Ext. N° 6.952,3,exaec,9608998100,marca_exaec,,E
GO Ext. N° 6.952,3,exaec,6204520000,exaec,12,26
GO Ext. N° 6.952,3,exaec,6217900000,exaec,12,26
GO Ext. N° 6.952,3,exaec,9608998900,exaec,,6
GO Ext. N° 6.952,3,exaec,9608998900,marca_exaec,,E
GO Ext. N° 6.952,3,exaec,6204530000,exaec,12,26
GO Ext. N° 6.952,3,exaec,6301100000,exaec,,26
GO Ext. N° 6.952,3,exaec,6301100000,marca_exaec,,E
GO Ext. N° 6.952,3,exaec,9802000011,exaec,,8
GO Ext. N° 6.952,3,exaec,9802000011,marca_exaec,,E
GO Ext. N° 6.952,3,exaec,6204590000,exaec,,26
GO Ext. N° 6.952,3,exaec,6204590000,marca_exaec,,E
GO Ext. N° 6.952,3,exaec,6301200000,exaec,,26
GO Ext. N° 6.952,3,exaec,6301200000,marca_exaec,,E
GO Ext. N° 6.952,3,exaec,9802000012,exaec,,8
GO Ext. N° 6.952,3,exaec,9802000012,marca_exaec,,E
GO Ext. N° 6.952,3,exaec,6204610000,exaec,12,26
GO Ext. N° 6.952,3,exaec,6301300000,exaec,,26
GO Ext. N° 6.952,3,exaec,6301300000,marca_exaec,,E
GO Ext. N° 6.952,3,exaec,9802000013,exaec,,8
GO Ext. N° 6.952,3,exaec,9802000013,marca_exaec,,E
GO Ext. N° 6.952,3,exaec,6204690000,exaec,,26
GO Ext. N° 6.952,3,exaec,6204690000,marca_exaec,,E
GO Ext. N° 6.952,3,exaec,6301400000,exaec,,26
GO Ext. N° 6.952,3,exaec,6301400000,marca_exaec,,E
GO Ext. N° 6.952,3,exaec,9802000019,exaec,,8
GO Ext. N° 6.952,3,exaec,9802000019,marca_exaec,,E
GO Ext. N° 6.952,3,exaec,6205200000,exaec,12,26
GO Ext. N° 6.952,3,exaec,6301900000,exaec,,26
GO Ext. N° 6.952,3,exaec,6301900000,marca_exaec,,E
GO Ext. N° 6.952,3,exaec,9804000011,exaec,,8
GO Ext. N° 6.952,3,exaec,9804000011,marca_exaec,,E
GO Ext. N° 6.952,3,exaec,6205300000,exaec,12,26
GO Ext. N° 6.952,3,exaec,6302100000,exaec,,26
GO Ext. N° 6.952,3,exaec,6302100000,marca_exaec,,E
GO Ext. N° 6.952,3,exaec,9804000012,exaec,,8
GO Ext. N° 6.952,3,exaec,9804000012,marca_exaec,,E
GO Ext. N° 6.952,3,exaec,6205901000,exaec,,26
GO Ext. N° 6.952,3,exaec,6205901000,marca_exaec,,E
GO Ext. N° 6.952,3,exaec,6302210000,exaec,,26
GO Ext. N° 6.952,3,exaec,6302210000,marca_exaec,,E
GO Ext. N° 6.952,3,exaec,9804000013,exaec,,8
GO Ext. N° 6.952,3,exaec,9804000013,marca_exaec,,E
GO Ext. N° 6.952,3,exaec,6205909000,exaec,,26
GO Ext. N° 6.952,3,exaec,6205909000,marca_exaec,,E
GO Ext. N° 6.952,3,exaec,6302220000,exaec,,26
GO Ext. N° 6.952,3,exaec,6302220000,marca_exaec,,E
GO Ext. N° 6.952,3,exaec,9804000014,exaec,,8
GO Ext. N° 6.952,3,exaec,9804000014,marca_exaec,,E
GO Ext. N° 6.952,3,exaec,6206100000,exaec,12,26
GO Ext. N° 6.952,3,exaec,6302290000,exaec,,26
GO Ext. N° 6.952,3,exaec,6302290000,marca_exaec,,E
GO Ext. N° 6.952,3,exaec,6206200000,exaec,12,26
GO Ext. N° 6.952,3,exaec,6302310000,exaec,,26
GO Ext. N° 6.952,3,exaec,6302310000,marca_exaec,,E
GO Ext. N° 6.952,3,exaec,6206300000,exaec,12,26
GO Ext. N° 6.952,3,exaec,6302320000,exaec,,26
GO Ext. N° 6.952,3,exaec,6302320000,marca_exaec,,E
GO Ext. N° 6.952,3,exaec,6206400000,exaec,12,26
GO Ext. N° 6.952,3,exaec,6302390000,exaec,,26
GO Ext. N° 6.952,3,exaec,6302390000,marca_exaec,,E
GO Ext. N° 6.952,3,exaec,6206900000,exaec,,26
GO Ext. N° 6.952,3,exaec,6206900000,marca_exaec,,E
GO Ext. N° 6.952,3,exaec,6302400000,exaec,,26
GO Ext. N° 6.952,3,exaec,6302400000,marca_exaec,,E
GO Ext. N° 6.952,3,exaec,6207110000,exaec,12,26
GO Ext. N° 6.952,3,exaec,6302510000,exaec,,26
GO Ext. N° 6.952,3,exaec,6302510000,marca_exaec,,E
GO Ext. N° 6.952,3,exaec,6207190000,exaec,,26
GO Ext. N° 6.952,3,exaec,6207190000,marca_exaec,,E
GO Ext. N° 6.952,3,exaec,6302530000,exaec,,26
GO Ext. N° 6.952,3,exaec,6302530000,marca_exaec,,E
GO Ext. N° 6.952,3,exaec,6207210000,exaec,12,26
GO Ext. N° 6.952,3,exaec,6302591000,exaec,,26
GO Ext. N° 6.952,3,exaec,6302591000,marca_exaec,,E
GO Ext. N° 6.952,3,exaec,6207220000,exaec,12,26
GO Ext. N° 6.952,3,exaec,6302599000,exaec,,26
GO Ext. N° 6.952,3,exaec,6302599000,marca_exaec,,E
GO Ext. N° 6.952,3,exaec,6207290000,exaec,,26
GO Ext. N° 6.952,3,exaec,6207290000,marca_exaec,,E
GO Ext. N° 6.952,3,exaec,6302600000,exaec,,26
GO Ext. N° 6.952,3,exaec,6302600000,marca_exaec,,E
GO Ext. N° 6.952,3,exaec,6207910000,exaec,12,26
GO Ext. N° 6.952,3,exaec,6302910000,exaec,,26
GO Ext. N° 6.952,3,exaec,6302910000,marca_exaec,,E
GO Ext. N° 6.952,3,exaec,6207991000,exaec,,26
GO Ext. N° 6.952,3,exaec,6207991000,marca_exaec,,E
GO Ext. N° 6.952,3,exaec,6302930000,exaec,,26
GO Ext. N° 6.952,3,exaec,6302930000,marca_exaec,,E
GO Ext. N° 6.952,4,regimen,0202100000,regimen_importacion,"3,5,6","3,5,6,9"
GO Ext. N° 6.952,4,regimen,1515210000,regimen_importacion,"5,8","5,8,20"
GO Ext. N° 6.952,4,regimen,2105001000,regimen_importacion,"5,12","5,12,20"
GO Ext. N° 6.952,4,regimen,0202201000,regimen_importacion,"3,5,6","3,5,6,9"
GO Ext. N° 6.952,4,regimen,1515300000,regimen_importacion,5,"5,20"
GO Ext. N° 6.952,4,regimen,2105009000,regimen_importacion,"5,12","5,12,20"
GO Ext. N° 6.952,4,regimen,0202202000,regimen_importacion,"3,5,6","3,5,6,9"
GO Ext. N° 6.952,4,regimen,1515600000,regimen_importacion,5,"5,20"
GO Ext. N° 6.952,4,regimen,2106902100,regimen_importacion,"5,12","5,12,20"
GO Ext. N° 6.952,4,regimen,0202209000,regimen_importacion,"3,5,6","3,5,6,9"
GO Ext. N° 6.952,4,regimen,1515901000,regimen_importacion,5,"5,20"
GO Ext. N° 6.952,4,regimen,2106902900,regimen_importacion,"3,5","3,5,20"
GO Ext. N° 6.952,4,regimen,0202300000,regimen_importacion,"3,5,6","3,5,6,9"
GO Ext. N° 6.952,4,regimen,1515902100,regimen_importacion,5,"5,20"
GO Ext. N° 6.952,4,regimen,2201100000,regimen_importacion,"5,12","5,12,20"
GO Ext. N° 6.952,4,regimen,0305310000,regimen_importacion,"3,5,18","3,5,18,20"
GO Ext. N° 6.952,4,regimen,1515902200,regimen_importacion,5,"5,20"
GO Ext. N° 6.952,4,regimen,2201900000,regimen_importacion,"5,12","5,12,20"
GO Ext. N° 6.952,4,regimen,0305321000,regimen_importacion,"3,5,18","3,5,18,20"
GO Ext. N° 6.952,4,regimen,1515909000,regimen_importacion,5,"5,20"
GO Ext. N° 6.952,4,regimen,2202990090,regimen_importacion,"5,12","5,12,20"
GO Ext. N° 6.952,4,regimen,0305322000,regimen_importacion,"3,5,18","3,5,18,20"
GO Ext. N° 6.952,4,regimen,1516100000,regimen_importacion,"5,6","5,6,9"
GO Ext. N° 6.952,4,regimen,2203000000,regimen_importacion,"3,5","5,12"
GO Ext. N° 6.952,4,regimen,0305323000,regimen_importacion,"3,5,18","3,5,18,20"
GO Ext. N° 6.952,4,regimen,1516200000,regimen_importacion,5,"5,9"
GO Ext. N° 6.952,4,regimen,2204210000,regimen_importacion,"3,5,9","5,9,12"
GO Ext. N° 6.952,4,regimen,0305329000,regimen_importacion,"3,5,18","3,5,18,20"
GO Ext. N° 6.952,4,regimen,1516300000,regimen_importacion,5,"5,9"
GO Ext. N° 6.952,4,regimen,2208301000,regimen_importacion,"3,5","5,12"
GO Ext. N° 6.952,4,regimen,0305510000,regimen_importacion,"3,5,18","3,5,18,20"
GO Ext. N° 6.952,4,regimen,1602100000,regimen_importacion,"5,6,12","5,6,12,20"
GO Ext. N° 6.952,4,regimen,2208302000,regimen_importacion,"3,5","5,9,12"
GO Ext. N° 6.952,4,regimen,0305520000,regimen_importacion,"3,5,18","3,5,18,20"
GO Ext. N° 6.952,4,regimen,1602410000,regimen_importacion,"5,6,12","5,6,12,20"
GO Ext. N° 6.952,4,regimen,2208309000,regimen_importacion,"3,5","5,12"
GO Ext. N° 6.952,4,regimen,0305531000,regimen_importacion,"3,5,18","3,5,18,20"
GO Ext. N° 6.952,4,regimen,1602500000,regimen_importacion,"5,6,12","5,6,12,20"
GO Ext. N° 6.952,4,regimen,2208400000,regimen_importacion,"3,5","5,12"
GO Ext. N° 6.952,4,regimen,0305539000,regimen_importacion,"3,5,18","3,5,18,20"
GO Ext. N° 6.952,4,regimen,1604131000,regimen_importacion,"5,12","5,12,20"
GO Ext. N° 6.952,4,regimen,2208500000,regimen_importacion,"3,5","5,12"
GO Ext. N° 6.952,4,regimen,0305540000,regimen_importacion,"3,5,18","3,5,18,20"
GO Ext. N° 6.952,4,regimen,1604203000,regimen_importacion,"5,12","5,12,20"
GO Ext. N° 6.952,4,regimen,2208600000,regimen_importacion,"3,5","5,12"
GO Ext. N° 6.952,4,regimen,0305590000,regimen_importacion,"3,5,18","3,5,18,20"
GO Ext. N° 6.952,4,regimen,1604209000,regimen_importacion,"5,12","5,12,20"
GO Ext. N° 6.952,4,regimen,2208700000,regimen_importacion,"3,5","5,12"
GO Ext. N° 6.952,4,regimen,0305610000,regimen_importacion,"3,5,18","3,5,18,20"
GO Ext. N° 6.952,4,regimen,1605590000,regimen_importacion,"5,12","5,12,20"
GO Ext. N° 6.952,4,regimen,2710193100,regimen_importacion,,11
GO Ext. N° 6.952,4,regimen,0305620000,regimen_importacion,"3,5,18","3,5,18,20"
GO Ext. N° 6.952,4,regimen,1901101000,regimen_importacion,"5,12","5,12,20"
GO Ext. N° 6.952,4,regimen,2710193210,regimen_importacion,20,"11,20"
GO Ext. N° 6.952,4,regimen,0305630000,regimen_importacion,"3,5,18","3,5,18,20"
GO Ext. N° 6.952,4,regimen,1901103000,regimen_importacion,"5,12","5,12,20"
GO Ext. N° 6.952,4,regimen,2710193290,regimen_importacion,20,"11,20"
GO Ext. N° 6.952,4,regimen,0305640000,regimen_importacion,"3,5,18","3,5,18,20"
GO Ext. N° 6.952,4,regimen,1901109000,regimen_importacion,"5,12","5,12,20"
GO Ext. N° 6.952,4,regimen,2710199311,regimen_importacion,10,"10,11"
GO Ext. N° 6.952,4,regimen,0305691000,regimen_importacion,"3,5,18","3,5,18,20"
GO Ext. N° 6.952,4,regimen,1901200000,regimen_importacion,"5,12","5,12,20"
GO Ext. N° 6.952,4,regimen,2710199312,regimen_importacion,10,"10,11"
GO Ext. N° 6.952,4,regimen,0305699000,regimen_importacion,"3,5,18","3,5,18,20"
GO Ext. N° 6.952,4,regimen,1902110000,regimen_importacion,"5,12","5,12,20"
GO Ext. N° 6.952,4,regimen,2710199390,regimen_importacion,10,"10,11"
GO Ext. N° 6.952,4,regimen,0306161010,regimen_importacion,"3,5,18","3,5,18,20"
GO Ext. N° 6.952,4,regimen,1902190010,regimen_importacion,"5,12","5,12,20"
GO Ext. N° 6.952,4,regimen,2710199910,regimen_importacion,,11
GO Ext. N° 6.952,4,regimen,0306169010,regimen_importacion,"3,5,18","3,5,18,20"
GO Ext. N° 6.952,4,regimen,1902190020,regimen_importacion,"5,12","5,12,20"
GO Ext. N° 6.952,4,regimen,2710199990,regimen_importacion,,11
GO Ext. N° 6.952,4,regimen,0306171010,regimen_importacion,"3,5,18","3,5,18,20"
GO Ext. N° 6.952,4,regimen,1902190030,regimen_importacion,"5,12","5,12,20"
GO Ext. N° 6.952,4,regimen,3004101110,regimen_importacion,12,3
GO Ext. N° 6.952,4,regimen,0306179010,regimen_importacion,"3,5,18","3,5,18,20"
GO Ext. N° 6.952,4,regimen,1902190040,regimen_importacion,"5,12","5,12,20"
GO Ext. N° 6.952,4,regimen,3004101120,regimen_importacion,13,6
GO Ext. N° 6.952,4,regimen,0402910090,regimen_importacion,"5,12","5,12,20"
GO Ext. N° 6.952,4,regimen,1902190090,regimen_importacion,"5,12","5,12,20"
GO Ext. N° 6.952,4,regimen,3004101211,regimen_importacion,12,3
GO Ext. N° 6.952,4,regimen,0402990010,regimen_importacion,"5,12","5,12,20"
GO Ext. N° 6.952,4,regimen,1902200000,regimen_importacion,"5,12","5,12,20"
GO Ext. N° 6.952,4,regimen,3004101219,regimen_importacion,12,3
GO Ext. N° 6.952,4,regimen,0405100000,regimen_importacion,"5,12","5,12,20"
GO Ext. N° 6.952,4,regimen,1902300000,regimen_importacion,"5,12","5,12,20"
GO Ext. N° 6.952,4,regimen,3004101220,regimen_importacion,13,6
GO Ext. N° 6.952,4,regimen,1006109100,regimen_importacion,"5,6","5,6,9"
GO Ext. N° 6.952,4,regimen,1905100000,regimen_importacion,"5,12","5,12,20"
GO Ext. N° 6.952,4,regimen,3004101310,regimen_importacion,12,3
GO Ext. N° 6.952,4,regimen,1006109200,regimen_importacion,"5,6","5,6,9"
GO Ext. N° 6.952,4,regimen,1905201000,regimen_importacion,"5,12","5,12,20"
GO Ext. N° 6.952,4,regimen,3004101320,regimen_importacion,13,6
GO Ext. N° 6.952,4,regimen,1102200000,regimen_importacion,"5,6","5,6,20"
GO Ext. N° 6.952,4,regimen,1905209000,regimen_importacion,"5,12","5,12,20"
GO Ext. N° 6.952,4,regimen,3004101410,regimen_importacion,12,3
GO Ext. N° 6.952,4,regimen,1102900010,regimen_importacion,"5,6","5,6,20"
GO Ext. N° 6.952,4,regimen,1905400000,regimen_importacion,"5,12","5,12,20"
GO Ext. N° 6.952,4,regimen,3004101420,regimen_importacion,13,6
GO Ext. N° 6.952,4,regimen,1103110000,regimen_importacion,"5,6","5,6,20"
GO Ext. N° 6.952,4,regimen,1905901000,regimen_importacion,"5,12","5,12,20"
GO Ext. N° 6.952,4,regimen,3004101510,regimen_importacion,12,3
GO Ext. N° 6.952,4,regimen,1104190000,regimen_importacion,"5,6","5,6,20"
GO Ext. N° 6.952,4,regimen,2005400000,regimen_importacion,"5,12","5,12,20"
GO Ext. N° 6.952,4,regimen,3004101520,regimen_importacion,13,6
GO Ext. N° 6.952,4,regimen,1508100000,regimen_importacion,5,"5,20"
GO Ext. N° 6.952,4,regimen,2008110000,regimen_importacion,"5,12","5,12,20"
GO Ext. N° 6.952,4,regimen,3004101910,regimen_importacion,12,3
GO Ext. N° 6.952,4,regimen,1508900000,regimen_importacion,"5,12","5,12,20"
GO Ext. N° 6.952,4,regimen,2008190000,regimen_importacion,"5,12","5,12,20"
GO Ext. N° 6.952,4,regimen,3004101920,regimen_importacion,13,6
GO Ext. N° 6.952,4,regimen,1509200010,regimen_importacion,"5,12","5,12,20"
GO Ext. N° 6.952,4,regimen,2008201000,regimen_importacion,"5,12","5,12,20"
GO Ext. N° 6.952,4,regimen,3004102010,regimen_importacion,12,3
GO Ext. N° 6.952,4,regimen,1509200090,regimen_importacion,"5,12","5,12,20"
GO Ext. N° 6.952,4,regimen,2008209000,regimen_importacion,"5,12","5,12,20"
GO Ext. N° 6.952,4,regimen,3004102020,regimen_importacion,13,6
GO Ext. N° 6.952,4,regimen,1509300010,regimen_importacion,"5,12","5,12,20"
GO Ext. N° 6.952,4,regimen,2008300000,regimen_importacion,"5,12","5,12,20"
GO Ext. N° 6.952,4,regimen,3004201111,regimen_importacion,12,3
GO Ext. N° 6.952,4,regimen,1509300090,regimen_importacion,"5,12","5,12,20"
GO Ext. N° 6.952,4,regimen,2008401000,regimen_importacion,"5,12","5,12,20"
GO Ext. N° 6.952,4,regimen,3004201119,regimen_importacion,12,3
GO Ext. N° 6.952,4,regimen,1509400010,regimen_importacion,"5,12","5,12,20"
GO Ext. N° 6.952,4,regimen,2008409000,regimen_importacion,"5,12","5,12,20"
GO Ext. N° 6.952,4,regimen,3004201120,regimen_importacion,13,6
GO Ext. N° 6.952,4,regimen,1509400090,regimen_importacion,"5,12","5,12,20"
GO Ext. N° 6.952,4,regimen,2008500000,regimen_importacion,"5,12","5,12,20"
GO Ext. N° 6.952,4,regimen,3004201911,regimen_importacion,12,3
GO Ext. N° 6.952,4,regimen,1509901010,regimen_importacion,"5,12","5,12,20"
GO Ext. N° 6.952,4,regimen,2008601000,regimen_importacion,"5,12","5,12,20"
GO Ext. N° 6.952,4,regimen,3004201912,regimen_importacion,12,3
GO Ext. N° 6.952,4,regimen,1509901090,regimen_importacion,"5,12","5,12,20"
GO Ext. N° 6.952,4,regimen,2008609000,regimen_importacion,"5,12","5,12,20"
GO Ext. N° 6.952,4,regimen,3004201919,regimen_importacion,12,3
GO Ext. N° 6.952,4,regimen,1509909000,regimen_importacion,"5,12","5,12,20"
GO Ext. N° 6.952,4,regimen,2008701000,regimen_importacion,"5,12","5,12,20"
GO Ext. N° 6.952,4,regimen,3004201920,regimen_importacion,13,6
GO Ext. N° 6.952,4,regimen,1512112000,regimen_importacion,"5,8","5,8,20"
GO Ext. N° 6.952,4,regimen,2008702000,regimen_importacion,"5,12","5,12,20"
GO Ext. N° 6.952,4,regimen,3004202111,regimen_importacion,12,3
GO Ext. N° 6.952,4,regimen,1512192010,regimen_importacion,"5,8,12","5,8,12,20"
GO Ext. N° 6.952,4,regimen,2008709000,regimen_importacion,"5,12","5,12,20"
GO Ext. N° 6.952,4,regimen,3004202119,regimen_importacion,12,3
GO Ext. N° 6.952,4,regimen,1512192090,regimen_importacion,"5,8,12","5,8,12,20"
GO Ext. N° 6.952,4,regimen,2008800000,regimen_importacion,"5,12","5,12,20"
GO Ext. N° 6.952,4,regimen,3004202120,regimen_importacion,13,6
GO Ext. N° 6.952,4,regimen,1512210000,regimen_importacion,"5,8","5,8,20"
GO Ext. N° 6.952,4,regimen,2008910000,regimen_importacion,"5,12","5,12,20"
GO Ext. N° 6.952,4,regimen,3004202911,regimen_importacion,12,3
GO Ext. N° 6.952,4,regimen,1512291010,regimen_importacion,"5,8","5,8,20"
GO Ext. N° 6.952,4,regimen,2008930000,regimen_importacion,"5,12","5,12,20"
GO Ext. N° 6.952,4,regimen,3004202912,regimen_importacion,12,3
GO Ext. N° 6.952,4,regimen,1512291090,regimen_importacion,"5,8","5,8,20"
GO Ext. N° 6.952,4,regimen,2008971000,regimen_importacion,"5,12","5,12,20"
GO Ext. N° 6.952,4,regimen,3004202919,regimen_importacion,12,3
GO Ext. N° 6.952,4,regimen,1514110000,regimen_importacion,5,"5,20"
GO Ext. N° 6.952,4,regimen,2008979000,regimen_importacion,"5,12","5,12,20"
GO Ext. N° 6.952,4,regimen,3004202920,regimen_importacion,13,6
GO Ext. N° 6.952,4,regimen,1514191010,regimen_importacion,5,"5,20"
GO Ext. N° 6.952,4,regimen,2008990000,regimen_importacion,"5,12","5,12,20"
GO Ext. N° 6.952,4,regimen,3004203111,regimen_importacion,12,3
GO Ext. N° 6.952,4,regimen,1514191090,regimen_importacion,5,"5,20"
GO Ext. N° 6.952,4,regimen,2009110000,regimen_importacion,"5,12","5,12,20"
GO Ext. N° 6.952,4,regimen,3004203119,regimen_importacion,12,3
GO Ext. N° 6.952,4,regimen,1514199000,regimen_importacion,5,"5,20"
GO Ext. N° 6.952,4,regimen,2009120000,regimen_importacion,"5,12","5,12,20"
GO Ext. N° 6.952,4,regimen,3004203120,regimen_importacion,13,6
GO Ext. N° 6.952,4,regimen,1514910000,regimen_importacion,5,"5,20"
GO Ext. N° 6.952,4,regimen,2009190000,regimen_importacion,"5,12","5,12,20"
GO Ext. N° 6.952,4,regimen,3004203211,regimen_importacion,12,3
GO Ext. N° 6.952,4,regimen,1514991000,regimen_importacion,5,"5,20"
GO Ext. N° 6.952,4,regimen,2009210000,regimen_importacion,"5,12","5,12,20"
GO Ext. N° 6.952,4,regimen,3004203219,regimen_importacion,12,3
GO Ext. N° 6.952,4,regimen,1514999000,regimen_importacion,5,"5,20"
GO Ext. N° 6.952,4,regimen,2009290000,regimen_importacion,"5,12","5,12,20"
GO Ext. N° 6.952,4,regimen,3004203220,regimen_importacion,13,6
GO Ext. N° 6.952,4,regimen,1515110000,regimen_importacion,5,"5,20"
GO Ext. N° 6.952,4,regimen,2103201000,regimen_importacion,"5,12","5,12,20"
GO Ext. N° 6.952,4,regimen,3004203911,regimen_importacion,12,3
GO Ext. N° 6.952,4,regimen,1515190000,regimen_importacion,5,"5,20"
GO Ext. N° 6.952,4,regimen,2103209000,regimen_importacion,"5,12","5,12,20"
GO Ext. N° 6.952,4,regimen,3004203919,regimen_importacion,12,3
GO Ext. N° 6.952,4,regimen,3004203920,regimen_importacion,13,6
GO Ext. N° 6.952,4,regimen,3004391211,regimen_importacion,12,3
GO Ext. N° 6.952,4,regimen,3004398119,regimen_importacion,12,3
GO Ext. N° 6.952,4,regimen,3004204111,regimen_importacion,12,3
GO Ext. N° 6.952,4,regimen,3004391219,regimen_importacion,12,3
GO Ext. N° 6.952,4,regimen,3004398120,regimen_importacion,13,6
GO Ext. N° 6.952,4,regimen,3004204119,regimen_importacion,12,3
GO Ext. N° 6.952,4,regimen,3004391220,regimen_importacion,13,6
GO Ext. N° 6.952,4,regimen,3004398211,regimen_importacion,12,3
GO Ext. N° 6.952,4,regimen,3004204120,regimen_importacion,13,6
GO Ext. N° 6.952,4,regimen,3004391311,regimen_importacion,12,3
GO Ext. N° 6.952,4,regimen,3004398219,regimen_importacion,12,3
GO Ext. N° 6.952,4,regimen,3004204911,regimen_importacion,12,3
GO Ext. N° 6.952,4,regimen,3004391319,regimen_importacion,12,3
GO Ext. N° 6.952,4,regimen,3004398220,regimen_importacion,13,6
GO Ext. N° 6.952,4,regimen,3004204919,regimen_importacion,12,3
GO Ext. N° 6.952,4,regimen,3004391320,regimen_importacion,13,6
GO Ext. N° 6.952,4,regimen,3004399111,regimen_importacion,12,3
GO Ext. N° 6.952,4,regimen,3004204920,regimen_importacion,13,6
GO Ext. N° 6.952,4,regimen,3004391411,regimen_importacion,12,3
GO Ext. N° 6.952,4,regimen,3004399119,regimen_importacion,12,3
GO Ext. N° 6.952,4,regimen,3004205111,regimen_importacion,12,3
GO Ext. N° 6.952,4,regimen,3004391419,regimen_importacion,12,3
GO Ext. N° 6.952,4,regimen,3004399120,regimen_importacion,13,6
GO Ext. N° 6.952,4,regimen,3004205119,regimen_importacion,12,3
GO Ext. N° 6.952,4,regimen,3004391420,regimen_importacion,13,6
GO Ext. N° 6.952,4,regimen,3004399211,regimen_importacion,12,3
GO Ext. N° 6.952,4,regimen,3004205120,regimen_importacion,13,6
GO Ext. N° 6.952,4,regimen,3004391511,regimen_importacion,12,3
GO Ext. N° 6.952,4,regimen,3004399219,regimen_importacion,12,3
GO Ext. N° 6.952,4,regimen,3004205211,regimen_importacion,12,3
GO Ext. N° 6.952,4,regimen,3004391519,regimen_importacion,12,3
GO Ext. N° 6.952,4,regimen,3004399220,regimen_importacion,13,6
GO Ext. N° 6.952,4,regimen,3004205219,regimen_importacion,12,3
GO Ext. N° 6.952,4,regimen,3004391520,regimen_importacion,13,6
GO Ext. N° 6.952,4,regimen,3004399411,regimen_importacion,12,3
GO Ext. N° 6.952,4,regimen,3004205220,regimen_importacion,13,6
GO Ext. N° 6.952,4,regimen,3004391611,regimen_importacion,12,3
GO Ext. N° 6.952,4,regimen,3004399419,regimen_importacion,12,3
GO Ext. N° 6.952,4,regimen,3004205911,regimen_importacion,12,3
GO Ext. N° 6.952,4,regimen,3004391619,regimen_importacion,12,3
GO Ext. N° 6.952,4,regimen,3004399420,regimen_importacion,13,6
GO Ext. N° 6.952,4,regimen,3004205912,regimen_importacion,12,3
GO Ext. N° 6.952,4,regimen,3004391620,regimen_importacion,13,6
GO Ext. N° 6.952,4,regimen,3004399911,regimen_importacion,12,3
GO Ext. N° 6.952,4,regimen,3004205919,regimen_importacion,12,3
GO Ext. N° 6.952,4,regimen,3004391711,regimen_importacion,12,3
GO Ext. N° 6.952,4,regimen,3004399912,regimen_importacion,13,6
GO Ext. N° 6.952,4,regimen,3004205920,regimen_importacion,13,6
GO Ext. N° 6.952,4,regimen,3004391719,regimen_importacion,12,3
GO Ext. N° 6.952,4,regimen,3004399919,regimen_importacion,12,3
GO Ext. N° 6.952,4,regimen,3004206111,regimen_importacion,12,3
GO Ext. N° 6.952,4,regimen,3004391720,regimen_importacion,13,6
GO Ext. N° 6.952,4,regimen,3004399920,regimen_importacion,13,6
GO Ext. N° 6.952,4,regimen,3004206119,regimen_importacion,12,3
GO Ext. N° 6.952,4,regimen,3004391811,regimen_importacion,12,3
GO Ext. N° 6.952,4,regimen,3004410010,regimen_importacion,12,3
GO Ext. N° 6.952,4,regimen,3004206120,regimen_importacion,13,6
GO Ext. N° 6.952,4,regimen,3004391819,regimen_importacion,12,3
GO Ext. N° 6.952,4,regimen,3004410020,regimen_importacion,13,6
GO Ext. N° 6.952,4,regimen,3004206211,regimen_importacion,12,3
GO Ext. N° 6.952,4,regimen,3004391820,regimen_importacion,13,6
GO Ext. N° 6.952,4,regimen,3004420010,regimen_importacion,12,3
GO Ext. N° 6.952,4,regimen,3004206219,regimen_importacion,12,3
GO Ext. N° 6.952,4,regimen,3004391911,regimen_importacion,12,3
GO Ext. N° 6.952,4,regimen,3004420020,regimen_importacion,13,6
GO Ext. N° 6.952,4,regimen,3004206220,regimen_importacion,13,6
GO Ext. N° 6.952,4,regimen,3004391919,regimen_importacion,12,3
GO Ext. N° 6.952,4,regimen,3004430010,regimen_importacion,12,3
GO Ext. N° 6.952,4,regimen,3004206311,regimen_importacion,12,3
GO Ext. N° 6.952,4,regimen,3004391920,regimen_importacion,13,6
GO Ext. N° 6.952,4,regimen,3004430020,regimen_importacion,13,6
GO Ext. N° 6.952,4,regimen,3004206319,regimen_importacion,12,3
GO Ext. N° 6.952,4,regimen,3004392111,regimen_importacion,12,3
GO Ext. N° 6.952,4,regimen,3004491010,regimen_importacion,12,3
GO Ext. N° 6.952,4,regimen,3004206320,regimen_importacion,13,6
GO Ext. N° 6.952,4,regimen,3004392119,regimen_importacion,12,3
GO Ext. N° 6.952,4,regimen,3004491020,regimen_importacion,13,6
GO Ext. N° 6.952,4,regimen,3004206911,regimen_importacion,12,3
GO Ext. N° 6.952,4,regimen,3004392120,regimen_importacion,13,6
GO Ext. N° 6.952,4,regimen,3004492010,regimen_importacion,12,3
GO Ext. N° 6.952,4,regimen,3004206912,regimen_importacion,12,3
GO Ext. N° 6.952,4,regimen,3004392211,regimen_importacion,12,3
GO Ext. N° 6.952,4,regimen,3004492020,regimen_importacion,13,6
GO Ext. N° 6.952,4,regimen,3004206919,regimen_importacion,12,3
GO Ext. N° 6.952,4,regimen,3004392219,regimen_importacion,12,3
GO Ext. N° 6.952,4,regimen,3004493010,regimen_importacion,12,3
GO Ext. N° 6.952,4,regimen,3004206920,regimen_importacion,13,6
GO Ext. N° 6.952,4,regimen,3004392220,regimen_importacion,13,6
GO Ext. N° 6.952,4,regimen,3004493020,regimen_importacion,13,6
GO Ext. N° 6.952,4,regimen,3004207111,regimen_importacion,12,3
GO Ext. N° 6.952,4,regimen,3004392311,regimen_importacion,12,3
GO Ext. N° 6.952,4,regimen,3004494010,regimen_importacion,12,3
GO Ext. N° 6.952,4,regimen,3004207119,regimen_importacion,12,3
GO Ext. N° 6.952,4,regimen,3004392319,regimen_importacion,12,3
GO Ext. N° 6.952,4,regimen,3004494020,regimen_importacion,13,6
GO Ext. N° 6.952,4,regimen,3004207120,regimen_importacion,13,6
GO Ext. N° 6.952,4,regimen,3004392320,regimen_importacion,13,6
GO Ext. N° 6.952,4,regimen,3004495010,regimen_importacion,12,3
GO Ext. N° 6.952,4,regimen,3004207211,regimen_importacion,12,3
GO Ext. N° 6.952,4,regimen,3004392411,regimen_importacion,12,3
GO Ext. N° 6.952,4,regimen,3004495020,regimen_importacion,13,6
GO Ext. N° 6.952,4,regimen,3004207219,regimen_importacion,12,3
GO Ext. N° 6.952,4,regimen,3004392419,regimen_importacion,12,3
GO Ext. N° 6.952,4,regimen,3004499011,regimen_importacion,12,3
GO Ext. N° 6.952,4,regimen,3004207220,regimen_importacion,13,6
GO Ext. N° 6.952,4,regimen,3004392420,regimen_importacion,13,6
GO Ext. N° 6.952,4,regimen,3004499019,regimen_importacion,12,3
GO Ext. N° 6.952,4,regimen,3004207311,regimen_importacion,12,3
GO Ext. N° 6.952,4,regimen,3004392511,regimen_importacion,12,3
GO Ext. N° 6.952,4,regimen,3004499020,regimen_importacion,13,6
GO Ext. N° 6.952,4,regimen,3004207319,regimen_importacion,12,3
GO Ext. N° 6.952,4,regimen,3004392519,regimen_importacion,12,3
GO Ext. N° 6.952,4,regimen,3004501010,regimen_importacion,12,3
GO Ext. N° 6.952,4,regimen,3004207320,regimen_importacion,13,6
GO Ext. N° 6.952,4,regimen,3004392520,regimen_importacion,13,6
GO Ext. N° 6.952,4,regimen,3004501020,regimen_importacion,13,6
GO Ext. N° 6.952,4,regimen,3004207911,regimen_importacion,12,3
GO Ext. N° 6.952,4,regimen,3004392611,regimen_importacion,12,3
GO Ext. N° 6.952,4,regimen,3004502010,regimen_importacion,12,3
GO Ext. N° 6.952,4,regimen,3004207919,regimen_importacion,12,3
GO Ext. N° 6.952,4,regimen,3004392619,regimen_importacion,12,3
GO Ext. N° 6.952,4,regimen,3004502020,regimen_importacion,13,6
GO Ext. N° 6.952,4,regimen,3004207920,regimen_importacion,13,6
GO Ext. N° 6.952,4,regimen,3004392620,regimen_importacion,13,6
GO Ext. N° 6.952,4,regimen,3004503010,regimen_importacion,12,3
GO Ext. N° 6.952,4,regimen,3004209111,regimen_importacion,12,3
GO Ext. N° 6.952,4,regimen,3004392711,regimen_importacion,12,3
GO Ext. N° 6.952,4,regimen,3004503020,regimen_importacion,13,6
GO Ext. N° 6.952,4,regimen,3004209119,regimen_importacion,12,3
GO Ext. N° 6.952,4,regimen,3004392719,regimen_importacion,12,3
GO Ext. N° 6.952,4,regimen,3004504010,regimen_importacion,12,3
GO Ext. N° 6.952,4,regimen,3004209120,regimen_importacion,13,6
GO Ext. N° 6.952,4,regimen,3004392720,regimen_importacion,13,6
GO Ext. N° 6.952,4,regimen,3004504020,regimen_importacion,13,6
GO Ext. N° 6.952,4,regimen,3004209211,regimen_importacion,12,3
GO Ext. N° 6.952,4,regimen,3004392811,regimen_importacion,12,3
GO Ext. N° 6.952,4,regimen,3004505010,regimen_importacion,12,3
GO Ext. N° 6.952,4,regimen,3004209219,regimen_importacion,12,3
GO Ext. N° 6.952,4,regimen,3004392819,regimen_importacion,12,3
GO Ext. N° 6.952,4,regimen,3004505020,regimen_importacion,13,6
GO Ext. N° 6.952,4,regimen,3004209220,regimen_importacion,13,6
GO Ext. N° 6.952,4,regimen,3004392820,regimen_importacion,13,6
GO Ext. N° 6.952,4,regimen,3004506010,regimen_importacion,12,3
GO Ext. N° 6.952,4,regimen,3004209311,regimen_importacion,12,3
GO Ext. N° 6.952,4,regimen,3004392911,regimen_importacion,12,3
GO Ext. N° 6.952,4,regimen,3004506020,regimen_importacion,13,6
GO Ext. N° 6.952,4,regimen,3004209319,regimen_importacion,12,3
GO Ext. N° 6.952,4,regimen,3004392919,regimen_importacion,12,3
GO Ext. N° 6.952,4,regimen,3004509011,regimen_importacion,12,3
GO Ext. N° 6.952,4,regimen,3004209320,regimen_importacion,13,6
GO Ext. N° 6.952,4,regimen,3004392920,regimen_importacion,13,6
GO Ext. N° 6.952,4,regimen,3004509012,regimen_importacion,12,3
GO Ext. N° 6.952,4,regimen,3004209411,regimen_importacion,12,3
GO Ext. N° 6.952,4,regimen,3004393111,regimen_importacion,12,3
GO Ext. N° 6.952,4,regimen,3004509019,regimen_importacion,12,3
GO Ext. N° 6.952,4,regimen,3004209419,regimen_importacion,12,3
GO Ext. N° 6.952,4,regimen,3004393119,regimen_importacion,12,3
GO Ext. N° 6.952,4,regimen,3004509020,regimen_importacion,13,6
GO Ext. N° 6.952,4,regimen,3004209420,regimen_importacion,13,6
GO Ext. N° 6.952,4,regimen,3004393120,regimen_importacion,13,6
GO Ext. N° 6.952,4,regimen,3004600000,regimen_importacion,12,3
GO Ext. N° 6.952,4,regimen,3004209511,regimen_importacion,12,3
GO Ext. N° 6.952,4,regimen,3004393211,regimen_importacion,12,3
GO Ext. N° 6.952,4,regimen,3004901110,regimen_importacion,12,3
GO Ext. N° 6.952,4,regimen,3004209519,regimen_importacion,12,3
GO Ext. N° 6.952,4,regimen,3004393219,regimen_importacion,12,3
GO Ext. N° 6.952,4,regimen,3004901120,regimen_importacion,13,6
GO Ext. N° 6.952,4,regimen,3004209520,regimen_importacion,13,6
GO Ext. N° 6.952,4,regimen,3004393220,regimen_importacion,13,6
GO Ext. N° 6.952,4,regimen,3004901210,regimen_importacion,12,3
GO Ext. N° 6.952,4,regimen,3004209911,regimen_importacion,12,3
GO Ext. N° 6.952,4,regimen,3004393311,regimen_importacion,12,3
GO Ext. N° 6.952,4,regimen,3004901220,regimen_importacion,13,6
GO Ext. N° 6.952,4,regimen,3004209912,regimen_importacion,12,3
GO Ext. N° 6.952,4,regimen,3004393319,regimen_importacion,12,3
GO Ext. N° 6.952,4,regimen,3004901310,regimen_importacion,12,3
GO Ext. N° 6.952,4,regimen,3004209919,regimen_importacion,12,3
GO Ext. N° 6.952,4,regimen,3004393320,regimen_importacion,13,6
GO Ext. N° 6.952,4,regimen,3004901320,regimen_importacion,13,6
GO Ext. N° 6.952,4,regimen,3004209920,regimen_importacion,13,6
GO Ext. N° 6.952,4,regimen,3004393411,regimen_importacion,12,3
GO Ext. N° 6.952,4,regimen,3004901410,regimen_importacion,12,3
GO Ext. N° 6.952,4,regimen,3004310010,regimen_importacion,12,3
GO Ext. N° 6.952,4,regimen,3004393419,regimen_importacion,12,3
GO Ext. N° 6.952,4,regimen,3004901420,regimen_importacion,13,6
GO Ext. N° 6.952,4,regimen,3004310020,regimen_importacion,13,6
GO Ext. N° 6.952,4,regimen,3004393420,regimen_importacion,13,6
GO Ext. N° 6.952,4,regimen,3004901510,regimen_importacion,12,3
GO Ext. N° 6.952,4,regimen,3004321011,regimen_importacion,12,3
GO Ext. N° 6.952,4,regimen,3004393511,regimen_importacion,12,3
GO Ext. N° 6.952,4,regimen,3004901520,regimen_importacion,13,6
GO Ext. N° 6.952,4,regimen,3004321012,regimen_importacion,12,3
GO Ext. N° 6.952,4,regimen,3004393519,regimen_importacion,12,3
GO Ext. N° 6.952,4,regimen,3004901911,regimen_importacion,12,3
GO Ext. N° 6.952,4,regimen,3004321019,regimen_importacion,12,3
GO Ext. N° 6.952,4,regimen,3004393520,regimen_importacion,13,6
GO Ext. N° 6.952,4,regimen,3004901919,regimen_importacion,13,6
GO Ext. N° 6.952,4,regimen,3004321020,regimen_importacion,13,6
GO Ext. N° 6.952,4,regimen,3004393611,regimen_importacion,12,3
GO Ext. N° 6.952,4,regimen,3004901920,regimen_importacion,13,6
GO Ext. N° 6.952,4,regimen,3004322011,regimen_importacion,12,3
GO Ext. N° 6.952,4,regimen,3004393619,regimen_importacion,12,3
GO Ext. N° 6.952,4,regimen,3004902110,regimen_importacion,12,3
GO Ext. N° 6.952,4,regimen,3004322019,regimen_importacion,12,3
GO Ext. N° 6.952,4,regimen,3004393620,regimen_importacion,13,6
GO Ext. N° 6.952,4,regimen,3004902120,regimen_importacion,13,6
GO Ext. N° 6.952,4,regimen,3004322020,regimen_importacion,13,6
GO Ext. N° 6.952,4,regimen,3004393711,regimen_importacion,12,3
GO Ext. N° 6.952,4,regimen,3004902210,regimen_importacion,12,3
GO Ext. N° 6.952,4,regimen,3004329011,regimen_importacion,12,3
GO Ext. N° 6.952,4,regimen,3004393719,regimen_importacion,12,3
GO Ext. N° 6.952,4,regimen,3004902220,regimen_importacion,13,6
GO Ext. N° 6.952,4,regimen,3004329019,regimen_importacion,12,3
GO Ext. N° 6.952,4,regimen,3004393720,regimen_importacion,13,6
GO Ext. N° 6.952,4,regimen,3004902310,regimen_importacion,12,3
GO Ext. N° 6.952,4,regimen,3004329020,regimen_importacion,13,6
GO Ext. N° 6.952,4,regimen,3004393911,regimen_importacion,12,3
GO Ext. N° 6.952,4,regimen,3004902320,regimen_importacion,13,6
GO Ext. N° 6.952,4,regimen,3004391111,regimen_importacion,12,3
GO Ext. N° 6.952,4,regimen,3004393919,regimen_importacion,12,3
GO Ext. N° 6.952,4,regimen,3004902411,regimen_importacion,12,3
GO Ext. N° 6.952,4,regimen,3004391119,regimen_importacion,12,3
GO Ext. N° 6.952,4,regimen,3004393920,regimen_importacion,13,6
GO Ext. N° 6.952,4,regimen,3004902419,regimen_importacion,12,3
GO Ext. N° 6.952,4,regimen,3004391120,regimen_importacion,13,6
GO Ext. N° 6.952,4,regimen,3004398111,regimen_importacion,12,3
GO Ext. N° 6.952,4,regimen,3004902420,regimen_importacion,13,6
GO Ext. N° 6.952,4,regimen,3004902510,regimen_importacion,12,3
GO Ext. N° 6.952,4,regimen,3004906320,regimen_importacion,13,6
GO Ext. N° 6.952,4,regimen,9801000092,regimen_importacion,,9
GO Ext. N° 6.952,4,regimen,3004902520,regimen_importacion,13,6
GO Ext. N° 6.952,4,regimen,3004906411,regimen_importacion,12,3
GO Ext. N° 6.952,4,regimen,9801000093,regimen_importacion,,9
GO Ext. N° 6.952,4,regimen,3004902610,regimen_importacion,12,3
GO Ext. N° 6.952,4,regimen,3004906419,regimen_importacion,12,3
GO Ext. N° 6.952,4,regimen,9801000094,regimen_importacion,,9
GO Ext. N° 6.952,4,regimen,3004902620,regimen_importacion,13,6
GO Ext. N° 6.952,4,regimen,3004906420,regimen_importacion,13,6
GO Ext. N° 6.952,4,regimen,9801000095,regimen_importacion,,9
GO Ext. N° 6.952,4,regimen,3004902710,regimen_importacion,12,3
GO Ext. N° 6.952,4,regimen,3004906510,regimen_importacion,12,3
GO Ext. N° 6.952,4,regimen,9802000011,regimen_importacion,,9
GO Ext. N° 6.952,4,regimen,3004902720,regimen_importacion,13,6
GO Ext. N° 6.952,4,regimen,3004906520,regimen_importacion,13,6
GO Ext. N° 6.952,4,regimen,9802000012,regimen_importacion,,9
GO Ext. N° 6.952,4,regimen,3004902810,regimen_importacion,12,3
GO Ext. N° 6.952,4,regimen,3004906611,regimen_importacion,12,3
GO Ext. N° 6.952,4,regimen,9802000013,regimen_importacion,,9
GO Ext. N° 6.952,4,regimen,3004902820,regimen_importacion,13,6
GO Ext. N° 6.952,4,regimen,3004906619,regimen_importacion,12,3
GO Ext. N° 6.952,4,regimen,9802000021,regimen_importacion,,9
GO Ext. N° 6.952,4,regimen,3004902911,regimen_importacion,12,3
GO Ext. N° 6.952,4,regimen,3004906620,regimen_importacion,13,6
GO Ext. N° 6.952,4,regimen,9802000022,regimen_importacion,,9
GO Ext. N° 6.952,4,regimen,3004902919,regimen_importacion,12,3
GO Ext. N° 6.952,4,regimen,3004906719,regimen_importacion,12,3
GO Ext. N° 6.952,4,regimen,9802000023,regimen_importacion,,9
GO Ext. N° 6.952,4,regimen,3004902920,regimen_importacion,13,6
GO Ext. N° 6.952,4,regimen,3004906720,regimen_importacion,13,6
GO Ext. N° 6.952,4,regimen,9802000029,regimen_importacion,,9
GO Ext. N° 6.952,4,regimen,3004903110,regimen_importacion,12,3
GO Ext. N° 6.952,4,regimen,3004906810,regimen_importacion,12,3
GO Ext. N° 6.952,4,regimen,9802000031,regimen_importacion,,9
GO Ext. N° 6.952,4,regimen,3004903120,regimen_importacion,13,6
GO Ext. N° 6.952,4,regimen,3004906820,regimen_importacion,13,6
GO Ext. N° 6.952,4,regimen,9802000032,regimen_importacion,,9
GO Ext. N° 6.952,4,regimen,3004903210,regimen_importacion,12,3
GO Ext. N° 6.952,4,regimen,3004906911,regimen_importacion,12,3
GO Ext. N° 6.952,4,regimen,9802000033,regimen_importacion,,9
GO Ext. N° 6.952,4,regimen,3004903220,regimen_importacion,13,6
GO Ext. N° 6.952,4,regimen,3004906912,regimen_importacion,12,3
GO Ext. N° 6.952,4,regimen,9802000039,regimen_importacion,,9
GO Ext. N° 6.952,4,regimen,3004903310,regimen_importacion,12,3
GO Ext. N° 6.952,4,regimen,3004906913,regimen_importacion,12,3
GO Ext. N° 6.952,4,regimen,9802000040,regimen_importacion,,9
GO Ext. N° 6.952,4,regimen,3004903320,regimen_importacion,13,6
GO Ext. N° 6.952,4,regimen,3004906919,regimen_importacion,12,3
GO Ext. N° 6.952,4,regimen,9802000091,regimen_importacion,,9
GO Ext. N° 6.952,4,regimen,3004903410,regimen_importacion,12,3
GO Ext. N° 6.952,4,regimen,3004906920,regimen_importacion,13,6
GO Ext. N° 6.952,4,regimen,9802000092,regimen_importacion,,9
GO Ext. N° 6.952,4,regimen,3004903420,regimen_importacion,13,6
GO Ext. N° 6.952,4,regimen,3004907110,regimen_importacion,12,3
GO Ext. N° 6.952,4,regimen,9802000093,regimen_importacion,,9
GO Ext. N° 6.952,4,regimen,3004903510,regimen_importacion,12,3
GO Ext. N° 6.952,4,regimen,3004907120,regimen_importacion,13,6
GO Ext. N° 6.952,4,regimen,9802000099,regimen_importacion,,9
GO Ext. N° 6.952,4,regimen,3004903520,regimen_importacion,13,6
GO Ext. N° 6.952,4,regimen,3004907210,regimen_importacion,12,3
GO Ext. N° 6.952,4,regimen,9803000011,regimen_importacion,,9
GO Ext. N° 6.952,4,regimen,3004903610,regimen_importacion,12,3
GO Ext. N° 6.952,4,regimen,3004907220,regimen_importacion,13,6
GO Ext. N° 6.952,4,regimen,9803000012,regimen_importacion,,9
GO Ext. N° 6.952,4,regimen,3004903620,regimen_importacion,13,6
GO Ext. N° 6.952,4,regimen,3004907311,regimen_importacion,12,3
GO Ext. N° 6.952,4,regimen,9803000014,regimen_importacion,,9
GO Ext. N° 6.952,4,regimen,3004903710,regimen_importacion,12,3
GO Ext. N° 6.952,4,regimen,3004907319,regimen_importacion,12,3
GO Ext. N° 6.952,4,regimen,9803000015,regimen_importacion,,9
GO Ext. N° 6.952,4,regimen,3004903720,regimen_importacion,13,6
GO Ext. N° 6.952,4,regimen,3004907320,regimen_importacion,13,6
GO Ext. N° 6.952,4,regimen,9803000016,regimen_importacion,,9
GO Ext. N° 6.952,4,regimen,3004903810,regimen_importacion,12,3
GO Ext. N° 6.952,4,regimen,3004907410,regimen_importacion,12,3
GO Ext. N° 6.952,4,regimen,9803000017,regimen_importacion,,9
GO Ext. N° 6.952,4,regimen,3004903820,regimen_importacion,13,6
GO Ext. N° 6.952,4,regimen,3004907420,regimen_importacion,13,6
GO Ext. N° 6.952,4,regimen,9803000018,regimen_importacion,,9
GO Ext. N° 6.952,4,regimen,3004903911,regimen_importacion,12,3
GO Ext. N° 6.952,4,regimen,3004907510,regimen_importacion,12,3
GO Ext. N° 6.952,4,regimen,9803000019,regimen_importacion,,9
GO Ext. N° 6.952,4,regimen,3004903919,regimen_importacion,12,3
GO Ext. N° 6.952,4,regimen,3004907520,regimen_importacion,13,6
GO Ext. N° 6.952,4,regimen,9803000021,regimen_importacion,,9
GO Ext. N° 6.952,4,regimen,3004903920,regimen_importacion,13,6
GO Ext. N° 6.952,4,regimen,3004907610,regimen_importacion,12,3
GO Ext. N° 6.952,4,regimen,9803000022,regimen_importacion,,9
GO Ext. N° 6.952,4,regimen,3004904111,regimen_importacion,12,3
GO Ext. N° 6.952,4,regimen,3004907620,regimen_importacion,13,6
GO Ext. N° 6.952,4,regimen,9803000023,regimen_importacion,,9
GO Ext. N° 6.952,4,regimen,3004904119,regimen_importacion,12,3
GO Ext. N° 6.952,4,regimen,3004907711,regimen_importacion,12,3
GO Ext. N° 6.952,4,regimen,9803000024,regimen_importacion,,9
GO Ext. N° 6.952,4,regimen,3004904120,regimen_importacion,13,6
GO Ext. N° 6.952,4,regimen,3004907719,regimen_importacion,12,3
GO Ext. N° 6.952,4,regimen,9803000025,regimen_importacion,,9
GO Ext. N° 6.952,4,regimen,3004904211,regimen_importacion,12,3
GO Ext. N° 6.952,4,regimen,3004907720,regimen_importacion,13,6
GO Ext. N° 6.952,4,regimen,9803000026,regimen_importacion,,9
GO Ext. N° 6.952,4,regimen,3004904219,regimen_importacion,12,3
GO Ext. N° 6.952,4,regimen,3004907810,regimen_importacion,12,3
GO Ext. N° 6.952,4,regimen,9803000027,regimen_importacion,,9
GO Ext. N° 6.952,4,regimen,3004904220,regimen_importacion,13,6
GO Ext. N° 6.952,4,regimen,3004907820,regimen_importacion,13,6
GO Ext. N° 6.952,4,regimen,9803000028,regimen_importacion,,9
GO Ext. N° 6.952,4,regimen,3004904310,regimen_importacion,12,3
GO Ext. N° 6.952,4,regimen,3004907911,regimen_importacion,12,3
GO Ext. N° 6.952,4,regimen,9803000029,regimen_importacion,,9
GO Ext. N° 6.952,4,regimen,3004904320,regimen_importacion,13,6
GO Ext. N° 6.952,4,regimen,3004907912,regimen_importacion,12,3
GO Ext. N° 6.952,4,regimen,9803000030,regimen_importacion,,9
GO Ext. N° 6.952,4,regimen,3004904410,regimen_importacion,12,3
GO Ext. N° 6.952,4,regimen,3004907919,regimen_importacion,12,3
GO Ext. N° 6.952,4,regimen,9803000040,regimen_importacion,,9
GO Ext. N° 6.952,4,regimen,3004904420,regimen_importacion,13,6
GO Ext. N° 6.952,4,regimen,3004907920,regimen_importacion,13,6
GO Ext. N° 6.952,4,regimen,9803000050,regimen_importacion,,9
GO Ext. N° 6.952,4,regimen,3004904511,regimen_importacion,12,3
GO Ext. N° 6.952,4,regimen,3004909110,regimen_importacion,12,3
GO Ext. N° 6.952,4,regimen,9803000060,regimen_importacion,,9
GO Ext. N° 6.952,4,regimen,3004904519,regimen_importacion,12,3
GO Ext. N° 6.952,4,regimen,3004909120,regimen_importacion,13,6
GO Ext. N° 6.952,4,regimen,9803000070,regimen_importacion,,9
GO Ext. N° 6.952,4,regimen,3004904520,regimen_importacion,13,6
GO Ext. N° 6.952,4,regimen,3004909210,regimen_importacion,12,3
GO Ext. N° 6.952,4,regimen,9803000090,regimen_importacion,,9
GO Ext. N° 6.952,4,regimen,3004904610,regimen_importacion,12,3
GO Ext. N° 6.952,4,regimen,3004909220,regimen_importacion,13,6
GO Ext. N° 6.952,4,regimen,9804000012,regimen_importacion,,9
GO Ext. N° 6.952,4,regimen,3004904620,regimen_importacion,13,6
GO Ext. N° 6.952,4,regimen,3004909310,regimen_importacion,12,3
GO Ext. N° 6.952,4,regimen,9804000022,regimen_importacion,,9
GO Ext. N° 6.952,4,regimen,3004904710,regimen_importacion,12,3
GO Ext. N° 6.952,4,regimen,3004909320,regimen_importacion,13,6
GO Ext. N° 6.952,4,regimen,9804000023,regimen_importacion,,9
GO Ext. N° 6.952,4,regimen,3004904720,regimen_importacion,13,6
GO Ext. N° 6.952,4,regimen,3004909410,regimen_importacion,12,3
GO Ext. N° 6.952,4,regimen,9804000024,regimen_importacion,,9
GO Ext. N° 6.952,4,regimen,3004904810,regimen_importacion,12,3
GO Ext. N° 6.952,4,regimen,3004909420,regimen_importacion,13,6
GO Ext. N° 6.952,4,regimen,9804000031,regimen_importacion,,9
GO Ext. N° 6.952,4,regimen,3004904820,regimen_importacion,13,6
GO Ext. N° 6.952,4,regimen,3004909510,regimen_importacion,12,3
GO Ext. N° 6.952,4,regimen,9804000032,regimen_importacion,,9
GO Ext. N° 6.952,4,regimen,3004904911,regimen_importacion,12,3
GO Ext. N° 6.952,4,regimen,3004909520,regimen_importacion,13,6
GO Ext. N° 6.952,4,regimen,9804000033,regimen_importacion,,9
GO Ext. N° 6.952,4,regimen,3004904919,regimen_importacion,12,3
GO Ext. N° 6.952,4,regimen,3004909610,regimen_importacion,12,3
GO Ext. N° 6.952,4,regimen,9804000034,regimen_importacion,,9
GO Ext. N° 6.952,4,regimen,3004904920,regimen_importacion,13,6
GO Ext. N° 6.952,4,regimen,3004909620,regimen_importacion,13,6
GO Ext. N° 6.952,4,regimen,9804000041,regimen_importacion,,9
GO Ext. N° 6.952,4,regimen,3004905110,regimen_importacion,12,3
GO Ext. N° 6.952,4,regimen,3004909700,regimen_importacion,12,3
GO Ext. N° 6.952,4,regimen,9804000042,regimen_importacion,,9
GO Ext. N° 6.952,4,regimen,3004905120,regimen_importacion,13,6
GO Ext. N° 6.952,4,regimen,3307201090,regimen_importacion,12,"12,20"
GO Ext. N° 6.952,4,regimen,9804000043,regimen_importacion,,9
GO Ext. N° 6.952,4,regimen,3004905210,regimen_importacion,12,3
GO Ext. N° 6.952,4,regimen,3307209010,regimen_importacion,12,"12,20"
GO Ext. N° 6.952,4,regimen,9804000044,regimen_importacion,,9
GO Ext. N° 6.952,4,regimen,3004905220,regimen_importacion,13,6
GO Ext. N° 6.952,4,regimen,3307209090,regimen_importacion,12,"12,20"
GO Ext. N° 6.952,4,regimen,9804000051,regimen_importacion,,9
GO Ext. N° 6.952,4,regimen,3004905310,regimen_importacion,12,3
GO Ext. N° 6.952,4,regimen,3307900090,regimen_importacion,12,"9,12"
GO Ext. N° 6.952,4,regimen,9804000052,regimen_importacion,,9
GO Ext. N° 6.952,4,regimen,3004905320,regimen_importacion,13,6
GO Ext. N° 6.952,4,regimen,3403190021,regimen_importacion,9,11
GO Ext. N° 6.952,4,regimen,9804000053,regimen_importacion,,9
GO Ext. N° 6.952,4,regimen,3004905410,regimen_importacion,12,3
GO Ext. N° 6.952,4,regimen,3403190029,regimen_importacion,,11
GO Ext. N° 6.952,4,regimen,9804000054,regimen_importacion,,9
GO Ext. N° 6.952,4,regimen,3004905420,regimen_importacion,13,6
GO Ext. N° 6.952,4,regimen,3403190090,regimen_importacion,,11
GO Ext. N° 6.952,4,regimen,9804000090,regimen_importacion,,9
GO Ext. N° 6.952,4,regimen,3004905510,regimen_importacion,12,3
GO Ext. N° 6.952,4,regimen,3403990021,regimen_importacion,,11
GO Ext. N° 6.952,4,regimen,9805000010,regimen_importacion,,9
GO Ext. N° 6.952,4,regimen,3004905520,regimen_importacion,13,6
GO Ext. N° 6.952,4,regimen,3403990029,regimen_importacion,,11
GO Ext. N° 6.952,4,regimen,9805000030,regimen_importacion,,9
GO Ext. N° 6.952,4,regimen,3004905710,regimen_importacion,12,3
GO Ext. N° 6.952,4,regimen,3403990090,regimen_importacion,,11
GO Ext. N° 6.952,4,regimen,9805000040,regimen_importacion,,9
GO Ext. N° 6.952,4,regimen,3004905720,regimen_importacion,13,6
GO Ext. N° 6.952,4,regimen,3923309010,regimen_importacion,,20
GO Ext. N° 6.952,4,regimen,9805000050,regimen_importacion,,9
GO Ext. N° 6.952,4,regimen,3004905810,regimen_importacion,12,3
GO Ext. N° 6.952,4,regimen,8409919090,regimen_importacion,11,9
GO Ext. N° 6.952,4,regimen,9805000060,regimen_importacion,,9
GO Ext. N° 6.952,4,regimen,3004905820,regimen_importacion,13,6
GO Ext. N° 6.952,4,regimen,8424100010,regimen_importacion,10,"10,20"
GO Ext. N° 6.952,4,regimen,9805000090,regimen_importacion,,9
GO Ext. N° 6.952,4,regimen,3004905911,regimen_importacion,12,3
GO Ext. N° 6.952,4,regimen,9619000020,regimen_importacion,,9
GO Ext. N° 6.952,4,regimen,9806000010,regimen_importacion,,9
GO Ext. N° 6.952,4,regimen,3004905919,regimen_importacion,12,3
GO Ext. N° 6.952,4,regimen,9619000040,regimen_importacion,,9
GO Ext. N° 6.952,4,regimen,9806000020,regimen_importacion,,9
GO Ext. N° 6.952,4,regimen,3004905920,regimen_importacion,13,6
GO Ext. N° 6.952,4,regimen,9619000090,regimen_importacion,,9
GO Ext. N° 6.952,4,regimen,9806000090,regimen_importacion,,9
GO Ext. N° 6.952,4,regimen,3004906111,regimen_importacion,12,3
GO Ext. N° 6.952,4,regimen,9801000011,regimen_importacion,,9
GO Ext. N° 6.952,4,regimen,9807000010,regimen_importacion,,9
GO Ext. N° 6.952,4,regimen,3004906119,regimen_importacion,12,3
GO Ext. N° 6.952,4,regimen,9801000019,regimen_importacion,,9
GO Ext. N° 6.952,4,regimen,9807000021,regimen_importacion,,9
GO Ext. N° 6.952,4,regimen,3004906120,regimen_importacion,13,6
GO Ext. N° 6.952,4,regimen,9801000022,regimen_importacion,,9
GO Ext. N° 6.952,4,regimen,9807000029,regimen_importacion,,9
GO Ext. N° 6.952,4,regimen,3004906219,regimen_importacion,12,3
GO Ext. N° 6.952,4,regimen,9801000023,regimen_importacion,,9
GO Ext. N° 6.952,4,regimen,9807000030,regimen_importacion,,9
GO Ext. N° 6.952,4,regimen,3004906220,regimen_importacion,13,6
GO Ext. N° 6.952,4,regimen,9801000024,regimen_importacion,,9
GO Ext. N° 6.952,4,regimen,3004906311,regimen_importacion,12,3
GO Ext. N° 6.952,4,regimen,9801000030,regimen_importacion,,9
GO Ext. N° 6.952,4,regimen,3004906319,regimen_importacion,12,3
GO Ext. N° 6.952,4,regimen,9801000091,regimen_importacion,,9
GO Ext. N° 6.952,art. 21,regimen_legal,9,descripcion,Licencia de Importación administrada por el Ministerio del Poder Popular con competencia en materia de comercio exterior.,"Permiso de la Comisión Presidencial, con carácter permanente, denominada “COMITÉ DE COMERCIO EXTERIOR”."
GO Ext. N° 6.952,art. 21,regimen_legal,11,descripcion,Permiso del Ministerio del Poder Popular con competencia en materia de petróleo.,Permiso del Ministerio del Poder Popular con competencia en materia de hidrocarburos.
GO Ext. N° 6.952,art. 21,regimen_legal,12,descripcion,Registro Sanitario expedido por el Ministerio del Poder Popular con competencia en materia de salud.,Constancia de Registro Sanitario expedido por el Ministerio del Poder Popular con competencia en materia de salud.
GO Ext. N° 6.952,art. 21,regimen_legal,13,descripcion,Registro Sanitario expedido por el Ministerio del Poder Popular con competencia en materia de agricultura productiva y tierras.,Constancia de Registro Sanitario expedido por el Ministerio del Poder Popular con competencia en materia de agricultura productiva y tierras.
GO Ext. N° 6.952,art. 21,regimen_legal,20,descripcion,"Constancia de Registro de Norma Venezolana COVENIN o Registro de Reglamento Técnico administrado por el Servicio Desconcentrado de Normalización, Calidad, Metrología y Reglamentos Técnicos (SENCAMER).","Constancia de Registro de Norma Venezolana COVENIN o Registro de Reglamento Técnico administrado por el Servicio Desconcentrado de Normalización, Calidad, Metrología y Reglamentos Técnicos (SENCAMER), dependiente jerárquicamente del Ministerio del Poder Popular con competencia en comercio nacional."
