codigo,capitulo,descripcion,origen_descripcion
0101,01,"CABALLOS, ASNOS, MULOS Y BURDÉGANOS, VIVOS.",encabezado
0102,01,ANIMALES VIVOS DE LA ESPECIE BOVINA.,encabezado
0103,01,ANIMALES VIVOS DE LA ESPECIE PORCINA.,encabezado
0104,01,ANIMALES VIVOS DE LAS ESPECIES OVINA O CAPRINA.,encabezado
0105,01,"GALLOS, GALLINAS, PATOS, GANSOS, PAVOS (GALLIPAVOS) Y PINTADAS, DE LAS ESPECIES DOMÉSTICAS, VIVOS.",encabezado
0106,01,LOS DEMÁS ANIMALES VIVOS.,encabezado
0201,02,"CARNE DE ANIMALES DE LA ESPECIE BOVINA, FRESCA O REFRIGERADA.",encabezado
0202,02,"CARNE DE ANIMALES DE LA ESPECIE BOVINA, CONGELADA.",encabezado
0203,02,"CARNE DE ANIMALES DE LA ESPECIE PORCINA, FRESCA, REFRIGERADA O CONGELADA.",encabezado
0204,02,"CARNE DE ANIMALES DE LAS ESPECIES OVINA O CAPRINA, FRESCA, REFRIGERADA O CONGELADA.",encabezado
0205,02,"CARNE DE ANIMALES DE LAS ESPECIES CABALLAR, ASNAL O MULAR, FRESCA, REFRIGERADA O CONGELADA.",linea_unica
0206,02,"DESPOJOS COMESTIBLES DE ANIMALES DE LAS ESPECIES BOVINA, PORCINA, OVINA, CAPRINA, CABALLAR, ASNAL O MULAR, FRESCOS, REFRIGERADOS O CONGELADOS.",encabezado
0207,02,"CARNE Y DESPOJOS COMESTIBLES, DE AVES DE LA PARTIDA 01.05, FRESCOS, REFRIGERADOS O CONGELADOS.",encabezado
0208,02,"LAS DEMÁS CARNES Y DESPOJOS COMESTIBLES, FRESCOS, REFRIGERADOS O CONGELADOS.",encabezado
0209,02,"TOCINO SIN PARTES MAGRAS Y GRASA DE CERDO O DE AVE SIN FUNDIR NI EXTRAER DE OTRO MODO, FRESCOS, REFRIGERADOS, CONGELADOS, SALADOS O EN SALMUERA, SECOS O AHUMADOS.",encabezado
0210,02,"CARNE Y DESPOJOS COMESTIBLES, SALADOS O EN SALMUERA, SECOS O AHUMADOS; HARINA Y POLVO COMESTIBLES, DE CARNE O DE DESPOJOS.",encabezado
0301,03,PECES VIVOS.,encabezado
0302,03,"PESCADO FRESCO O REFRIGERADO, EXCEPTO LOS FILETES Y DEMÁS CARNE DE PESCADO DE LA PARTIDA 03.04.",encabezado
0303,03,"PESCADO CONGELADO, EXCEPTO LOS FILETES Y DEMÁS CARNE DE PESCADO DE LA PARTIDA 03.04.",encabezado
0304,03,"FILETES Y DEMÁS CARNE DE PESCADO (INCLUSO PICADA), FRESCOS, REFRIGERADOS O CONGELADOS.",encabezado
0305,03,"PESCADO SECO, SALADO O EN SALMUERA; PESCADO AHUMADO, INCLUSO COCIDO ANTES O DURANTE EL AHUMADO.",encabezado
0306,03,"CRUSTÁCEOS, INCLUSO PELADOS, VIVOS, FRESCOS, REFRIGERADOS, CONGELADOS, SECOS, SALADOS O EN SALMUERA; CRUSTÁCEOS AHUMADOS, INCLUSO PELADOS, INCLUSO COCIDOS ANTES O DURANTE EL AHUMADO; CRUSTÁCEOS SIN PELAR, COCIDOS EN AGUA O VAPOR, INCLUSO REFRIGERADOS, CONGELADOS, SECOS, SALADOS O EN SALMUERA.",encabezado
0307,03,"MOLUSCOS, INCLUSO SEPARADOS DE SUS VALVAS, VIVOS, FRESCOS, REFRIGERADOS, CONGELADOS, SECOS, SALADOS O EN SALMUERA; MOLUSCOS AHUMADOS, INCLUSO PELADOS, INCLUSO COCIDOS ANTES O DURANTE EL AHUMADO.",encabezado
0308,03,"INVERTEBRADOS ACUÁTICOS, EXCEPTO LOS CRUSTÁCEOS Y MOLUSCOS, VIVOS, FRESCOS, REFRIGERADOS, CONGELADOS, SECOS, SALADOS O EN SALMUERA; INVERTEBRADOS ACUÁTICOS AHUMADOS, EXCEPTO LOS CRUSTÁCEOS Y MOLUSCOS, INCLUSO COCIDOS ANTES O DURANTE EL AHUMADO.",encabezado
0309,03,"HARINA, POLVO Y «PELLETS» DE PESCADOS, CRUSTÁCEOS, MOLUSCOS Y DEMÁS INVERTEBRADOS ACUÁTICOS, APTOS PARA LA ALIMENTACIÓN HUMANA.",encabezado
0401,04,"LECHE Y NATA (CREMA), SIN CONCENTRAR, SIN ADICIÓN DE AZÚCAR NI OTRO EDULCORANTE.",encabezado
0402,04,"LECHE Y NATA (CREMA), CONCENTRADAS O CON ADICIÓN DE AZÚCAR U OTRO EDULCORANTE.",encabezado
0403,04,"YOGUR; SUERO DE MANTECA (DE MANTEQUILLA)*, LECHE Y NATA (CREMA) CUAJADAS, KÉFIR Y DEMÁS LECHES Y NATAS (CREMAS), FERMENTADAS O ACIDIFICADAS, INCLUSO CONCENTRADOS O CON ADICIÓN DE AZÚCAR U OTRO EDULCORANTE, AROMATIZADOS O CON FRUTAS U OTROS FRUTOS O CACAO.",encabezado
0404,04,"LACTOSUERO, INCLUSO CONCENTRADO O CON ADICIÓN DE AZÚCAR U OTRO EDULCORANTE; PRODUCTOS CONSTITUIDOS POR LOS COMPONENTES NATURALES DE LA LECHE, INCLUSO CON ADICIÓN DE AZÚCAR U OTRO EDULCORANTE, NO EXPRESADOS NI COMPRENDIDOS EN OTRA PARTE.",encabezado
0405,04,MANTECA (MANTEQUILLA)* Y DEMÁS MATERIAS GRASAS DE LA LECHE; PASTAS LÁCTEAS PARA UNTAR.,encabezado
0406,04,QUESOS Y REQUESÓN.,encabezado
0407,04,"HUEVOS DE AVE CON CÁSCARA (CASCARÓN), FRESCOS, CONSERVADOS O COCIDOS.",encabezado
0408,04,"HUEVOS DE AVE SIN CÁSCARA (CASCARÓN) Y YEMAS DE HUEVO, FRESCOS, SECOS, COCIDOS EN AGUA O VAPOR, MOLDEADOS, CONGELADOS O CONSERVADOS DE OTRO MODO, INCLUSO CON ADICIÓN DE AZÚCAR U OTRO EDULCORANTE.",encabezado
0409,04,MIEL NATURAL.,linea_unica
0410,04,"INSECTOS Y DEMÁS PRODUCTOS COMESTIBLES DE ORIGEN ANIMAL, NO EXPRESADOS NI COMPRENDIDOS EN OTRA PARTE.",encabezado
0501,05,"CABELLO EN BRUTO, INCLUSO LAVADO O DESGRASADO; DESPERDICIOS DE CABELLO.",linea_unica
0502,05,CERDAS DE CERDO O DE JABALÍ; PELO DE TEJÓN Y DEMÁS PELOS PARA CEPILLERÍA; DESPERDICIOS DE DICHAS CERDAS O PELOS.,encabezado
0504,05,"TRIPAS, VEJIGAS Y ESTÓMAGOS DE ANIMALES, EXCEPTO LOS DE PESCADO, ENTEROS O EN TROZOS, FRESCOS, REFRIGERADOS, CONGELADOS, SALADOS O EN SALMUERA, SECOS O AHUMADOS.",linea_unica
0505,05,"PIELES Y DEMÁS PARTES DE AVE, CON SUS PLUMAS O PLUMÓN, PLUMAS Y PARTES DE PLUMAS (INCLUSO RECORTADAS) Y PLUMÓN, EN BRUTO O SIMPLEMENTE LIMPIADOS, DESINFECTADOS O PREPARADOS PARA SU CONSERVACIÓN; POLVO Y DESPERDICIOS DE PLUMAS O DE PARTES DE PLUMAS.",encabezado
0506,05,"HUESOS Y NÚCLEOS CÓRNEOS, EN BRUTO, DESGRASADOS, SIMPLEMENTE PREPARADOS (PERO SIN CORTAR EN FORMA DETERMINADA), ACIDULADOS O DESGELATINIZADOS; POLVO Y DESPERDICIOS DE ESTAS MATERIAS.",encabezado
0507,05,"MARFIL, CONCHA (CAPARAZÓN) DE TORTUGA, BALLENAS DE MAMÍFEROS MARINOS (INCLUIDAS LAS BARBAS), CUERNOS, ASTAS, CASCOS, PEZUÑAS, UÑAS, GARRAS Y PICOS, EN BRUTO O SIMPLEMENTE PREPARADOS, PERO SIN CORTAR EN FORMA DETERMINADA; POLVO Y DESPERDICIOS DE ESTAS MATERIAS.",encabezado
0508,05,"CORAL Y MATERIAS SIMILARES, EN BRUTO O SIMPLEMENTE PREPARADOS, PERO SIN OTRO TRABAJO; VALVAS Y CAPARAZONES DE MOLUSCOS, CRUSTÁCEOS O EQUINODERMOS, Y JIBIONES, EN BRUTO O SIMPLEMENTE PREPARADOS, PERO SIN CORTAR EN FORMA DETERMINADA, INCLUSO EN POLVO Y DESPERDICIOS.",linea_unica
0510,05,"ÁMBAR GRIS, CASTÓREO, ALGALIA Y ALMIZCLE; CANTÁRIDAS; BILIS, INCLUSO DESECADA; GLÁNDULAS Y DEMÁS SUSTANCIAS DE ORIGEN ANIMAL UTILIZADAS PARA LA PREPARACIÓN DE PRODUCTOS FARMACÉUTICOS, FRESCAS, REFRIGERADAS, CONGELADAS O CONSERVADAS PROVISIONALMENTE DE OTRA FORMA.",linea_unica
0511,05,"PRODUCTOS DE ORIGEN ANIMAL NO EXPRESADOS NI COMPRENDIDOS EN OTRA PARTE; ANIMALES MUERTOS DE LOS CAPÍTULOS 1 O 3, IMPROPIOS PARA LA ALIMENTACIÓN HUMANA.",encabezado
0601,06,"BULBOS, CEBOLLAS, TUBÉRCULOS, RAÍCES Y BULBOS TUBEROSOS, TURIONES Y RIZOMAS, EN REPOSO VEGETATIVO, EN VEGETACIÓN O EN FLOR; PLANTAS Y RAÍCES DE ACHICORIA, EXCEPTO LAS RAÍCES DE LA PARTIDA 12.12.",encabezado
0602,06,"LAS DEMÁS PLANTAS VIVAS (INCLUIDAS SUS RAÍCES), ESQUEJES E INJERTOS; MICELIOS.",encabezado
0603,06,"FLORES Y CAPULLOS, CORTADOS PARA RAMOS O ADORNOS, FRESCOS, SECOS, BLANQUEADOS, TEÑIDOS, IMPREGNADOS O PREPARADOS DE OTRA FORMA.",encabezado
0604,06,"FOLLAJE, HOJAS, RAMAS Y DEMÁS PARTES DE PLANTAS, SIN FLORES NI CAPULLOS, Y HIERBAS, MUSGOS Y LÍQUENES, PARA RAMOS O ADORNOS, FRESCOS, SECOS, BLANQUEADOS, TEÑIDOS, IMPREGNADOS O PREPARADOS DE OTRA FORMA.",encabezado
0701,07,PAPAS (PATATAS)* FRESCAS O REFRIGERADAS.,encabezado
0702,07,TOMATES FRESCOS O REFRIGERADOS.,linea_unica
0703,07,"CEBOLLAS, CHALOTES, AJOS, PUERROS Y DEMÁS HORTALIZAS ALIÁCEAS, FRESCOS O REFRIGERADOS.",encabezado
0704,07,"COLES, INCLUIDOS LOS REPOLLOS, COLIFLORES, COLES RIZADAS, COLINABOS Y PRODUCTOS COMESTIBLES SIMILARES DEL GÉNERO BRASSICA, FRESCOS O REFRIGERADOS.",encabezado
0705,07,"LECHUGAS ( LACTUCA SATIVA) Y ACHICORIAS, COMPRENDIDAS LA ESCAROLA Y LA ENDIBIA ( CICHORIUM spp.), FRESCAS O REFRIGERADAS.",encabezado
0706,07,"ZANAHORIAS, NABOS, REMOLACHAS PARA ENSALADA, SALSIFÍES, APIONABOS, RÁBANOS Y RAÍCES COMESTIBLES SIMILARES, FRESCOS O REFRIGERADOS.",encabezado
0707,07,"PEPINOS Y PEPINILLOS, FRESCOS O REFRIGERADOS.",linea_unica
0708,07,"HORTALIZAS DE VAINA, AUNQUE ESTÉN DESVAINADAS, FRESCAS O REFRIGERADAS.",encabezado
0709,07,"LAS DEMÁS HORTALIZAS, FRESCAS O REFRIGERADAS.",encabezado
0710,07,"HORTALIZAS, AUNQUE ESTÉN COCIDAS EN AGUA O VAPOR, CONGELADAS.",encabezado
0711,07,"HORTALIZAS CONSERVADAS PROVISIONALMENTE, PERO TODAVÍA IMPROPIAS, EN ESTE ESTADO, PARA CONSUMO INMEDIATO.",encabezado
0712,07,"HORTALIZAS SECAS, INCLUIDAS LAS CORTADAS EN TROZOS O EN RODAJAS O LAS TRITURADAS O PULVERIZADAS, PERO SIN OTRA PREPARACIÓN.",encabezado
0713,07,"HORTALIZAS DE VAINA SECAS DESVAINADAS, AUNQUE ESTÉN MONDADAS O PARTIDAS.",encabezado
0714,07,"RAÍCES DE MANDIOCA (YUCA)*, ARRURRUZ O SALEP, AGUATURMAS (PATACAS)*, BATATAS (BONIATOS, CAMOTES)* Y RAÍCES Y TUBÉRCULOS SIMILARES RICOS EN FÉCULA O INULINA, FRESCOS, REFRIGERADOS, CONGELADOS O SECOS, INCLUSO TROCEADOS O EN «PELLETS»; MÉDULA DE SAGÚ.",encabezado
0801,08,"COCOS, NUECES DEL BRASIL Y NUECES DE «CAJÚ» (MEREY, CAJUIL, ANACARDO, MARAÑÓN)*, FRESCOS O SECOS, INCLUSO SIN CÁSCARA O MONDADOS.",encabezado
0802,08,"LOS DEMÁS FRUTOS DE CÁSCARA FRESCOS O SECOS, INCLUSO SIN CÁSCARA O MONDADOS.",encabezado
0803,08,"BANANAS, INCLUIDOS LOS PLÁTANOS «PLANTAINS», FRESCOS O SECOS.",encabezado
0804,08,"DÁTILES, HIGOS, PIÑAS (ANANÁS), AGUACATES (PALTAS)*, GUAYABAS, MANGOS Y MANGOSTANES, FRESCOS O SECOS.",encabezado
0805,08,AGRIOS (CÍTRICOS) FRESCOS O SECOS.,encabezado
0806,08,"UVAS, FRESCAS O SECAS, INCLUIDAS LAS PASAS.",encabezado
0807,08,"MELONES, SANDÍAS Y PAPAYAS, FRESCOS.",encabezado
0808,08,"MANZANAS, PERAS Y MEMBRILLOS, FRESCOS.",encabezado
0809,08,"DAMASCOS (CHABACANOS, ALBARICOQUES)*, CEREZAS, DURAZNOS (MELOCOTONES)* (INCLUIDOS LOS GRIÑONES Y NECTARINAS), CIRUELAS Y ENDRINAS, FRESCOS.",encabezado
0810,08,"LAS DEMÁS FRUTAS U OTROS FRUTOS, FRESCOS.",encabezado
0811,08,"FRUTAS Y OTROS FRUTOS, SIN COCER O COCIDOS EN AGUA O VAPOR, CONGELADOS, INCLUSO CON ADICIÓN DE AZÚCAR U OTRO EDULCORANTE.",encabezado
0812,08,"FRUTAS Y OTROS FRUTOS, CONSERVADOS PROVISIONALMENTE, PERO TODAVÍA IMPROPIOS PARA CONSUMO INMEDIATO EN ESTE ESTADO.",encabezado
0813,08,"FRUTAS Y OTROS FRUTOS, SECOS, EXCEPTO LOS DE LAS PARTIDAS 08.01 A 08.06; MEZCLAS DE FRUTAS U OTROS FRUTOS, SECOS, O DE FRUTOS DE CÁSCARA DE ESTE CAPÍTULO.",encabezado
0814,08,"CORTEZAS DE AGRIOS (CÍTRICOS), MELONES O SANDÍAS, FRESCAS, CONGELADAS, SECAS O PRESENTADAS EN AGUA SALADA, SULFUROSA O ADICIONADA DE OTRAS SUSTANCIAS PARA SU CONSERVACIÓN PROVISIONAL.",linea_unica
0901,09,"CAFÉ, INCLUSO TOSTADO O DESCAFEINADO; CÁSCARA Y CASCARILLA DE CAFÉ; SUCEDÁNEOS DEL CAFÉ QUE CONTENGAN CAFÉ EN CUALQUIER PROPORCIÓN.",encabezado
0902,09,"TÉ, INCLUSO AROMATIZADO.",encabezado
0903,09,YERBA MATE.,linea_unica
0904,09,"PIMIENTA DEL GÉNERO PIPER; FRUTOS DE LOS GÉNEROS CAPSICUM O PIMENTA, SECOS, TRITURADOS O PULVERIZADOS.",encabezado
0905,09,VAINILLA.,encabezado
0906,09,CANELA Y FLORES DE CANELERO.,encabezado
0907,09,"CLAVOS (FRUTOS ENTEROS, CLAVILLOS Y PEDÚNCULOS).",encabezado
0908,09,"NUEZ MOSCADA, MACIS, AMOMOS Y CARDAMOMOS.",encabezado
0909,09,"SEMILLAS DE ANÍS, BADIANA, HINOJO, CILANTRO, COMINO O ALCARAVEA; BAYAS DE ENEBRO.",encabezado
0910,09,"JENGIBRE, AZAFRÁN, CÚRCUMA, TOMILLO, HOJAS DE LAUREL, CURRI Y DEMÁS ESPECIAS.",encabezado
1001,10,TRIGO Y MORCAJO (TRANQUILLÓN).,encabezado
1002,10,CENTENO.,encabezado
1003,10,CEBADA.,encabezado
1004,10,AVENA.,encabezado
1005,10,MAÍZ.,encabezado
1006,10,ARROZ.,encabezado
1007,10,SORGO DE GRANO (GRANÍFERO).,encabezado
1008,10,"ALFORFÓN, MIJO Y ALPISTE; LOS DEMÁS CEREALES.",encabezado
1101,11,HARINA DE TRIGO O DE MORCAJO (TRANQUILLÓN).,linea_unica
1102,11,"HARINA DE CEREALES, EXCEPTO DE TRIGO O DE MORCAJO (TRANQUILLÓN).",encabezado
1103,11,"GRAÑONES, SÉMOLA Y «PELLETS», DE CEREALES.",encabezado
1104,11,"GRANOS DE CEREALES TRABAJADOS DE OTRO MODO (POR EJEMPLO: MONDADOS, APLASTADOS, EN COPOS, PERLADOS, TROCEADOS O QUEBRANTADOS), EXCEPTO EL ARROZ DE LA PARTIDA 10.06; GERMEN DE CEREALES ENTERO, APLASTADO, EN COPOS O MOLIDO.",encabezado
1105,11,"HARINA, SÉMOLA, POLVO, COPOS, GRÁNULOS Y «PELLETS», DE PAPA (PATATA)*.",encabezado
1106,11,"HARINA, SÉMOLA Y POLVO DE LAS HORTALIZAS DE LA PARTIDA 07.13, DE SAGÚ O DE LAS RAÍCES O TUBÉRCULOS DE LA PARTIDA 07.14 O DE LOS PRODUCTOS DEL CAPÍTULO 8.",encabezado
1107,11,"MALTA (DE CEBADA U OTROS CEREALES), INCLUSO TOSTADA.",encabezado
1108,11,ALMIDÓN Y FÉCULA; INULINA.,encabezado
1109,11,"GLUTEN DE TRIGO, INCLUSO SECO.",linea_unica
1201,12,"HABAS (POROTOS, FRIJOLES, FRÉJOLES)* DE SOJA (SOYA), INCLUSO QUEBRANTADAS.",encabezado
1202,12,"MANÍES (CACAHUETES, CACAHUATES)* SIN TOSTAR NI COCER DE OTRO MODO, INCLUSO SIN CÁSCARA O QUEBRANTADOS.",encabezado
1203,12,COPRA.,linea_unica
1204,12,"SEMILLAS DE LINO, INCLUSO QUEBRANTADAS.",linea_unica
1205,12,"SEMILLAS DE NABO (NABINA) O DE COLZA, INCLUSO QUEBRANTADAS.",encabezado
1206,12,"SEMILLAS DE GIRASOL, INCLUSO QUEBRANTADAS.",linea_unica
1207,12,"LAS DEMÁS SEMILLAS Y FRUTOS OLEAGINOSOS, INCLUSO QUEBRANTADOS.",encabezado
1208,12,"HARINA DE SEMILLAS O DE FRUTOS OLEAGINOSOS, EXCEPTO LA HARINA DE MOSTAZA.",encabezado
1209,12,"SEMILLAS, FRUTOS Y ESPORAS, PARA SIEMBRA.",encabezado
1210,12,"CONOS DE LÚPULO FRESCOS O SECOS, INCLUSO TRITURADOS, MOLIDOS O EN «PELLETS»; LUPULINO.",encabezado
1211,12,"PLANTAS, PARTES DE PLANTAS, SEMILLAS Y FRUTOS DE LAS ESPECIES UTILIZADAS PRINCIPALMENTE EN PERFUMERÍA, MEDICINA O PARA USOS INSECTICIDAS, PARASITICIDAS O SIMILARES, FRESCOS, REFRIGERADOS, CONGELADOS O SECOS, INCLUSO CORTADOS, QUEBRANTADOS O PULVERIZADOS.",encabezado
1212,12,"ALGARROBAS, ALGAS, REMOLACHA AZUCARERA Y CAÑA DE AZÚCAR, FRESCAS, REFRIGERADAS, CONGELADAS O SECAS, INCLUSO PULVERIZADAS; CAROZOS (HUESOS)* Y ALMENDRAS DE FRUTOS Y DEMÁS PRODUCTOS VEGETALES (INCLUIDAS LAS RAÍCES DE ACHICORIA SIN TOSTAR DE LA VARIEDAD CICHORIUM INTYBUS SATIVUM) EMPLEADOS PRINCIPALMENTE EN LA ALIMENTACIÓN HUMANA, NO EXPRESADOS NI COMPRENDIDOS EN OTRA PARTE.",encabezado
1213,12,"PAJA Y CASCABILLO DE CEREALES, EN BRUTO, INCLUSO PICADOS, MOLIDOS, PRENSADOS O EN «PELLETS».",linea_unica
1214,12,"NABOS FORRAJEROS, REMOLACHAS FORRAJERAS, RAÍCES FORRAJERAS, HENO, ALFALFA, TRÉBOL, ESPARCETA, COLES FORRAJERAS, ALTRAMUCES, VEZAS Y PRODUCTOS FORRAJEROS SIMILARES, INCLUSO EN «PELLETS».",encabezado
1301,13,"GOMA LACA; GOMAS, RESINAS, GOMORRESINAS Y OLEORRESINAS (POR EJEMPLO, BÁLSAMOS), NATURALES.",encabezado
1302,13,"JUGOS Y EXTRACTOS VEGETALES; MATERIAS PÉCTICAS, PECTINATOS Y PECTATOS; AGAR-AGAR Y DEMÁS MUCÍLAGOS Y ESPESATIVOS DERIVADOS DE LOS VEGETALES, INCLUSO MODIFICADOS.",encabezado
1401,14,"MATERIAS VEGETALES DE LAS ESPECIES UTILIZADAS PRINCIPALMENTE EN CESTERÍA O ESPARTERÍA (POR EJEMPLO: BAMBÚ, ROTEN (RATÁN)*, CAÑA, JUNCO, MIMBRE, RAFIA, PAJA DE CEREALES LIMPIADA, BLANQUEADA O TEÑIDA, CORTEZA DE TILO).",encabezado
1404,14,PRODUCTOS VEGETALES NO EXPRESADOS NI COMPRENDIDOS EN OTRA PARTE.,encabezado
1501,15,"GRASA DE CERDO (INCLUIDA LA MANTECA DE CERDO) Y GRASA DE AVE, EXCEPTO LAS DE LAS PARTIDAS 02.09 O 15.03.",encabezado
1502,15,"GRASA DE ANIMALES DE LAS ESPECIES BOVINA, OVINA O CAPRINA, EXCEPTO LAS DE LA PARTIDA 15.03.",encabezado
1503,15,"ESTEARINA SOLAR, ACEITE DE MANTECA DE CERDO, OLEOESTEARINA, OLEOMARGARINA Y ACEITE DE SEBO, SIN EMULSIONAR, MEZCLAR NI PREPARAR DE OTRO MODO.",linea_unica
1504,15,"GRASAS Y ACEITES, Y SUS FRACCIONES, DE PESCADO O DE MAMÍFEROS MARINOS, INCLUSO REFINADOS, PERO SIN MODIFICAR QUÍMICAMENTE.",encabezado
1505,15,"GRASA DE LANA Y SUSTANCIAS GRASAS DERIVADAS, INCLUIDA LA LANOLINA.",linea_unica
1506,15,"LAS DEMÁS GRASAS Y ACEITES ANIMALES, Y SUS FRACCIONES, INCLUSO REFINADOS, PERO SIN MODIFICAR QUÍMICAMENTE.",linea_unica
1507,15,"ACEITE DE SOJA (SOYA) Y SUS FRACCIONES, INCLUSO REFINADO, PERO SIN MODIFICAR QUÍMICAMENTE.",encabezado
1508,15,"ACEITE DE MANÍ (CACAHUATE, CACAHUETE)* Y SUS FRACCIONES, INCLUSO REFINADO, PERO SIN MODIFICAR QUÍMICAMENTE.",encabezado
1509,15,"ACEITE DE OLIVA Y SUS FRACCIONES, INCLUSO REFINADO, PERO SIN MODIFICAR QUÍMICAMENTE.",encabezado
1510,15,"LOS DEMÁS ACEITES Y SUS FRACCIONES OBTENIDOS EXCLUSIVAMENTE DE ACEITUNA, INCLUSO REFINADOS, PERO SIN MODIFICAR QUÍMICAMENTE, Y MEZCLAS DE ESTOS ACEITES O FRACCIONES CON LOS ACEITES O FRACCIONES DE LA PARTIDA 15.09.",encabezado
1511,15,"ACEITE DE PALMA Y SUS FRACCIONES, INCLUSO REFINADO, PERO SIN MODIFICAR QUÍMICAMENTE.",encabezado
1512,15,"ACEITES DE GIRASOL, CÁRTAMO O ALGODÓN, Y SUS FRACCIONES, INCLUSO REFINADOS, PERO SIN MODIFICAR QUÍMICAMENTE.",encabezado
1513,15,"ACEITES DE COCO (DE COPRA), DE ALMENDRA DE PALMA (PALMISTE)* O DE BABASÚ, Y SUS FRACCIONES, INCLUSO REFINADOS, PERO SIN MODIFICAR QUÍMICAMENTE.",encabezado
1514,15,"ACEITES DE NABO (DE NABINA), COLZA O MOSTAZA, Y SUS FRACCIONES, INCLUSO REFINADOS, PERO SIN MODIFICAR QUÍMICAMENTE.",encabezado
1515,15,"LAS DEMÁS GRASAS Y ACEITES, VEGETALES, (INCLUIDO EL ACEITE DE JOJOBA) O DE ORIGEN MICROBIANO, FIJOS, Y SUS FRACCIONES, INCLUSO REFINADOS, PERO SIN MODIFICAR QUÍMICAMENTE.",encabezado
1516,15,"GRASAS Y ACEITES, ANIMALES, VEGETALES O DE ORIGEN MICROBIANO, Y SUS FRACCIONES, PARCIAL O TOTALMENTE HIDROGENADOS, INTERESTERIFICADOS, REESTERIFICADOS O ELAIDINIZADOS, INCLUSO REFINADOS, PERO SIN PREPARAR DE OTRO MODO.",encabezado
1517,15,"MARGARINA; MEZCLAS O PREPARACIONES ALIMENTICIAS DE GRASAS O ACEITES, ANIMALES, VEGETALES O DE ORIGEN MICROBIANO, O DE FRACCIONES DE DIFERENTES GRASAS O ACEITES, DE ESTE CAPÍTULO, EXCEPTO LAS GRASAS Y ACEITES, ALIMENTICIOS O SUS FRACCIONES, DE LA PARTIDA 15.16.",encabezado
1518,15,"GRASAS Y ACEITES, ANIMALES, VEGETALES O DE ORIGEN MICROBIANO, Y SUS FRACCIONES, COCIDOS, OXIDADOS, DESHIDRATADOS, SULFURADOS, SOPLADOS, POLIMERIZADOS POR CALOR EN VACÍO O ATMÓSFERA INERTE («ESTANDOLIZADOS»), O MODIFICADOS QUÍMICAMENTE DE OTRA FORMA, EXCEPTO LOS DE LA PARTIDA 15.16; MEZCLAS O PREPARACIONES NO ALIMENTICIAS DE GRASAS O DE ACEITES, ANIMALES, VEGETALES O DE ORIGEN MICROBIANO, O DE FRACCIONES DE DIFERENTES GRASAS O ACEITES, DE ESTE CAPÍTULO, NO EXPRESADAS NI COMPRENDIDAS EN OTRA PARTE.",linea_unica
1520,15,GLICEROL EN BRUTO; AGUAS Y LEJÍAS GLICERINOSAS.,linea_unica
1521,15,"CERAS VEGETALES (EXCEPTO LOS TRIGLICÉRIDOS), CERA DE ABEJAS O DE OTROS INSECTOS Y ESPERMA DE BALLENA O DE OTROS CETÁCEOS (ESPERMACETI), INCLUSO REFINADAS O COLOREADAS.",encabezado
1522,15,"DEGRÁS; RESIDUOS PROCEDENTES DEL TRATAMIENTO DE GRASAS O CERAS, ANIMALES O VEGETALES.",linea_unica
1601,16,"EMBUTIDOS Y PRODUCTOS SIMILARES DE CARNE, DESPOJOS, SANGRE O DE INSECTOS; PREPARACIONES ALIMENTICIAS A BASE DE ESTOS PRODUCTOS.",linea_unica
1602,16,"LAS DEMÁS PREPARACIONES Y CONSERVAS DE CARNE, DESPOJOS, SANGRE O DE INSECTOS.",encabezado
1603,16,"EXTRACTOS Y JUGOS DE CARNE, PESCADO O DE CRUSTÁCEOS, MOLUSCOS O DEMÁS INVERTEBRADOS ACUÁTICOS.",linea_unica
1604,16,PREPARACIONES Y CONSERVAS DE PESCADO; CAVIAR Y SUS SUCEDÁNEOS PREPARADOS CON HUEVAS DE PESCADO.,encabezado
1605,16,"CRUSTÁCEOS, MOLUSCOS Y DEMÁS INVERTEBRADOS ACUÁTICOS, PREPARADOS O CONSERVADOS.",encabezado
1701,17,"AZÚCAR DE CAÑA O DE REMOLACHA Y SACAROSA QUÍMICAMENTE PURA, EN ESTADO SÓLIDO.",encabezado
1702,17,"LOS DEMÁS AZÚCARES, INCLUIDAS LA LACTOSA, MALTOSA, GLUCOSA Y FRUCTOSA (LEVULOSA) QUÍMICAMENTE PURAS, EN ESTADO SÓLIDO; JARABE DE AZÚCAR SIN ADICIÓN DE AROMATIZANTE NI COLORANTE; SUCEDÁNEOS DE LA MIEL, INCLUSO MEZCLADOS CON MIEL NATURAL; AZÚCAR Y MELAZA CARAMELIZADOS.",encabezado
1703,17,MELAZA PROCEDENTE DE LA EXTRACCIÓN O DEL REFINADO DEL AZÚCAR.,encabezado
1704,17,ARTÍCULOS DE CONFITERÍA SIN CACAO (INCLUIDO EL CHOCOLATE BLANCO).,encabezado
1801,18,"CACAO EN GRANO, ENTERO O PARTIDO, CRUDO O TOSTADO.",linea_unica
1802,18,"CÁSCARA, PELÍCULAS Y DEMÁS RESIDUOS DE CACAO.",linea_unica
1803,18,"PASTA DE CACAO, INCLUSO DESGRASADA.",encabezado
1804,18,"MANTECA, GRASA Y ACEITE DE CACAO.",linea_unica
1805,18,CACAO EN POLVO SIN ADICIÓN DE AZÚCAR NI OTRO EDULCORANTE.,linea_unica
1806,18,CHOCOLATE Y DEMÁS PREPARACIONES ALIMENTICIAS QUE CONTENGAN CACAO.,encabezado
1901,19,"EXTRACTO DE MALTA; PREPARACIONES ALIMENTICIAS DE HARINA, GRAÑONES, SÉMOLA, ALMIDÓN, FÉCULA O EXTRACTO DE MALTA, QUE NO CONTENGAN CACAO O CON UN CONTENIDO DE CACAO INFERIOR AL 40% EN PESO CALCULADO SOBRE UNA BASE TOTALMENTE DESGRASADA, NO EXPRESADAS NI COMPRENDIDAS EN OTRA PARTE; PREPARACIONES ALIMENTICIAS DE PRODUCTOS DE LAS PARTIDAS 04.01 A 04.04 QUE NO CONTENGAN CACAO O CON UN CONTENIDO DE CACAO INFERIOR AL 5% EN PESO CALCULADO SOBRE UNA BASE TOTALMENTE DESGRASADA, NO EXPRESADAS NI COMPRENDIDAS EN OTRA PARTE.",encabezado
1902,19,"PASTAS ALIMENTICIAS, INCLUSO COCIDAS O RELLENAS (DE CARNE U OTRAS SUSTANCIAS) O PREPARADAS DE OTRA FORMA, TALES COMO ESPAGUETIS, FIDEOS, MACARRONES, TALLARINES, LASAÑAS, ÑOQUIS, RAVIOLES, CANELONES; CUSCÚS, INCLUSO PREPARADO.",encabezado
1903,19,"TAPIOCA Y SUS SUCEDÁNEOS PREPARADOS CON FÉCULA, EN COPOS, GRUMOS, GRANOS PERLADOS, CERNIDURAS O FORMAS SIMILARES.",linea_unica
1904,19,"PRODUCTOS A BASE DE CEREALES OBTENIDOS POR INFLADO O TOSTADO (POR EJEMPLO: HOJUELAS O COPOS DE MAÍZ); CEREALES (EXCEPTO EL MAÍZ) EN GRANO O EN FORMA DE COPOS U OTRO GRANO TRABAJADO (EXCEPTO LA HARINA, GRAÑONES Y SÉMOLA), PRECOCIDOS O PREPARADOS DE OTRO MODO, NO EXPRESADOS NI COMPRENDIDOS EN OTRA PARTE.",encabezado
1905,19,"PRODUCTOS DE PANADERÍA, PASTELERÍA O GALLETERÍA, INCLUSO CON ADICIÓN DE CACAO; HOSTIAS, SELLOS VACÍOS DE LOS TIPOS UTILIZADOS PARA MEDICAMENTOS, OBLEAS PARA SELLAR, PASTAS SECAS DE HARINA, ALMIDÓN O FÉCULA, EN HOJAS, Y PRODUCTOS SIMILARES.",encabezado
2001,20,"HORTALIZAS, FRUTAS U OTROS FRUTOS Y DEMÁS PARTES COMESTIBLES DE PLANTAS, PREPARADOS O CONSERVADOS EN VINAGRE O EN ÁCIDO ACÉTICO.",encabezado
2002,20,TOMATES PREPARADOS O CONSERVADOS (EXCEPTO EN VINAGRE O EN ÁCIDO ACÉTICO).,encabezado
2003,20,"HONGOS Y TRUFAS, PREPARADOS O CONSERVADOS (EXCEPTO EN VINAGRE O EN ÁCIDO ACÉTICO).",encabezado
2004,20,"LAS DEMÁS HORTALIZAS PREPARADAS O CONSERVADAS (EXCEPTO EN VINAGRE O EN ÁCIDO ACÉTICO), CONGELADAS, EXCEPTO LOS PRODUCTOS DE LA PARTIDA 20.06.",encabezado
2005,20,"LAS DEMÁS HORTALIZAS PREPARADAS O CONSERVADAS (EXCEPTO EN VINAGRE O EN ÁCIDO ACÉTICO), SIN CONGELAR, EXCEPTO LOS PRODUCTOS DE LA PARTIDA 20.06.",encabezado
2006,20,"HORTALIZAS, FRUTAS U OTROS FRUTOS O SUS CORTEZAS Y DEMÁS PARTES DE PLANTAS, CONFITADOS CON AZÚCAR (ALMIBARADOS, GLASEADOS O ESCARCHADOS).",linea_unica
2007,20,"CONFITURAS, JALEAS Y MERMELADAS, PURÉS Y PASTAS DE FRUTAS U OTROS FRUTOS, OBTENIDOS POR COCCIÓN, INCLUSO CON ADICIÓN DE AZÚCAR U OTRO EDULCORANTE.",encabezado
2008,20,"FRUTAS U OTROS FRUTOS Y DEMÁS PARTES COMESTIBLES DE PLANTAS, PREPARADOS O CONSERVADOS DE OTRO MODO, INCLUSO CON ADICIÓN DE AZÚCAR U OTRO EDULCORANTE O ALCOHOL, NO EXPRESADOS NI COMPRENDIDOS EN OTRA PARTE.",encabezado
2009,20,"JUGOS DE FRUTAS U OTROS FRUTOS (INCLUIDO EL MOSTO DE UVA Y EL AGUA DE COCO) O DE HORTALIZAS, SIN FERMENTAR Y SIN ADICIÓN DE ALCOHOL, INCLUSO CON ADICIÓN DE AZÚCAR U OTRO EDULCORANTE.",encabezado
2101,21,"EXTRACTOS, ESENCIAS Y CONCENTRADOS DE CAFÉ, TÉ O YERBA MATE Y PREPARACIONES A BASE DE ESTOS PRODUCTOS O A BASE DE CAFÉ, TÉ O YERBA MATE; ACHICORIA TOSTADA Y DEMÁS SUCEDÁNEOS DEL CAFÉ TOSTADOS Y SUS EXTRACTOS, ESENCIAS Y CONCENTRADOS.",encabezado
2102,21,LEVADURAS (VIVAS O MUERTAS); LOS DEMÁS MICROORGANISMOS MONOCELULARES MUERTOS (EXCEPTO LAS VACUNAS DE LA PARTIDA 30.02); POLVOS PREPARADOS PARA ESPONJAR MASAS.,encabezado
2103,21,"PREPARACIONES PARA SALSAS Y SALSAS PREPARADAS; CONDIMENTOS Y SAZONADORES, COMPUESTOS; HARINA DE MOSTAZA Y MOSTAZA PREPARADA.",encabezado
2104,21,"PREPARACIONES PARA SOPAS, POTAJES O CALDOS; SOPAS, POTAJES O CALDOS, PREPARADOS; PREPARACIONES ALIMENTICIAS COMPUESTAS HOMOGENEIZADAS.",encabezado
2105,21,"HELADOS, INCLUSO CON CACAO.",linea_unica
2106,21,PREPARACIONES ALIMENTICIAS NO EXPRESADAS NI COMPRENDIDAS EN OTRA PARTE.,encabezado
2201,22,"AGUA, INCLUIDAS EL AGUA MINERAL NATURAL O ARTIFICIAL Y LA GASEADA, SIN ADICIÓN DE AZÚCAR U OTRO EDULCORANTE NI AROMATIZADA; HIELO Y NIEVE.",encabezado
2202,22,"AGUA, INCLUIDAS EL AGUA MINERAL Y LA GASEADA, CON ADICIÓN DE AZÚCAR U OTRO EDULCORANTE O AROMATIZADA, Y DEMÁS BEBIDAS NO ALCOHÓLICAS, EXCEPTO LOS JUGOS DE FRUTAS U OTROS FRUTOS O DE HORTALIZAS DE LA PARTIDA 20.09.",encabezado
2203,22,CERVEZA DE MALTA.,linea_unica
2204,22,"VINO DE UVAS FRESCAS, INCLUSO ENCABEZADO; MOSTO DE UVA, EXCEPTO EL DE LA PARTIDA 20.09.",encabezado
2205,22,VERMUT Y DEMÁS VINOS DE UVAS FRESCAS PREPARADOS CON PLANTAS O SUSTANCIAS AROMÁTICAS.,encabezado
2206,22,"LAS DEMÁS BEBIDAS FERMENTADAS (POR EJEMPLO: SIDRA, PERADA, AGUAMIEL, SAKE); MEZCLAS DE BEBIDAS FERMENTADAS Y MEZCLAS DE BEBIDAS FERMENTADAS Y BEBIDAS NO ALCOHÓLICAS, NO EXPRESADAS NI COMPRENDIDAS EN OTRA PARTE.",linea_unica
2207,22,"ALCOHOL ETÍLICO SIN DESNATURALIZAR CON GRADO ALCOHÓLICO VOLUMÉTRICO SUPERIOR O IGUAL AL 80% VOL.; ALCOHOL ETÍLICO Y AGUARDIENTE DESNATURALIZADOS, DE CUALQUIER GRADUACIÓN.",encabezado
2208,22,"ALCOHOL ETÍLICO SIN DESNATURALIZAR CON GRADO ALCOHÓLICO VOLUMÉTRICO INFERIOR AL 80% VOL.; AGUARDIENTES, LICORES Y DEMÁS BEBIDAS ESPIRITUOSAS.",encabezado
2209,22,VINAGRE Y SUCEDÁNEOS DEL VINAGRE OBTENIDOS A PARTIR DEL ÁCIDO ACÉTICO.,linea_unica
2301,23,"HARINA, POLVO Y «PELLETS», DE CARNE, DESPOJOS, PESCADO O DE CRUSTÁCEOS, MOLUSCOS O DEMÁS INVERTEBRADOS ACUÁTICOS, IMPROPIOS PARA LA ALIMENTACIÓN HUMANA; CHICHARRONES.",encabezado
2302,23,"SALVADOS, MOYUELOS Y DEMÁS RESIDUOS DEL CERNIDO, DE LA MOLIENDA O DE OTROS TRATAMIENTOS DE LOS CEREALES O DE LAS LEGUMINOSAS, INCLUSO EN «PELLETS».",encabezado
2303,23,"RESIDUOS DE LA INDUSTRIA DEL ALMIDÓN Y RESIDUOS SIMILARES, PULPA DE REMOLACHA, BAGAZO DE CAÑA DE AZÚCAR Y DEMÁS DESPERDICIOS DE LA INDUSTRIA AZUCARERA, HECES Y DESPERDICIOS DE CERVECERÍA O DE DESTILERÍA, INCLUSO EN «PELLETS».",encabezado
2304,23,"TORTAS Y DEMÁS RESIDUOS SÓLIDOS DE LA EXTRACCIÓN DEL ACEITE DE SOJA (SOYA), INCLUSO MOLIDOS O EN «PELLETS».",linea_unica
2305,23,"TORTAS Y DEMÁS RESIDUOS SÓLIDOS DE LA EXTRACCIÓN DEL ACEITE DE MANÍ (CACAHUATE, CACAHUETE)*, INCLUSO MOLIDOS O EN «PELLETS».",linea_unica
2306,23,"TORTAS Y DEMÁS RESIDUOS SÓLIDOS DE LA EXTRACCIÓN DE GRASAS O ACEITES, VEGETALES O DE ORIGEN MICROBIANO, INCLUSO MOLIDOS O EN «PELLETS», EXCEPTO LOS DE LAS PARTIDAS 23.04 O 23.05.",encabezado
2307,23,LÍAS O HECES DE VINO; TÁRTARO BRUTO.,linea_unica
2308,23,"MATERIAS VEGETALES Y DESPERDICIOS VEGETALES, RESIDUOS Y SUBPRODUCTOS VEGETALES, INCLUSO EN «PELLETS», DE LOS TIPOS UTILIZADOS PARA LA ALIMENTACIÓN DE LOS ANIMALES, NO EXPRESADOS NI COMPRENDIDOS EN OTRA PARTE.",linea_unica
2309,23,PREPARACIONES DE LOS TIPOS UTILIZADOS PARA LA ALIMENTACIÓN DE LOS ANIMALES.,encabezado
2401,24,TABACO EN RAMA O SIN ELABORAR; DESPERDICIOS DE TABACO.,encabezado
2402,24,"CIGARROS (PUROS) (INCLUSO DESPUNTADOS), CIGARRITOS (PURITOS) Y CIGARRILLOS, DE TABACO O DE SUCEDÁNEOS DEL TABACO.",encabezado
2403,24,"LOS DEMÁS TABACOS Y SUCEDÁNEOS DEL TABACO, ELABORADOS; TABACO «HOMOGENEIZADO» O «RECONSTITUIDO»; EXTRACTOS Y JUGOS DE TABACO.",encabezado
2404,24,"PRODUCTOS QUE CONTENGAN TABACO, TABACO RECONSTITUIDO, NICOTINA O SUCEDÁNEOS DEL TABACO O DE NICOTINA, DESTINADOS PARA LA INHALACIÓN SIN COMBUSTIÓN; OTROS PRODUCTOS QUE CONTENGAN NICOTINA DESTINADOS PARA LA ABSORCIÓN DE NICOTINA EN EL CUERPO HUMANO.",encabezado
2501,25,"SAL (INCLUIDAS LA DE MESA Y LA DESNATURALIZADA) Y CLORURO DE SODIO PURO, INCLUSO EN DISOLUCIÓN ACUOSA O CON ADICIÓN DE ANTIAGLOMERANTES O DE AGENTES QUE GARANTICEN UNA BUENA FLUIDEZ; AGUA DE MAR.",linea_unica
2502,25,PIRITAS DE HIERRO SIN TOSTAR.,linea_unica
2503,25,"AZUFRE DE CUALQUIER CLASE, EXCEPTO EL SUBLIMADO, EL PRECIPITADO Y EL COLOIDAL.",linea_unica
2504,25,GRAFITO NATURAL.,encabezado
2505,25,"ARENAS NATURALES DE CUALQUIER CLASE, INCLUSO COLOREADAS, EXCEPTO LAS ARENAS METALÍFERAS DEL CAPÍTULO 26.",encabezado
2506,25,"CUARZO (EXCEPTO LAS ARENAS NATURALES); CUARCITA, INCLUSO DESBASTADA O SIMPLEMENTE TROCEADA, POR ASERRADO O DE OTRO MODO, EN BLOQUES O EN PLACAS CUADRADAS O RECTANGULARES.",encabezado
2507,25,"CAOLÍN Y DEMÁS ARCILLAS CAOLÍNICAS, INCLUSO CALCINADOS.",linea_unica
2508,25,"LAS DEMÁS ARCILLAS (EXCEPTO LAS ARCILLAS DILATADAS DE LA PARTIDA 68.06), ANDALUCITA, CIANITA Y SILIMANITA, INCLUSO CALCINADAS; MULLITA; TIERRAS DE CHAMOTA O DE DINAS.",encabezado
2509,25,CRETA.,linea_unica
2510,25,"FOSFATOS DE CALCIO NATURALES, FOSFATOS ALUMINOCÁLCICOS NATURALES Y CRETAS FOSFATADAS.",encabezado
2511,25,"SULFATO DE BARIO NATURAL (BARITINA); CARBONATO DE BARIO NATURAL (WITHERITA), INCLUSO CALCINADO, EXCEPTO EL ÓXIDO DE BARIO DE LA PARTIDA 28.16.",encabezado
2512,25,"HARINAS SILÍCEAS FÓSILES (POR EJEMPLO: «KIESELGUHR», TRIPOLITA, DIATOMITA) Y DEMÁS TIERRAS SILÍCEAS ANÁLOGAS, DE DENSIDAD APARENTE INFERIOR O IGUAL A 1, INCLUSO CALCINADAS.",linea_unica
2513,25,"PIEDRA PÓMEZ; ESMERIL; CORINDÓN NATURAL, GRANATE NATURAL Y DEMÁS ABRASIVOS NATURALES, INCLUSO TRATADOS TÉRMICAMENTE.",encabezado
2514,25,"PIZARRA, INCLUSO DESBASTADA O SIMPLEMENTE TROCEADA, POR ASERRADO O DE OTRO MODO, EN BLOQUES O EN PLACAS CUADRADAS O RECTANGULARES.",linea_unica
2515,25,"MÁRMOL, TRAVERTINOS, «ECAUSSINES» Y DEMÁS PIEDRAS CALIZAS DE TALLA O DE CONSTRUCCIÓN DE DENSIDAD APARENTE SUPERIOR O IGUAL A 2,5, Y ALABASTRO, INCLUSO DESBASTADOS O SIMPLEMENTE TROCEADOS, POR ASERRADO O DE OTRO MODO, EN BLOQUES O EN PLACAS CUADRADAS O RECTANGULARES.",encabezado
2516,25,"GRANITO, PÓRFIDO, BASALTO, ARENISCA Y DEMÁS PIEDRAS DE TALLA O DE CONSTRUCCIÓN, INCLUSO DESBASTADOS O SIMPLEMENTE TROCEADOS, POR ASERRADO O DE OTRO MODO, EN BLOQUES O EN PLACAS CUADRADAS O RECTANGULARES.",encabezado
2517,25,"CANTOS, GRAVA, PIEDRAS MACHACADAS, DE LOS TIPOS GENERALMENTE UTILIZADOS PARA HACER HORMIGÓN, O PARA FIRMES DE CARRETERAS, VÍAS FÉRREAS U OTROS BALASTOS, GUIJARROS Y PEDERNAL, INCLUSO TRATADOS TÉRMICAMENTE; MACADÁN DE ESCORIAS O DE DESECHOS INDUSTRIALES SIMILARES, INCLUSO CON MATERIALES COMPRENDIDOS EN LA PRIMERA PARTE DE LA PARTIDA; MACADÁN ALQUITRANADO; GRÁNULOS, TASQUILES (FRAGMENTOS) Y POLVO DE PIEDRAS DE LAS PARTIDAS 25.15 O 25.16, INCLUSO TRATADOS TÉRMICAMENTE.",encabezado
2518,25,"DOLOMITA, INCLUSO SINTERIZADA O CALCINADA, INCLUIDA LA DOLOMITA DESBASTADA O SIMPLEMENTE TROCEADA, POR ASERRADO O DE OTRO MODO, EN BLOQUES O EN PLACAS CUADRADAS O RECTANGULARES.",encabezado
2519,25,"CARBONATO DE MAGNESIO NATURAL (MAGNESITA); MAGNESIA ELECTROFUNDIDA; MAGNESIA CALCINADA A MUERTE (SINTERIZADA), INCLUSO CON PEQUEÑAS CANTIDADES DE OTROS ÓXIDOS AÑADIDOS ANTES DE LA SINTERIZACIÓN; OTRO ÓXIDO DE MAGNESIO, INCLUSO PURO.",encabezado
2520,25,"YESO NATURAL; ANHIDRITA; YESO FRAGUABLE (CONSISTENTE EN YESO NATURAL CALCINADO O EN SULFATO DE CALCIO), INCLUSO COLOREADO O CON PEQUEÑAS CANTIDADES DE ACELERADORES O RETARDADORES.",encabezado
2521,25,CASTINAS; PIEDRAS PARA LA FABRICACIÓN DE CAL O DE CEMENTO.,linea_unica
2522,25,"CAL VIVA, CAL APAGADA Y CAL HIDRÁULICA, EXCEPTO EL ÓXIDO Y EL HIDRÓXIDO DE CALCIO DE LA PARTIDA 28.25.",encabezado
2523,25,"CEMENTOS HIDRÁULICOS (COMPRENDIDOS LOS CEMENTOS SIN PULVERIZAR O CLINKER), INCLUSO COLOREADOS.",encabezado
2524,25,AMIANTO (ASBESTO).,encabezado
2525,25,"MICA, INCLUIDA LA EXFOLIADA EN LAMINILLAS IRREGULARES («SPLITTINGS»); DESPERDICIOS DE MICA.",encabezado
2526,25,"ESTEATITA NATURAL, INCLUSO DESBASTADA O SIMPLEMENTE TROCEADA, POR ASERRADO O DE OTRO MODO, EN BLOQUES O EN PLACAS CUADRADAS O RECTANGULARES; TALCO.",encabezado
2528,25,"BORATOS NATURALES Y SUS CONCENTRADOS (INCLUSO CALCINADOS), EXCEPTO LOS BORATOS EXTRAÍDOS DE LAS SALMUERAS NATURALES; ÁCIDO BÓRICO NATURAL CON UN CONTENIDO DE H 3 BO 3 INFERIOR O IGUAL AL 85%, CALCULADO SOBRE PRODUCTO SECO.",linea_unica
2529,25,FELDESPATO; LEUCITA; NEFELINA Y NEFELINA SIENITA; ESPATO FLÚOR.,encabezado
2530,25,MATERIAS MINERALES NO EXPRESADAS NI COMPRENDIDAS EN OTRA PARTE.,encabezado
2601,26,"MINERALES DE HIERRO Y SUS CONCENTRADOS, INCLUIDAS LAS PIRITAS DE HIERRO TOSTADAS (CENIZAS DE PIRITAS).",encabezado
2602,26,"MINERALES DE MANGANESO Y SUS CONCENTRADOS, INCLUIDOS LOS MINERALES DE MANGANESO FERRUGINOSOS Y SUS CONCENTRADOS CON UN CONTENIDO DE MANGANESO SUPERIOR O IGUAL AL 20% EN PESO, SOBRE PRODUCTO SECO.",linea_unica
2603,26,MINERALES DE COBRE Y SUS CONCENTRADOS.,linea_unica
2604,26,MINERALES DE NÍQUEL Y SUS CONCENTRADOS.,linea_unica
2605,26,MINERALES DE COBALTO Y SUS CONCENTRADOS.,linea_unica
2606,26,MINERALES DE ALUMINIO Y SUS CONCENTRADOS.,linea_unica
2607,26,MINERALES DE PLOMO Y SUS CONCENTRADOS.,linea_unica
2608,26,MINERALES DE CINC Y SUS CONCENTRADOS.,linea_unica
2609,26,MINERALES DE ESTAÑO Y SUS CONCENTRADOS.,linea_unica
2610,26,MINERALES DE CROMO Y SUS CONCENTRADOS.,linea_unica
2611,26,MINERALES DE VOLFRAMIO (TUNGSTENO) Y SUS CONCENTRADOS.,linea_unica
2612,26,"MINERALES DE URANIO O TORIO, Y SUS CONCENTRADOS.",encabezado
2613,26,MINERALES DE MOLIBDENO Y SUS CONCENTRADOS.,encabezado
2614,26,MINERALES DE TITANIO Y SUS CONCENTRADOS.,linea_unica
2615,26,"MINERALES DE NIOBIO, TANTALIO, VANADIO O CIRCONIO, Y SUS CONCENTRADOS.",encabezado
2616,26,MINERALES DE LOS METALES PRECIOSOS Y SUS CONCENTRADOS.,encabezado
2617,26,LOS DEMÁS MINERALES Y SUS CONCENTRADOS.,encabezado
2618,26,ESCORIAS GRANULADAS (ARENA DE ESCORIAS) DE LA SIDERURGIA.,linea_unica
2619,26,"ESCORIAS (EXCEPTO LAS GRANULADAS), BATIDURAS Y DEMÁS DESPERDICIOS DE LA SIDERURGIA.",linea_unica
2620,26,"ESCORIAS, CENIZAS Y RESIDUOS (EXCEPTO LOS DE LA SIDERURGIA) QUE CONTENGAN METAL, ARSÉNICO, O SUS COMPUESTOS.",encabezado
2621,26,"LAS DEMÁS ESCORIAS Y CENIZAS, INCLUIDAS LAS CENIZAS DE ALGAS; CENIZAS Y RESIDUOS PROCEDENTES DE LA INCINERACIÓN DE DESECHOS MUNICIPALES.",encabezado
2701,27,"HULLAS; BRIQUETAS, OVOIDES Y COMBUSTIBLES SÓLIDOS SIMILARES, OBTENIDOS DE LA HULLA.",encabezado
2702,27,"LIGNITOS, INCLUSO AGLOMERADOS, EXCEPTO EL AZABACHE.",encabezado
2703,27,"TURBA (COMPRENDIDA LA UTILIZADA PARA CAMA DE ANIMALES), INCLUSO AGLOMERADA.",linea_unica
2704,27,"COQUES Y SEMICOQUES DE HULLA, LIGNITO O TURBA, INCLUSO AGLOMERADOS; CARBÓN DE RETORTA.",linea_unica
2705,27,"GAS DE HULLA, GAS DE AGUA, GAS POBRE Y GASES SIMILARES, EXCEPTO EL GAS DE PETRÓLEO Y DEMÁS HIDROCARBUROS GASEOSOS.",linea_unica
2706,27,"ALQUITRANES DE HULLA, LIGNITO O TURBA Y DEMÁS ALQUITRANES MINERALES, AUNQUE ESTÉN DESHIDRATADOS O DESCABEZADOS, INCLUIDOS LOS ALQUITRANES RECONSTITUIDOS.",linea_unica
2707,27,ACEITES Y DEMÁS PRODUCTOS DE LA DESTILACIÓN DE LOS ALQUITRANES DE HULLA DE ALTA TEMPERATURA; PRODUCTOS ANÁLOGOS EN LOS QUE LOS CONSTITUYENTES AROMÁTICOS PREDOMINEN EN PESO SOBRE LOS NO AROMÁTICOS.,encabezado
2708,27,BREA Y COQUE DE BREA DE ALQUITRÁN DE HULLA O DE OTROS ALQUITRANES MINERALES.,encabezado
2709,27,ACEITES CRUDOS DE PETRÓLEO O DE MINERAL BITUMINOSO.,linea_unica
2710,27,"ACEITES DE PETRÓLEO O DE MINERAL BITUMINOSO, EXCEPTO LOS ACEITES CRUDOS; PREPARACIONES NO EXPRESADAS NI COMPRENDIDAS EN OTRA PARTE, CON UN CONTENIDO DE ACEITES DE PETRÓLEO O DE MINERAL BITUMINOSO SUPERIOR O IGUAL AL 70% EN PESO, EN LAS QUE ESTOS ACEITES CONSTITUYAN EL ELEMENTO BASE; DESECHOS DE ACEITES.",encabezado
2711,27,GAS DE PETRÓLEO Y DEMÁS HIDROCARBUROS GASEOSOS.,encabezado
2712,27,"VASELINA; PARAFINA, CERA DE PETRÓLEO MICROCRISTALINA, «SLACK WAX», OZOQUERITA, CERA DE LIGNITO, CERA DE TURBA, DEMÁS CERAS MINERALES Y PRODUCTOS SIMILARES OBTENIDOS POR SÍNTESIS O POR OTROS PROCEDIMIENTOS, INCLUSO COLOREADOS.",encabezado
2713,27,"COQUE DE PETRÓLEO, BETÚN DE PETRÓLEO Y DEMÁS RESIDUOS DE LOS ACEITES DE PETRÓLEO O DE MINERAL BITUMINOSO.",encabezado
2714,27,BETUNES Y ASFALTOS NATURALES; PIZARRAS Y ARENAS BITUMINOSAS; ASFALTITAS Y ROCAS ASFÁLTICAS.,encabezado
2715,27,"MEZCLAS BITUMINOSAS A BASE DE ASFALTO O DE BETÚN NATURALES, DE BETÚN DE PETRÓLEO, DE ALQUITRÁN MINERAL O DE BREA DE ALQUITRÁN MINERAL (POR EJEMPLO: MÁSTIQUES BITUMINOSOS, «CUT BACKS»).",linea_unica
2716,27,ENERGÍA ELÉCTRICA.,linea_unica
2801,28,"FLÚOR, CLORO, BROMO Y YODO.",encabezado
2802,28,AZUFRE SUBLIMADO O PRECIPITADO; AZUFRE COLOIDAL.,linea_unica
2803,28,CARBONO (NEGROS DE HUMO Y OTRAS FORMAS DE CARBONO NO EXPRESADAS NI COMPRENDIDAS EN OTRA PARTE).,linea_unica
2804,28,"HIDRÓGENO, GASES NOBLES Y DEMÁS ELEMENTOS NO METÁLICOS.",encabezado
2805,28,"METALES ALCALINOS O ALCALINOTÉRREOS; METALES DE LAS TIERRAS RARAS, ESCANDIO E ITRIO, INCLUSO MEZCLADOS O ALEADOS ENTRE SÍ; MERCURIO.",encabezado
2806,28,CLORURO DE HIDRÓGENO (ÁCIDO CLORHÍDRICO); ÁCIDO CLOROSULFÚRICO.,encabezado
2807,28,ÁCIDO SULFÚRICO; OLEUM.,linea_unica
2808,28,ÁCIDO NÍTRICO; ÁCIDOS SULFONÍTRICOS.,linea_unica
2809,28,"PENTÓXIDO DE DIFÓSFORO; ÁCIDO FOSFÓRICO; ÁCIDOS POLIFOSFÓRICOS, AUNQUE NO SEAN DE CONSTITUCIÓN QUÍMICA DEFINIDA.",encabezado
2810,28,ÓXIDOS DE BORO; ÁCIDOS BÓRICOS.,linea_unica
2811,28,LOS DEMÁS ÁCIDOS INORGÁNICOS Y LOS DEMÁS COMPUESTOS OXIGENADOS INORGÁNICOS DE LOS ELEMENTOS NO METÁLICOS.,encabezado
2812,28,HALOGENUROS Y OXIHALOGENUROS DE LOS ELEMENTOS NO METÁLICOS.,encabezado
2813,28,SULFUROS DE LOS ELEMENTOS NO METÁLICOS; TRISULFURO DE FÓSFORO COMERCIAL.,encabezado
2814,28,AMONÍACO ANHIDRO O EN DISOLUCIÓN ACUOSA.,encabezado
2815,28,HIDRÓXIDO DE SODIO (SOSA O SODA CÁUSTICA); HIDRÓXIDO DE POTASIO (POTASA CÁUSTICA); PERÓXIDOS DE SODIO O DE POTASIO.,encabezado
2816,28,"HIDRÓXIDO Y PERÓXIDO DE MAGNESIO; ÓXIDOS, HIDRÓXIDOS Y PERÓXIDOS, DE ESTRONCIO O DE BARIO.",encabezado
2817,28,ÓXIDO DE CINC; PERÓXIDO DE CINC.,linea_unica
2818,28,"CORINDÓN ARTIFICIAL, AUNQUE NO SEA DE CONSTITUCIÓN QUÍMICA DEFINIDA; ÓXIDO DE ALUMINIO; HIDRÓXIDO DE ALUMINIO.",encabezado
2819,28,ÓXIDOS E HIDRÓXIDOS DE CROMO.,encabezado
2820,28,ÓXIDOS DE MANGANESO.,encabezado
2821,28,"ÓXIDOS E HIDRÓXIDOS DE HIERRO; TIERRAS COLORANTES CON UN CONTENIDO DE HIERRO COMBINADO, EXPRESADO EN FE 2 SUPERIOR O IGUAL AL 70 % EN PESO.",encabezado
2822,28,ÓXIDOS E HIDRÓXIDOS DE COBALTO; ÓXIDOS DE COBALTO COMERCIALES.,linea_unica
2823,28,ÓXIDOS DE TITANIO.,linea_unica
2824,28,ÓXIDOS DE PLOMO; MINIO Y MINIO ANARANJADO.,encabezado
2825,28,"HIDRAZINA E HIDROXILAMINA Y SUS SALES INORGÁNICAS; LAS DEMÁS BASES INORGÁNICAS; LOS DEMÁS ÓXIDOS, HIDRÓXIDOS Y PERÓXIDOS DE METALES.",encabezado
2826,28,"FLUORUROS; FLUOROSILICATOS, FLUOROALUMINATOS Y DEMÁS SALES COMPLEJAS DE FLÚOR.",encabezado
2827,28,"CLORUROS, OXICLORUROS E HIDROXICLORUROS; BROMUROS Y OXIBROMUROS; YODUROS Y OXIYODUROS.",encabezado
2828,28,HIPOCLORITOS; HIPOCLORITO DE CALCIO COMERCIAL; CLORITOS; HIPOBROMITOS.,encabezado
2829,28,CLORATOS Y PERCLORATOS; BROMATOS Y PERBROMATOS; YODATOS Y PERYODATOS.,encabezado
2830,28,"SULFUROS; POLISULFUROS, AUNQUE NO SEAN DE CONSTITUCIÓN QUÍMICA DEFINIDA.",encabezado
2831,28,DITIONITOS Y SULFOXILATOS.,encabezado
2832,28,SULFITOS; TIOSULFATOS.,encabezado
2833,28,SULFATOS; ALUMBRES; PEROXOSULFATOS (PERSULFATOS).,encabezado
2834,28,NITRITOS; NITRATOS.,encabezado
2835,28,"FOSFINATOS (HIPOFOSFITOS), FOSFONATOS (FOSFITOS) Y FOSFATOS; POLIFOSFATOS, AUNQUE NO SEAN DE CONSTITUCIÓN QUÍMICA DEFINIDA.",encabezado
2836,28,CARBONATOS; PEROXOCARBONATOS (PERCARBONATOS); CARBONATO DE AMONIO COMERCIAL QUE CONTENGA CARBAMATO DE AMONIO.,encabezado
2837,28,"CIANUROS, OXICIANUROS Y CIANUROS COMPLEJOS.",encabezado
2839,28,SILICATOS; SILICATOS COMERCIALES DE LOS METALES ALCALINOS.,encabezado
2840,28,BORATOS; PEROXOBORATOS (PERBORATOS).,encabezado
2841,28,SALES DE LOS ÁCIDOS OXOMETÁLICOS O PEROXOMETÁLICOS.,encabezado
2842,28,"LAS DEMÁS SALES DE LOS ÁCIDOS O PEROXOÁCIDOS INORGÁNICOS (INCLUIDOS LOS ALUMINOSILICATOS, AUNQUE NO SEAN DE CONSTITUCIÓN QUÍMICA DEFINIDA), EXCEPTO LOS AZIDUROS (AZIDAS).",encabezado
2843,28,"METAL PRECIOSO EN ESTADO COLOIDAL; COMPUESTOS INORGÁNICOS U ORGÁNICOS DE METAL PRECIOSO, AUNQUE NO SEAN DE CONSTITUCIÓN QUÍMICA DEFINIDA; AMALGAMAS DE METAL PRECIOSO.",encabezado
2844,28,ELEMENTOS QUÍMICOS RADIACTIVOS E ISÓTOPOS RADIACTIVOS (INCLUIDOS LOS ELEMENTOS QUÍMICOS E ISÓTOPOS FISIONABLES O FÉRTILES) Y SUS COMPUESTOS; MEZCLAS Y RESIDUOS QUE CONTENGAN ESTOS PRODUCTOS.,encabezado
2845,28,"ISÓTOPOS, EXCEPTO LOS DE LA PARTIDA 28.44; SUS COMPUESTOS INORGÁNICOS U ORGÁNICOS, AUNQUE NO SEAN DE CONSTITUCIÓN QUÍMICA DEFINIDA.",encabezado
2846,28,"COMPUESTOS INORGÁNICOS U ORGÁNICOS, DE METALES DE LAS TIERRAS RARAS, DEL ITRIO, DEL ESCANDIO O DE LAS MEZCLAS DE ESTOS METALES.",encabezado
2847,28,"PERÓXIDO DE HIDRÓGENO (AGUA OXIGENADA), INCLUSO SOLIDIFICADO CON UREA.",linea_unica
2849,28,"CARBUROS, AUNQUE NO SEAN DE CONSTITUCIÓN QUÍMICA DEFINIDA.",encabezado
2850,28,"HIDRUROS, NITRUROS, AZIDUROS (AZIDAS), SILICIUROS Y BORUROS, AUNQUE NO SEAN DE CONSTITUCIÓN QUÍMICA DEFINIDA, EXCEPTO LOS COMPUESTOS QUE CONSISTAN IGUALMENTE EN CARBUROS DE LA PARTIDA 28.49.",linea_unica
2852,28,"COMPUESTOS INORGÁNICOS U ORGÁNICOS DE MERCURIO, AUNQUE NO SEAN DE CONSTITUCIÓN QUÍMICA DEFINIDA, EXCEPTO LAS AMALGAMAS.",encabezado
2853,28,"FOSFUROS, AUNQUE NO SEAN DE CONSTITUCIÓN QUÍMICA DEFINIDA, EXCEPTO LOS FERROFÓSFOROS; LOS DEMÁS COMPUESTOS INORGÁNICOS (INCLUIDA EL AGUA DESTILADA, DE CONDUCTIVIDAD O DEL MISMO GRADO DE PUREZA); AIRE LÍQUIDO, AUNQUE SE LE HAYAN ELIMINADO LOS GASES NOBLES; AIRE COMPRIMIDO; AMALGAMAS, EXCEPTO LAS DE METAL PRECIOSO.",encabezado
2901,29,HIDROCARBUROS ACÍCLICOS.,encabezado
2902,29,HIDROCARBUROS CÍCLICOS.,encabezado
2903,29,DERIVADOS HALOGENADOS DE LOS HIDROCARBUROS.,encabezado
2904,29,"DERIVADOS SULFONADOS, NITRADOS O NITROSADOS DE LOS HIDROCARBUROS, INCLUSO HALOGENADOS.",encabezado
2905,29,"ALCOHOLES ACÍCLICOS Y SUS DERIVADOS HALOGENADOS, SULFONADOS, NITRADOS O NITROSADOS.",encabezado
2906,29,"ALCOHOLES CÍCLICOS Y SUS DERIVADOS HALOGENADOS, SULFONADOS, NITRADOS O NITROSADOS.",encabezado
2907,29,FENOLES; FENOLES-ALCOHOLES.,encabezado
2908,29,"DERIVADOS HALOGENADOS, SULFONADOS, NITRADOS O NITROSADOS, DE LOS FENOLES O DE LOS FENOLES-ALCOHOLES.",encabezado
2909,29,"ÉTERES, ÉTERES-ALCOHOLES, ÉTERES-FENOLES, ÉTERES-ALCOHOLES- FENOLES, PERÓXIDOS DE ALCOHOLES, PERÓXIDOS DE ÉTERES, PERÓXIDOS DE ACETALES Y DE HEMIACETALES, PERÓXIDOS DE CETONAS (AUNQUE NO SEAN DE CONSTITUCIÓN QUÍMICA DEFINIDA), Y SUS DERIVADOS HALOGENADOS, SULFONADOS, NITRADOS O NITROSADOS.",encabezado
2910,29,"EPÓXIDOS, EPOXIALCOHOLES, EPOXIFENOLES Y EPOXIÉTERES, CON TRES ÁTOMOS EN EL CICLO, Y SUS DERIVADOS HALOGENADOS, SULFONADOS, NITRADOS O NITROSADOS.",encabezado
2911,29,"ACETALES Y HEMIACETALES, INCLUSO CON OTRAS FUNCIONES OXIGENADAS, Y SUS DERIVADOS HALOGENADOS, SULFONADOS, NITRADOS O NITROSADOS.",linea_unica
2912,29,"ALDEHÍDOS, INCLUSO CON OTRAS FUNCIONES OXIGENADAS; POLÍMEROS CÍCLICOS DE LOS ALDEHÍDOS; PARAFORMALDEHÍDO.",encabezado
2913,29,"DERIVADOS HALOGENADOS, SULFONADOS, NITRADOS O NITROSADOS DE LOS PRODUCTOS DE LA PARTIDA 29.12.",linea_unica
2914,29,"CETONAS Y QUINONAS, INCLUSO CON OTRAS FUNCIONES OXIGENADAS, Y SUS DERIVADOS HALOGENADOS, SULFONADOS, NITRADOS O NITROSADOS.",encabezado
2915,29,"ÁCIDOS MONOCARBOXÍLICOS ACÍCLICOS SATURADOS Y SUS ANHÍDRIDOS, HALOGENUROS, PERÓXIDOS Y PEROXIÁCIDOS; SUS DERIVADOS HALOGENADOS, SULFONADOS, NITRADOS O NITROSADOS.",encabezado
2916,29,"ÁCIDOS MONOCARBOXÍLICOS ACÍCLICOS NO SATURADOS Y ÁCIDOS MONOCARBOXÍLICOS CÍCLICOS, SUS ANHÍDRIDOS, HALOGENUROS, PERÓXIDOS Y PEROXIÁCIDOS; SUS DERIVADOS HALOGENADOS, SULFONADOS, NITRADOS O NITROSADOS.",encabezado
2917,29,"ÁCIDOS POLICARBOXÍLICOS, SUS ANHÍDRIDOS, HALOGENUROS, PERÓXIDOS Y PEROXIÁCIDOS; SUS DERIVADOS HALOGENADOS, SULFONADOS, NITRADOS O NITROSADOS.",encabezado
2918,29,"ÁCIDOS CARBOXÍLICOS CON FUNCIONES OXIGENADAS SUPLEMENTARIAS Y SUS ANHÍDRIDOS, HALOGENUROS, PERÓXIDOS Y PEROXIÁCIDOS; SUS DERIVADOS HALOGENADOS, SULFONADOS, NITRADOS O NITROSADOS.",encabezado
2919,29,"ÉSTERES FOSFÓRICOS Y SUS SALES, INCLUIDOS LOS LACTOFOSFATOS; SUS DERIVADOS HALOGENADOS, SULFONADOS, NITRADOS O NITROSADOS.",encabezado
2920,29,"ÉSTERES DE LOS DEMÁS ÁCIDOS INORGÁNICOS DE LOS NO METALES (EXCEPTO LOS ÉSTERES DE HALOGENUROS DE HIDRÓGENO) Y SUS SALES; SUS DERIVADOS HALOGENADOS, SULFONADOS, NITRADOS O NITROSADOS.",encabezado
2921,29,COMPUESTOS CON FUNCIÓN AMINA.,encabezado
2922,29,COMPUESTOS AMINADOS CON FUNCIONES OXIGENADAS.,encabezado
2923,29,"SALES E HIDRÓXIDOS DE AMONIO CUATERNARIO; LECITINAS Y DEMÁS FOSFOAMINOLÍPIDOS, AUNQUE NO SEAN DE CONSTITUCIÓN QUÍMICA DEFINIDA.",encabezado
2924,29,COMPUESTOS CON FUNCIÓN CARBOXIAMIDA; COMPUESTOS CON FUNCIÓN AMIDA DEL ÁCIDO CARBÓNICO.,encabezado
2925,29,COMPUESTOS CON FUNCIÓN CARBOXIIMIDA (INCLUIDA LA SACARINA Y SUS SALES) O CON FUNCIÓN IMINA.,encabezado
2926,29,COMPUESTOS CON FUNCIÓN NITRILO.,encabezado
2927,29,"COMPUESTOS DIAZOICOS, AZOICOS O AZOXI.",linea_unica
2928,29,DERIVADOS ORGÁNICOS DE LA HIDRAZINA O DE LA HIDROXILAMINA.,linea_unica
2929,29,COMPUESTOS CON OTRAS FUNCIONES NITROGENADAS.,encabezado
2930,29,TIOCOMPUESTOS ORGÁNICOS.,encabezado
2931,29,LOS DEMÁS COMPUESTOS ÓRGANO-INORGÁNICOS.,encabezado
2932,29,COMPUESTOS HETEROCÍCLICOS CON HETEROÁTOMO(S) DE OXÍGENO EXCLUSIVAMENTE.,encabezado
2933,29,COMPUESTOS HETEROCÍCLICOS CON HETEROÁTOMO(S) DE NITRÓGENO EXCLUSIVAMENTE.,encabezado
2934,29,"ÁCIDOS NUCLEICOS Y SUS SALES, AUNQUE NO SEAN DE CONSTITUCIÓN QUÍMICA DEFINIDA; LOS DEMÁS COMPUESTOS HETEROCÍCLICOS.",encabezado
2935,29,SULFONAMIDAS.,encabezado
2936,29,"PROVITAMINAS Y VITAMINAS, NATURALES O REPRODUCIDAS POR SÍNTESIS (INCLUIDOS LOS CONCENTRADOS NATURALES) Y SUS DERIVADOS UTILIZADOS PRINCIPALMENTE COMO VITAMINAS, MEZCLADOS O NO ENTRE SÍ O EN DISOLUCIONES DE CUALQUIER CLASE.",encabezado
2937,29,"HORMONAS, PROSTAGLANDINAS, TROMBOXANOS Y LEUCOTRIENOS, NATURALES O REPRODUCIDOS POR SÍNTESIS; SUS DERIVADOS Y ANÁLOGOS ESTRUCTURALES, INCLUIDOS LOS POLIPÉPTIDOS DE CADENA MODIFICADA, UTILIZADOS PRINCIPALMENTE COMO HORMONAS.",encabezado
2938,29,"HETERÓSIDOS, NATURALES O REPRODUCIDOS POR SÍNTESIS, SUS SALES, ÉTERES, ÉSTERES Y DEMÁS DERIVADOS.",encabezado
2939,29,"ALCALOIDES, NATURALES O REPRODUCIDOS POR SÍNTESIS, SUS SALES, ÉTERES, ÉSTERES Y DEMÁS DERIVADOS.",encabezado
2940,29,"AZÚCARES QUÍMICAMENTE PUROS, EXCEPTO LA SACAROSA, LACTOSA, MALTOSA, GLUCOSA Y FRUCTOSA (LEVULOSA); ÉTERES, ACETALES Y ÉSTERES DE AZÚCARES Y SUS SALES, EXCEPTO LOS PRODUCTOS DE LAS PARTIDAS 29.37, 29.38 O 29.39.",linea_unica
2941,29,ANTIBIÓTICOS.,encabezado
2942,29,LOS DEMÁS COMPUESTOS ORGÁNICOS.,linea_unica
3001,30,"GLÁNDULAS Y DEMÁS ÓRGANOS PARA USOS OPOTERÁPICOS, DESECADOS, INCLUSO PULVERIZADOS; EXTRACTOS DE GLÁNDULAS O DE OTROS ÓRGANOS O DE SUS SECRECIONES, PARA USOS OPOTERÁPICOS; HEPARINA Y SUS SALES; LAS DEMÁS SUSTANCIAS HUMANAS O ANIMALES PREPARADAS PARA USOS TERAPÉUTICOS O PROFILÁCTICOS, NO EXPRESADAS NI COMPRENDIDAS EN OTRA PARTE.",encabezado
3002,30,"SANGRE HUMANA; SANGRE ANIMAL PREPARADA PARA USOS TERAPÉUTICOS, PROFILÁCTICOS O DE DIAGNÓSTICO; ANTISUEROS (SUEROS CON ANTICUERPOS), DEMÁS FRACCIONES DE LA SANGRE Y PRODUCTOS INMUNOLÓGICOS, INCLUSO MODIFICADOS U OBTENIDOS POR PROCESOS BIOTECNOLÓGICOS; VACUNAS, TOXINAS, CULTIVOS DE MICROORGANISMOS (EXCEPTO LAS LEVADURAS) Y PRODUCTOS SIMILARES; CULTIVOS DE CÉLULAS, INCLUSO MODIFICADAS.",encabezado
3003,30,"MEDICAMENTOS (EXCEPTO LOS PRODUCTOS DE LAS PARTIDAS 30.02, 30.05 O 30.06) CONSTITUIDOS POR PRODUCTOS MEZCLADOS ENTRE SÍ, PREPARADOS PARA USOS TERAPÉUTICOS O PROFILÁCTICOS, SIN DOSIFICAR NI ACONDICIONAR PARA LA VENTA AL POR MENOR.",encabezado
3004,30,"MEDICAMENTOS (EXCEPTO LOS PRODUCTOS DE LAS PARTIDAS 30.02, 30.05 O 30.06) CONSTITUIDOS POR PRODUCTOS MEZCLADOS O SIN MEZCLAR, PREPARADOS PARA USOS TERAPÉUTICOS O PROFILÁCTICOS, DOSIFICADOS (INCLUIDOS LOS ADMINISTRADOS POR VÍA TRANSDÉRMICA) O ACONDICIONADOS PARA LA VENTA AL POR MENOR.",encabezado
3005,30,"GUATAS, GASAS, VENDAS Y ARTÍCULOS ANÁLOGOS (POR EJEMPLO: APÓSITOS, ESPARADRAPOS, SINAPISMOS), IMPREGNADOS O RECUBIERTOS DE SUSTANCIAS FARMACÉUTICAS O ACONDICIONADOS PARA LA VENTA AL POR MENOR CON FINES MÉDICOS, QUIRÚRGICOS, ODONTOLÓGICOS O VETERINARIOS.",encabezado
3006,30,PREPARACIONES Y ARTÍCULOS FARMACÉUTICOS A QUE SE REFIERE LA NOTA 4 DE ESTE CAPÍTULO.,encabezado
3101,31,"ABONOS DE ORIGEN ANIMAL O VEGETAL, INCLUSO MEZCLADOS ENTRE SÍ O TRATADOS QUÍMICAMENTE; ABONOS PROCEDENTES DE LA MEZCLA O DEL TRATAMIENTO QUÍMICO DE PRODUCTOS DE ORIGEN ANIMAL O VEGETAL.",linea_unica
3102,31,ABONOS MINERALES O QUÍMICOS NITROGENADOS.,encabezado
3103,31,ABONOS MINERALES O QUÍMICOS FOSFATADOS.,encabezado
3104,31,ABONOS MINERALES O QUÍMICOS POTÁSICOS.,encabezado
3105,31,"ABONOS MINERALES O QUÍMICOS, CON DOS O TRES DE LOS ELEMENTOS FERTILIZANTES: NITRÓGENO, FÓSFORO Y POTASIO; LOS DEMÁS ABONOS; PRODUCTOS DE ESTE CAPÍTULO EN TABLETAS O FORMAS SIMILARES O EN ENVASES DE UN PESO BRUTO INFERIOR O IGUAL A 10 kg.",encabezado
3201,32,"EXTRACTOS CURTIENTES DE ORIGEN VEGETAL; TANINOS Y SUS SALES, ÉTERES, ÉSTERES Y DEMÁS DERIVADOS.",encabezado
3202,32,"PRODUCTOS CURTIENTES ORGÁNICOS SINTÉTICOS; PRODUCTOS CURTIENTES INORGÁNICOS; PREPARACIONES CURTIENTES, INCLUSO CON PRODUCTOS CURTIENTES NATURALES; PREPARACIONES ENZIMÁTICAS PARA PRECURTIDO.",encabezado
3203,32,"MATERIAS COLORANTES DE ORIGEN VEGETAL O ANIMAL (INCLUIDOS LOS EXTRACTOS TINTÓREOS, EXCEPTO LOS NEGROS DE ORIGEN ANIMAL), AUNQUE SEAN DE CONSTITUCIÓN QUÍMICA DEFINIDA; PREPARACIONES A QUE SE REFIERE LA NOTA 3 DE ESTE CAPÍTULO A BASE DE MATERIAS COLORANTES DE ORIGEN VEGETAL O ANIMAL.",linea_unica
3204,32,"MATERIAS COLORANTES ORGÁNICAS SINTÉTICAS, AUNQUE SEAN DE CONSTITUCIÓN QUÍMICA DEFINIDA; PREPARACIONES A QUE SE REFIERE LA NOTA 3 DE ESTE CAPÍTULO A BASE DE MATERIAS COLORANTES ORGÁNICAS SINTÉTICAS; PRODUCTOS ORGÁNICOS SINTÉTICOS DE LOS TIPOS UTILIZADOS PARA EL AVIVADO FLUORESCENTE O COMO LUMINÓFOROS, AUNQUE SEAN DE CONSTITUCIÓN QUÍMICA DEFINIDA.",encabezado
3205,32,LACAS COLORANTES; PREPARACIONES A QUE SE REFIERE LA NOTA 3 DE ESTE CAPÍTULO A BASE DE LACAS COLORANTES.,linea_unica
3206,32,"LAS DEMÁS MATERIAS COLORANTES; PREPARACIONES A QUE SE REFIERE LA NOTA 3 DE ESTE CAPÍTULO, EXCEPTO LAS DE LAS PARTIDAS 32.03, 32.04 O 32.05; PRODUCTOS INORGÁNICOS DE LOS TIPOS UTILIZADOS COMO LUMINÓFOROS, AUNQUE SEAN DE CONSTITUCIÓN QUÍMICA DEFINIDA.",encabezado
3207,32,"PIGMENTOS, OPACIFICANTES Y COLORES PREPARADOS, COMPOSICIONES VITRIFICABLES, ENGOBES, ABRILLANTADORES (LUSTRES) LÍQUIDOS Y PREPARACIONES SIMILARES, DE LOS TIPOS UTILIZADOS EN CERÁMICA, ESMALTADO O EN LA INDUSTRIA DEL VIDRIO; FRITA DE VIDRIO Y DEMÁS VIDRIOS, EN POLVO, GRÁNULOS, COPOS O ESCAMILLAS.",encabezado
3208,32,"PINTURAS Y BARNICES A BASE DE POLÍMEROS SINTÉTICOS O NATURALES MODIFICADOS, DISPERSOS O DISUELTOS EN UN MEDIO NO ACUOSO; DISOLUCIONES DEFINIDAS EN LA NOTA 4 DE ESTE CAPÍTULO.",encabezado
3209,32,"PINTURAS Y BARNICES A BASE DE POLÍMEROS SINTÉTICOS O NATURALES MODIFICADOS, DISPERSOS O DISUELTOS EN UN MEDIO ACUOSO.",encabezado
3210,32,LAS DEMÁS PINTURAS Y BARNICES; PIGMENTOS AL AGUA PREPARADOS DE LOS TIPOS UTILIZADOS PARA EL ACABADO DEL CUERO.,linea_unica
3211,32,SECATIVOS PREPARADOS.,linea_unica
3212,32,"PIGMENTOS (INCLUIDOS EL POLVO Y ESCAMILLAS METÁLICOS) DISPERSOS EN MEDIOS NO ACUOSOS, LÍQUIDOS O EN PASTA, DE LOS TIPOS UTILIZADOS PARA LA FABRICACIÓN DE PINTURAS; HOJAS PARA EL MARCADO A FUEGO; TINTES Y DEMÁS MATERIAS COLORANTES PRESENTADOS EN FORMAS O EN ENVASES PARA LA VENTA AL POR MENOR.",encabezado
3213,32,"COLORES PARA LA PINTURA ARTÍSTICA, LA ENSEÑANZA, LA PINTURA DE CARTELES, PARA MATIZAR O PARA ENTRETENIMIENTO Y COLORES SIMILARES, EN PASTILLAS, TUBOS, BOTES, FRASCOS O EN FORMAS O ENVASES SIMILARES.",encabezado
3214,32,"MASILLA, CEMENTOS DE RESINA Y DEMÁS MÁSTIQUES; PLASTES (ENDUIDOS) UTILIZADOS EN PINTURA; PLASTES (ENDUIDOS) NO REFRACTARIOS DE LOS TIPOS UTILIZADOS EN ALBAÑILERÍA.",encabezado
3215,32,"TINTAS DE IMPRIMIR, TINTAS DE ESCRIBIR O DIBUJAR Y DEMÁS TINTAS, INCLUSO CONCENTRADAS O SÓLIDAS.",encabezado
3301,33,"ACEITES ESENCIALES (DESTERPENADOS O NO), INCLUIDOS LOS «CONCRETOS» O «ABSOLUTOS»; RESINOIDES; OLEORRESINAS DE EXTRACCIÓN; DISOLUCIONES CONCENTRADAS DE ACEITES ESENCIALES EN GRASAS, ACEITES FIJOS, CERAS O MATERIAS ANÁLOGAS, OBTENIDAS POR ENFLORADO O MACERACIÓN; SUBPRODUCTOS TERPÉNICOS RESIDUALES DE LA DESTERPENACIÓN DE LOS ACEITES ESENCIALES; DESTILADOS ACUOSOS AROMÁTICOS Y DISOLUCIONES ACUOSAS DE ACEITES ESENCIALES.",encabezado
3302,33,"MEZCLAS DE SUSTANCIAS ODORÍFERAS Y MEZCLAS (INCLUIDAS LAS DISOLUCIONES ALCOHÓLICAS) A BASE DE UNA O VARIAS DE ESTAS SUSTANCIAS, DE LOS TIPOS UTILIZADOS COMO MATERIAS BÁSICAS PARA LA INDUSTRIA; LAS DEMÁS PREPARACIONES A BASE DE SUSTANCIAS ODORÍFERAS, DE LOS TIPOS UTILIZADOS PARA LA ELABORACIÓN DE BEBIDAS.",encabezado
3303,33,PERFUMES Y AGUAS DE TOCADOR.,linea_unica
3304,33,"PREPARACIONES DE BELLEZA, MAQUILLAJE Y PARA EL CUIDADO DE LA PIEL, EXCEPTO LOS MEDICAMENTOS, INCLUIDAS LAS PREPARACIONES ANTISOLARES Y LAS BRONCEADORAS; PREPARACIONES PARA MANICURAS O PEDICUROS.",encabezado
3305,33,PREPARACIONES CAPILARES.,encabezado
3306,33,"PREPARACIONES PARA HIGIENE BUCAL O DENTAL, INCLUIDOS LOS POLVOS Y CREMAS PARA LA ADHERENCIA DE LAS DENTADURAS; HILO UTILIZADO PARA LIMPIEZA DE LOS ESPACIOS INTERDENTALES (HILO DENTAL), EN ENVASES INDIVIDUALES PARA LA VENTA AL POR MENOR.",encabezado
3307,33,"PREPARACIONES PARA AFEITAR O PARA ANTES O DESPUÉS DEL AFEITADO, DESODORANTES CORPORALES, PREPARACIONES PARA EL BAÑO, DEPILATORIOS Y DEMÁS PREPARACIONES DE PERFUMERÍA, DE TOCADOR O DE COSMÉTICA, NO EXPRESADAS NI COMPRENDIDAS EN OTRA PARTE; PREPARACIONES DESODORANTES DE LOCALES, INCLUSO SIN PERFUMAR, AUNQUE TENGAN PROPIEDADES DESINFECTANTES.",encabezado
3401,34,"JABÓN; PRODUCTOS Y PREPARACIONES ORGÁNICOS TENSOACTIVOS UTILIZADOS COMO JABÓN, EN BARRAS, PANES, TROZOS O PIEZAS TROQUELADAS O MOLDEADAS, AUNQUE CONTENGAN JABÓN; PRODUCTOS Y PREPARACIONES ORGÁNICOS TENSOACTIVOS PARA EL LAVADO DE LA PIEL, LÍQUIDOS O EN CREMA, ACONDICIONADOS PARA LA VENTA AL POR MENOR, AUNQUE CONTENGAN JABÓN; PAPEL, GUATA, FIELTRO Y TELA SIN TEJER, IMPREGNADOS, RECUBIERTOS O REVESTIDOS DE JABÓN O DE DETERGENTES.",encabezado
3402,34,"AGENTES DE SUPERFICIE ORGÁNICOS (EXCEPTO EL JABÓN); PREPARACIONES TENSOACTIVAS, PREPARACIONES PARA LAVAR (INCLUIDAS LAS PREPARACIONES AUXILIARES DE LAVADO) Y PREPARACIONES DE LIMPIEZA, AUNQUE CONTENGAN JABÓN, EXCEPTO LAS DE LA PARTIDA 34.01.",encabezado
3403,34,"PREPARACIONES LUBRICANTES (INCLUIDOS LOS ACEITES DE CORTE, LAS PREPARACIONES PARA AFLOJAR TUERCAS, LAS PREPARACIONES ANTIHERRUMBRE O ANTICORROSIÓN Y LAS PREPARACIONES PARA EL DESMOLDEO, A BASE DE LUBRICANTES) Y PREPARACIONES DE LOS TIPOS UTILIZADOS PARA EL ENSIMADO DE MATERIAS TEXTILES O EL ACEITADO O ENGRASADO DE CUEROS Y PIELES, PELETERÍA U OTRAS MATERIAS, EXCEPTO LAS QUE CONTENGAN COMO COMPONENTE BÁSICO UNA PROPORCIÓN DE ACEITES DE PETRÓLEO O DE MINERAL BITUMINOSO SUPERIOR O IGUAL AL 70% EN PESO.",encabezado
3404,34,CERAS ARTIFICIALES Y CERAS PREPARADAS.,encabezado
3405,34,"BETUNES Y CREMAS PARA EL CALZADO, ENCÁUSTICOS, ABRILLANTADORES (LUSTRES) PARA CARROCERÍAS, VIDRIO O METAL, PASTAS Y POLVOS PARA FREGAR Y PREPARACIONES SIMILARES (INCLUSO PAPEL, GUATA, FIELTRO, TELA SIN TEJER, PLÁSTICO O CAUCHO CELULARES, IMPREGNADOS, RECUBIERTOS O REVESTIDOS DE ESTAS PREPARACIONES), EXCEPTO LAS CERAS DE LA PARTIDA 34.04.",encabezado
3406,34,"VELAS, CIRIOS Y ARTÍCULOS SIMILARES.",linea_unica
3407,34,"PASTAS PARA MODELAR, INCLUIDAS LAS PRESENTADAS PARA ENTRETENIMIENTO DE LOS NIÑOS; PREPARACIONES LLAMADAS «CERAS PARA ODONTOLOGÍA» O «COMPUESTOS PARA IMPRESIÓN DENTAL», PRESENTADAS EN JUEGOS O SURTIDOS, EN ENVASES PARA LA VENTA AL POR MENOR O EN PLAQUITAS, HERRADURAS, BARRITAS O FORMAS SIMILARES; LAS DEMÁS PREPARACIONES PARA ODONTOLOGÍA A BASE DE YESO FRAGUABLE.",linea_unica
3501,35,"CASEÍNA, CASEINATOS Y DEMÁS DERIVADOS DE LA CASEÍNA; COLAS DE CASEÍNA.",encabezado
3502,35,"ALBÚMINAS (INCLUIDOS LOS CONCENTRADOS DE VARIAS PROTEÍNAS DEL LACTOSUERO, CON UN CONTENIDO DE PROTEÍNAS DEL LACTOSUERO SUPERIOR AL 80% EN PESO, CALCULADO SOBRE MATERIA SECA), ALBUMINATOS Y DEMÁS DERIVADOS DE LAS ALBÚMINAS.",encabezado
3503,35,"GELATINAS (AUNQUE SE PRESENTEN EN HOJAS CUADRADAS O RECTANGULARES, INCLUSO TRABAJADAS EN LA SUPERFICIE O COLOREADAS) Y SUS DERIVADOS; ICTIOCOLA; LAS DEMÁS COLAS DE ORIGEN ANIMAL, EXCEPTO LAS COLAS DE CASEÍNA DE LA PARTIDA 35.01.",linea_unica
3504,35,"PEPTONAS Y SUS DERIVADOS; LAS DEMÁS MATERIAS PROTEÍNICAS Y SUS DERIVADOS, NO EXPRESADOS NI COMPRENDIDOS EN OTRA PARTE; POLVO DE CUEROS Y PIELES, INCLUSO TRATADO AL CROMO.",linea_unica
3505,35,"DEXTRINA Y DEMÁS ALMIDONES Y FÉCULAS MODIFICADOS (POR EJEMPLO: ALMIDONES Y FÉCULAS PREGELATINIZADOS O ESTERIFICADOS); COLAS A BASE DE ALMIDÓN, FÉCULA, DEXTRINA O DEMÁS ALMIDONES O FÉCULAS MODIFICADOS.",encabezado
3506,35,"COLAS Y DEMÁS ADHESIVOS PREPARADOS, NO EXPRESADOS NI COMPRENDIDOS EN OTRA PARTE; PRODUCTOS DE CUALQUIER CLASE UTILIZADOS COMO COLAS O ADHESIVOS, ACONDICIONADOS PARA LA VENTA AL POR MENOR COMO COLAS O ADHESIVOS, DE PESO NETO INFERIOR O IGUAL A 1 kg.",encabezado
3507,35,ENZIMAS; PREPARACIONES ENZIMÁTICAS NO EXPRESADAS NI COMPRENDIDAS EN OTRA PARTE.,encabezado
3601,36,PÓLVORA.,linea_unica
3602,36,"EXPLOSIVOS PREPARADOS, EXCEPTO LA PÓLVORA.",linea_unica
3603,36,"MECHAS DE SEGURIDAD; CORDONES DETONANTES; CEBOS Y CÁPSULAS, FULMINANTES; INFLAMADORES; DETONADORES ELÉCTRICOS.",encabezado
3604,36,"ARTÍCULOS PARA FUEGOS ARTIFICIALES, COHETES DE SEÑALES O GRANÍFUGOS Y SIMILARES, PETARDOS Y DEMÁS ARTÍCULOS DE PIROTECNIA.",encabezado
3605,36,"FÓSFOROS (CERILLAS), EXCEPTO LOS ARTÍCULOS DE PIROTECNIA DE LA PARTIDA 36.04.",linea_unica
3606,36,FERROCERIO Y DEMÁS ALEACIONES PIROFÓRICAS EN CUALQUIER FORMA; ARTÍCULOS DE MATERIAS INFLAMABLES A QUE SE REFIERE LA NOTA 2 DE ESTE CAPÍTULO.,encabezado
3701,37,"PLACAS Y PELÍCULAS PLANAS, FOTOGRÁFICAS, SENSIBILIZADAS, SIN IMPRESIONAR, EXCEPTO LAS DE PAPEL, CARTÓN O TEXTILES; PELÍCULAS FOTOGRÁFICAS PLANAS AUTORREVELABLES, SENSIBILIZADAS, SIN IMPRESIONAR, INCLUSO EN CARGADORES.",encabezado
3702,37,"PELÍCULAS FOTOGRÁFICAS EN ROLLOS, SENSIBILIZADAS, SIN IMPRESIONAR, EXCEPTO LAS DE PAPEL, CARTÓN O TEXTILES; PELÍCULAS FOTOGRÁFICAS AUTORREVELABLES EN ROLLOS, SENSIBILIZADAS, SIN IMPRESIONAR.",encabezado
3703,37,"PAPEL, CARTÓN Y TEXTILES, FOTOGRÁFICOS, SENSIBILIZADOS, SIN IMPRESIONAR.",encabezado
3704,37,"PLACAS, PELÍCULAS, PAPEL, CARTÓN Y TEXTILES, FOTOGRÁFICOS, IMPRESIONADOS PERO SIN REVELAR.",linea_unica
3705,37,"PLACAS Y PELÍCULAS, FOTOGRÁFICAS, IMPRESIONADAS Y REVELADAS, EXCEPTO LAS CINEMATOGRÁFICAS (FILMES).",linea_unica
3706,37,"PELÍCULAS CINEMATOGRÁFICAS (FILMES), IMPRESIONADAS Y REVELADAS, CON REGISTRO DE SONIDO O SIN ÉL, O CON REGISTRO DE SONIDO SOLAMENTE.",encabezado
3707,37,"PREPARACIONES QUÍMICAS PARA USO FOTOGRÁFICO, EXCEPTO LOS BARNICES, COLAS, ADHESIVOS Y PREPARACIONES SIMILARES; PRODUCTOS SIN MEZCLAR PARA USO FOTOGRÁFICO, DOSIFICADOS O ACONDICIONADOS PARA LA VENTA AL POR MENOR LISTOS PARA SU EMPLEO.",encabezado
3801,38,"GRAFITO ARTIFICIAL; GRAFITO COLOIDAL O SEMICOLOIDAL; PREPARACIONES A BASE DE GRAFITO U OTROS CARBONOS, EN PASTA, BLOQUES, PLAQUITAS U OTRAS SEMIMANUFACTURAS.",encabezado
3802,38,"CARBÓN ACTIVADO; MATERIAS MINERALES NATURALES ACTIVADAS; NEGRO DE ORIGEN ANIMAL, INCLUIDO EL AGOTADO.",encabezado
3803,38,"«TALL OIL», INCLUSO REFINADO.",linea_unica
3804,38,"LEJÍAS RESIDUALES DE LA FABRICACIÓN DE PASTAS DE CELULOSA, AUNQUE ESTÉN CONCENTRADAS, DESAZUCARADAS O TRATADAS QUÍMICAMENTE, INCLUIDOS LOS LIGNOSULFONATOS, EXCEPTO EL «TALL OIL» DE LA PARTIDA 38.03.",linea_unica
3805,38,"ESENCIAS DE TREMENTINA, DE MADERA DE PINO O DE PASTA CELULÓSICA AL SULFATO (SULFATO DE TREMENTINA) Y DEMÁS ESENCIAS TERPÉNICAS PROCEDENTES DE LA DESTILACIÓN O DE OTROS TRATAMIENTOS DE LA MADERA DE CONÍFERAS; DIPENTENO EN BRUTO; ESENCIA DE PASTA CELULÓSICA AL BISULFITO (BISULFITO DE TREMENTINA) Y DEMÁS PARACIMENOS EN BRUTO; ACEITE DE PINO CON ALFA-TERPINEOL COMO COMPONENTE PRINCIPAL.",encabezado
3806,38,"COLOFONIAS Y ÁCIDOS RESÍNICOS, Y SUS DERIVADOS; ESENCIA Y ACEITES DE COLOFONIA; GOMAS FUNDIDAS.",encabezado
3807,38,"ALQUITRANES DE MADERA; ACEITES DE ALQUITRÁN DE MADERA; CREOSOTA DE MADERA; METILENO (NAFTA DE MADERA); PEZ VEGETAL; PEZ DE CERVECERÍA Y PREPARACIONES SIMILARES A BASE DE COLOFONIA, DE ÁCIDOS RESÍNICOS O DE PEZ VEGETAL.",linea_unica
3808,38,"INSECTICIDAS, RATICIDAS Y DEMÁS ANTIRROEDORES, FUNGICIDAS, HERBICIDAS, INHIBIDORES DE GERMINACIÓN Y REGULADORES DEL CRECIMIENTO DE LAS PLANTAS, DESINFECTANTES Y PRODUCTOS SIMILARES, PRESENTADOS EN FORMAS O EN ENVASES PARA LA VENTA AL POR MENOR, O COMO PREPARACIONES O ARTÍCULOS TALES COMO CINTAS, MECHAS Y VELAS, AZUFRADAS, Y PAPELES MATAMOSCAS.",encabezado
3809,38,"APRESTOS Y PRODUCTOS DE ACABADO, ACELERADORES DE TINTURA O DE FIJACIÓN DE MATERIAS COLORANTES Y DEMÁS PRODUCTOS Y PREPARACIONES (POR EJEMPLO: APRESTOS Y MORDIENTES), DE LOS TIPOS UTILIZADOS EN LA INDUSTRIA TEXTIL, DEL PAPEL, DEL CUERO O INDUSTRIAS SIMILARES, NO EXPRESADOS NI COMPRENDIDOS EN OTRA PARTE.",encabezado
3810,38,"PREPARACIONES PARA EL DECAPADO DE METAL; FLUJOS Y DEMÁS PREPARACIONES AUXILIARES PARA SOLDAR METAL; PASTAS Y POLVOS PARA SOLDAR, CONSTITUIDOS POR METAL Y OTROS PRODUCTOS; PREPARACIONES DE LOS TIPOS UTILIZADOS PARA RECUBRIR O RELLENAR ELECTRODOS O VARILLAS DE SOLDADURA.",encabezado
3811,38,"PREPARACIONES ANTIDETONANTES, INHIBIDORES DE OXIDACIÓN, ADITIVOS PEPTIZANTES, MEJORADORES DE VISCOSIDAD, ANTICORROSIVOS Y DEMÁS ADITIVOS PREPARADOS PARA ACEITES MINERALES (INCLUIDA LA GASOLINA) U OTROS LÍQUIDOS UTILIZADOS PARA LOS MISMOS FINES QUE LOS ACEITES MINERALES.",encabezado
3812,38,"ACELERADORES DE VULCANIZACIÓN PREPARADOS; PLASTIFICANTES COMPUESTOS PARA CAUCHO O PLÁSTICO, NO EXPRESADOS NI COMPRENDIDOS EN OTRA PARTE; PREPARACIONES ANTIOXIDANTES Y DEMÁS ESTABILIZANTES COMPUESTOS PARA CAUCHO O PLÁSTICO.",encabezado
3813,38,PREPARACIONES Y CARGAS PARA APARATOS EXTINTORES; GRANADAS Y BOMBAS EXTINTORAS.,linea_unica
3814,38,"DISOLVENTES Y DILUYENTES ORGÁNICOS COMPUESTOS, NO EXPRESADOS NI COMPRENDIDOS EN OTRA PARTE; PREPARACIONES PARA QUITAR PINTURAS O BARNICES.",linea_unica
3815,38,"INICIADORES Y ACELERADORES DE REACCIÓN Y PREPARACIONES CATALÍTICAS, NO EXPRESADOS NI COMPRENDIDOS EN OTRA PARTE.",encabezado
3816,38,"CEMENTOS, MORTEROS, HORMIGONES Y PREPARACIONES SIMILARES, REFRACTARIOS, INCLUIDO EL AGLOMERADO DE DOLOMITA, EXCEPTO LOS PRODUCTOS DE LA PARTIDA 38.01.",linea_unica
3817,38,"MEZCLAS DE ALQUILBENCENOS Y MEZCLAS DE ALQUILNAFTALENOS, EXCEPTO LAS DE LAS PARTIDAS 27.07 O 29.02.",linea_unica
3818,38,"ELEMENTOS QUÍMICOS DOPADOS PARA USO EN ELECTRÓNICA, EN DISCOS, OBLEAS («WAFERS») O FORMAS ANÁLOGAS; COMPUESTOS QUÍMICOS DOPADOS PARA USO EN ELECTRÓNICA.",linea_unica
3819,38,"LÍQUIDOS PARA FRENOS HIDRÁULICOS Y DEMÁS LÍQUIDOS PREPARADOS PARA TRANSMISIONES HIDRÁULICAS, SIN ACEITES DE PETRÓLEO NI DE MINERAL BITUMINOSO O CON UN CONTENIDO INFERIOR AL 70% EN PESO DE DICHOS ACEITES.",linea_unica
3820,38,PREPARACIONES ANTICONGELANTES Y LÍQUIDOS PREPARADOS PARA DESCONGELAR.,linea_unica
3821,38,"MEDIOS DE CULTIVO PREPARADOS PARA EL DESARROLLO O MANTENIMIENTO DE MICROORGANISMOS (INCLUIDOS LOS VIRUS Y ORGANISMOS SIMILARES) O DE CÉLULAS VEGETALES, HUMANAS O ANIMALES.",linea_unica
3822,38,"REACTIVOS DE DIAGNÓSTICO O DE LABORATORIO SOBRE CUALQUIER SOPORTE Y REACTIVOS DE DIAGNÓSTICO O DE LABORATORIO PREPARADOS, INCLUSO SOBRE SOPORTE, INCLUSO PRESENTADOS EN KITS, EXCEPTO LOS DE LA PARTIDA 30.06; MATERIALES DE REFERENCIA CERTIFICADOS.",encabezado
3823,38,ÁCIDOS GRASOS MONOCARBOXÍLICOS INDUSTRIALES; ACEITES ÁCIDOS DEL REFINADO; ALCOHOLES GRASOS INDUSTRIALES.,encabezado
3824,38,"PREPARACIONES AGLUTINANTES PARA MOLDES O NÚCLEOS DE FUNDICIÓN; PRODUCTOS QUÍMICOS Y PREPARACIONES DE LA INDUSTRIA QUÍMICA O DE LAS INDUSTRIAS CONEXAS (INCLUIDAS LAS MEZCLAS DE PRODUCTOS NATURALES), NO EXPRESADOS NI COMPRENDIDOS EN OTRA PARTE.",encabezado
3825,38,"PRODUCTOS RESIDUALES DE LA INDUSTRIA QUÍMICA O DE LAS INDUSTRIAS CONEXAS, NO EXPRESADOS NI COMPRENDIDOS EN OTRA PARTE; DESECHOS MUNICIPALES; LODOS DE DEPURACIÓN; LOS DEMÁS DESECHOS CITADOS EN LA NOTA 6 DEL PRESENTE CAPÍTULO.",encabezado
3826,38,"BIODIÉSEL Y SUS MEZCLAS, SIN ACEITES DE PETRÓLEO O DE MINERAL BITUMINOSO O CON UN CONTENIDO INFERIOR AL 70% EN PESO DE ESTOS ACEITES.",linea_unica
3827,38,"MEZCLAS QUE CONTENGAN DERIVADOS HALOGENADOS DE METANO, ETANO O PROPANO, NO EXPRESADAS NI COMPRENDIDAS EN OTRA PARTE.",encabezado
3901,39,POLÍMEROS DE ETILENO EN FORMAS PRIMARIAS.,encabezado
3902,39,"POLÍMEROS DE PROPILENO O DE OTRAS OLEFINAS, EN FORMAS PRIMARIAS.",encabezado
3903,39,POLÍMEROS DE ESTIRENO EN FORMAS PRIMARIAS.,encabezado
3904,39,"POLÍMEROS DE CLORURO DE VINILO O DE OTRAS OLEFINAS HALOGENADAS, EN FORMAS PRIMARIAS.",encabezado
3905,39,"POLÍMEROS DE ACETATO DE VINILO O DE OTROS ÉSTERES VINÍLICOS, EN FORMAS PRIMARIAS; LOS DEMÁS POLÍMEROS VINÍLICOS EN FORMAS PRIMARIAS.",encabezado
3906,39,POLÍMEROS ACRÍLICOS EN FORMAS PRIMARIAS.,encabezado
3907,39,"POLIACETALES, LOS DEMÁS POLIÉTERES Y RESINAS EPOXI, EN FORMAS PRIMARIAS; POLICARBONATOS, RESINAS ALCÍDICAS, POLIÉSTERES ALÍLICOS Y DEMÁS POLIÉSTERES, EN FORMAS PRIMARIAS.",encabezado
3908,39,POLIAMIDAS EN FORMAS PRIMARIAS.,encabezado
3909,39,"RESINAS AMÍNICAS, RESINAS FENÓLICAS Y POLIURETANOS, EN FORMAS PRIMARIAS.",encabezado
3910,39,SILICONAS EN FORMAS PRIMARIAS.,linea_unica
3911,39,"RESINAS DE PETRÓLEO, RESINAS DE CUMARONA-INDENO, POLITERPENOS, POLISULFUROS, POLISULFONAS Y DEMÁS PRODUCTOS PREVISTOS EN LA NOTA 3 DE ESTE CAPÍTULO, NO EXPRESADOS NI COMPRENDIDOS EN OTRA PARTE, EN FORMAS PRIMARIAS.",encabezado
3912,39,"CELULOSA Y SUS DERIVADOS QUÍMICOS, NO EXPRESADOS NI COMPRENDIDOS EN OTRA PARTE, EN FORMAS PRIMARIAS.",encabezado
3913,39,"POLÍMEROS NATURALES (POR EJEMPLO, ÁCIDO ALGÍNICO) Y POLÍMEROS NATURALES MODIFICADOS (POR EJEMPLO: PROTEÍNAS ENDURECIDAS, DERIVADOS QUÍMICOS DEL CAUCHO NATURAL), NO EXPRESADOS NI COMPRENDIDOS EN OTRA PARTE, EN FORMAS PRIMARIAS.",encabezado
3914,39,"INTERCAMBIADORES DE IONES A BASE DE POLÍMEROS DE LAS PARTIDAS 39.01 A 39.13, EN FORMAS PRIMARIAS.",linea_unica
3915,39,"DESECHOS, DESPERDICIOS Y RECORTES, DE PLÁSTICO.",encabezado
3916,39,"MONOFILAMENTOS CUYA MAYOR DIMENSIÓN DE LA SECCIÓN TRANSVERSAL SEA SUPERIOR A 1 mm, BARRAS, VARILLAS Y PERFILES, INCLUSO TRABAJADOS EN LA SUPERFICIE PERO SIN OTRA LABOR, DE PLÁSTICO.",encabezado
3917,39,"TUBOS Y ACCESORIOS DE TUBERIA (POR EJEMPLO: JUNTAS, CODOS, EMPALMES (RACORES)), DE PLASTICO.",encabezado
3918,39,"REVESTIMIENTOS DE PLÁSTICO PARA SUELOS, INCLUSO AUTOADHESIVOS, EN ROLLOS O LOSETAS; REVESTIMIENTOS DE PLÁSTICO PARA PAREDES O TECHOS, DEFINIDOS EN LA NOTA 9 DE ESTE CAPÍTULO.",encabezado
3919,39,"PLACAS, LÁMINAS, HOJAS, CINTAS, TIRAS Y DEMÁS FORMAS PLANAS, AUTOADHESIVAS, DE PLÁSTICO, INCLUSO EN ROLLOS.",encabezado
3920,39,"LAS DEMÁS PLACAS, LÁMINAS, HOJAS Y TIRAS, DE PLÁSTICO NO CELULAR Y SIN REFUERZO, ESTRATIFICACIÓN NI SOPORTE O COMBINACIÓN SIMILAR CON OTRAS MATERIAS.",encabezado
3921,39,"LAS DEMÁS PLACAS, LÁMINAS, HOJAS Y TIRAS, DE PLÁSTICO.",encabezado
3922,39,"BAÑERAS, DUCHAS, FREGADEROS, LAVABOS, BIDÉS, INODOROS Y SUS ASIENTOS Y TAPAS, CISTERNAS (DEPÓSITOS DE AGUA) PARA INODOROS Y ARTÍCULOS SANITARIOS E HIGIÉNICOS SIMILARES, DE PLÁSTICO.",encabezado
3923,39,"ARTÍCULOS PARA EL TRANSPORTE O ENVASADO, DE PLÁSTICO; TAPONES, TAPAS, CÁPSULAS Y DEMÁS DISPOSITIVOS DE CIERRE, DE PLÁSTICO.",encabezado
3924,39,"VAJILLA, ARTÍCULOS DE COCINA O DE USO DOMÉSTICO Y ARTÍCULOS DE HIGIENE O TOCADOR, DE PLÁSTICO",encabezado
3925,39,"ARTÍCULOS PARA LA CONSTRUCCIÓN, DE PLÁSTICO, NO EXPRESADOS NI COMPRENDIDOS EN OTRA PARTE.",encabezado
3926,39,LAS DEMÁS MANUFACTURAS DE PLÁSTICO Y MANUFACTURAS DE LAS DEMÁS MATERIAS DE LAS PARTIDAS 39.01 A 39.14.,encabezado
4001,40,"CAUCHO NATURAL, BALATA, GUTAPERCHA, GUAYULE, CHICLE Y GOMAS NATURALES ANÁLOGAS, EN FORMAS PRIMARIAS O EN PLACAS, HOJAS O TIRAS.",encabezado
4002,40,"CAUCHO SINTÉTICO Y CAUCHO FACTICIO DERIVADO DE LOS ACEITES, EN FORMAS PRIMARIAS O EN PLACAS, HOJAS O TIRAS; MEZCLAS DE PRODUCTOS DE LA PARTIDA 40.01 CON LOS DE ESTA PARTIDA, EN FORMAS PRIMARIAS O EN PLACAS, HOJAS O TIRAS.",encabezado
4003,40,"CAUCHO REGENERADO EN FORMAS PRIMARIAS O EN PLACAS, HOJAS O TIRAS.",linea_unica
4004,40,"DESECHOS, DESPERDICIOS Y RECORTES, DE CAUCHO SIN ENDURECER, INCLUSO EN POLVO O GRÁNULOS.",linea_unica
4005,40,"CAUCHO MEZCLADO SIN VULCANIZAR, EN FORMAS PRIMARIAS O EN PLACAS, HOJAS O TIRAS.",encabezado
4006,40,"LAS DEMÁS FORMAS (POR EJEMPLO: VARILLAS, TUBOS, PERFILES) Y ARTÍCULOS (POR EJEMPLO: DISCOS, ARANDELAS), DE CAUCHO SIN VULCANIZAR.",encabezado
4007,40,"HILOS Y CUERDAS, DE CAUCHO VULCANIZADO.",linea_unica
4008,40,"PLACAS, HOJAS, TIRAS, VARILLAS Y PERFILES, DE CAUCHO VULCANIZADO SIN ENDURECER.",encabezado
4009,40,"TUBOS DE CAUCHO VULCANIZADO SIN ENDURECER, INCLUSO CON SUS ACCESORIOS (POR EJEMPLO: JUNTAS, CODOS, EMPALMES (RACORES)).",encabezado
4010,40,"CORREAS TRANSPORTADORAS O DE TRANSMISIÓN, DE CAUCHO VULCANIZADO.",encabezado
4011,40,NEUMÁTICOS (LLANTAS NEUMÁTICAS) NUEVOS DE CAUCHO.,encabezado
4012,40,"NEUMÁTICOS (LLANTAS NEUMÁTICAS) RECAUCHUTADOS O USADOS, DE CAUCHO; BANDAJES (LLANTAS MACIZAS O HUECAS), BANDAS DE RODADURA PARA NEUMÁTICOS (LLANTAS NEUMÁTICAS) Y PROTECTORES («FLAPS»), DE CAUCHO.",encabezado
4013,40,CÁMARAS DE CAUCHO PARA NEUMÁTICOS (LLANTAS NEUMÁTICAS).,encabezado
4014,40,"ARTÍCULOS DE HIGIENE O DE FARMACIA (COMPRENDIDAS LAS TETINAS), DE CAUCHO VULCANIZADO SIN ENDURECER, INCLUSO CON PARTES DE CAUCHO ENDURECIDO.",encabezado
4015,40,"PRENDAS DE VESTIR, GUANTES, MITONES Y MANOPLAS Y DEMÁS COMPLEMENTOS (ACCESORIOS), DE VESTIR, PARA CUALQUIER USO, DE CAUCHO VULCANIZADO SIN ENDURECER.",encabezado
4016,40,LAS DEMÁS MANUFACTURAS DE CAUCHO VULCANIZADO SIN ENDURECER.,encabezado
4017,40,"CAUCHO ENDURECIDO (POR EJEMPLO, EBONITA) EN CUALQUIER FORMA, INCLUIDOS LOS DESECHOS Y DESPERDICIOS; MANUFACTURAS DE CAUCHO ENDURECIDO.",linea_unica
4101,41,"CUEROS Y PIELES EN BRUTO, DE BOVINO (INCLUIDO EL BÚFALO) O DE EQUINO (FRESCOS O SALADOS, SECOS, ENCALADOS, PIQUELADOS O CONSERVADOS DE OTRO MODO, PERO SIN CURTIR, APERGAMINAR NI PREPARAR DE OTRA FORMA), INCLUSO DEPILADOS O DIVIDIDOS.",encabezado
4102,41,"CUEROS Y PIELES EN BRUTO, DE OVINO (FRESCOS O SALADOS, SECOS, ENCALADOS, PIQUELADOS O CONSERVADOS DE OTRO MODO, PERO SIN CURTIR, APERGAMINAR NI PREPARAR DE OTRA FORMA), INCLUSO DEPILADOS O DIVIDIDOS, EXCEPTO LOS EXCLUIDOS POR LA NOTA 1 c) DE ESTE CAPÍTULO.",encabezado
4103,41,"LOS DEMÁS CUEROS Y PIELES EN BRUTO (FRESCOS O SALADOS, SECOS, ENCALADOS, PIQUELADOS O CONSERVADOS DE OTRO MODO, PERO SIN CURTIR, APERGAMINAR NI PREPARAR DE OTRA FORMA), INCLUSO DEPILADOS O DIVIDIDOS, EXCEPTO LOS EXCLUIDOS POR LAS NOTAS 1 b) O 1 c) DE ESTE CAPÍTULO.",encabezado
4104,41,"CUEROS Y PIELES CURTIDOS O «CRUST», DE BOVINO (INCLUIDO EL BÚFALO) O DE EQUINO, DEPILADOS, INCLUSO DIVIDIDOS PERO SIN OTRA PREPARACIÓN.",encabezado
4105,41,"PIELES CURTIDAS O «CRUST», DE OVINO, DEPILADAS, INCLUSO DIVIDIDAS PERO SIN OTRA PREPARACIÓN.",encabezado
4106,41,"CUEROS Y PIELES DEPILADOS DE LOS DEMÁS ANIMALES Y PIELES DE ANIMALES SIN PELO, CURTIDOS O «CRUST», INCLUSO DIVIDIDOS PERO SIN OTRA PREPARACIÓN.",encabezado
4107,41,"CUEROS PREPARADOS DESPUÉS DEL CURTIDO O SECADO Y CUEROS Y PIELES APERGAMINADOS, DE BOVINO (INCLUIDO EL BÚFALO) O EQUINO, DEPILADOS, INCLUSO DIVIDIDOS, EXCEPTO LOS DE LA PARTIDA 41.14.",encabezado
4112,41,"CUEROS PREPARADOS DESPUÉS DEL CURTIDO O SECADO Y CUEROS Y PIELES APERGAMINADOS, DE OVINO, DEPILADOS, INCLUSO DIVIDIDOS, EXCEPTO LOS DE LA PARTIDA 41.14.",linea_unica
4113,41,"CUEROS PREPARADOS DESPUÉS DEL CURTIDO O SECADO Y CUEROS Y PIELES APERGAMINADOS, DE LOS DEMÁS ANIMALES, DEPILADOS, Y CUEROS PREPARADOS DESPUÉS DEL CURTIDO Y CUEROS Y PIELES APERGAMINADOS, DE ANIMALES SIN PELO, INCLUSO LOS DIVIDIDOS, EXCEPTO LOS DE LA PARTIDA 41.14.",encabezado
4114,41,CUEROS Y PIELES AGAMUZADOS (INCLUIDO EL AGAMUZADO COMBINADO AL ACEITE); CUEROS Y PIELES CHAROLADOS Y SUS IMITACIONES DE CUEROS O PIELES CHAPADOS; CUEROS Y PIELES METALIZADOS.,encabezado
4115,41,"CUERO REGENERADO A BASE DE CUERO O FIBRAS DE CUERO, EN PLACAS, HOJAS O TIRAS, INCLUSO ENROLLADAS; RECORTES Y DEMÁS DESPERDICIOS DE CUERO O PIEL, PREPARADOS, O DE CUERO REGENERADO, NO UTILIZABLES PARA LA FABRICACIÓN DE MANUFACTURAS DE CUERO; ASERRÍN, POLVO Y HARINA DE CUERO.",encabezado
4201,42,"ARTÍCULOS DE TALABARTERÍA O GUARNICIONERÍA PARA TODOS LOS ANIMALES (INCLUIDOS LOS TIROS, TRAÍLLAS, RODILLERAS, BOZALES, SUDADEROS, ALFORJAS, ABRIGOS PARA PERROS Y ARTÍCULOS SIMILARES), DE CUALQUIER MATERIA.",linea_unica
4202,42,"BAÚLES, MALETAS (VALIJAS), MALETINES, INCLUIDOS LOS DE ASEO Y LOS PORTADOCUMENTOS, PORTAFOLIOS (CARTERAS DE MANO), CARTAPACIOS, FUNDAS Y ESTUCHES PARA GAFAS (ANTEOJOS), BINOCULARES, CÁMARAS FOTOGRÁFICAS O CINEMATOGRÁFICAS, INSTRUMENTOS MUSICALES O ARMAS Y CONTINENTES SIMILARES; SACOS DE VIAJE, SACOS (BOLSAS)* AISLANTES PARA ALIMENTOS Y BEBIDAS, BOLSAS DE ASEO, MOCHILAS, BOLSOS DE MANO (CARTERAS), BOLSAS PARA LA COMPRA, BILLETERAS, PORTAMONEDAS, PORTAMAPAS, PETACAS, PITILLERAS Y BOLSAS PARA TABACO, BOLSAS PARA HERRAMIENTAS Y PARA ARTÍCULOS DE DEPORTE, ESTUCHES PARA FRASCOS Y BOTELLAS, ESTUCHES PARA JOYAS, POLVERAS, ESTUCHES PARA ORFEBRERÍA Y CONTINENTES SIMILARES, DE CUERO NATURAL O REGENERADO, HOJAS DE PLÁSTICO, MATERIA TEXTIL, FIBRA VULCANIZADA O CARTÓN, O RECUBIERTOS TOTALMENTE O EN SU MAYOR PARTE CON ESAS MATERIAS O PAPEL.",encabezado
4203,42,"PRENDAS Y COMPLEMENTOS (ACCESORIOS), DE VESTIR, DE CUERO NATURAL O CUERO REGENERADO.",encabezado
4205,42,LAS DEMÁS MANUFACTURAS DE CUERO NATURAL O CUERO REGENERADO.,linea_unica
4206,42,"MANUFACTURAS DE TRIPA, VEJIGAS O TENDONES.",linea_unica
4301,43,"PELETERÍA EN BRUTO (INCLUIDAS LAS CABEZAS, COLAS, PATAS Y DEMÁS TROZOS UTILIZABLES EN PELETERÍA), EXCEPTO LAS PIELES EN BRUTO DE LAS PARTIDAS 41.01, 41.02 O 41.03.",encabezado
4302,43,"PELETERÍA CURTIDA O ADOBADA (INCLUIDAS LAS CABEZAS, COLAS, PATAS Y DEMÁS TROZOS, DESECHOS Y RECORTES), INCLUSO ENSAMBLADA (SIN OTRAS MATERIAS), EXCEPTO LA DE LA PARTIDA 43.03.",encabezado
4303,43,"PRENDAS Y COMPLEMENTOS (ACCESORIOS), DE VESTIR, Y DEMÁS ARTÍCULOS DE PELETERÍA.",encabezado
4304,43,PELETERÍA FACTICIA O ARTIFICIAL Y ARTÍCULOS DE PELETERÍA FACTICIA O ARTIFICIAL.,linea_unica
4401,44,"LEÑA; MADERA EN PLAQUITAS O PARTÍCULAS; ASERRÍN, DESPERDICIOS Y DESECHOS, DE MADERA, INCLUSO AGLOMERADOS EN LEÑOS, BRIQUETAS, «PELLETS» O FORMAS SIMILARES.",encabezado
4402,44,"CARBÓN VEGETAL (COMPRENDIDO EL DE CÁSCARAS O DE HUESOS (CAROZOS)* DE FRUTOS), INCLUSO AGLOMERADO.",encabezado
4403,44,"MADERA EN BRUTO, INCLUSO DESCORTEZADA, DESALBURADA O ESCUADRADA.",encabezado
4404,44,"FLEJES DE MADERA; RODRIGONES HENDIDOS; ESTACAS Y ESTAQUILLAS DE MADERA, APUNTADAS, SIN ASERRAR LONGITUDINALMENTE; MADERA SIMPLEMENTE DESBASTADA O REDONDEADA, PERO SIN TORNEAR, CURVAR NI TRABAJAR DE OTRO MODO, PARA BASTONES, PARAGUAS, MANGOS DE HERRAMIENTAS O SIMILARES; MADERA EN TABLILLAS, LÁMINAS, CINTAS O SIMILARES.",encabezado
4405,44,LANA DE MADERA; HARINA DE MADERA.,linea_unica
4406,44,TRAVIESAS (DURMIENTES) DE MADERA PARA VÍAS FÉRREAS O SIMILARES.,encabezado
4407,44,"MADERA ASERRADA O DESBASTADA LONGITUDINALMENTE, CORTADA O DESENROLLADA, INCLUSO CEPILLADA, LIJADA O UNIDA POR LOS EXTREMOS, DE ESPESOR SUPERIOR A 6 mm.",encabezado
4408,44,"HOJAS PARA CHAPADO (INCLUIDAS LAS OBTENIDAS POR CORTADO DE MADERA ESTRATIFICADA), PARA CONTRACHAPADO O PARA MADERAS ESTRATIFICADAS SIMILARES Y DEMÁS MADERAS, ASERRADAS LONGITUDINALMENTE, CORTADAS O DESENROLLADAS, INCLUSO CEPILLADAS, LIJADAS, UNIDAS LONGITUDINALMENTE O POR LOS EXTREMOS, DE ESPESOR INFERIOR O IGUAL A 6 mm.",encabezado
4409,44,"MADERA (INCLUIDAS LAS TABLILLAS Y FRISOS PARA PARQUÉS, SIN ENSAMBLAR) PERFILADA LONGITUDINALMENTE (CON LENGÜETAS, RANURAS, REBAJES, ACANALADOS, BISELADOS, CON JUNTAS EN V, MOLDURADOS, REDONDEADOS O SIMILARES) EN UNA O VARIAS CARAS, CANTOS O EXTREMOS, INCLUSO CEPILLADA, LIJADA O UNIDA POR LOS EXTREMOS.",encabezado
4410,44,"TABLEROS DE PARTÍCULAS, TABLEROS LLAMADOS «ORIENTED STRAND BOARD» (OSB) Y TABLEROS SIMILARES (POR EJEMPLO, «WAFERBOARD»), DE MADERA U OTRAS MATERIAS LEÑOSAS, INCLUSO AGLOMERADAS CON RESINAS O DEMÁS AGLUTINANTES ORGÁNICOS.",encabezado
4411,44,"TABLEROS DE FIBRA DE MADERA U OTRAS MATERIAS LEÑOSAS, INCLUSO AGLOMERADAS CON RESINAS O DEMÁS AGLUTINANTES ORGÁNICOS.",encabezado
4412,44,"MADERA CONTRACHAPADA, MADERA CHAPADA Y MADERA ESTRATIFICADA SIMILAR.",encabezado
4413,44,"MADERA DENSIFICADA EN BLOQUES, TABLAS, TIRAS O PERFILES.",linea_unica
4414,44,"MARCOS DE MADERA PARA CUADROS, FOTOGRAFÍAS, ESPEJOS U OBJETOS SIMILARES.",encabezado
4415,44,"CAJONES, CAJAS, JAULAS, TAMBORES Y ENVASES SIMILARES, DE MADERA; CARRETES PARA CABLES, DE MADERA; PALETAS, PALETAS CAJA Y DEMÁS PLATAFORMAS PARA CARGA, DE MADERA; COLLARINES PARA PALETAS, DE MADERA.",encabezado
4416,44,"BARRILES, CUBAS, TINAS Y DEMÁS MANUFACTURAS DE TONELERÍA Y SUS PARTES, DE MADERA, INCLUIDAS LAS DUELAS.",linea_unica
4417,44,"HERRAMIENTAS, MONTURAS Y MANGOS DE HERRAMIENTAS, MONTURAS Y MANGOS DE CEPILLOS, BROCHAS O ESCOBAS, DE MADERA; HORMAS, ENSANCHADORES Y TENSORES PARA EL CALZADO, DE MADERA.",linea_unica
4418,44,"OBRAS Y PIEZAS DE CARPINTERÍA PARA CONSTRUCCIONES, INCLUIDOS LOS TABLEROS CELULARES, LOS TABLEROS ENSAMBLADOS PARA REVESTIMIENTO DE SUELO Y TABLILLAS PARA CUBIERTA DE TEJADOS O FACHADAS («SHINGLES» Y «SHAKES»), DE MADERA.",encabezado
4419,44,"ARTÍCULOS DE MESA O DE COCINA, DE MADERA.",encabezado
4420,44,"MARQUETERÍA Y TARACEA; COFRECILLOS Y ESTUCHES PARA JOYERÍA U ORFEBRERÍA Y MANUFACTURAS SIMILARES, DE MADERA; ESTATUILLAS Y DEMÁS OBJETOS DE ADORNO, DE MADERA; ARTÍCULOS DE MOBILIARIO, DE MADERA, NO COMPRENDIDOS EN EL CAPÍTULO 94.",encabezado
4421,44,LAS DEMÁS MANUFACTURAS DE MADERA.,encabezado
4501,45,"CORCHO NATURAL EN BRUTO O SIMPLEMENTE PREPARADO; DESPERDICIOS DE CORCHO; CORCHO TRITURADO, GRANULADO O PULVERIZADO.",encabezado
4502,45,"CORCHO NATURAL, DESCORTEZADO O SIMPLEMENTE ESCUADRADO O EN BLOQUES, PLACAS, HOJAS O TIRAS, CUADRADAS O RECTANGULARES (INCLUIDOS LOS ESBOZOS CON ARISTAS VIVAS PARA TAPONES).",linea_unica
4503,45,MANUFACTURAS DE CORCHO NATURAL.,encabezado
4504,45,CORCHO AGLOMERADO (INCLUSO CON AGLUTINANTE) Y MANUFACTURAS DE CORCHO AGLOMERADO.,encabezado
4601,46,"TRENZAS Y ARTÍCULOS SIMILARES, DE MATERIA TRENZABLE, INCLUSO ENSAMBLADOS EN TIRAS; MATERIA TRENZABLE, TRENZAS Y ARTÍCULOS SIMILARES DE MATERIA TRENZABLE, TEJIDOS O PARALELIZADOS, EN FORMA PLANA, INCLUSO TERMINADOS (POR EJEMPLO: ESTERILLAS, ESTERAS, CAÑIZOS).",encabezado
4602,46,ARTÍCULOS DE CESTERÍA OBTENIDOS DIRECTAMENTE EN SU FORMA CON MATERIA TRENZABLE O CONFECCIONADOS CON ARTÍCULOS DE LA PARTIDA 46.01; MANUFACTURAS DE ESPONJA VEGETAL (PASTE O «LUFA»).,encabezado
4701,47,PASTA MECÁNICA DE MADERA.,linea_unica
4702,47,PASTA QUÍMICA DE MADERA PARA DISOLVER.,linea_unica
4703,47,"PASTA QUÍMICA DE MADERA A LA SOSA (SODA) O AL SULFATO, EXCEPTO LA PASTA PARA DISOLVER.",encabezado
4704,47,"PASTA QUÍMICA DE MADERA AL SULFITO, EXCEPTO LA PASTA PARA DISOLVER.",encabezado
4705,47,PASTA DE MADERA OBTENIDA POR LA COMBINACIÓN DE PROCEDIMIENTOS MECÁNICO Y QUÍMICO.,linea_unica
4706,47,PASTA DE FIBRAS OBTENIDAS DE PAPEL O CARTÓN RECICLADO (DESPERDICIOS Y DESECHOS) O DE LAS DEMÁS MATERIAS FIBROSAS CELULÓSICAS.,encabezado
4707,47,PAPEL O CARTÓN PARA RECICLAR (DESPERDICIOS Y DESECHOS).,encabezado
4801,48,PAPEL PRENSA EN BOBINAS (ROLLOS) O EN HOJAS.,linea_unica
4802,48,"PAPEL Y CARTÓN, SIN ESTUCAR NI RECUBRIR, DE LOS TIPOS UTILIZADOS PARA ESCRIBIR, IMPRIMIR U OTROS FINES GRÁFICOS Y PAPEL Y CARTÓN PARA TARJETAS O CINTAS PARA PERFORAR (SIN PERFORAR), EN BOBINAS (ROLLOS) O EN HOJAS DE FORMA CUADRADA O RECTANGULAR, DE CUALQUIER TAMAÑO, EXCEPTO EL PAPEL DE LAS PARTIDAS 48.01 O 48.03; PAPEL Y CARTÓN HECHOS A MANO (HOJA A HOJA).",encabezado
4803,48,"PAPEL DEL TIPO UTILIZADO PARA PAPEL HIGIÉNICO, TOALLITAS PARA DESMAQUILLAR, TOALLAS, SERVILLETAS O PAPELES SIMILARES DE USO DOMÉSTICO, DE HIGIENE O TOCADOR, GUATA DE CELULOSA Y NAPA DE FIBRAS DE CELULOSA, INCLUSO RIZADOS («CREPÉS»), PLISADOS, GOFRADOS, ESTAMPADOS, PERFORADOS, COLOREADOS O DECORADOS EN LA SUPERFICIE O IMPRESOS, EN BOBINAS (ROLLOS) O EN HOJAS.",linea_unica
4804,48,"PAPEL Y CARTÓN KRAFT, SIN ESTUCAR NI RECUBRIR, EN BOBINAS (ROLLOS) O EN HOJAS, EXCEPTO EL DE LAS PARTIDAS 48.02 O 48.03.",encabezado
4805,48,"LOS DEMÁS PAPELES Y CARTONES, SIN ESTUCAR NI RECUBRIR, EN BOBINAS (ROLLOS) O EN HOJAS, QUE NO HAYAN SIDO SOMETIDOS A TRABAJOS COMPLEMENTARIOS O TRATAMIENTOS DISTINTOS DE LOS ESPECIFICADOS EN LA NOTA 3 DE ESTE CAPÍTULO.",encabezado
4806,48,"PAPEL Y CARTÓN SULFURIZADOS, PAPEL RESISTENTE A LAS GRASAS, PAPEL VEGETAL, PAPEL CRISTAL Y DEMÁS PAPELES CALANDRADOS TRANSPARENTES O TRASLÚCIDOS, EN BOBINAS (ROLLOS) O EN HOJAS.",encabezado
4807,48,"PAPEL Y CARTÓN OBTENIDOS POR PEGADO DE HOJAS PLANAS, SIN ESTUCAR NI RECUBRIR EN LA SUPERFICIE Y SIN IMPREGNAR, INCLUSO REFORZADOS INTERIORMENTE, EN BOBINAS (ROLLOS) O EN HOJAS.",linea_unica
4808,48,"PAPEL Y CARTÓN CORRUGADOS (INCLUSO REVESTIDOS POR ENCOLADO), RIZADOS («CREPÉS»), PLISADOS, GOFRADOS, ESTAMPADOS O PERFORADOS, EN BOBINAS (ROLLOS) O EN HOJAS, EXCEPTO EL PAPEL DE LOS TIPOS DESCRITOS EN EL TEXTO DE LA PARTIDA 48.03.",encabezado
4809,48,"PAPEL CARBÓN (CARBÓNICO), PAPEL AUTOCOPIA Y DEMÁS PAPELES PARA COPIAR O TRANSFERIR (INCLUIDO EL ESTUCADO O CUCHÉ, RECUBIERTO O IMPREGNADO, PARA CLISÉS DE MIMEÓGRAFO («STENCILS») O PARA PLANCHAS OFFSET), INCLUSO IMPRESOS, EN BOBINAS (ROLLOS) O EN HOJAS.",encabezado
4810,48,"PAPEL Y CARTÓN ESTUCADOS POR UNA O LAS DOS CARAS CON CAOLÍN U OTRAS SUSTANCIAS INORGÁNICAS, CON AGLUTINANTE O SIN ÉL, CON EXCLUSIÓN DE CUALQUIER OTRO ESTUCADO O RECUBRIMIENTO, INCLUSO COLOREADOS O DECORADOS EN LA SUPERFICIE O IMPRESOS, EN BOBINAS (ROLLOS) O EN HOJAS DE FORMA CUADRADA O RECTANGULAR, DE CUALQUIER TAMAÑO.",encabezado
4811,48,"PAPEL, CARTÓN, GUATA DE CELULOSA Y NAPA DE FIBRAS DE CELULOSA, ESTUCADOS, RECUBIERTOS, IMPREGNADOS O REVESTIDOS, COLOREADOS O DECORADOS EN LA SUPERFICIE O IMPRESOS, EN BOBINAS (ROLLOS) O EN HOJAS DE FORMA CUADRADA O RECTANGULAR, DE CUALQUIER TAMAÑO, EXCEPTO LOS PRODUCTOS DE LOS TIPOS DESCRITOS EN EL TEXTO DE LAS PARTIDAS 48.03, 48.09 O 48.10.",encabezado
4812,48,"BLOQUES Y PLACAS, FILTRANTES, DE PASTA DE PAPEL.",linea_unica
4813,48,"PAPEL DE FUMAR, INCLUSO CORTADO AL TAMAÑO ADECUADO, EN LIBRILLOS O EN TUBOS.",encabezado
4814,48,PAPEL PARA DECORAR Y REVESTIMIENTOS SIMILARES DE PAREDES; PAPEL PARA VIDRIERAS.,encabezado
4816,48,"PAPEL CARBÓN (CARBÓNICO), PAPEL AUTOCOPIA Y DEMÁS PAPELES PARA COPIAR O TRANSFERIR (EXCEPTO LOS DE LA PARTIDA 48.09), CLISÉS DE MIMEÓGRAFO («STENCILS») COMPLETOS Y PLANCHAS OFFSET, DE PAPEL, INCLUSO ACONDICIONADOS EN CAJAS.",encabezado
4817,48,"SOBRES, SOBRES CARTA, TARJETAS POSTALES SIN ILUSTRAR Y TARJETAS PARA CORRESPONDENCIA, DE PAPEL O CARTÓN; CAJAS, BOLSAS Y PRESENTACIONES SIMILARES, DE PAPEL O CARTÓN, CON UN SURTIDO DE ARTÍCULOS DE CORRESPONDENCIA.",encabezado
4818,48,"PAPEL DEL TIPO UTILIZADO PARA PAPEL HIGIÉNICO Y PAPELES SIMILARES, GUATA DE CELULOSA O NAPA DE FIBRAS DE CELULOSA, DE LOS TIPOS UTILIZADOS PARA FINES DOMÉSTICOS O SANITARIOS, EN BOBINAS (ROLLOS) DE UNA ANCHURA INFERIOR O IGUAL A 36 cm O CORTADOS EN FORMATO; PAÑUELOS, TOALLITAS DE DESMAQUILLAR, TOALLAS, MANTELES, SERVILLETAS, SÁBANAS Y ARTÍCULOS SIMILARES PARA USO DOMÉSTICO, DE TOCADOR, HIGIÉNICO O DE HOSPITAL, PRENDAS Y COMPLEMENTOS (ACCESORIOS), DE VESTIR, DE PASTA DE PAPEL, PAPEL, GUATA DE CELULOSA O NAPA DE FIBRAS DE CELULOSA.",encabezado
4819,48,"CAJAS, SACOS (BOLSAS), BOLSITAS, CUCURUCHOS Y DEMÁS ENVASES DE PAPEL, CARTÓN, GUATA DE CELULOSA O NAPA DE FIBRAS DE CELULOSA; CARTONAJES DE OFICINA, TIENDA O SIMILARES.",encabezado
4820,48,"LIBROS REGISTRO, LIBROS DE CONTABILIDAD, TALONARIOS (DE NOTAS, PEDIDOS O RECIBOS), AGENDAS, BLOQUES MEMORANDOS, BLOQUES DE PAPEL DE CARTAS Y ARTÍCULOS SIMILARES, CUADERNOS, CARPETAS DE MESA, CLASIFICADORES, ENCUADERNACIONES (DE HOJAS MÓVILES U OTRAS), CARPETAS Y CUBIERTAS PARA DOCUMENTOS Y DEMÁS ARTÍCULOS ESCOLARES, DE OFICINA O DE PAPELERÍA, INCLUSO LOS FORMULARIOS EN PAQUETES O PLEGADOS («MANIFOLD»), AUNQUE LLEVEN PAPEL CARBÓN (CARBÓNICO), DE PAPEL O CARTÓN; ÁLBUMES PARA MUESTRAS O PARA COLECCIONES Y CUBIERTAS PARA LIBROS, DE PAPEL O CARTÓN.",encabezado
4821,48,"ETIQUETAS DE TODAS CLASES, DE PAPEL O CARTÓN, INCLUSO IMPRESAS.",encabezado
4822,48,"CARRETES, BOBINAS, CANILLAS Y SOPORTES SIMILARES, DE PASTA DE PAPEL, PAPEL O CARTÓN, INCLUSO PERFORADOS O ENDURECIDOS.",encabezado
4823,48,"LOS DEMÁS PAPELES, CARTONES, GUATA DE CELULOSA Y NAPA DE FIBRAS DE CELULOSA, CORTADOS EN FORMATO; LOS DEMÁS ARTÍCULOS DE PASTA DE PAPEL, PAPEL, CARTÓN, GUATA DE CELULOSA O DE NAPA DE FIBRAS DE CELULOSA.",encabezado
4901,49,"LIBROS, FOLLETOS E IMPRESOS SIMILARES, INCLUSO EN HOJAS SUELTAS.",encabezado
4902,49,"DIARIOS Y PUBLICACIONES PERIÓDICAS, IMPRESOS, INCLUSO ILUSTRADOS O CON PUBLICIDAD.",encabezado
4903,49,"ÁLBUMES O LIBROS DE ESTAMPAS Y CUADERNOS PARA DIBUJAR O COLOREAR, PARA NIÑOS.",linea_unica
4904,49,"MÚSICA MANUSCRITA O IMPRESA, INCLUSO CON ILUSTRACIONES O ENCUADERNADA.",linea_unica
4905,49,"MANUFACTURAS CARTOGRÁFICAS DE TODAS CLASES, INCLUIDOS LOS MAPAS MURALES, PLANOS TOPOGRÁFICOS Y ESFERAS, IMPRESOS.",encabezado
4906,49,"PLANOS Y DIBUJOS ORIGINALES HECHOS A MANO, DE ARQUITECTURA, INGENIERÍA, INDUSTRIALES, COMERCIALES, TOPOGRÁFICOS O SIMILARES; TEXTOS MANUSCRITOS; REPRODUCCIONES FOTOGRÁFICAS SOBRE PAPEL SENSIBILIZADO Y COPIAS CON PAPEL CARBÓN (CARBÓNICO), DE LOS PLANOS, DIBUJOS O TEXTOS ANTES MENCIONADOS.",linea_unica
4907,49,"SELLOS (ESTAMPILLAS) DE CORREOS, TIMBRES FISCALES Y ANÁLOGOS, SIN OBLITERAR, QUE TENGAN O ESTÉN DESTINADOS A TENER CURSO LEGAL EN EL PAÍS EN EL QUE SU VALOR FACIAL SEA RECONOCIDO; PAPEL TIMBRADO; BILLETES DE BANCO; CHEQUES; TÍTULOS DE ACCIONES U OBLIGACIONES Y TÍTULOS SIMILARES.",linea_unica
4908,49,CALCOMANÍAS DE CUALQUIER CLASE.,encabezado
4909,49,"TARJETAS POSTALES IMPRESAS O ILUSTRADAS; TARJETAS IMPRESAS CON FELICITACIONES O COMUNICACIONES PERSONALES, INCLUSO CON ILUSTRACIONES, ADORNOS O APLICACIONES, O CON SOBRES.",linea_unica
4910,49,"CALENDARIOS DE CUALQUIER CLASE IMPRESOS, INCLUIDOS LOS TACOS DE CALENDARIO.",linea_unica
4911,49,"LOS DEMÁS IMPRESOS, INCLUIDAS LAS ESTAMPAS, GRABADOS Y FOTOGRAFÍAS.",encabezado
5001,50,CAPULLOS DE SEDA APTOS PARA EL DEVANADO.,linea_unica
5002,50,SEDA CRUDA (SIN TORCER).,linea_unica
5003,50,"DESPERDICIOS DE SEDA (INCLUIDOS LOS CAPULLOS NO APTOS PARA EL DEVANADO, DESPERDICIOS DE HILADOS E HILACHAS).",linea_unica
5004,50,HILADOS DE SEDA (EXCEPTO LOS HILADOS DE DESPERDICIOS DE SEDA) SIN ACONDICIONAR PARA LA VENTA AL POR MENOR.,linea_unica
5005,50,HILADOS DE DESPERDICIOS DE SEDA SIN ACONDICIONAR PARA LA VENTA AL POR MENOR.,linea_unica
5006,50,"HILADOS DE SEDA O DE DESPERDICIOS DE SEDA, ACONDICIONADOS PARA LA VENTA AL POR MENOR; «PELO DE MESINA» («CRIN DE FLORENCIA»).",linea_unica
5007,50,TEJIDOS DE SEDA O DE DESPERDICIOS DE SEDA.,encabezado
5101,51,LANA SIN CARDAR NI PEINAR.,encabezado
5102,51,"PELO FINO U ORDINARIO, SIN CARDAR NI PEINAR.",encabezado
5103,51,"DESPERDICIOS DE LANA O DE PELO FINO U ORDINARIO, INCLUIDOS LOS DESPERDICIOS DE HILADOS, EXCEPTO LAS HILACHAS.",encabezado
5104,51,HILACHAS DE LANA O DE PELO FINO U ORDINARIO.,linea_unica
5105,51,"LANA Y PELO FINO U ORDINARIO, CARDADOS O PEINADOS (INCLUIDA LA «LANA PEINADA A GRANEL»).",encabezado
5106,51,HILADOS DE LANA CARDADA SIN ACONDICIONAR PARA LA VENTA AL POR MENOR.,encabezado
5107,51,HILADOS DE LANA PEINADA SIN ACONDICIONAR PARA LA VENTA AL POR MENOR.,encabezado
5108,51,"HILADOS DE PELO FINO CARDADO O PEINADO, SIN ACONDICIONAR PARA LA VENTA AL POR MENOR.",encabezado
5109,51,"HILADOS DE LANA O PELO FINO, ACONDICIONADOS PARA LA VENTA AL POR MENOR.",encabezado
5110,51,"HILADOS DE PELO ORDINARIO O DE CRIN (INCLUIDOS LOS HILADOS DE CRIN ENTORCHADOS), AUNQUE ESTÉN ACONDICIONADOS PARA LA VENTA AL POR MENOR.",linea_unica
5111,51,TEJIDOS DE LANA CARDADA O PELO FINO CARDADO.,encabezado
5112,51,TEJIDOS DE LANA PEINADA O PELO FINO PEINADO.,encabezado
5113,51,TEJIDOS DE PELO ORDINARIO O DE CRIN.,linea_unica
5201,52,ALGODÓN SIN CARDAR NI PEINAR.,linea_unica
5202,52,DESPERDICIOS DE ALGODÓN (INCLUIDOS LOS DESPERDICIOS DE HILADOS Y LAS HILACHAS).,encabezado
5203,52,ALGODÓN CARDADO O PEINADO.,linea_unica
5204,52,"HILO DE COSER DE ALGODÓN, INCLUSO ACONDICIONADO PARA LA VENTA AL POR MENOR.",encabezado
5205,52,"HILADOS DE ALGODÓN (EXCEPTO EL HILO DE COSER) CON UN CONTENIDO DE ALGODÓN SUPERIOR O IGUAL AL 85 % EN PESO, SIN ACONDICIONAR PARA LA VENTA AL POR MENOR.",encabezado
5206,52,"HILADOS DE ALGODÓN (EXCEPTO EL HILO DE COSER) CON UN CONTENIDO DE ALGODÓN INFERIOR AL 85 % EN PESO, SIN ACONDICIONAR PARA LA VENTA AL POR MENOR.",encabezado
5207,52,HILADOS DE ALGODÓN (EXCEPTO EL HILO DE COSER) ACONDICIONADOS PARA LA VENTA AL POR MENOR.,encabezado
5208,52,"TEJIDOS DE ALGODÓN CON UN CONTENIDO DE ALGODÓN SUPERIOR O IGUAL AL 85 % EN PESO, DE PESO INFERIOR O IGUAL A 200 g/m².",encabezado
5209,52,"TEJIDOS DE ALGODÓN CON UN CONTENIDO DE ALGODÓN SUPERIOR O IGUAL AL 85 % EN PESO, DE PESO SUPERIOR A 200 g/m².",encabezado
5210,52,"TEJIDOS DE ALGODÓN CON UN CONTENIDO DE ALGODÓN INFERIOR AL 85% EN PESO, MEZCLADO EXCLUSIVA O PRINCIPALMENTE CON FIBRAS SINTÉTICAS O ARTIFICIALES, DE PESO INFERIOR O IGUAL A 200 g/m².",encabezado
5211,52,"TEJIDOS DE ALGODÓN CON UN CONTENIDO DE ALGODÓN INFERIOR AL 85% EN PESO, MEZCLADO EXCLUSIVA O PRINCIPALMENTE CON FIBRAS SINTÉTICAS O ARTIFICIALES, DE PESO SUPERIOR A 200 g/m².",encabezado
5212,52,LOS DEMÁS TEJIDOS DE ALGODÓN.,encabezado
5301,53,"LINO EN BRUTO O TRABAJADO, PERO SIN HILAR; ESTOPAS Y DESPERDICIOS DE LINO (INCLUIDOS LOS DESPERDICIOS DE HILADOS Y LAS HILACHAS).",encabezado
5302,53,"CÁÑAMO ( CANNABIS SATIVA L .) EN BRUTO O TRABAJADO, PERO SIN HILAR; ESTOPAS Y DESPERDICIOS DE CÁÑAMO (INCLUIDOS LOS DESPERDICIOS DE HILADOS Y LAS HILACHAS).",encabezado
5303,53,"YUTE Y DEMÁS FIBRAS TEXTILES DEL LÍBER (EXCEPTO EL LINO, CÁÑAMO Y RAMIO), EN BRUTO O TRABAJADOS, PERO SIN HILAR; ESTOPAS Y DESPERDICIOS DE ESTAS FIBRAS (INCLUIDOS LOS DESPERDICIOS DE HILADOS Y LAS HILACHAS).",encabezado
5305,53,"COCO, ABACÁ (CÁÑAMO DE MANILA ( MUSA TEXTILIS NEE)), RAMIO Y DEMÁS FIBRAS TEXTILES VEGETALES NO EXPRESADAS NI COMPRENDIDAS EN OTRA PARTE, EN BRUTO O TRABAJADAS, PERO SIN HILAR; ESTOPAS Y DESPERDICIOS DE ESTAS FIBRAS (INCLUIDOS LOS DESPERDICIOS DE HILADOS Y LAS HILACHAS).",linea_unica
5306,53,HILADOS DE LINO.,encabezado
5307,53,HILADOS DE YUTE O DEMÁS FIBRAS TEXTILES DEL LÍBER DE LA PARTIDA 53.03.,encabezado
5308,53,HILADOS DE LAS DEMÁS FIBRAS TEXTILES VEGETALES; HILADOS DE PAPEL.,encabezado
5309,53,TEJIDOS DE LINO.,encabezado
5310,53,TEJIDOS DE YUTE O DEMÁS FIBRAS TEXTILES DEL LÍBER DE LA PARTIDA 53.03.,encabezado
5311,53,TEJIDOS DE LAS DEMÁS FIBRAS TEXTILES VEGETALES; TEJIDOS DE HILADOS DE PAPEL.,linea_unica
5401,54,"HILO DE COSER DE FILAMENTOS SINTÉTICOS O ARTIFICIALES, INCLUSO ACONDICIONADO PARA LA VENTA AL POR MENOR.",encabezado
5402,54,"HILADOS DE FILAMENTOS SINTÉTICOS (EXCEPTO EL HILO DE COSER) SIN ACONDICIONAR PARA LA VENTA AL POR MENOR, INCLUIDOS LOS MONOFILAMENTOS SINTÉTICOS DE TÍTULO INFERIOR A 67 DECITEX.",encabezado
5403,54,"HILADOS DE FILAMENTOS ARTIFICIALES (EXCEPTO EL HILO DE COSER) SIN ACONDICIONAR PARA LA VENTA AL POR MENOR, INCLUIDOS LOS MONOFILAMENTOS ARTIFICIALES DE TÍTULO INFERIOR A 67 DECITEX.",encabezado
5404,54,"MONOFILAMENTOS SINTÉTICOS DE TÍTULO SUPERIOR O IGUAL A 67 DECITEX Y CUYA MAYOR DIMENSIÓN DE LA SECCIÓN TRANSVERSAL SEA INFERIOR O IGUAL A 1 mm; TIRAS Y FORMAS SIMILARES (POR EJEMPLO, PAJA ARTIFICIAL) DE MATERIA TEXTIL SINTÉTICA, DE ANCHURA APARENTE INFERIOR O IGUAL A 5 mm.",encabezado
5405,54,"MONOFILAMENTOS ARTIFICIALES DE TÍTULO SUPERIOR O IGUAL A 67 DECITEX Y CUYA MAYOR DIMENSIÓN DE LA SECCIÓN TRANSVERSAL SEA INFERIOR O IGUAL A 1 mm; TIRAS Y FORMAS SIMILARES (POR EJEMPLO, PAJA ARTIFICIAL) DE MATERIA TEXTIL ARTIFICIAL, DE ANCHURA APARENTE INFERIOR O IGUAL A 5mm.",linea_unica
5406,54,"HILADOS DE FILAMENTOS SINTÉTICOS O ARTIFICIALES (EXCEPTO EL HILO DE COSER), ACONDICIONADOS PARA LA VENTA AL POR MENOR.",linea_unica
5407,54,"TEJIDOS DE HILADOS DE FILAMENTOS SINTÉTICOS, INCLUIDOS LOS TEJIDOS FABRICADOS CON LOS PRODUCTOS DE LA PARTIDA 54.04.",encabezado
5408,54,"TEJIDOS DE HILADOS DE FILAMENTOS ARTIFICIALES, INCLUIDOS LOS FABRICADOS CON PRODUCTOS DE LA PARTIDA 54.05.",encabezado
5501,55,CABLES DE FILAMENTOS SINTÉTICOS.,encabezado
5502,55,CABLES DE FILAMENTOS ARTIFICIALES.,encabezado
5503,55,"FIBRAS SINTÉTICAS DISCONTINUAS, SIN CARDAR, PEINAR NI TRANSFORMAR DE OTRO MODO PARA LA HILATURA.",encabezado
5504,55,"FIBRAS ARTIFICIALES DISCONTINUAS, SIN CARDAR, PEINAR NI TRANSFORMAR DE OTRO MODO PARA LA HILATURA.",encabezado
5505,55,"DESPERDICIOS DE FIBRAS SINTÉTICAS O ARTIFICIALES (INCLUIDAS LAS BORRAS, LOS DESPERDICIOS DE HILADOS Y LAS HILACHAS).",encabezado
5506,55,"FIBRAS SINTÉTICAS DISCONTINUAS, CARDADAS, PEINADAS O TRANSFORMADAS DE OTRO MODO PARA LA HILATURA.",encabezado
5507,55,"FIBRAS ARTIFICIALES DISCONTINUAS, CARDADAS, PEINADAS O TRANSFORMADAS DE OTRO MODO PARA LA HILATURA.",linea_unica
5508,55,"HILO DE COSER DE FIBRAS SINTÉTICAS O ARTIFICIALES, DISCONTINUAS, INCLUSO ACONDICIONADO PARA LA VENTA AL POR MENOR.",encabezado
5509,55,HILADOS DE FIBRAS SINTÉTICAS DISCONTINUAS (EXCEPTO EL HILO DE COSER) SIN ACONDICIONAR PARA LA VENTA AL POR MENOR.,encabezado
5510,55,HILADOS DE FIBRAS ARTIFICIALES DISCONTINUAS (EXCEPTO EL HILO DE COSER) SIN ACONDICIONAR PARA LA VENTA AL POR MENOR.,encabezado
5511,55,"HILADOS DE FIBRAS SINTÉTICAS O ARTIFICIALES, DISCONTINUAS (EXCEPTO EL HILO DE COSER), ACONDICIONADOS PARA LA VENTA AL POR MENOR.",encabezado
5512,55,TEJIDOS DE FIBRAS SINTÉTICAS DISCONTINUAS CON UN CONTENIDO DE FIBRAS SINTÉTICAS DISCONTINUAS SUPERIOR O IGUAL AL 85 % EN PESO.,encabezado
5513,55,"TEJIDOS DE FIBRAS SINTÉTICAS DISCONTINUAS CON UN CONTENIDO DE ESTAS FIBRAS INFERIOR AL 85 % EN PESO, MEZCLADAS EXCLUSIVA O PRINCIPALMENTE CON ALGODÓN, DE PESO INFERIOR O IGUAL A 170 g/m².",encabezado
5514,55,"TEJIDOS DE FIBRAS SINTÉTICAS DISCONTINUAS CON UN CONTENIDO DE ESTAS FIBRAS INFERIOR AL 85 % EN PESO, MEZCLADAS EXCLUSIVA O PRINCIPALMENTE CON ALGODÓN, DE PESO SUPERIOR A 170 g/m².",encabezado
5515,55,LOS DEMÁS TEJIDOS DE FIBRAS SINTÉTICAS DISCONTINUAS.,encabezado
5516,55,TEJIDOS DE FIBRAS ARTIFICIALES DISCONTINUAS.,encabezado
5601,56,"GUATA DE MATERIA TEXTIL Y ARTÍCULOS DE ESTA GUATA; FIBRAS TEXTILES DE LONGITUD INFERIOR O IGUAL A 5 mm (TUNDIZNO), NUDOS Y MOTAS DE MATERIA TEXTIL.",encabezado
5602,56,"FIELTRO, INCLUSO IMPREGNADO, RECUBIERTO, REVESTIDO O ESTRATIFICADO.",encabezado
5603,56,"TELA SIN TEJER, INCLUSO IMPREGNADA, RECUBIERTA, REVESTIDA O ESTRATIFICADA.",encabezado
5604,56,"HILOS Y CUERDAS DE CAUCHO REVESTIDOS DE TEXTILES; HILADOS TEXTILES, TIRAS Y FORMAS SIMILARES DE LAS PARTIDAS 54.04 O 54.05, IMPREGNADOS, RECUBIERTOS, REVESTIDOS O ENFUNDADOS CON CAUCHO O PLÁSTICO.",encabezado
5605,56,"HILADOS METÁLICOS E HILADOS METALIZADOS, INCLUSO ENTORCHADOS, CONSTITUIDOS POR HILADOS TEXTILES, TIRAS O FORMAS SIMILARES DE LAS PARTIDAS 54.04 O 54.05, COMBINADOS CON METAL EN FORMA DE HILOS, TIRAS O POLVO, O REVESTIDOS DE METAL.",linea_unica
5606,56,"HILADOS ENTORCHADOS, TIRAS Y FORMAS SIMILARES DE LAS PARTIDAS 54.04 O 54.05, ENTORCHADAS (EXCEPTO LOS DE LA PARTIDA 56.05 Y LOS HILADOS DE CRIN ENTORCHADOS); HILADOS DE CHENILLA; HILADOS «DE CADENETA».",linea_unica
5607,56,"CORDELES, CUERDAS Y CORDAJES, ESTÉN O NO TRENZADOS, INCLUSO IMPREGNADOS, RECUBIERTOS, REVESTIDOS O ENFUNDADOS CON CAUCHO O PLÁSTICO.",encabezado
5608,56,"REDES DE MALLAS ANUDADAS, EN PAÑO O EN PIEZA, FABRICADAS CON CORDELES, CUERDAS O CORDAJES; REDES CONFECCIONADAS PARA LA PESCA Y DEMÁS REDES CONFECCIONADAS, DE MATERIA TEXTIL.",encabezado
5609,56,"ARTÍCULOS DE HILADOS, TIRAS O FORMAS SIMILARES DE LAS PARTIDAS 54.04 O 54.05, CORDELES, CUERDAS O CORDAJES, NO EXPRESADOS NI COMPRENDIDOS EN OTRA PARTE.",linea_unica
5701,57,"ALFOMBRAS DE NUDO DE MATERIA TEXTIL, INCLUSO CONFECCIONADAS.",encabezado
5702,57,"ALFOMBRAS Y DEMÁS REVESTIMIENTOS PARA EL SUELO, DE MATERIA TEXTIL, TEJIDOS, EXCEPTO LOS DE MECHÓN INSERTADO Y LOS FLOCADOS, AUNQUE ESTÉN CONFECCIONADOS, INCLUIDAS LAS ALFOMBRAS LLAMADAS «KELIM» O «KILIM», «SCHUMACKS» O «SOUMAK», «KARAMANIE» Y ALFOMBRAS SIMILARES TEJIDAS A MANO.",encabezado
5703,57,"ALFOMBRAS Y DEMÁS REVESTIMIENTOS PARA EL SUELO (INCLUIDO EL CÉSPED), DE MATERIA TEXTIL, CON MECHÓN INSERTADO, INCLUSO CONFECCIONADOS.",encabezado
5704,57,"ALFOMBRAS Y DEMÁS REVESTIMIENTOS PARA EL SUELO, DE FIELTRO, EXCEPTO LOS DE MECHÓN INSERTADO Y LOS FLOCADOS, INCLUSO CONFECCIONADOS.",encabezado
5705,57,"LAS DEMÁS ALFOMBRAS Y REVESTIMIENTOS PARA EL SUELO, DE MATERIA TEXTIL, INCLUSO CONFECCIONADOS.",linea_unica
5801,58,"TERCIOPELO Y FELPA, EXCEPTO LOS DE PUNTO, Y TEJIDOS DE CHENILLA, EXCEPTO LOS PRODUCTOS DE LAS PARTIDAS 58.02 O 58.06.",encabezado
5802,58,"TEJIDOS CON BUCLES DEL TIPO TOALLA, EXCEPTO LOS PRODUCTOS DE LA PARTIDA 58.06; SUPERFICIES TEXTILES CON MECHÓN INSERTADO, EXCEPTO LOS PRODUCTOS DE LA PARTIDA 57.03.",encabezado
5803,58,"TEJIDOS DE GASA DE VUELTA, EXCEPTO LOS PRODUCTOS DE LA PARTIDA 58.06.",linea_unica
5804,58,"TUL, TUL-BOBINOT Y TEJIDOS DE MALLAS ANUDADAS; ENCAJES EN PIEZA, EN TIRAS O EN APLICACIONES, EXCEPTO LOS PRODUCTOS DE LAS PARTIDAS 60.02 A 60.06.",encabezado
5805,58,"TAPICERÍA TEJIDA A MANO (GOBELINOS, FLANDES, AUBUSSON, BEAUVAIS Y SIMILARES) Y TAPICERÍA DE AGUJA (POR EJEMPLO: DE «PETIT POINT», DE PUNTO DE CRUZ), INCLUSO CONFECCIONADAS.",linea_unica
5806,58,"CINTAS, EXCEPTO LOS ARTÍCULOS DE LA PARTIDA 58.07; CINTAS SIN TRAMA, DE HILADOS O FIBRAS PARALELIZADOS Y AGLUTINADOS.",encabezado
5807,58,"ETIQUETAS, ESCUDOS Y ARTÍCULOS SIMILARES, DE MATERIA TEXTIL, EN PIEZA, CINTAS O RECORTADOS, SIN BORDAR.",encabezado
5808,58,"TRENZAS EN PIEZA; ARTÍCULOS DE PASAMANERÍA Y ARTÍCULOS ORNAMENTALES ANÁLOGOS, EN PIEZA, SIN BORDAR, EXCEPTO LOS DE PUNTO; BELLOTAS, MADROÑOS, POMPONES, BORLAS Y ARTÍCULOS SIMILARES.",encabezado
5809,58,"TEJIDOS DE HILOS DE METAL Y TEJIDOS DE HILADOS METÁLICOS O DE HILADOS TEXTILES METALIZADOS DE LA PARTIDA 56.05, DE LOS TIPOS UTILIZADOS EN PRENDAS DE VESTIR, TAPICERÍA O USOS SIMILARES, NO EXPRESADOS NI COMPRENDIDOS EN OTRA PARTE.",linea_unica
5810,58,"BORDADOS EN PIEZAS, EN TIRAS O EN APLICACIONES.",encabezado
5811,58,"PRODUCTOS TEXTILES ACOLCHADOS EN PIEZA, CONSTITUIDOS POR UNA O VARIAS CAPAS DE MATERIA TEXTIL COMBINADAS CON UNA MATERIA DE RELLENO Y MANTENIDAS MEDIANTE PUNTADAS U OTRO MODO DE SUJECIÓN, EXCEPTO LOS BORDADOS DE LA PARTIDA 58.10.",linea_unica
5901,59,"TELAS RECUBIERTAS DE COLA O MATERIAS AMILÁCEAS, DE LOS TIPOS UTILIZADOS PARA ENCUADERNACIÓN, CARTONAJE, ESTUCHERÍA O USOS SIMILARES; TRANSPARENTES TEXTILES PARA CALCAR O DIBUJAR; LIENZOS PREPARADOS PARA PINTAR; BUCARÁN Y TELAS RÍGIDAS SIMILARES DE LOS TIPOS UTILIZADOS EN SOMBRERERÍA.",encabezado
5902,59,"NAPAS TRAMADAS PARA NEUMÁTICOS FABRICADAS CON HILADOS DE ALTA TENACIDAD DE NAILON O DEMÁS POLIAMIDAS, DE POLIÉSTERES O DE RAYÓN VISCOSA.",encabezado
5903,59,"TELAS IMPREGNADAS, RECUBIERTAS, REVESTIDAS O ESTRATIFICADAS CON PLÁSTICO, EXCEPTO LAS DE LA PARTIDA 59.02.",encabezado
5904,59,"LINÓLEO, INCLUSO CORTADO; REVESTIMIENTOS PARA EL SUELO FORMADOS POR UN RECUBRIMIENTO O REVESTIMIENTO APLICADO SOBRE UN SOPORTE TEXTIL, INCLUSO CORTADOS.",encabezado
5905,59,REVESTIMIENTOS DE MATERIA TEXTIL PARA PAREDES.,linea_unica
5906,59,"TELAS CAUCHUTADAS, EXCEPTO LAS DE LA PARTIDA 59.02.",encabezado
5907,59,"LAS DEMÁS TELAS IMPREGNADAS, RECUBIERTAS O REVESTIDAS; LIENZOS PINTADOS PARA DECORACIONES DE TEATRO, FONDOS DE ESTUDIO O USOS ANÁLOGOS.",linea_unica
5908,59,"MECHAS DE MATERIA TEXTIL TEJIDA, TRENZADA O DE PUNTO, PARA LÁMPARAS, HORNILLOS, MECHEROS, VELAS O SIMILARES; MANGUITOS DE INCANDESCENCIA Y TEJIDOS DE PUNTO TUBULARES UTILIZADOS PARA SU FABRICACIÓN, INCLUSO IMPREGNADOS.",linea_unica
5909,59,"MANGUERAS PARA BOMBAS Y TUBOS SIMILARES, DE MATERIA TEXTIL, INCLUSO CON ARMADURA O ACCESORIOS DE OTRAS MATERIAS.",linea_unica
5910,59,"CORREAS TRANSPORTADORAS O DE TRANSMISIÓN, DE MATERIA TEXTIL, INCLUSO IMPREGNADAS, RECUBIERTAS, REVESTIDAS O ESTRATIFICADAS CON PLÁSTICO O REFORZADAS CON METAL U OTRA MATERIA.",linea_unica
5911,59,PRODUCTOS Y ARTÍCULOS TEXTILES PARA USOS TÉCNICOS MENCIONADOS EN LA NOTA 8 DE ESTE CAPÍTULO.,encabezado
6001,60,"TERCIOPELO, FELPA (INCLUIDOS LOS TEJIDOS DE PUNTO «DE PELO LARGO») Y TEJIDOS CON BUCLES, DE PUNTO.",encabezado
6002,60,"TEJIDOS DE PUNTO DE ANCHURA INFERIOR O IGUAL A 30 cm, CON UN CONTENIDO DE HILADOS DE ELASTÓMEROS O DE HILOS DE CAUCHO SUPERIOR O IGUAL AL 5 % EN PESO, EXCEPTO LOS DE LA PARTIDA 60.01.",encabezado
6003,60,"TEJIDOS DE PUNTO DE ANCHURA INFERIOR O IGUAL A 30 cm, EXCEPTO LOS DE LAS PARTIDAS 60.01 O 60.02.",encabezado
6004,60,"TEJIDOS DE PUNTO DE ANCHURA SUPERIOR A 30 cm, CON UN CONTENIDO DE HILADOS DE ELASTÓMEROS O DE HILOS DE CAUCHO SUPERIOR O IGUAL AL 5 % EN PESO, EXCEPTO LOS DE LA PARTIDA 60.01.",encabezado
6005,60,"TEJIDOS DE PUNTO POR URDIMBRE (INCLUIDO LOS OBTENIDOS EN TELARES DE PASAMANERÍA), EXCEPTO LOS DE LAS PARTIDAS 60.01 A 60.04.",encabezado
6006,60,LOS DEMÁS TEJIDOS DE PUNTO.,encabezado
6101,61,"ABRIGOS, CHAQUETONES, CAPAS, ANORAKS, CAZADORAS Y ARTÍCULOS SIMILARES, DE PUNTO, PARA HOMBRES O NIÑOS, EXCEPTO LOS ARTÍCULOS DE LA PARTIDA 61.03.",encabezado
6102,61,"ABRIGOS, CHAQUETONES, CAPAS, ANORAKS, CAZADORAS Y ARTÍCULOS SIMILARES, DE PUNTO, PARA MUJERES O NIÑAS, EXCEPTO LOS ARTÍCULOS DE LA PARTIDA 61.04.",encabezado
6103,61,"TRAJES (AMBOS O TERNOS), CONJUNTOS, CHAQUETAS (SACOS), PANTALONES LARGOS, PANTALONES CON PETO, PANTALONES CORTOS (CALZONES) Y SHORTS (EXCEPTO DE BAÑO), DE PUNTO, PARA HOMBRES O NIÑOS.",encabezado
6104,61,"TRAJES SASTRE, CONJUNTOS, CHAQUETAS (SACOS), VESTIDOS, FALDAS, FALDAS PANTALÓN, PANTALONES LARGOS, PANTALONES CON PETO, PANTALONES CORTOS (CALZONES) Y SHORTS (EXCEPTO DE BAÑO), DE PUNTO, PARA MUJERES O NIÑAS.",encabezado
6105,61,CAMISAS DE PUNTO PARA HOMBRES O NIÑOS.,encabezado
6106,61,"CAMISAS, BLUSAS Y BLUSAS CAMISERAS, DE PUNTO, PARA MUJERES O NIÑAS.",encabezado
6107,61,"CALZONCILLOS (INCLUIDOS LOS LARGOS Y LOS SLIPS), CAMISONES, PIJAMAS, ALBORNOCES DE BAÑO, BATAS DE CASA Y ARTÍCULOS SIMILARES, DE PUNTO, PARA HOMBRES O NIÑOS.",encabezado
6108,61,"COMBINACIONES, ENAGUAS, BRAGAS (BOMBACHAS, CALZONES) (INCLUSO LAS QUE NO LLEGAN HASTA LA CINTURA), CAMISONES, PIJAMAS, SALTOS DE CAMA, ALBORNOCES DE BAÑO, BATAS DE CASA Y ARTÍCULOS SIMILARES, DE PUNTO, PARA MUJERES O NIÑAS.",encabezado
6109,61,"«T-SHIRTS» Y CAMISETAS, DE PUNTO.",encabezado
6110,61,"SUÉTERES (JERSEYS), PULÓVERES, CARDIGAN, CHALECOS Y ARTÍCULOS SIMILARES, DE PUNTO.",encabezado
6111,61,"PRENDAS Y COMPLEMENTOS (ACCESORIOS), DE VESTIR, DE PUNTO, PARA BEBÉS.",encabezado
6112,61,"CONJUNTOS DE ABRIGO PARA ENTRENAMIENTO O DEPORTE (CHANDALES), MONOS (OVEROLES) Y CONJUNTOS DE ESQUÍ Y BAÑADORES, DE PUNTO.",encabezado
6113,61,"PRENDAS DE VESTIR CONFECCIONADAS CON TEJIDOS DE PUNTO DE LAS PARTIDAS 59.03, 59.06 O 59.07.",linea_unica
6114,61,"LAS DEMÁS PRENDAS DE VESTIR, DE PUNTO.",encabezado
6115,61,"CALZAS, PANTY-MEDIAS, LEOTARDOS, MEDIAS, CALCETINES Y DEMÁS ARTÍCULOS DE CALCETERÍA, INCLUSO DE COMPRESIÓN PROGRESIVA (POR EJEMPLO, MEDIAS PARA VARICES), DE PUNTO.",encabezado
6116,61,"GUANTES, MITONES Y MANOPLAS, DE PUNTO.",encabezado
6117,61,"LOS DEMÁS COMPLEMENTOS (ACCESORIOS) DE VESTIR CONFECCIONADOS, DE PUNTO; PARTES DE PRENDAS O DE COMPLEMENTOS (ACCESORIOS), DE VESTIR, DE PUNTO.",encabezado
6201,62,"ABRIGOS, CHAQUETONES, CAPAS, ANORAKS, CAZADORAS Y ARTÍCULOS SIMILARES, PARA HOMBRES O NIÑOS, EXCEPTO LOS ARTÍCULOS DE LA PARTIDA 62.03.",encabezado
6202,62,"ABRIGOS, CHAQUETONES, CAPAS, ANORAKS, CAZADORAS Y ARTÍCULOS SIMILARES, PARA MUJERES O NIÑAS, EXCEPTO LOS ARTÍCULOS DE LA PARTIDA 62.04.",encabezado
6203,62,"TRAJES (AMBOS O TERNOS), CONJUNTOS, CHAQUETAS (SACOS), PANTALONES LARGOS, PANTALONES CON PETO, PANTALONES CORTOS (CALZONES) Y SHORTS (EXCEPTO DE BAÑO), PARA HOMBRES O NIÑOS.",encabezado
6204,62,"TRAJES SASTRE, CONJUNTOS, CHAQUETAS (SACOS), VESTIDOS, FALDAS, FALDAS PANTALÓN, PANTALONES LARGOS, PANTALONES CON PETO, PANTALONES CORTOS (CALZONES) Y SHORTS (EXCEPTO DE BAÑO), PARA MUJERES O NIÑAS.",encabezado
6205,62,CAMISAS PARA HOMBRES O NIÑOS.,encabezado
6206,62,"CAMISAS, BLUSAS Y BLUSAS CAMISERAS, PARA MUJERES O NIÑAS.",encabezado
6207,62,"CAMISETAS, CALZONCILLOS (INCLUIDOS LOS LARGOS Y LOS SLIPS), CAMISONES, PIJAMAS, ALBORNOCES DE BAÑO, BATAS DE CASA Y ARTÍCULOS SIMILARES, PARA HOMBRES O NIÑOS.",encabezado
6208,62,"CAMISETAS, COMBINACIONES, ENAGUAS, BRAGAS (BOMBACHAS, CALZONES) (INCLUSO LAS QUE NO LLEGAN HASTA LA CINTURA), CAMISONES, PIJAMAS, SALTOS DE CAMA, ALBORNOCES DE BAÑO, BATAS DE CASA Y ARTÍCULOS SIMILARES, PARA MUJERES O NIÑAS.",encabezado
6209,62,"PRENDAS Y COMPLEMENTOS (ACCESORIOS), DE VESTIR, PARA BEBÉS.",encabezado
6210,62,"PRENDAS DE VESTIR CONFECCIONADAS CON PRODUCTOS DE LAS PARTIDAS 56.02, 56.03, 59.03, 59.06 O 59.07.",encabezado
6211,62,"CONJUNTOS DE ABRIGO PARA ENTRENAMIENTO O DEPORTE (CHANDALES), MONOS (OVEROLES) Y CONJUNTOS DE ESQUÍ Y BAÑADORES; LAS DEMÁS PRENDAS DE VESTIR.",encabezado
6212,62,"SOSTENES (CORPIÑOS), FAJAS, CORSÉS, TIRANTES (TIRADORES), LIGAS Y ARTÍCULOS SIMILARES, Y SUS PARTES, INCLUSO DE PUNTO.",encabezado
6213,62,PAÑUELOS DE BOLSILLO.,encabezado
6214,62,"CHALES, PAÑUELOS DE CUELLO, BUFANDAS, MANTILLAS, VELOS Y ARTÍCULOS SIMILARES.",encabezado
6215,62,CORBATAS Y LAZOS SIMILARES.,encabezado
6216,62,"GUANTES, MITONES Y MANOPLAS.",linea_unica
6217,62,"LOS DEMÁS COMPLEMENTOS (ACCESORIOS) DE VESTIR CONFECCIONADOS; PARTES DE PRENDAS O DE COMPLEMENTOS (ACCESORIOS), DE VESTIR, EXCEPTO LAS DE LA PARTIDA 62.12.",encabezado
6301,63,MANTAS.,encabezado
6302,63,"ROPA DE CAMA, MESA, TOCADOR O COCINA.",encabezado
6303,63,VISILLOS Y CORTINAS; GUARDAMALLETAS Y RODAPIÉS DE CAMA.,encabezado
6304,63,"LOS DEMÁS ARTÍCULOS DE TAPICERÍA, EXCEPTO LOS DE LA PARTIDA 94.04.",encabezado
6305,63,"SACOS (BOLSAS) Y TALEGAS, PARA ENVASAR.",encabezado
6306,63,"TOLDOS DE CUALQUIER CLASE; TIENDAS (CARPAS, INCLUIDOS LOS «GAZEBOS» (PABELLONES, TEMPLETES)* TEMPORALES Y ARTÍCULOS SIMILARES); VELAS PARA EMBARCACIONES, DESLIZADORES O VEHÍCULOS TERRESTRES; ARTÍCULOS DE ACAMPAR.",encabezado
6307,63,"LOS DEMÁS ARTÍCULOS CONFECCIONADOS, INCLUIDOS LOS PATRONES PARA PRENDAS DE VESTIR.",encabezado
6308,63,"JUEGOS CONSTITUIDOS POR PIEZAS DE TEJIDO E HILADOS, INCLUSO CON ACCESORIOS, PARA LA CONFECCIÓN DE ALFOMBRAS, TAPICERÍA, MANTELES O SERVILLETAS BORDADOS O DE ARTÍCULOS TEXTILES SIMILARES, EN ENVASES PARA LA VENTA AL POR MENOR.",linea_unica
6309,63,ARTÍCULOS DE PRENDERÍA:,linea_unica
6310,63,"TRAPOS; CORDELES, CUERDAS Y CORDAJES, DE MATERIA TEXTIL, EN DESPERDICIOS O EN ARTÍCULOS INSERVIBLES.",encabezado
6401,64,"CALZADO IMPERMEABLE CON SUELA Y PARTE SUPERIOR DE CAUCHO O PLÁSTICO, CUYA PARTE SUPERIOR NO SE HAYA UNIDO A LA SUELA POR COSTURA O POR MEDIO DE REMACHES, CLAVOS, TORNILLOS, ESPIGAS O DISPOSITIVOS SIMILARES, NI SE HAYA FORMADO CON DIFERENTES PARTES UNIDAS DE LA MISMA MANERA.",encabezado
6402,64,LOS DEMÁS CALZADOS CON SUELA Y PARTE SUPERIOR DE CAUCHO O PLÁSTICO.,encabezado
6403,64,"CALZADO CON SUELA DE CAUCHO, PLÁSTICO, CUERO NATURAL O REGENERADO Y PARTE SUPERIOR DE CUERO NATURAL.",encabezado
6404,64,"CALZADO CON SUELA DE CAUCHO, PLÁSTICO, CUERO NATURAL O REGENERADO Y PARTE SUPERIOR DE MATERIA TEXTIL.",encabezado
6405,64,LOS DEMÁS CALZADOS.,encabezado
6406,64,"PARTES DE CALZADO (INCLUIDAS LAS PARTES SUPERIORES FIJADAS A LAS PALMILLAS DISTINTAS DE LA SUELA); PLANTILLAS, TALONERAS Y ARTÍCULOS SIMILARES, AMOVIBLES; POLAINAS Y ARTÍCULOS SIMILARES, Y SUS PARTES.",encabezado
6501,65,"CASCOS SIN AHORMADO NI PERFILADO DEL ALA, PLATOS (DISCOS) Y CILINDROS AUNQUE ESTÉN CORTADOS EN EL SENTIDO DE LA ALTURA, DE FIELTRO, PARA SOMBREROS.",linea_unica
6502,65,"CASCOS PARA SOMBREROS, TRENZADOS O FABRICADOS POR UNIÓN DE TIRAS DE CUALQUIER MATERIA, SIN AHORMADO NI PERFILADO DEL ALA Y SIN GUARNECER.",linea_unica
6504,65,"SOMBREROS Y DEMÁS TOCADOS, TRENZADOS O FABRICADOS POR UNIÓN DE TIRAS DE CUALQUIER MATERIA, INCLUSO GUARNECIDOS.",linea_unica
6505,65,"SOMBREROS Y DEMÁS TOCADOS, DE PUNTO O CONFECCIONADOS CON ENCAJE, FIELTRO U OTRO PRODUCTO TEXTIL, EN PIEZA (PERO NO EN TIRAS), INCLUSO GUARNECIDOS; REDECILLAS PARA EL CABELLO, DE CUALQUIER MATERIA, INCLUSO GUARNECIDAS.",linea_unica
6506,65,"LOS DEMÁS SOMBREROS Y TOCADOS, INCLUSO GUARNECIDOS.",encabezado
6507,65,"DESUDADORES, FORROS, FUNDAS, ARMADURAS, VISERAS Y BARBOQUEJOS (BARBIJOS), PARA SOMBREROS Y DEMÁS TOCADOS.",linea_unica
6601,66,"PARAGUAS, SOMBRILLAS Y QUITASOLES (INCLUIDOS LOS PARAGUAS BASTÓN, LOS QUITASOLES TOLDO Y ARTÍCULOS SIMILARES).",encabezado
6602,66,"BASTONES, BASTONES ASIENTO, LÁTIGOS, FUSTAS Y ARTÍCULOS SIMILARES.",linea_unica
6603,66,"PARTES, GUARNICIONES Y ACCESORIOS PARA LOS ARTÍCULOS DE LAS PARTIDAS 66.01 O 66.02.",encabezado
6701,67,"PIELES Y DEMÁS PARTES DE AVES CON SUS PLUMAS O PLUMÓN; PLUMAS, PARTES DE PLUMAS, PLUMÓN Y ARTÍCULOS DE ESTAS MATERIAS, EXCEPTO LOS PRODUCTOS DE LA PARTIDA 05.05 Y LOS CAÑONES Y ASTILES DE PLUMAS, TRABAJADOS.",linea_unica
6702,67,"FLORES, FOLLAJE Y FRUTOS, ARTIFICIALES, Y SUS PARTES; ARTÍCULOS CONFECCIONADOS CON FLORES, FOLLAJE O FRUTOS, ARTIFICIALES.",encabezado
6703,67,"CABELLO PEINADO, AFINADO, BLANQUEADO O PREPARADO DE OTRA FORMA; LANA, PELO U OTRA MATERIA TEXTIL, PREPARADOS PARA LA FABRICACIÓN DE PELUCAS O ARTÍCULOS SIMILARES.",linea_unica
6704,67,"PELUCAS, BARBAS, CEJAS, PESTAÑAS, MECHONES Y ARTÍCULOS ANÁLOGOS, DE CABELLO, PELO O MATERIA TEXTIL; MANUFACTURAS DE CABELLO NO EXPRESADAS NI COMPRENDIDAS EN OTRA PARTE.",encabezado
6801,68,"ADOQUINES, ENCINTADOS (BORDILLOS)* Y LOSAS PARA PAVIMENTOS, DE PIEDRA NATURAL (EXCEPTO LA PIZARRA).",linea_unica
6802,68,"PIEDRAS DE TALLA O DE CONSTRUCCIÓN TRABAJADAS (EXCLUIDA LA PIZARRA) Y SUS MANUFACTURAS, EXCEPTO LAS DE LA PARTIDA 68.01; CUBOS, DADOS Y ARTÍCULOS SIMILARES PARA MOSAICOS, DE PIEDRA NATURAL (INCLUIDA LA PIZARRA), AUNQUE ESTÉN SOBRE SOPORTE; GRÁNULOS, TASQUILES (FRAGMENTOS) Y POLVO DE PIEDRA NATURAL (INCLUIDA LA PIZARRA), COLOREADOS ARTIFICIALMENTE.",encabezado
6803,68,PIZARRA NATURAL TRABAJADA Y MANUFACTURAS DE PIZARRA NATURAL O AGLOMERADA.,linea_unica
6804,68,"MUELAS Y ARTÍCULOS SIMILARES, SIN BASTIDOR, PARA MOLER, DESFIBRAR, TRITURAR, AFILAR, PULIR, RECTIFICAR, CORTAR O TROCEAR, PIEDRAS DE AFILAR O PULIR A MANO, Y SUS PARTES, DE PIEDRA NATURAL, DE ABRASIVOS NATURALES O ARTIFICIALES AGLOMERADOS O DE CERÁMICA, INCLUSO CON PARTES DE OTRAS MATERIAS.",encabezado
6805,68,"ABRASIVOS NATURALES O ARTIFICIALES EN POLVO O GRÁNULOS CON SOPORTE DE MATERIA TEXTIL, PAPEL, CARTÓN U OTRAS MATERIAS, INCLUSO RECORTADOS, COSIDOS O UNIDOS DE OTRA FORMA.",encabezado
6806,68,"LANA DE ESCORIA, DE ROCA Y LANAS MINERALES SIMILARES; VERMICULITA DILATADA, ARCILLA DILATADA, ESPUMA DE ESCORIA Y PRODUCTOS MINERALES SIMILARES DILATADOS; MEZCLAS Y MANUFACTURAS DE MATERIAS MINERALES PARA AISLAMIENTO TÉRMICO O ACÚSTICO O PARA LA ABSORCIÓN DEL SONIDO, EXCEPTO LAS DE LAS PARTIDAS 68.11, 68.12 O DEL CAPÍTULO 69.",encabezado
6807,68,"MANUFACTURAS DE ASFALTO O DE PRODUCTOS SIMILARES (POR EJEMPLO: PEZ DE PETRÓLEO, BREA).",encabezado
6808,68,"PANELES, PLACAS, LOSETAS, BLOQUES Y ARTÍCULOS SIMILARES, DE FIBRA VEGETAL, PAJA O VIRUTA, DE PLAQUITAS O PARTÍCULAS, O DE ASERRÍN O DEMÁS DESPERDICIOS DE MADERA, AGLOMERADOS CON CEMENTO, YESO FRAGUABLE O DEMÁS AGLUTINANTES MINERALES.",linea_unica
6809,68,MANUFACTURAS DE YESO FRAGUABLE O DE PREPARACIONES A BASE DE YESO FRAGUABLE.,encabezado
6810,68,"MANUFACTURAS DE CEMENTO, HORMIGÓN O PIEDRA ARTIFICIAL, INCLUSO ARMADAS.",encabezado
6811,68,"MANUFACTURAS DE AMIANTOCEMENTO, CELULOSACEMENTO O SIMILARES.",encabezado
6812,68,"AMIANTO (ASBESTO) EN FIBRAS TRABAJADO; MEZCLAS A BASE DE AMIANTO O A BASE DE AMIANTO Y CARBONATO DE MAGNESIO; MANUFACTURAS DE ESTAS MEZCLAS O DE AMIANTO (POR EJEMPLO: HILADOS, TEJIDOS, PRENDAS DE VESTIR, SOMBREROS Y DEMÁS TOCADOS, CALZADO, JUNTAS), INCLUSO ARMADAS, EXCEPTO LAS DE LAS PARTIDAS 68.11 O 68.13.",encabezado
6813,68,"GUARNICIONES DE FRICCIÓN (POR EJEMPLO: HOJAS, ROLLOS, TIRAS, SEGMENTOS, DISCOS, ARANDELAS, PLAQUITAS) SIN MONTAR, PARA FRENOS, EMBRAGUES O CUALQUIER ÓRGANO DE FROTAMIENTO, A BASE DE AMIANTO (ASBESTO), DE OTRAS SUSTANCIAS MINERALES O DE CELULOSA, INCLUSO COMBINADOS CON TEXTILES O DEMÁS MATERIAS.",encabezado
6814,68,"MICA TRABAJADA Y MANUFACTURAS DE MICA, INCLUIDA LA AGLOMERADA O RECONSTITUIDA, INCLUSO CON SOPORTE DE PAPEL, CARTÓN O DEMÁS MATERIAS.",encabezado
6815,68,"MANUFACTURAS DE PIEDRA O DEMÁS MATERIAS MINERALES (INCLUIDAS LAS FIBRAS DE CARBONO Y SUS MANUFACTURAS Y LAS MANUFACTURAS DE TURBA), NO EXPRESADAS NI COMPRENDIDAS EN OTRA PARTE.",encabezado
6901,69,"LADRILLOS, PLACAS, BALDOSAS Y DEMÁS PIEZAS CERÁMICAS DE HARINAS SILÍCEAS FÓSILES (POR EJEMPLO: «KIESELGUHR», TRIPOLITA, DIATOMITA) O DE TIERRAS SILÍCEAS ANÁLOGAS.",linea_unica
6902,69,"LADRILLOS, PLACAS, BALDOSAS Y PIEZAS CERÁMICAS ANÁLOGAS DE CONSTRUCCIÓN, REFRACTARIOS, EXCEPTO LOS DE HARINAS SILÍCEAS FÓSILES O DE TIERRAS SILÍCEAS ANÁLOGAS.",encabezado
6903,69,"LOS DEMÁS ARTÍCULOS CERÁMICOS REFRACTARIOS (POR EJEMPLO: RETORTAS, CRISOLES, MUFLAS, TOBERAS, TAPONES, SOPORTES, COPELAS, TUBOS, FUNDAS, VARILLAS, COMPUERTAS DESLIZANTES), EXCEPTO LOS DE HARINAS SILÍCEAS FÓSILES O DE TIERRAS SILÍCEAS ANÁLOGAS.",encabezado
6904,69,"LADRILLOS DE CONSTRUCCIÓN, BOVEDILLAS, CUBREVIGAS Y ARTÍCULOS SIMILARES, DE CERÁMICA.",encabezado
6905,69,"TEJAS, ELEMENTOS DE CHIMENEA, CONDUCTOS DE HUMO, ORNAMENTOS ARQUITECTÓNICOS Y DEMÁS ARTÍCULOS CERÁMICOS DE CONSTRUCCIÓN.",encabezado
6906,69,"TUBOS, CANALONES Y ACCESORIOS DE TUBERÍA, DE CERÁMICA.",linea_unica
6907,69,"PLACAS Y BALDOSAS, DE CERÁMICA, PARA PAVIMENTACIÓN O REVESTIMIENTO; CUBOS, DADOS Y ARTÍCULOS SIMILARES, DE CERÁMICA, PARA MOSAICOS, INCLUSO CON SOPORTE; PIEZAS DE ACABADO, DE CERÁMICA.",encabezado
6909,69,"APARATOS Y ARTÍCULOS, DE CERÁMICA, PARA USOS QUÍMICOS O DEMÁS USOS TÉCNICOS; ABREVADEROS, PILAS Y RECIPIENTES SIMILARES, DE CERÁMICA, PARA USO RURAL; CÁNTAROS Y RECIPIENTES SIMILARES, DE CERÁMICA, PARA TRANSPORTE O ENVASADO.",encabezado
6910,69,"FREGADEROS (PILETAS DE LAVAR), LAVABOS, PEDESTALES DE LAVABO, BAÑERAS, BIDÉS, INODOROS, CISTERNAS (DEPÓSITOS DE AGUA) PARA INODOROS, URINARIOS Y APARATOS FIJOS SIMILARES, DE CERÁMICA, PARA USOS SANITARIOS.",encabezado
6911,69,"VAJILLA Y DEMÁS ARTÍCULOS DE USO DOMÉSTICO, HIGIENE O TOCADOR, DE PORCELANA.",encabezado
6912,69,"VAJILLA Y DEMÁS ARTÍCULOS DE USO DOMÉSTICO, HIGIENE O TOCADOR, DE CERÁMICA, EXCEPTO PORCELANA.",linea_unica
6913,69,"ESTATUILLAS Y DEMÁS ARTÍCULOS PARA ADORNO, DE CERÁMICA.",encabezado
6914,69,LAS DEMÁS MANUFACTURAS DE CERÁMICA.,encabezado
7001,70,"CALCÍN Y DEMÁS DESPERDICIOS Y DESECHOS DE VIDRIO, EXCEPTO EL VIDRIO DE TUBOS DE RAYOS CATÓDICOS Y DEMÁS VIDRIOS ACTIVADOS DE LA PARTIDA 85.49; VIDRIO EN MASA.",linea_unica
7002,70,"VIDRIO EN BOLAS (EXCEPTO LAS MICROESFERAS DE LA PARTIDA 70.18), BARRAS, VARILLAS O TUBOS, SIN TRABAJAR.",encabezado
7003,70,"VIDRIO COLADO O LAMINADO, EN PLACAS, HOJAS O PERFILES, INCLUSO CON CAPA ABSORBENTE, REFLECTANTE O ANTIRREFLECTANTE, PERO SIN TRABAJAR DE OTRO MODO.",encabezado
7004,70,"VIDRIO ESTIRADO O SOPLADO, EN HOJAS, INCLUSO CON CAPA ABSORBENTE, REFLECTANTE O ANTIRREFLECTANTE, PERO SIN TRABAJAR DE OTRO MODO.",encabezado
7005,70,"VIDRIO FLOTADO Y VIDRIO DESBASTADO O PULIDO POR UNA O LAS DOS CARAS, EN PLACAS U HOJAS, INCLUSO CON CAPA ABSORBENTE, REFLECTANTE O ANTIRREFLECTANTE, PERO SIN TRABAJAR DE OTRO MODO.",encabezado
7006,70,"VIDRIO DE LAS PARTIDAS 70.03, 70.04 O 70.05, CURVADO, BISELADO, GRABADO, TALADRADO, ESMALTADO O TRABAJADO DE OTRO MODO, PERO SIN ENMARCAR NI COMBINAR CON OTRAS MATERIAS.",linea_unica
7007,70,VIDRIO DE SEGURIDAD CONSTITUIDO POR VIDRIO TEMPLADO O CONTRACHAPADO.,encabezado
7008,70,VIDRIERAS AISLANTES DE PAREDES MÚLTIPLES.,linea_unica
7009,70,"ESPEJOS DE VIDRIO, ENMARCADOS O NO, INCLUIDOS LOS ESPEJOS RETROVISORES.",encabezado
7010,70,"BOMBONAS (DAMAJUANAS), BOTELLAS, FRASCOS, BOCALES, TARROS, ENVASES TUBULARES, AMPOLLAS Y DEMÁS RECIPIENTES PARA EL TRANSPORTE O ENVASADO, DE VIDRIO; BOCALES PARA CONSERVAS, DE VIDRIO; TAPONES, TAPAS Y DEMÁS DISPOSITIVOS DE CIERRE, DE VIDRIO.",encabezado
7011,70,"AMPOLLAS Y ENVOLTURAS TUBULARES, ABIERTAS, Y SUS PARTES, DE VIDRIO, SIN GUARNICIONES, PARA LÁMPARAS Y FUENTES LUMINOSAS, ELÉCTRICAS, TUBOS DE RAYOS CATÓDICOS O SIMILARES.",encabezado
7013,70,"ARTÍCULOS DE VIDRIO PARA SERVICIO DE MESA, COCINA, TOCADOR, BAÑO, OFICINA, ADORNO DE INTERIORES O USOS SIMILARES (EXCEPTO LOS DE LAS PARTIDAS 70.10 O 70.18).",encabezado
7014,70,"VIDRIO PARA SEÑALIZACIÓN Y ELEMENTOS DE ÓPTICA DE VIDRIO (EXCEPTO LOS DE LA PARTIDA 70.15), SIN TRABAJAR ÓPTICAMENTE.",linea_unica
7015,70,"CRISTALES PARA RELOJES Y CRISTALES ANÁLOGOS, CRISTALES PARA GAFAS (ANTEOJOS), INCLUSO CORRECTORES, ABOMBADOS, CURVADOS, AHUECADOS O SIMILARES, SIN TRABAJAR ÓPTICAMENTE; ESFERAS HUECAS Y SUS SEGMENTOS (CASQUETES ESFÉRICOS), DE VIDRIO, PARA LA FABRICACIÓN DE ESTOS CRISTALES.",encabezado
7016,70,"ADOQUINES, BALDOSAS, LADRILLOS, PLACAS, TEJAS Y DEMÁS ARTÍCULOS, DE VIDRIO PRENSADO O MOLDEADO, INCLUSO ARMADO, PARA LA CONSTRUCCIÓN; CUBOS, DADOS Y DEMÁS ARTÍCULOS SIMILARES, DE VIDRIO, INCLUSO CON SOPORTE, PARA MOSAICOS O DECORACIONES SIMILARES; VIDRIERAS ARTÍSTICAS (VITRALES, INCLUSO DE VIDRIOS INCOLOROS); VIDRIO MULTICELULAR O VIDRIO «ESPUMA», EN BLOQUES, PANELES, PLACAS, COQUILLAS O FORMAS SIMILARES.",encabezado
7017,70,"ARTÍCULOS DE VIDRIO PARA LABORATORIO, HIGIENE O FARMACIA, INCLUSO GRADUADOS O CALIBRADOS.",encabezado
7018,70,"CUENTAS DE VIDRIO, IMITACIONES DE PERLAS, DE PIEDRAS PRECIOSAS O SEMIPRECIOSAS Y ARTÍCULOS SIMILARES DE ABALORIO, Y SUS MANUFACTURAS, EXCEPTO LA BISUTERÍA; OJOS DE VIDRIO, EXCEPTO LOS DE PRÓTESIS; ESTATUILLAS Y DEMÁS ARTÍCULOS DE ADORNO, DE VIDRIO TRABAJADO AL SOPLETE (VIDRIO AHILADO), EXCEPTO LA BISUTERÍA; MICROESFERAS DE VIDRIO CON UN DIÁMETRO INFERIOR O IGUAL A 1 mm.",encabezado
7019,70,"FIBRA DE VIDRIO (INCLUIDA LA LANA DE VIDRIO) Y MANUFACTURAS DE ESTA MATERIA (POR EJEMPLO: HILADOS, «ROVINGS», TEJIDOS).",encabezado
7020,70,LAS DEMÁS MANUFACTURAS DE VIDRIO.,linea_unica
7101,71,"PERLAS NATURALES (FINAS)* O CULTIVADAS, INCLUSO TRABAJADAS O CLASIFICADAS, PERO SIN ENSARTAR, MONTAR NI ENGARZAR; PERLAS NATURALES (FINAS)* O CULTIVADAS, ENSARTADAS TEMPORALMENTE PARA FACILITAR EL TRANSPORTE.",encabezado
7102,71,"DIAMANTES, INCLUSO TRABAJADOS, SIN MONTAR NI ENGARZAR.",encabezado
7103,71,"PIEDRAS PRECIOSAS (EXCEPTO LOS DIAMANTES) O SEMIPRECIOSAS, NATURALES, INCLUSO TRABAJADAS O CLASIFICADAS, SIN ENSARTAR, MONTAR NI ENGARZAR; PIEDRAS PRECIOSAS (EXCEPTO LOS DIAMANTES) O SEMIPRECIOSAS, NATURALES, SIN CLASIFICAR, ENSARTADAS TEMPORALMENTE PARA FACILITAR EL TRANSPORTE.",encabezado
7104,71,"PIEDRAS PRECIOSAS O SEMIPRECIOSAS, SINTÉTICAS O RECONSTITUIDAS, INCLUSO TRABAJADAS O CLASIFICADAS, SIN ENSARTAR, MONTAR NI ENGARZAR; PIEDRAS PRECIOSAS O SEMIPRECIOSAS, SINTÉTICAS O RECONSTITUIDAS, SIN CLASIFICAR, ENSARTADAS TEMPORALMENTE PARA FACILITAR EL TRANSPORTE.",encabezado
7105,71,"POLVO DE PIEDRAS PRECIOSAS O SEMIPRECIOSAS, NATURALES O SINTÉTICAS.",encabezado
7106,71,"PLATA (INCLUIDA LA PLATA DORADA Y LA PLATINADA) EN BRUTO, SEMILABRADA O EN POLVO.",encabezado
7107,71,"CHAPADO (PLAQUÉ) DE PLATA SOBRE METAL COMÚN, EN BRUTO O SEMILABRADO.",linea_unica
7108,71,"ORO (INCLUIDO EL ORO PLATINADO) EN BRUTO, SEMILABRADO O EN POLVO.",encabezado
7109,71,"CHAPADO (PLAQUÉ) DE ORO SOBRE METAL COMÚN O SOBRE PLATA, EN BRUTO O SEMILABRADO.",linea_unica
7110,71,"PLATINO EN BRUTO, SEMILABRADO O EN POLVO.",encabezado
7111,71,"CHAPADO (PLAQUÉ) DE PLATINO SOBRE METAL COMÚN, PLATA U ORO, EN BRUTO O SEMILABRADO.",linea_unica
7112,71,"DESPERDICIOS Y DESECHOS, DE METAL PRECIOSO O DE CHAPADO DE METAL PRECIOSO (PLAQUÉ); DEMÁS DESPERDICIOS Y DESECHOS QUE CONTENGAN METAL PRECIOSO O COMPUESTOS DE METAL PRECIOSO, DE LOS TIPOS UTILIZADOS PRINCIPALMENTE PARA LA RECUPERACIÓN DEL METAL PRECIOSO, DISTINTOS DE LOS PRODUCTOS DE LA PARTIDA 85.49.",encabezado
7113,71,"ARTÍCULOS DE JOYERÍA Y SUS PARTES, DE METAL PRECIOSO O DE CHAPADO DE METAL PRECIOSO (PLAQUÉ).",encabezado
7114,71,"ARTÍCULOS DE ORFEBRERÍA Y SUS PARTES, DE METAL PRECIOSO O DE CHAPADO DE METAL PRECIOSO (PLAQUÉ).",encabezado
7115,71,LAS DEMÁS MANUFACTURAS DE METAL PRECIOSO O DE CHAPADO DE METAL PRECIOSO (PLAQUÉ).,encabezado
7116,71,"MANUFACTURAS DE PERLAS NATURALES (FINAS)* O CULTIVADAS, DE PIEDRAS PRECIOSAS O SEMIPRECIOSAS (NATURALES, SINTÉTICAS O RECONSTITUIDAS).",encabezado
7117,71,BISUTERÍA.,encabezado
7118,71,MONEDAS.,encabezado
7201,72,"FUNDICIÓN EN BRUTO Y FUNDICIÓN ESPECULAR, EN LINGOTES, BLOQUES O DEMÁS FORMAS PRIMARIAS.",encabezado
7202,72,FERROALEACIONES.,encabezado
7203,72,"PRODUCTOS FÉRREOS OBTENIDOS POR REDUCCIÓN DIRECTA DE MINERALES DE HIERRO Y DEMÁS PRODUCTOS FÉRREOS ESPONJOSOS, EN TROZOS, «PELLETS» O FORMAS SIMILARES; HIERRO CON UNA PUREZA SUPERIOR O IGUAL AL 99,94% EN PESO, EN TROZOS, «PELLETS» O FORMAS SIMILARES.",encabezado
7204,72,"DESPERDICIOS Y DESECHOS (CHATARRA), DE FUNDICIÓN, HIERRO O ACERO; LINGOTES DE CHATARRA DE HIERRO O ACERO.",encabezado
7205,72,"GRANALLAS Y POLVO, DE FUNDICIÓN EN BRUTO, DE FUNDICIÓN ESPECULAR, DE HIERRO O ACERO.",encabezado
7206,72,"HIERRO Y ACERO SIN ALEAR, EN LINGOTES O DEMÁS FORMAS PRIMARIAS, EXCEPTO EL HIERRO DE LA PARTIDA 72.03.",encabezado
7207,72,PRODUCTOS INTERMEDIOS DE HIERRO O ACERO SIN ALEAR.,encabezado
7208,72,"PRODUCTOS LAMINADOS PLANOS DE HIERRO O ACERO SIN ALEAR, DE ANCHURA SUPERIOR O IGUAL A 600 mm, LAMINADOS EN CALIENTE, SIN CHAPAR NI REVESTIR.",encabezado
7209,72,"PRODUCTOS LAMINADOS PLANOS DE HIERRO O ACERO SIN ALEAR, DE ANCHURA SUPERIOR O IGUAL A 600 mm, LAMINADOS EN FRÍO, SIN CHAPAR NI REVESTIR.",encabezado
7210,72,"PRODUCTOS LAMINADOS PLANOS DE HIERRO O ACERO SIN ALEAR, DE ANCHURA SUPERIOR O IGUAL A 600 mm, CHAPADOS O REVESTIDOS.",encabezado
7211,72,"PRODUCTOS LAMINADOS PLANOS DE HIERRO O ACERO SIN ALEAR, DE ANCHURA INFERIOR A 600 mm, SIN CHAPAR NI REVESTIR.",encabezado
7212,72,"PRODUCTOS LAMINADOS PLANOS DE HIERRO O ACERO SIN ALEAR, DE ANCHURA INFERIOR A 600 mm, CHAPADOS O REVESTIDOS.",encabezado
7213,72,ALAMBRÓN DE HIERRO O ACERO SIN ALEAR.,encabezado
7214,72,"BARRAS DE HIERRO O ACERO SIN ALEAR, SIMPLEMENTE FORJADAS, LAMINADAS O EXTRUDIDAS, EN CALIENTE, ASÍ COMO LAS SOMETIDAS A TORSIÓN DESPUÉS DEL LAMINADO.",encabezado
7215,72,LAS DEMÁS BARRAS DE HIERRO O ACERO SIN ALEAR.,encabezado
7216,72,PERFILES DE HIERRO O ACERO SIN ALEAR.,encabezado
7217,72,ALAMBRE DE HIERRO O ACERO SIN ALEAR.,encabezado
7218,72,ACERO INOXIDABLE EN LINGOTES O DEMÁS FORMAS PRIMARIAS; PRODUCTOS INTERMEDIOS DE ACERO INOXIDABLE.,encabezado
7219,72,"PRODUCTOS LAMINADOS PLANOS DE ACERO INOXIDABLE, DE ANCHURA SUPERIOR O IGUAL A 600 mm.",encabezado
7220,72,"PRODUCTOS LAMINADOS PLANOS DE ACERO INOXIDABLE, DE ANCHURA INFERIOR A 600 mm.",encabezado
7221,72,ALAMBRÓN DE ACERO INOXIDABLE.,linea_unica
7222,72,"BARRAS Y PERFILES, DE ACERO INOXIDABLE.",encabezado
7223,72,ALAMBRE DE ACERO INOXIDABLE.,linea_unica
7224,72,LOS DEMÁS ACEROS ALEADOS EN LINGOTES O DEMÁS FORMAS PRIMARIAS; PRODUCTOS INTERMEDIOS DE LOS DEMÁS ACEROS ALEADOS.,encabezado
7225,72,"PRODUCTOS LAMINADOS PLANOS DE LOS DEMÁS ACEROS ALEADOS, DE ANCHURA SUPERIOR O IGUAL A 600 mm.",encabezado
7226,72,"PRODUCTOS LAMINADOS PLANOS DE LOS DEMÁS ACEROS ALEADOS, DE ANCHURA INFERIOR A 600 mm.",encabezado
7227,72,ALAMBRÓN DE LOS DEMÁS ACEROS ALEADOS.,encabezado
7228,72,"BARRAS Y PERFILES, DE LOS DEMÁS ACEROS ALEADOS; BARRAS HUECAS PARA PERFORACIÓN, DE ACEROS ALEADOS O SIN ALEAR.",encabezado
7229,72,ALAMBRE DE LOS DEMÁS ACEROS ALEADOS.,encabezado
7301,73,"TABLESTACAS DE HIERRO O ACERO, INCLUSO PERFORADAS O HECHAS CON ELEMENTOS ENSAMBLADOS; PERFILES DE HIERRO O ACERO OBTENIDOS POR SOLDADURA.",encabezado
7302,73,"ELEMENTOS PARA VÍAS FÉRREAS, DE FUNDICIÓN, HIERRO O ACERO: CARRILES (RIELES), CONTRACARRILES (CONTRARRIELES) Y CREMALLERAS, AGUJAS, PUNTAS DE CORAZÓN, VARILLAS PARA MANDO DE AGUJAS Y OTROS ELEMENTOS PARA CRUCE O CAMBIO DE VÍAS, TRAVIESAS (DURMIENTES), BRIDAS, COJINETES, CUÑAS, PLACAS DE ASIENTO, PLACAS DE UNIÓN, PLACAS Y TIRANTES DE SEPARACIÓN Y DEMÁS PIEZAS DISEÑADAS ESPECIALMENTE PARA LA COLOCACIÓN, UNIÓN O FIJACIÓN DE CARRILES (RIELES).",encabezado
7303,73,"TUBOS Y PERFILES HUECOS, DE FUNDICIÓN.",linea_unica
7304,73,"TUBOS Y PERFILES HUECOS, SIN SOLDADURA (SIN COSTURA)*, DE HIERRO O ACERO.",encabezado
7305,73,LOS DEMÁS TUBOS (POR EJEMPLO: SOLDADOS O REMACHADOS) DE,encabezado
7306,73,"LOS DEMÁS TUBOS Y PERFILES HUECOS (POR EJEMPLO: SOLDADOS, REMACHADOS, GRAPADOS O CON LOS BORDES SIMPLEMENTE APROXIMADOS), DE HIERRO O ACERO.",encabezado
7307,73,"ACCESORIOS DE TUBERÍA (POR EJEMPLO: EMPALMES (RACORES), CODOS, MANGUITOS), DE FUNDICIÓN, HIERRO O ACERO.",encabezado
7308,73,"CONSTRUCCIONES Y SUS PARTES (POR EJEMPLO: PUENTES Y SUS PARTES, COMPUERTAS DE ESCLUSAS, TORRES, CASTILLETES, PILARES, COLUMNAS, ARMAZONES PARA TECHUMBRE, TECHADOS, PUERTAS Y VENTANAS Y SUS MARCOS, CONTRAMARCOS Y UMBRALES, CORTINAS DE CIERRE, BARANDILLAS), DE FUNDICIÓN, HIERRO O ACERO, EXCEPTO LAS CONSTRUCCIONES PREFABRICADAS DE LA PARTIDA 94.06; CHAPAS, BARRAS, PERFILES, TUBOS Y SIMILARES, DE FUNDICIÓN, HIERRO O ACERO, PREPARADOS PARA LA CONSTRUCCIÓN.",encabezado
7309,73,"DEPÓSITOS, CISTERNAS, CUBAS Y RECIPIENTES SIMILARES PARA CUALQUIER MATERIA (EXCEPTO GAS COMPRIMIDO O LICUADO), DE FUNDICIÓN, HIERRO O ACERO, DE CAPACIDAD SUPERIOR A 300 ℓ, SIN DISPOSITIVOS MECÁNICOS NI TÉRMICOS, INCLUSO CON REVESTIMIENTO INTERIOR O CALORÍFUGO.",linea_unica
7310,73,"DEPÓSITOS, BARRILES, TAMBORES, BIDONES, LATAS O BOTES, CAJAS Y RECIPIENTES SIMILARES, PARA CUALQUIER MATERIA (EXCEPTO GAS COMPRIMIDO O LICUADO), DE FUNDICIÓN, HIERRO O ACERO, DE CAPACIDAD INFERIOR O IGUAL A 300 ℓ, SIN DISPOSITIVOS MECÁNICOS NI TÉRMICOS, INCLUSO CON REVESTIMIENTO INTERIOR O CALORÍFUGO.",encabezado
7311,73,"RECIPIENTES PARA GAS COMPRIMIDO O LICUADO, DE FUNDICIÓN, HIERRO O ACERO.",linea_unica
7312,73,"CABLES, TRENZAS, ESLINGAS Y ARTÍCULOS SIMILARES, DE HIERRO O ACERO, SIN AISLAR PARA ELECTRICIDAD.",encabezado
7313,73,"ALAMBRE DE PÚAS, DE HIERRO O ACERO; ALAMBRE (SIMPLE O DOBLE) Y FLEJE, TORCIDOS, INCLUSO CON PÚAS, DE HIERRO O ACERO, DE LOS TIPOS UTILIZADOS PARA CERCAR.",linea_unica
7314,73,"TELAS METÁLICAS (INCLUIDAS LAS CONTINUAS O SIN FIN), REDES Y REJAS, DE ALAMBRE DE HIERRO O ACERO; CHAPAS Y TIRAS, EXTENDIDAS (DESPLEGADAS), DE HIERRO O ACERO.",encabezado
7315,73,"CADENAS Y SUS PARTES, DE FUNDICIÓN, HIERRO O ACERO.",encabezado
7316,73,"ANCLAS, REZONES Y SUS PARTES, DE FUNDICIÓN, HIERRO O ACERO.",linea_unica
7317,73,"PUNTAS, CLAVOS, CHINCHETAS (CHINCHES), GRAPAS APUNTADAS, ONDULADAS O BISELADAS, Y ARTÍCULOS SIMILARES, DE FUNDICIÓN, HIERRO O ACERO, INCLUSO CON CABEZA DE OTRAS MATERIAS, EXCEPTO DE CABEZA DE COBRE.",linea_unica
7318,73,"TORNILLOS, PERNOS, TUERCAS, TIRAFONDOS, ESCARPIAS ROSCADAS, REMACHES, PASADORES, CHAVETAS, ARANDELAS (INCLUIDAS LAS ARANDELAS DE MUELLE (RESORTE)) Y ARTÍCULOS SIMILARES, DE FUNDICIÓN, HIERRO O ACERO.",encabezado
7319,73,"AGUJAS DE COSER, DE TEJER, PASACINTAS, AGUJAS DE GANCHILLO (CROCHÉ), PUNZONES PARA BORDAR Y ARTÍCULOS SIMILARES, DE USO MANUAL, DE HIERRO O ACERO; ALFILERES DE GANCHO (IMPERDIBLES) Y DEMÁS ALFILERES DE HIERRO O ACERO, NO EXPRESADOS NI COMPRENDIDOS EN OTRA PARTE.",encabezado
7320,73,"MUELLES (RESORTES), BALLESTAS Y SUS HOJAS, DE HIERRO O ACERO.",encabezado
7321,73,"ESTUFAS, CALDERAS CON HOGAR, COCINAS (INCLUIDAS LAS QUE PUEDAN UTILIZARSE ACCESORIAMENTE PARA CALEFACCIÓN CENTRAL), BARBACOAS (PARRILLAS)*, BRASEROS, HORNILLOS DE GAS, CALIENTAPLATOS Y APARATOS NO ELÉCTRICOS SIMILARES, DE USO DOMÉSTICO, Y SUS PARTES,DE FUNDICIÓN, HIERRO O ACERO.",encabezado
7322,73,"RADIADORES PARA CALEFACCIÓN CENTRAL, DE CALENTAMIENTO NO ELÉCTRICO, Y SUS PARTES, DE FUNDICIÓN, HIERRO O ACERO; GENERADORES Y DISTRIBUIDORES DE AIRE CALIENTE (INCLUIDOS LOS DISTRIBUIDORES QUE PUEDAN FUNCIONAR TAMBIÉN COMO DISTRIBUIDORES DE AIRE FRESCO O ACONDICIONADO), DE CALENTAMIENTO NO ELÉCTRICO, QUE LLEVEN UN VENTILADOR O UN SOPLADOR CON MOTOR, Y SUS PARTES, DE FUNDICIÓN, HIERRO O ACERO.",encabezado
7323,73,"ARTÍCULOS DE USO DOMÉSTICO Y SUS PARTES, DE FUNDICIÓN, HIERRO O ACERO; LANA DE HIERRO O ACERO; ESPONJAS, ESTROPAJOS, GUANTES Y ARTÍCULOS SIMILARES PARA FREGAR, LUSTRAR O USOS ANÁLOGOS, DE HIERRO O ACERO.",encabezado
7324,73,"ARTÍCULOS DE HIGIENE O TOCADOR, Y SUS PARTES, DE FUNDICIÓN, HIERRO O ACERO.",encabezado
7325,73,"LAS DEMÁS MANUFACTURAS MOLDEADAS DE FUNDICIÓN, HIERRO O ACERO.",encabezado
7326,73,LAS DEMÁS MANUFACTURAS DE HIERRO O ACERO.,encabezado
7401,74,MATAS DE COBRE; COBRE DE CEMENTACIÓN (COBRE PRECIPITADO).,linea_unica
7402,74,COBRE SIN REFINAR; ÁNODOS DE COBRE PARA REFINADO ELECTROLÍTICO.,linea_unica
7403,74,"COBRE REFINADO Y ALEACIONES DE COBRE, EN BRUTO.",encabezado
7404,74,"DESPERDICIOS Y DESECHOS, DE COBRE.",linea_unica
7405,74,ALEACIONES MADRE DE COBRE.,linea_unica
7406,74,"POLVO Y ESCAMILLAS, DE COBRE.",encabezado
7407,74,"BARRAS Y PERFILES, DE COBRE.",encabezado
7408,74,ALAMBRE DE COBRE.,encabezado
7409,74,"CHAPAS Y TIRAS, DE COBRE, DE ESPESOR SUPERIOR A 0,15 mm.",encabezado
7410,74,"HOJAS Y TIRAS, DELGADAS, DE COBRE (INCLUSO IMPRESAS O FIJADAS SOBRE PAPEL, CARTÓN, PLÁSTICO O SOPORTES SIMILARES), DE ESPESOR INFERIOR O IGUAL A 0,15 mm (SIN INCLUIR EL SOPORTE).",encabezado
7411,74,TUBOS DE COBRE.,encabezado
7412,74,"ACCESORIOS DE TUBERÍA (POR EJEMPLO: EMPALMES (RACORES), CODOS, MANGUITOS) DE COBRE.",encabezado
7413,74,"CABLES, TRENZAS Y ARTÍCULOS SIMILARES, DE COBRE, SIN AISLAR PARA ELECTRICIDAD.",linea_unica
7415,74,"PUNTAS, CLAVOS, CHINCHETAS (CHINCHES), GRAPAS APUNTADAS Y ARTÍCULOS SIMILARES, DE COBRE, O CON ESPIGA DE HIERRO O ACERO Y CABEZA DE COBRE; TORNILLOS, PERNOS, TUERCAS, ESCARPIAS ROSCADAS, REMACHES, PASADORES, CHAVETAS Y ARANDELAS (INCLUIDAS LAS ARANDELAS DE MUELLE (RESORTE)) Y ARTÍCULOS SIMILARES, DE COBRE.",encabezado
7418,74,"ARTÍCULOS DE USO DOMÉSTICO, HIGIENE O TOCADOR, Y SUS PARTES, DE COBRE; ESPONJAS, ESTROPAJOS, GUANTES Y ARTÍCULOS SIMILARES PARA FREGAR, LUSTRAR O USOS ANÁLOGOS, DE COBRE.",encabezado
7419,74,LAS DEMÁS MANUFACTURAS DE COBRE.,encabezado
7501,75,"MATAS DE NÍQUEL, «SINTERS» DE ÓXIDOS DE NÍQUEL Y DEMÁS PRODUCTOS INTERMEDIOS DE LA METALURGIA DEL NÍQUEL.",encabezado
7502,75,NÍQUEL EN BRUTO.,encabezado
7503,75,"DESPERDICIOS Y DESECHOS, DE NÍQUEL.",linea_unica
7504,75,"POLVO Y ESCAMILLAS, DE NÍQUEL.",linea_unica
7505,75,"BARRAS, PERFILES Y ALAMBRE, DE NÍQUEL.",encabezado
7506,75,"CHAPAS, HOJAS Y TIRAS, DE NÍQUEL.",encabezado
7507,75,"TUBOS Y ACCESORIOS DE TUBERÍA (POR EJEMPLO: EMPALMES (RACORES), CODOS, MANGUITOS), DE NÍQUEL.",encabezado
7508,75,LAS DEMÁS MANUFACTURAS DE NÍQUEL.,encabezado
7601,76,ALUMINIO EN BRUTO.,encabezado
7602,76,"DESPERDICIOS Y DESECHOS, DE ALUMINIO.",linea_unica
7603,76,"POLVO Y ESCAMILLAS, DE ALUMINIO.",encabezado
7604,76,"BARRAS Y PERFILES, DE ALUMINIO.",encabezado
7605,76,ALAMBRE DE ALUMINIO.,encabezado
7606,76,"CHAPAS Y TIRAS, DE ALUMINIO, DE ESPESOR SUPERIOR A 0,2 mm.",encabezado
7607,76,"HOJAS Y TIRAS, DELGADAS, DE ALUMINIO (INCLUSO IMPRESAS O FIJADAS SOBRE PAPEL, CARTÓN, PLÁSTICO O SOPORTES SIMILARES), DE ESPESOR INFERIOR O IGUAL A 0,2 mm (SIN INCLUIR EL SOPORTE).",encabezado
7608,76,TUBOS DE ALUMINIO.,encabezado
7609,76,"ACCESORIOS DE TUBERÍA (POR EJEMPLO: EMPALMES (RACORES), CODOS, MANGUITOS) DE ALUMINIO.",linea_unica
7610,76,"CONSTRUCCIONES Y SUS PARTES (POR EJEMPLO: PUENTES Y SUS PARTES, TORRES, CASTILLETES, PILARES, COLUMNAS, ARMAZONES PARA TECHUMBRE, TECHADOS, PUERTAS Y VENTANAS, Y SUS MARCOS, CONTRAMARCOS Y UMBRALES, BARANDILLAS), DE ALUMINIO, EXCEPTO LAS CONSTRUCCIONES PREFABRICADAS DE LA PARTIDA 94.06; CHAPAS, BARRAS, PERFILES, TUBOS Y SIMILARES, DE ALUMINIO, PREPARADOS PARA LA CONSTRUCCIÓN.",encabezado
7611,76,"DEPÓSITOS, CISTERNAS, CUBAS Y RECIPIENTES SIMILARES PARA CUALQUIER MATERIA (EXCEPTO GAS COMPRIMIDO O LICUADO), DE ALUMINIO, DE CAPACIDAD SUPERIOR A 300 ℓ, SIN DISPOSITIVOS MECÁNICOS NI TÉRMICOS, INCLUSO CON REVESTIMIENTO INTERIOR O CALORÍFUGO.",linea_unica
7612,76,"DEPÓSITOS, BARRILES, TAMBORES, BIDONES, BOTES, CAJAS Y RECIPIENTES SIMILARES, DE ALUMINIO (INCLUIDOS LOS ENVASES TUBULARES RÍGIDOS O FLEXIBLES), PARA CUALQUIER MATERIA (EXCEPTO GAS COMPRIMIDO O LICUADO), DE CAPACIDAD INFERIOR O IGUAL A 300 ℓ, SIN DISPOSITIVOS MECÁNICOS NI TÉRMICOS, INCLUSO CON REVESTIMIENTO INTERIOR O CALORÍFUGO.",encabezado
7613,76,"RECIPIENTES PARA GAS COMPRIMIDO O LICUADO, DE ALUMINIO.",linea_unica
7614,76,"CABLES, TRENZAS Y SIMILARES, DE ALUMINIO, SIN AISLAR PARA ELECTRICIDAD.",encabezado
7615,76,"ARTÍCULOS DE USO DOMÉSTICO, HIGIENE O TOCADOR, Y SUS PARTES, DE ALUMINIO; ESPONJAS, ESTROPAJOS, GUANTES Y ARTÍCULOS SIMILARES PARA FREGAR, LUSTRAR O USOS ANÁLOGOS, DE ALUMINIO.",encabezado
7616,76,LAS DEMÁS MANUFACTURAS DE ALUMINIO.,encabezado
7801,78,PLOMO EN BRUTO.,encabezado
7802,78,"DESPERDICIOS Y DESECHOS, DE PLOMO.",linea_unica
7804,78,"CHAPAS, HOJAS Y TIRAS, DE PLOMO; POLVO Y ESCAMILLAS, DE PLOMO.",encabezado
7806,78,LAS DEMÁS MANUFACTURAS DE PLOMO.,linea_unica
7901,79,CINC EN BRUTO.,encabezado
7902,79,"DESPERDICIOS Y DESECHOS, DE CINC.",linea_unica
7903,79,"POLVO Y ESCAMILLAS, DE CINC.",encabezado
7904,79,"BARRAS, PERFILES Y ALAMBRE, DE CINC.",linea_unica
7905,79,"CHAPAS, HOJAS Y TIRAS, DE CINC.",linea_unica
7907,79,LAS DEMÁS MANUFACTURAS DE CINC.,linea_unica
8001,80,ESTAÑO EN BRUTO.,encabezado
8002,80,"DESPERDICIOS Y DESECHOS, DE ESTAÑO.",linea_unica
8003,80,"BARRAS, PERFILES Y ALAMBRE, DE ESTAÑO.",linea_unica
8007,80,LAS DEMÁS MANUFACTURAS DE ESTAÑO.,linea_unica
8101,81,"VOLFRAMIO (TUNGSTENO) Y SUS MANUFACTURAS, INCLUIDOS LOS DESPERDICIOS Y DESECHOS.",encabezado
8102,81,"MOLIBDENO Y SUS MANUFACTURAS, INCLUIDOS LOS DESPERDICIOS Y DESECHOS.",encabezado
8103,81,"TANTALIO Y SUS MANUFACTURAS, INCLUIDOS LOS DESPERDICIOS Y DESECHOS.",encabezado
8104,81,"MAGNESIO Y SUS MANUFACTURAS, INCLUIDOS LOS DESPERDICIOS Y DESECHOS.",encabezado
8105,81,"MATAS DE COBALTO Y DEMÁS PRODUCTOS INTERMEDIOS DE LA METALURGIA DEL COBALTO; COBALTO Y SUS MANUFACTURAS, INCLUIDOS LOS DESPERDICIOS Y DESECHOS.",encabezado
8106,81,"BISMUTO Y SUS MANUFACTURAS, INCLUIDOS LOS DESPERDICIOS Y DESECHOS.",encabezado
8108,81,"TITANIO Y SUS MANUFACTURAS, INCLUIDOS LOS DESPERDICIOS Y DESECHOS.",encabezado
8109,81,"CIRCONIO Y SUS MANUFACTURAS, INCLUIDOS LOS DESPERDICIOS Y DESECHOS.",encabezado
8110,81,"ANTIMONIO Y SUS MANUFACTURAS, INCLUIDOS LOS DESPERDICIOS Y DESECHOS.",encabezado
8111,81,"MANGANESO Y SUS MANUFACTURAS, INCLUIDOS LOS DESPERDICIOS Y DESECHOS.",linea_unica
8112,81,"BERILIO, CADMIO, CROMO, GERMANIO, VANADIO, GALIO, HAFNIO (CELTIO), INDIO, NIOBIO (COLOMBIO), RENIO Y TALIO, ASÍ COMO LAS MANUFACTURAS DE ESTOS METALES, INCLUIDOS LOS DESPERDICIOS Y DESECHOS.",encabezado
8113,81,"CERMET Y SUS MANUFACTURAS, INCLUIDOS LOS DESPERDICIOS Y DESECHOS.",linea_unica
8201,82,"LAYAS, PALAS, AZADAS, PICOS, BINADERAS, HORCAS DE LABRANZA, RASTRILLOS Y RAEDERAS; HACHAS, HOCINOS Y HERRAMIENTAS SIMILARES CON FILO; TIJERAS DE PODAR DE CUALQUIER TIPO; HOCES Y GUADAÑAS, CUCHILLOS PARA HENO O PARA PAJA, CIZALLAS PARA SETOS, CUÑAS Y DEMÁS HERRAMIENTAS DE MANO, AGRÍCOLAS, HORTÍCOLAS O FORESTALES.",encabezado
8202,82,SIERRAS DE MANO; HOJAS DE SIERRA DE CUALQUIER CLASE (INCLUIDAS LAS FRESAS SIERRA Y LAS HOJAS SIN DENTAR).,encabezado
8203,82,"LIMAS, ESCOFINAS, ALICATES (INCLUSO CORTANTES), TENAZAS, PINZAS, CIZALLAS PARA METALES, CORTATUBOS, CORTAPERNOS, SACABOCADOS Y HERRAMIENTAS SIMILARES, DE MANO.",encabezado
8204,82,"LLAVES DE AJUSTE DE MANO (INCLUIDAS LAS LLAVES DINAMOMÉTRICAS); CUBOS (VASOS)* DE AJUSTE INTERCAMBIABLES, INCLUSO CON MANGO.",encabezado
8205,82,"HERRAMIENTAS DE MANO (INCLUIDOS LOS DIAMANTES DE VIDRIERO) NO EXPRESADAS NI COMPRENDIDAS EN OTRA PARTE; LÁMPARAS DE SOLDAR Y SIMILARES; TORNILLOS DE BANCO, PRENSAS DE CARPINTERO Y SIMILARES, EXCEPTO LOS QUE SEAN ACCESORIOS O PARTES DE MÁQUINAS HERRAMIENTA O DE MÁQUINAS PARA CORTAR POR CHORRO DE AGUA; YUNQUES; FRAGUAS PORTÁTILES; MUELAS DE MANO O PEDAL, CON BASTIDOR.",encabezado
8206,82,"HERRAMIENTAS DE DOS O MÁS DE LAS PARTIDAS 82.02 A 82.05, ACONDICIONADAS EN JUEGOS PARA LA VENTA AL POR MENOR.",linea_unica
8207,82,"ÚTILES INTERCAMBIABLES PARA HERRAMIENTAS DE MANO, INCLUSO MECÁNICAS, O PARA MÁQUINAS HERRAMIENTA (POR EJEMPLO: DE EMBUTIR, ESTAMPAR, PUNZONAR, ROSCAR (INCLUSO ATERRAJAR), TALADRAR, ESCARIAR, BROCHAR, FRESAR, TORNEAR, ATORNILLAR), INCLUIDAS LAS HILERAS DE EXTRUDIR O DE TREFILAR (ESTIRAR)* METAL, ASÍ COMO LOS ÚTILES PARA PERFORACIÓN O SONDEO.",encabezado
8208,82,"CUCHILLAS Y HOJAS CORTANTES, PARA MÁQUINAS O APARATOS MECÁNICOS.",encabezado
8209,82,"PLAQUITAS, VARILLAS, PUNTAS Y ARTÍCULOS SIMILARES PARA ÚTILES, SIN MONTAR, DE CERMET.",linea_unica
8210,82,"APARATOS MECÁNICOS ACCIONADOS A MANO, DE PESO INFERIOR O IGUAL A 10 kg, UTILIZADOS PARA PREPARAR, ACONDICIONAR O SERVIR ALIMENTOS O BEBIDAS.",linea_unica
8211,82,"CUCHILLOS CON HOJA CORTANTE O DENTADA, INCLUIDAS LAS NAVAJAS DE PODAR, Y SUS HOJAS (EXCEPTO LOS DE LA PARTIDA 82.08).",encabezado
8212,82,NAVAJAS Y MÁQUINAS DE AFEITAR Y SUS HOJAS (INCLUIDOS LOS ESBOZOS EN FLEJE).,encabezado
8213,82,TIJERAS Y SUS HOJAS.,linea_unica
8214,82,"LOS DEMÁS ARTÍCULOS DE CUCHILLERÍA (POR EJEMPLO: MÁQUINAS DE CORTAR EL PELO O DE ESQUILAR, CUCHILLAS PARA PICAR CARNE, TAJADERAS DE CARNICERÍA O COCINA Y CORTAPAPELES); HERRAMIENTAS Y JUEGOS DE HERRAMIENTAS DE MANICURA O PEDICURO (INCLUIDAS LAS LIMAS PARA UÑAS).",encabezado
8215,82,"CUCHARAS, TENEDORES, CUCHARONES, ESPUMADERAS, PALAS PARA TARTA, CUCHILLOS PARA PESCADO O MANTECA (MANTEQUILLA), PINZAS PARA AZÚCAR Y ARTÍCULOS SIMILARES.",encabezado
8301,83,"CANDADOS, CERRADURAS Y CERROJOS (DE LLAVE, COMBINACIÓN O ELÉCTRICOS), DE METAL COMÚN; CIERRES Y MONTURAS CIERRE, CON CERRADURA INCORPORADA, DE METAL COMÚN; LLAVES DE METAL COMÚN PARA ESTOS ARTÍCULOS.",encabezado
8302,83,"GUARNICIONES, HERRAJES Y ARTÍCULOS SIMILARES, DE METAL COMÚN, PARA MUEBLES, PUERTAS, ESCALERAS, VENTANAS, PERSIANAS, CARROCERÍAS, ARTÍCULOS DE GUARNICIONERÍA, BAÚLES, ARCAS, COFRES Y DEMÁS MANUFACTURAS DE ESTA CLASE; COLGADORES, PERCHAS, SOPORTES Y ARTÍCULOS SIMILARES, DE METAL COMÚN; RUEDAS CON MONTURA DE METAL COMÚN; CIERRAPUERTAS AUTOMÁTICOS DE METAL COMÚN.",encabezado
8303,83,"CAJAS DE CAUDALES, PUERTAS BLINDADAS Y COMPARTIMIENTOS PARA CÁMARAS ACORAZADAS, COFRES Y CAJAS DE SEGURIDAD Y ARTÍCULOS SIMILARES, DE METAL COMÚN.",linea_unica
8304,83,"CLASIFICADORES, FICHEROS, CAJAS DE CLASIFICACIÓN, BANDEJAS DE CORRESPONDENCIA, PLUMEROS (VASOS O CAJAS PARA PLUMAS DE ESCRIBIR), PORTASELLOS Y MATERIAL SIMILAR DE OFICINA, DE METAL COMÚN, EXCEPTO LOS MUEBLES DE OFICINA DE LA PARTIDA 94.03.",linea_unica
8305,83,"MECANISMOS PARA ENCUADERNACIÓN DE HOJAS INTERCAMBIABLES O PARA CLASIFICADORES, SUJETADORES, CANTONERAS, CLIPS, ÍNDICES DE SEÑAL Y ARTÍCULOS SIMILARES DE OFICINA, DE METAL COMÚN; GRAPAS EN TIRAS (POR EJEMPLO: DE OFICINA, TAPICERÍA O ENVASE), DE METAL COMÚN.",encabezado
8306,83,"CAMPANAS, CAMPANILLAS, GONGOS Y ARTÍCULOS SIMILARES, QUE NO SEAN ELÉCTRICOS, DE METAL COMÚN; ESTATUILLAS Y DEMÁS ARTÍCULOS DE ADORNO, DE METAL COMÚN; MARCOS PARA FOTOGRAFÍAS, GRABADOS O SIMILARES, DE METAL COMÚN; ESPEJOS DE METAL COMÚN.",encabezado
8307,83,"TUBOS FLEXIBLES DE METAL COMÚN, INCLUSO CON SUS ACCESORIOS.",encabezado
8308,83,"CIERRES, MONTURAS CIERRE, HEBILLAS, HEBILLAS CIERRE, CORCHETES, GANCHOS, ANILLOS PARA OJETES Y ARTÍCULOS SIMILARES, DE METAL COMÚN, DE LOS TIPOS UTILIZADOS PARA PRENDAS DE VESTIR O SUS COMPLEMENTOS (ACCESORIOS), CALZADO, BISUTERÍA, RELOJES DE PULSERA, LIBROS, TOLDOS, MARROQUINERÍA, TALABARTERÍA, ARTÍCULOS DE VIAJE O DEMÁS ARTÍCULOS CONFECCIONADOS; REMACHES TUBULARES O CON ESPIGA HENDIDA, DE METAL COMÚN; CUENTAS Y LENTEJUELAS, DE METAL COMÚN.",encabezado
8309,83,"TAPONES Y TAPAS (INCLUIDAS LAS TAPAS CORONA, LAS TAPAS ROSCADAS Y LOS TAPONES VERTEDORES), CÁPSULAS PARA BOTELLAS, TAPONES ROSCADOS, SOBRETAPAS, PRECINTOS Y DEMÁS ACCESORIOS PARA ENVASES, DE METAL COMÚN.",encabezado
8310,83,"PLACAS INDICADORAS, PLACAS RÓTULO, PLACAS DE DIRECCIONES Y PLACAS SIMILARES, CIFRAS, LETRAS Y SIGNOS DIVERSOS, DE METAL COMÚN, EXCEPTO LOS DE LA PARTIDA 94.05.",linea_unica
8311,83,"ALAMBRES, VARILLAS, TUBOS, PLACAS, ELECTRODOS Y ARTÍCULOS SIMILARES, DE METAL COMÚN O DE CARBURO METÁLICO, RECUBIERTOS O RELLENOS DE DECAPANTES O DE FUNDENTES, PARA SOLDADURA O DEPÓSITO DE METAL O DE CARBURO METÁLICO; ALAMBRES Y VARILLAS, DE POLVO DE METAL COMÚN AGLOMERADO, PARA LA METALIZACIÓN POR PROYECCIÓN.",encabezado
8401,84,REACTORES NUCLEARES; ELEMENTOS COMBUSTIBLES (CARTUCHOS) SIN IRRADIAR PARA REACTORES NUCLEARES; MÁQUINAS Y APARATOS PARA LA SEPARACIÓN ISOTÓPICA.,encabezado
8402,84,"CALDERAS DE VAPOR (GENERADORES DE VAPOR), EXCEPTO LAS DE CALEFACCIÓN CENTRAL DISEÑADAS PARA PRODUCIR AGUA CALIENTE Y TAMBIÉN VAPOR A BAJA PRESIÓN; CALDERAS DENOMINADAS «DE AGUA SOBRECALENTADA».",encabezado
8403,84,"CALDERAS PARA CALEFACCIÓN CENTRAL, EXCEPTO LAS DE LA PARTIDA 84.02.",encabezado
8404,84,"APARATOS AUXILIARES PARA LAS CALDERAS DE LAS PARTIDAS 84.02 U 84.03 (POR EJEMPLO: ECONOMIZADORES, RECALENTADORES, DESHOLLINADORES O RECUPERADORES DE GAS); CONDENSADORES PARA MÁQUINAS DE VAPOR.",encabezado
8405,84,"GENERADORES DE GAS POBRE (GAS DE AIRE) O DE GAS DE AGUA, INCLUSO CON SUS DEPURADORES; GENERADORES DE ACETILENO Y GENERADORES SIMILARES DE GASES, POR VÍA HÚMEDA, INCLUSO CON SUS DEPURADORES.",encabezado
8406,84,TURBINAS DE VAPOR.,encabezado
8407,84,"MOTORES DE ÉMBOLO (PISTÓN) ALTERNATIVO Y MOTORES ROTATIVOS, DE ENCENDIDO POR CHISPA (MOTORES DE EXPLOSIÓN).",encabezado
8408,84,MOTORES DE ÉMBOLO (PISTÓN) DE ENCENDIDO POR COMPRESIÓN (MOTORES DIESEL O SEMI-DIESEL).,encabezado
8409,84,"PARTES IDENTIFICABLES COMO DESTINADAS, EXCLUSIVA O PRINCIPALMENTE, A LOS MOTORES DE LAS PARTIDAS 84.07 U 84.08.",encabezado
8410,84,"TURBINAS HIDRÁULICAS, RUEDAS HIDRÁULICAS Y SUS REGULADORES.",encabezado
8411,84,"TURBORREACTORES, TURBOPROPULSORES Y DEMÁS TURBINAS DE GAS.",encabezado
8412,84,LOS DEMÁS MOTORES Y MÁQUINAS MOTRICES.,encabezado
8413,84,"BOMBAS PARA LÍQUIDOS, INCLUSO CON DISPOSITIVO MEDIDOR INCORPORADO; ELEVADORES DE LÍQUIDOS.",encabezado
8414,84,"BOMBAS DE AIRE O DE VACÍO, COMPRESORES DE AIRE U OTROS GASES Y VENTILADORES; CAMPANAS ASPIRANTES PARA EXTRACCIÓN O RECICLADO, CON VENTILADOR INCORPORADO, INCLUSO CON FILTRO; RECINTOS DE SEGURIDAD BIOLÓGICA HERMÉTICOS A GASES, INCLUSO CON FILTRO.",encabezado
8415,84,"MÁQUINAS Y APARATOS PARA ACONDICIONAMIENTO DE AIRE QUE COMPRENDAN UN VENTILADOR CON MOTOR Y LOS DISPOSITIVOS ADECUADOS PARA MODIFICAR LA TEMPERATURA Y LA HUMEDAD, AUNQUE NO REGULEN SEPARADAMENTE EL GRADO HIGROMÉTRICO.",encabezado
8416,84,"QUEMADORES PARA LA ALIMENTACIÓN DE HOGARES, DE COMBUSTIBLES LÍQUIDOS O SÓLIDOS PULVERIZADOS O DE GASES; ALIMENTADORES MECÁNICOS DE HOGARES, PARRILLAS MECÁNICAS, DESCARGADORES MECÁNICOS DE CENIZAS Y DEMÁS DISPOSITIVOS MECÁNICOS AUXILIARES EMPLEADOS EN HOGARES.",encabezado
8417,84,"HORNOS INDUSTRIALES O DE LABORATORIO, INCLUIDOS LOS INCINERADORES, QUE NO SEAN ELÉCTRICOS.",encabezado
8418,84,"REFRIGERADORES, CONGELADORES Y DEMÁS MATERIAL, MÁQUINAS Y APARATOS PARA PRODUCCIÓN DE FRÍO, AUNQUE NO SEAN ELÉCTRICOS; BOMBAS DE CALOR, EXCEPTO LAS MÁQUINAS Y APARATOS PARA ACONDICIONAMIENTO DE AIRE DE LA PARTIDA 84.15.",encabezado
8419,84,"APARATOS, DISPOSITIVOS O EQUIPOS DE LABORATORIO, AUNQUE SE CALIENTEN ELÉCTRICAMENTE (EXCEPTO LOS HORNOS Y DEMÁS APARATOS DE LA PARTIDA 85.14), PARA EL TRATAMIENTO DE MATERIAS MEDIANTE OPERACIONES QUE IMPLIQUEN UN CAMBIO DE TEMPERATURA, TALES COMO CALENTAMIENTO, COCCIÓN, TORREFACCIÓN, DESTILACIÓN, RECTIFICACIÓN, ESTERILIZACIÓN, PASTEURIZACIÓN, BAÑO DE VAPOR DE AGUA, SECADO, EVAPORACIÓN, VAPORIZACIÓN, CONDENSACIÓN O ENFRIAMIENTO, EXCEPTO LOS APARATOS DOMÉSTICOS; CALENTADORES DE AGUA DE CALENTAMIENTO INSTANTÁNEO O DE ACUMULACIÓN, EXCEPTO LOS ELÉCTRICOS.",encabezado
8420,84,"CALANDRIAS Y LAMINADORES, EXCEPTO PARA METAL O VIDRIO, Y CILINDROS PARA ESTAS MÁQUINAS.",encabezado
8421,84,"CENTRIFUGADORAS, INCLUIDAS LAS SECADORAS CENTRÍFUGAS; APARATOS PARA FILTRAR O DEPURAR LÍQUIDOS O GASES.",encabezado
8422,84,"MÁQUINAS PARA LAVAR VAJILLA; MÁQUINAS Y APARATOS PARA LIMPIAR O SECAR BOTELLAS O DEMÁS RECIPIENTES; MÁQUINAS Y APARATOS PARA LLENAR, CERRAR, TAPAR, TAPONAR O ETIQUETAR BOTELLAS, BOTES O LATAS, CAJAS, SACOS (BOLSAS) O DEMÁS CONTINENTES; MÁQUINAS Y APARATOS DE CAPSULAR BOTELLAS, TARROS, TUBOS Y CONTINENTES ANÁLOGOS; LAS DEMÁS MÁQUINAS Y APARATOS PARA EMPAQUETAR O ENVOLVER MERCANCÍAS (INCLUIDAS LAS DE ENVOLVER CON PELÍCULA TERMORRETRÁCTIL); MÁQUINAS Y APARATOS PARA GASEAR BEBIDAS.",encabezado
8423,84,"APARATOS E INSTRUMENTOS DE PESAR, INCLUIDAS LAS BÁSCULAS Y BALANZAS PARA COMPROBAR O CONTAR PIEZAS FABRICADAS, EXCEPTO LAS BALANZAS SENSIBLES A UN PESO INFERIOR O IGUAL A 5 cg; PESAS PARA TODA CLASE DE BÁSCULAS O BALANZAS.",encabezado
8424,84,"APARATOS MECÁNICOS (INCLUSO MANUALES) PARA PROYECTAR, DISPERSAR O PULVERIZAR MATERIAS LÍQUIDAS O EN POLVO; EXTINTORES, INCLUSO CARGADOS; PISTOLAS AEROGRÁFICAS Y APARATOS SIMILARES; MÁQUINAS Y APARATOS DE CHORRO DE ARENA O DE VAPOR Y APARATOS DE CHORRO SIMILARES.",encabezado
8425,84,POLIPASTOS; TORNOS Y CABRESTANTES; GATOS.,encabezado
8426,84,"GRÚAS Y APARATOS DE ELEVACIÓN SOBRE CABLE AÉREO; PUENTES RODANTES, PÓRTICOS DE DESCARGA O MANIPULACIÓN, PUENTES GRÚA, CARRETILLAS PUENTE Y CARRETILLAS GRÚA.",encabezado
8427,84,CARRETILLAS APILADORAS; LAS DEMÁS CARRETILLAS DE MANIPULACIÓN CON DISPOSITIVO DE ELEVACIÓN INCORPORADO.,encabezado
8428,84,"LAS DEMÁS MÁQUINAS Y APARATOS DE ELEVACIÓN, CARGA, DESCARGA O MANIPULACIÓN (POR EJEMPLO: ASCENSORES, ESCALERAS MECÁNICAS, TRANSPORTADORES, TELEFÉRICOS).",encabezado
8429,84,"TOPADORAS FRONTALES (BULDÓCERES), TOPADORAS ANGULARES («ANGLEDOZERS»), NIVELADORAS, TRAÍLLAS («SCRAPERS»), PALAS MECÁNICAS, EXCAVADORAS, CARGADORAS, PALAS CARGADORAS, COMPACTADORAS Y APISONADORAS (APLANADORAS), AUTOPROPULSADAS.",encabezado
8430,84,"LAS DEMÁS MÁQUINAS Y APARATOS PARA EXPLANAR, NIVELAR, TRAILLAR («SCRAPING»), EXCAVAR, COMPACTAR, APISONAR (APLANAR), EXTRAER O PERFORAR TIERRA O MINERALES; MARTINETES Y MÁQUINAS PARA ARRANCAR PILOTES, ESTACAS O SIMILARES; QUITANIEVES.",encabezado
8431,84,"PARTES IDENTIFICABLES COMO DESTINADAS, EXCLUSIVA O PRINCIPALMENTE, A LAS MÁQUINAS O APARATOS DE LAS PARTIDAS 84.25 A 84.30.",encabezado
8432,84,"MÁQUINAS, APARATOS Y ARTEFACTOS AGRÍCOLAS, HORTÍCOLAS O SILVÍCOLAS, PARA LA PREPARACIÓN O EL TRABAJO DEL SUELO O PARA EL CULTIVO; RODILLOS PARA CÉSPED O TERRENOS DE DEPORTE.",encabezado
8433,84,"MÁQUINAS, APARATOS Y ARTEFACTOS DE COSECHAR O TRILLAR, INCLUIDAS LAS PRENSAS PARA PAJA O FORRAJE; CORTADORAS DE CÉSPED Y GUADAÑADORAS; MÁQUINAS PARA LIMPIEZA O CLASIFICACIÓN DE HUEVOS, FRUTOS O DEMÁS PRODUCTOS AGRÍCOLAS, EXCEPTO LAS DE LA PARTIDA 84.37.",encabezado
8434,84,MÁQUINAS DE ORDEÑAR Y MÁQUINAS Y APARATOS PARA LA INDUSTRIA LECHERA.,encabezado
8435,84,"PRENSAS, ESTRUJADORAS Y MÁQUINAS Y APARATOS ANÁLOGOS PARA LA PRODUCCIÓN DE VINO, SIDRA, JUGOS DE FRUTOS O BEBIDAS SIMILARES.",encabezado
8436,84,"LAS DEMÁS MÁQUINAS Y APARATOS PARA LA AGRICULTURA, HORTICULTURA, SILVICULTURA, AVICULTURA O APICULTURA, INCLUIDOS LOS GERMINADORES CON DISPOSITIVOS MECÁNICOS O TÉRMICOS INCORPORADOS Y LAS INCUBADORAS Y CRIADORAS AVÍCOLAS.",encabezado
8437,84,"MÁQUINAS PARA LIMPIEZA, CLASIFICACIÓN O CRIBADO DE SEMILLAS, GRANOS U HORTALIZAS DE VAINA SECAS; MÁQUINAS Y APARATOS PARA MOLIENDA O TRATAMIENTO DE CEREALES U HORTALIZAS DE VAINA SECAS, EXCEPTO LAS DE TIPO RURAL.",encabezado
8438,84,"MÁQUINAS Y APARATOS, NO EXPRESADOS NI COMPRENDIDOS EN OTRA PARTE DE ESTE CAPÍTULO, PARA LA PREPARACIÓN O FABRICACIÓN INDUSTRIAL DE ALIMENTOS O BEBIDAS, EXCEPTO LAS MÁQUINAS Y APARATOS PARA EXTRACCIÓN O PREPARACIÓN DE ACEITES O GRASAS, VEGETALES, O DE ORIGEN MICROBIANO, FIJOS O ANIMALES.",encabezado
8439,84,MÁQUINAS Y APARATOS PARA LA FABRICACIÓN DE PASTA DE MATERIAS FIBROSAS CELULÓSICAS O PARA LA FABRICACIÓN O ACABADO DE PAPEL O CARTÓN.,encabezado
8440,84,"MÁQUINAS Y APARATOS PARA ENCUADERNACIÓN, INCLUIDAS LAS MÁQUINAS PARA COSER PLIEGOS.",encabezado
8441,84,"LAS DEMÁS MÁQUINAS Y APARATOS PARA EL TRABAJO DE LA PASTA DE PAPEL, DEL PAPEL O CARTÓN, INCLUIDAS LAS CORTADORAS DE CUALQUIER TIPO.",encabezado
8442,84,"MÁQUINAS, APARATOS Y MATERIAL (EXCEPTO LAS MÁQUINAS DE LAS PARTIDAS 84.56 A 84.65) PARA PREPARAR O FABRICAR CLISÉS, PLANCHAS, CILINDROS O DEMÁS ELEMENTOS IMPRESORES; CLISÉS, PLANCHAS, CILINDROS Y DEMÁS ELEMENTOS IMPRESORES; PIEDRAS LITOGRÁFICAS, PLANCHAS, PLACAS Y CILINDROS, PREPARADOS PARA LA IMPRESIÓN (POR EJEMPLO: APLANADOS, GRANEADOS, PULIDOS).",encabezado
8443,84,"MÁQUINAS Y APARATOS PARA IMPRIMIR MEDIANTE PLANCHAS, CILINDROS Y DEMÁS ELEMENTOS IMPRESORES DE LA PARTIDA 84.42; LAS DEMÁS MÁQUINAS IMPRESORAS, COPIADORAS Y DE FAX, INCLUSO COMBINADAS ENTRE SÍ; PARTES Y ACCESORIOS.",encabezado
8444,84,"MÁQUINAS PARA EXTRUDIR, ESTIRAR, TEXTURAR O CORTAR MATERIA TEXTIL SINTÉTICA O ARTIFICIAL.",linea_unica
8445,84,"MÁQUINAS PARA LA PREPARACIÓN DE MATERIA TEXTIL; MÁQUINAS PARA HILAR, DOBLAR O RETORCER MATERIA TEXTIL Y DEMÁS MÁQUINAS Y APARATOS PARA LA FABRICACIÓN DE HILADOS TEXTILES; MÁQUINAS PARA BOBINAR (INCLUIDAS LAS CANILLERAS) O DEVANAR MATERIA TEXTIL Y MÁQUINAS PARA LA PREPARACIÓN DE HILADOS TEXTILES PARA SU UTILIZACIÓN EN LAS MÁQUINAS DE LAS PARTIDAS 84.46 U 84.47.",encabezado
8446,84,TELARES.,encabezado
8447,84,"MÁQUINAS DE TRICOTAR, DE COSER POR CADENETA, DE ENTORCHAR, DE FABRICAR TUL, ENCAJE, BORDADOS, PASAMANERÍA, TRENZAS, REDES O DE INSERTAR MECHONES.",encabezado
8448,84,"MÁQUINAS Y APARATOS AUXILIARES PARA LAS MÁQUINAS DE LAS PARTIDAS 84.44, 84.45, 84.46 U 84.47 (POR EJEMPLO: MAQUINITAS PARA LIZOS, MECANISMOS JACQUARD, PARAURDIMBRES Y PARATRAMAS, MECANISMOS DE CAMBIO DE LANZADERA); PARTES Y ACCESORIOS IDENTIFICABLES COMO DESTINADOS, EXCLUSIVA O PRINCIPALMENTE, A LAS MÁQUINAS DE ESTA PARTIDA O DE LAS PARTIDAS 84.44, 84.45, 84.46 U 84.47 (POR EJEMPLO: HUSOS, ALETAS, GUARNICIONES DE CARDAS, PEINES, BARRETAS, HILERAS, LANZADERAS, LIZOS Y CUADROS DE LIZOS, AGUJAS, PLATINAS, GANCHOS).",encabezado
8449,84,"MÁQUINAS Y APARATOS PARA LA FABRICACIÓN O ACABADO DEL FIELTRO O TELA SIN TEJER, EN PIEZA O CON FORMA, INCLUIDAS LAS MÁQUINAS Y APARATOS PARA LA FABRICACIÓN DE SOMBREROS DE FIELTRO; HORMAS DE SOMBRERERÍA.",linea_unica
8450,84,"MÁQUINAS PARA LAVAR ROPA, INCLUSO CON DISPOSITIVO DE SECADO.",encabezado
8451,84,"MÁQUINAS Y APARATOS (EXCEPTO LAS MÁQUINAS DE LA PARTIDA 84.50) PARA LAVAR, LIMPIAR, ESCURRIR, SECAR, PLANCHAR, PRENSAR (INCLUIDAS LAS PRENSAS PARA FIJAR), BLANQUEAR, TEÑIR, APRESTAR, ACABAR, RECUBRIR O IMPREGNAR HILADOS, TELAS O MANUFACTURAS TEXTILES Y MÁQUINAS PARA EL REVESTIMIENTO DE TELAS U OTROS SOPORTES UTILIZADOS EN LA FABRICACIÓN DE CUBRESUELOS, TALES COMO LINÓLEO; MÁQUINAS PARA ENROLLAR, DESENROLLAR, PLEGAR, CORTAR O DENTAR TELAS.",encabezado
8452,84,"MÁQUINAS DE COSER, EXCEPTO LAS DE COSER PLIEGOS DE LA PARTIDA 84.40; MUEBLES, BASAMENTOS Y TAPAS O CUBIERTAS ESPECIALMENTE DISEÑADOS PARA MÁQUINAS DE COSER; AGUJAS PARA MÁQUINAS DE COSER.",encabezado
8453,84,"MÁQUINAS Y APARATOS PARA LA PREPARACIÓN, CURTIDO O TRABAJO DE CUERO O PIEL O PARA LA FABRICACIÓN O REPARACIÓN DE CALZADO U OTRAS MANUFACTURAS DE CUERO O PIEL, EXCEPTO LAS MÁQUINAS DE COSER.",encabezado
8454,84,"CONVERTIDORES, CUCHARAS DE COLADA, LINGOTERAS Y MÁQUINAS DE COLAR (MOLDEAR), PARA METALURGIA, ACERÍAS O FUNDICIONES.",encabezado
8455,84,LAMINADORES PARA METAL Y SUS CILINDROS.,encabezado
8456,84,"MÁQUINAS HERRAMIENTA QUE TRABAJEN POR ARRANQUE DE CUALQUIER MATERIA MEDIANTE LÁSER U OTROS HACES DE LUZ O DE FOTONES, POR ULTRASONIDO, ELECTROEROSIÓN, PROCESOS ELECTROQUÍMICOS, HACES DE ELECTRONES, HACES IÓNICOS O CHORRO DE PLASMA; MÁQUINAS PARA CORTAR POR CHORRO DE AGUA.",encabezado
8457,84,"CENTROS DE MECANIZADO, MÁQUINAS DE PUESTO FIJO Y MÁQUINAS DE PUESTOS MÚLTIPLES, PARA TRABAJAR METAL.",encabezado
8458,84,TORNOS (INCLUIDOS LOS CENTROS DE TORNEADO) QUE TRABAJEN POR ARRANQUE DE METAL.,encabezado
8459,84,"MÁQUINAS HERRAMIENTA (INCLUIDAS LAS UNIDADES DE MECANIZADO DE CORREDERAS) DE TALADRAR, ESCARIAR, FRESAR O ROSCAR (INCLUSO ATERRAJAR), METAL POR ARRANQUE DE MATERIA, EXCEPTO LOS TORNOS (INCLUIDOS LOS CENTROS DE TORNEADO) DE LA PARTIDA 84.58.",encabezado
8460,84,"MÁQUINAS HERRAMIENTA DE DESBARBAR, AFILAR, AMOLAR, RECTIFICAR, LAPEAR (BRUÑIR), PULIR O HACER OTRAS OPERACIONES DE ACABADO, PARA METAL O CERMET, MEDIANTE MUELAS, ABRASIVOS O PRODUCTOS PARA PULIR, EXCEPTO LAS MÁQUINAS PARA TALLAR O ACABAR ENGRANAJES DE LA PARTIDA 84.61.",encabezado
8461,84,"MÁQUINAS HERRAMIENTA DE CEPILLAR, LIMAR, MORTAJAR, BROCHAR, TALLAR O ACABAR ENGRANAJES, ASERRAR, TROCEAR Y DEMÁS MÁQUINAS HERRAMIENTA QUE TRABAJEN POR ARRANQUE DE METAL O CERMET, NO EXPRESADAS NI COMPRENDIDAS EN OTRA PARTE.",encabezado
8462,84,"MÁQUINAS HERRAMIENTA (INCLUIDAS LAS PRENSAS) DE FORJAR O ESTAMPAR, MARTILLOS PILÓN Y OTRAS MÁQUINAS DE MARTILLAR, PARA TRABAJAR METAL (EXCEPTO LOS LAMINADORES); MÁQUINAS HERRAMIENTA (INCLUIDAS LAS PRENSAS, LAS LÍNEAS DE HENDIDO Y LAS LÍNEAS DE CORTE LONGITUDINAL) DE ENROLLAR, CURVAR, PLEGAR, ENDEREZAR, APLANAR, CIZALLAR, PUNZONAR, ENTALLAR O MORDISCAR, METAL (EXCEPTO LOS BANCOS DE ESTIRAR); PRENSAS PARA TRABAJAR METAL O CARBUROS METÁLICOS, NO EXPRESADAS ANTERIORMENTE.",encabezado
8463,84,"LAS DEMÁS MÁQUINAS HERRAMIENTA PARA TRABAJAR METAL O CERMET, QUE NO TRABAJEN POR ARRANQUE DE MATERIA.",encabezado
8464,84,"MÁQUINAS HERRAMIENTA PARA TRABAJAR PIEDRA, CERÁMICA, HORMIGÓN, AMIANTOCEMENTO O MATERIAS MINERALES SIMILARES, O PARA TRABAJAR EL VIDRIO EN FRÍO.",encabezado
8465,84,"MÁQUINAS HERRAMIENTA (INCLUIDAS LAS DE CLAVAR, GRAPAR, ENCOLAR O ENSAMBLAR DE OTRO MODO) PARA TRABAJAR MADERA, CORCHO, HUESO, CAUCHO ENDURECIDO, PLÁSTICO RÍGIDO O MATERIAS DURAS SIMILARES.",encabezado
8466,84,"PARTES Y ACCESORIOS IDENTIFICABLES COMO DESTINADOS, EXCLUSIVA O PRINCIPALMENTE, A LAS MÁQUINAS DE LAS PARTIDAS 84.56 A 84.65, INCLUIDOS LOS PORTAPIEZAS Y PORTAÚTILES, DISPOSITIVOS DE ROSCAR DE APERTURA AUTOMÁTICA, DIVISORES Y DEMÁS DISPOSITIVOS ESPECIALES PARA MONTAR EN ESTAS MÁQUINAS; PORTAÚTILES PARA HERRAMIENTAS DE MANO DE CUALQUIER TIPO.",encabezado
8467,84,"HERRAMIENTAS NEUMÁTICAS, HIDRÁULICAS O CON MOTOR INCORPORADO, INCLUSO ELÉCTRICO, DE USO MANUAL.",encabezado
8468,84,"MÁQUINAS Y APARATOS PARA SOLDAR, AUNQUE PUEDAN CORTAR, EXCEPTO LOS DE LA PARTIDA 85.15; MÁQUINAS Y APARATOS DE GAS PARA TEMPLE SUPERFICIAL.",encabezado
8470,84,"MÁQUINAS DE CALCULAR Y MÁQUINAS DE BOLSILLO REGISTRADORAS, REPRODUCTORAS Y VISUALIZADORAS DE DATOS, CON FUNCIÓN DE CÁLCULO; MÁQUINAS DE CONTABILIDAD, DE FRANQUEAR, EXPEDIR BOLETOS (TIQUES) Y MÁQUINAS SIMILARES, CON DISPOSITIVO DE CÁLCULO INCORPORADO; CAJAS REGISTRADORAS.",encabezado
8471,84,"MÁQUINAS AUTOMÁTICAS PARA TRATAMIENTO O PROCESAMIENTO DE DATOS Y SUS UNIDADES; LECTORES MAGNÉTICOS U ÓPTICOS, MÁQUINAS PARA REGISTRO DE DATOS SOBRE SOPORTE EN FORMA CODIFICADA Y MÁQUINAS PARA TRATAMIENTO O PROCESAMIENTO DE ESTOS DATOS, NO EXPRESADOS NI COMPRENDIDOS EN OTRA PARTE.",encabezado
8472,84,"LAS DEMÁS MÁQUINAS Y APARATOS DE OFICINA (POR EJEMPLO: COPIADORAS HECTOGRÁFICAS, MIMEÓGRAFOS, MÁQUINAS DE IMPRIMIR DIRECCIONES, DISTRIBUIDORES AUTOMÁTICOS DE BILLETES DE BANCO, MÁQUINAS DE CLASIFICAR, CONTAR O ENCARTUCHAR MONEDAS, SACAPUNTAS, PERFORADORAS, GRAPADORAS).",encabezado
8473,84,"PARTES Y ACCESORIOS (EXCEPTO LOS ESTUCHES, FUNDAS Y SIMILARES) IDENTIFICABLES COMO DESTINADOS, EXCLUSIVA O PRINCIPALMENTE, A LAS MÁQUINAS O APARATOS DE LAS PARTIDAS 84.70 A 84.72.",encabezado
8474,84,"MÁQUINAS Y APARATOS DE CLASIFICAR, CRIBAR, SEPARAR, LAVAR, QUEBRANTAR, TRITURAR, PULVERIZAR, MEZCLAR, AMASAR O SOBAR, TIERRA, PIEDRA U OTRA MATERIA MINERAL SÓLIDA (INCLUIDOS EL POLVO Y LA PASTA); MÁQUINAS DE AGLOMERAR, FORMAR O MOLDEAR COMBUSTIBLES MINERALES SÓLIDOS, PASTAS CERÁMICAS, CEMENTO, YESO O DEMÁS MATERIAS MINERALES EN POLVO O PASTA; MÁQUINAS DE HACER MOLDES DE ARENA PARA FUNDICIÓN.",encabezado
8475,84,"MÁQUINAS PARA MONTAR LÁMPARAS, TUBOS O VÁLVULAS ELÉCTRICOS O ELECTRÓNICOS O LÁMPARAS DE DESTELLO, QUE TENGAN ENVOLTURA DE VIDRIO; MÁQUINAS PARA FABRICAR O TRABAJAR EN CALIENTE EL VIDRIO O SUS MANUFACTURAS.",encabezado
8476,84,"MÁQUINAS AUTOMÁTICAS PARA VENTA DE PRODUCTOS (POR EJEMPLO: SELLOS [ESTAMPILLAS], CIGARRILLOS, ALIMENTOS, BEBIDAS), INCLUIDAS LAS MAQUINAS PARA CAMBIAR MONEDA.",encabezado
8477,84,"MÁQUINAS Y APARATOS PARA TRABAJAR CAUCHO O PLÁSTICO O PARA FABRICAR PRODUCTOS DE ESTAS MATERIAS, NO EXPRESADOS NI COMPRENDIDOS EN OTRA PARTE DE ESTE CAPÍTULO.",encabezado
8478,84,"MÁQUINAS Y APARATOS PARA PREPARAR O ELABORAR TABACO, NO EXPRESADOS NI COMPRENDIDOS EN OTRA PARTE DE ESTE CAPÍTULO.",encabezado
8479,84,"MÁQUINAS Y APARATOS MECÁNICOS CON FUNCIÓN PROPIA, NO EXPRESADOS NI COMPRENDIDOS EN OTRA PARTE DE ESTE CAPÍTULO.",encabezado
8480,84,"CAJAS DE FUNDICIÓN; PLACAS DE FONDO PARA MOLDES; MODELOS PARA MOLDES; MOLDES PARA METAL (EXCEPTO LAS LINGOTERAS), CARBUROS METÁLICOS, VIDRIO, MATERIA MINERAL, CAUCHO O PLÁSTICO.",encabezado
8481,84,"ARTÍCULOS DE GRIFERÍA Y ÓRGANOS SIMILARES PARA TUBERÍAS, CALDERAS, DEPÓSITOS, CUBAS O CONTINENTES SIMILARES, INCLUIDAS LAS VÁLVULAS REDUCTORAS DE PRESIÓN Y LAS VÁLVULAS TERMOSTÁTICAS.",encabezado
8482,84,"RODAMIENTOS DE BOLAS, DE RODILLOS O DE AGUJAS.",encabezado
8483,84,"ÁRBOLES DE TRANSMISIÓN (INCLUIDOS LOS DE LEVAS Y LOS CIGÜEÑALES) Y MANIVELAS; CAJAS DE COJINETES Y COJINETES; ENGRANAJES Y RUEDAS DE FRICCIÓN; HUSILLOS FILETEADOS DE BOLAS O RODILLOS; REDUCTORES, MULTIPLICADORES Y VARIADORES DE VELOCIDAD, INCLUIDOS LOS CONVERTIDORES DE PAR; VOLANTES Y POLEAS, INCLUIDOS LOS MOTONES; EMBRAGUES Y ÓRGANOS DE ACOPLAMIENTO, INCLUIDAS LAS JUNTAS DE ARTICULACIÓN.",encabezado
8484,84,"JUNTAS METALOPLÁSTICAS; SURTIDOS DE JUNTAS O EMPAQUETADURAS DE DISTINTA COMPOSICIÓN PRESENTADOS EN BOLSITAS, SOBRES O ENVASES ANÁLOGOS; JUNTAS MECÁNICAS DE ESTANQUEIDAD.",encabezado
8485,84,MÁQUINAS PARA LA FABRICACIÓN ADITIVA.,encabezado
8486,84,"MÁQUINAS Y APARATOS UTILIZADOS, EXCLUSIVA O PRINCIPALMENTE, PARA LA FABRICACIÓN DE SEMICONDUCTORES EN FORMA DE MONOCRISTALES PERIFORMES U OBLEAS («WAFERS»), DISPOSITIVOS SEMICONDUCTORES, CIRCUITOS ELECTRÓNICOS INTEGRADOS O DISPOSITIVOS DE VISUALIZACIÓN («DISPLAY») DE PANTALLA PLANA; MÁQUINAS Y APARATOS DESCRITOS EN LA NOTA 11 C) DE ESTE CAPÍTULO; PARTES Y ACCESORIOS.",encabezado
8487,84,"PARTES DE MÁQUINAS O APARATOS, NO EXPRESADAS NI COMPRENDIDAS EN OTRA PARTE DE ESTE CAPÍTULO, SIN CONEXIONES ELÉCTRICAS, PARTES AISLADAS ELÉCTRICAMENTE, BOBINADOS, CONTACTOS NI OTRAS CARACTERÍSTICAS ELÉCTRICAS.",encabezado
8501,85,"MOTORES Y GENERADORES, ELÉCTRICOS, EXCEPTO LOS GRUPOS ELECTRÓGENOS.",encabezado
8502,85,GRUPOS ELECTRÓGENOS Y CONVERTIDORES ROTATIVOS ELÉCTRICOS.,encabezado
8503,85,"PARTES IDENTIFICABLES COMO DESTINADAS, EXCLUSIVA O PRINCIPALMENTE, A LAS MÁQUINAS DE LAS PARTIDAS 85.01 U 85.02.",linea_unica
8504,85,"TRANSFORMADORES ELÉCTRICOS, CONVERTIDORES ELÉCTRICOS ESTÁTICOS (POR EJEMPLO, RECTIFICADORES) Y BOBINAS DE REACTANCIA (AUTOINDUCCIÓN).",encabezado
8505,85,"ELECTROIMANES; IMANES PERMANENTES Y ARTÍCULOS DESTINADOS A SER IMANTADOS PERMANENTEMENTE; PLATOS, MANDRILES Y DISPOSITIVOS MAGNÉTICOS O ELECTROMAGNÉTICOS SIMILARES, DE SUJECIÓN; ACOPLAMIENTOS, EMBRAGUES, VARIADORES DE VELOCIDAD Y FRENOS, ELECTROMAGNÉTICOS; CABEZAS ELEVADORAS ELECTROMAGNÉTICAS.",encabezado
8506,85,"PILAS Y BATERÍAS DE PILAS, ELÉCTRICAS.",encabezado
8507,85,"ACUMULADORES ELÉCTRICOS, INCLUIDOS SUS SEPARADORES, AUNQUE SEAN CUADRADOS O RECTANGULARES.",encabezado
8508,85,ASPIRADORAS.,encabezado
8509,85,"APARATOS ELECTROMECÁNICOS CON MOTOR ELÉCTRICO INCORPORADO, DE USO DOMÉSTICO, EXCEPTO LAS ASPIRADORAS DE LA PARTIDA 85.08.",encabezado
8510,85,"AFEITADORAS, MÁQUINAS DE CORTAR EL PELO O ESQUILAR Y APARATOS DE DEPILAR, CON MOTOR ELÉCTRICO INCORPORADO.",encabezado
8511,85,"APARATOS Y DISPOSITIVOS ELÉCTRICOS DE ENCENDIDO O DE ARRANQUE, PARA MOTORES DE ENCENDIDO POR CHISPA O POR COMPRESIÓN (POR EJEMPLO: MAGNETOS, DINAMOMAGNETOS, BOBINAS DE ENCENDIDO, BUJÍAS DE ENCENDIDO O CALENTAMIENTO, MOTORES DE ARRANQUE); GENERADORES (POR EJEMPLO: DINAMOS, ALTERNADORES) Y REGULADORES DISYUNTORES UTILIZADOS CON ESTOS MOTORES.",encabezado
8512,85,"APARATOS ELÉCTRICOS DE ALUMBRADO O SEÑALIZACIÓN (EXCEPTO LOS ARTÍCULOS DE LA PARTIDA 85.39), LIMPIAPARABRISAS, ELIMINADORES DE ESCARCHA O VAHO, ELÉCTRICOS, DE LOS TIPOS UTILIZADOS EN VELOCÍPEDOS O VEHÍCULOS AUTOMÓVILES.",encabezado
8513,85,"LÁMPARAS ELÉCTRICAS PORTÁTILES DISEÑADAS PARA FUNCIONAR CON SU PROPIA FUENTE DE ENERGÍA (POR EJEMPLO: DE PILAS, ACUMULADORES, ELECTROMAGNÉTICAS), EXCEPTO LOS APARATOS DE ALUMBRADO DE LA PARTIDA 85.12.",encabezado
8514,85,"HORNOS ELÉCTRICOS INDUSTRIALES O DE LABORATORIO, INCLUIDOS LOS QUE FUNCIONEN POR INDUCCIÓN O PÉRDIDAS DIELÉCTRICAS; LOS DEMÁS APARATOS INDUSTRIALES O DE LABORATORIO PARA TRATAMIENTO TÉRMICO DE MATERIAS POR INDUCCIÓN O PÉRDIDAS DIELÉCTRICAS.",encabezado
8515,85,"MÁQUINAS Y APARATOS PARA SOLDAR (AUNQUE PUEDAN CORTAR), ELÉCTRICOS (INCLUIDOS LOS DE GAS CALENTADO ELÉCTRICAMENTE), DE LÁSER U OTROS HACES DE LUZ O DE FOTONES, ULTRASONIDO, HACES DE ELECTRONES, IMPULSOS MAGNÉTICOS O CHORRO DE PLASMA; MÁQUINAS Y APARATOS ELÉCTRICOS PARA PROYECTAR EN CALIENTE METAL O CERMET.",encabezado
8516,85,"CALENTADORES ELÉCTRICOS DE AGUA DE CALENTAMIENTO INSTANTÁNEO O ACUMULACIÓN Y CALENTADORES ELÉCTRICOS DE INMERSIÓN; APARATOS ELÉCTRICOS PARA CALEFACCIÓN DE ESPACIOS O SUELOS; APARATOS ELECTROTÉRMICOS PARA EL CUIDADO DEL CABELLO (POR EJEMPLO: SECADORES, RIZADORES, CALIENTATENACILLAS) O PARA SECAR LAS MANOS; PLANCHAS ELÉCTRICAS; LOS DEMÁS APARATOS ELECTROTÉRMICOS DE USO DOMÉSTICO; RESISTENCIAS CALENTADORAS, EXCEPTO LAS DE LA PARTIDA 85.45.",encabezado
8517,85,"TELÉFONOS, INCLUIDOS LOS TELÉFONOS INTELIGENTES Y DEMÁS TELÉFONOS CELULARES (MÓVILES)* Y LOS DE OTRAS REDES INALÁMBRICAS; LOS DEMÁS APARATOS DE EMISIÓN, TRANSMISIÓN O RECEPCIÓN DE VOZ, IMAGEN U OTROS DATOS, INCLUIDOS LOS DE COMUNICACIÓN EN RED CON O SIN CABLE (TALES COMO REDES LOCALES (LAN) O EXTENDIDAS (WAN)), DISTINTOS DE LOS APARATOS DE EMISIÓN, TRANSMISIÓN O RECEPCIÓN DE LAS PARTIDAS 84.43, 85.25, 85.27 U 85.28.",encabezado
8518,85,"MICRÓFONOS Y SUS SOPORTES; ALTAVOCES (ALTOPARLANTES), INCLUSO MONTADOS EN SUS CAJAS; AURICULARES, INCLUIDOS LOS DE CASCO, ESTÉN O NO COMBINADOS CON MICRÓFONO, Y JUEGOS O CONJUNTOS CONSTITUIDOS POR UN MICRÓFONO Y UNO O VARIOS ALTAVOCES (ALTOPARLANTES); AMPLIFICADORES ELÉCTRICOS DE AUDIOFRECUENCIA; EQUIPOS ELÉCTRICOS PARA AMPLIFICACIÓN DE SONIDO.",encabezado
8519,85,APARATOS DE GRABACIÓN DE SONIDO; APARATOS DE REPRODUCCIÓN DE SONIDO; APARATOS DE GRABACIÓN Y REPRODUCCIÓN DE SONIDO.,encabezado
8521,85,"APARATOS DE GRABACIÓN O REPRODUCCIÓN DE IMAGEN Y SONIDO (VIDEOS), INCLUSO CON RECEPTOR DE SEÑALES DE IMAGEN Y SONIDO INCORPORADO.",encabezado
8522,85,"PARTES Y ACCESORIOS IDENTIFICABLES COMO DESTINADOS, EXCLUSIVA O PRINCIPALMENTE, A LOS APARATOS DE LAS PARTIDAS 85.19 U 85.21.",encabezado
8523,85,"DISCOS, CINTAS, DISPOSITIVOS DE ALMACENAMIENTO PERMANENTE DE DATOS A BASE DE SEMICONDUCTORES, TARJETAS INTELIGENTES («SMART CARDS») Y DEMÁS SOPORTES PARA GRABAR SONIDO O GRABACIONES ANÁLOGAS, GRABADOS O NO, INCLUSO LAS MATRICES Y MOLDES GALVÁNICOS PARA FABRICACIÓN DE DISCOS, EXCEPTO LOS PRODUCTOS DEL CAPÍTULO 37.",encabezado
8524,85,"MÓDULOS DE VISUALIZACIÓN («DISPLAY») DE PANTALLA PLANA, INCLUSO QUE INCORPOREN PANTALLAS TÁCTILES.",encabezado
8525,85,"APARATOS EMISORES DE RADIODIFUSIÓN O TELEVISIÓN, INCLUSO CON APARATO RECEPTOR O DE GRABACIÓN O REPRODUCCIÓN DE SONIDO INCORPORADO; CÁMARAS DE TELEVISIÓN, CÁMARAS DIGITALES Y VIDEOCÁMARAS.",encabezado
8526,85,"APARATOS DE RADAR, RADIONAVEGACIÓN O RADIOTELEMANDO.",encabezado
8527,85,"APARATOS RECEPTORES DE RADIODIFUSIÓN, INCLUSO COMBINADOS EN LA MISMA ENVOLTURA CON GRABADOR O REPRODUCTOR DE SONIDO O CON RELOJ.",encabezado
8528,85,"MONITORES Y PROYECTORES, QUE NO INCORPOREN APARATO RECEPTOR DE TELEVISIÓN; APARATOS RECEPTORES DE TELEVISIÓN, INCLUSO CON APARATO RECEPTOR DE RADIODIFUSIÓN O GRABACIÓN O REPRODUCCIÓN DE SONIDO O IMAGEN INCORPORADO.",encabezado
8529,85,"PARTES IDENTIFICABLES COMO DESTINADAS, EXCLUSIVA O PRINCIPALMENTE, A LOS APARATOS DE LAS PARTIDAS 85.24 A 85.28.",encabezado
8530,85,"APARATOS ELÉCTRICOS DE SEÑALIZACIÓN (EXCEPTO LOS DE TRANSMISIÓN DE MENSAJES), SEGURIDAD, CONTROL O MANDO, PARA VÍAS FÉRREAS O SIMILARES, CARRETERAS, VÍAS FLUVIALES, ÁREAS O PARQUES DE ESTACIONAMIENTO, INSTALACIONES PORTUARIAS O AEROPUERTOS (EXCEPTO LOS DE LA PARTIDA 86.08).",encabezado
8531,85,"APARATOS ELÉCTRICOS DE SEÑALIZACIÓN ACÚSTICA O VISUAL (POR EJEMPLO: TIMBRES, SIRENAS, TABLEROS INDICADORES, AVISADORES DE PROTECCIÓN CONTRA ROBO O INCENDIO), EXCEPTO LOS DE LAS PARTIDAS 85.12 U 85.30.",encabezado
8532,85,"CONDENSADORES ELÉCTRICOS FIJOS, VARIABLES O AJUSTABLES.",encabezado
8533,85,"RESISTENCIAS ELÉCTRICAS, EXCEPTO LAS DE CALENTAMIENTO (INCLUIDOS REÓSTATOS Y POTENCIÓMETROS).",encabezado
8534,85,CIRCUITOS IMPRESOS.,linea_unica
8535,85,"APARATOS PARA CORTE, SECCIONAMIENTO, PROTECCIÓN, DERIVACÍON, EMPALME O CONEXIÓN DE CIRCUITOS ELÉCTRICOS (POR EJEMPLO: INTERRUPTORES, CONMUTADORES, CORTACIRCUITOS, PARARRAYOS, LIMITADORES DE TENSIÓN, SUPRESORES DE SOBRETENSIÓN TRANSITORIA, TOMAS DE CORRIENTE Y DEMÁS CONECTORES, CAJAS DE EMPALME), PARA UNA TENSIÓN SUPERIOR A 1.000 VOLTIOS.",encabezado
8536,85,"APARATOS PARA CORTE, SECCIONAMIENTO, PROTECCIÓN, DERIVACIÓN, EMPALME O CONEXIÓN DE CIRCUITOS ELÉCTRICOS (POR EJEMPLO: INTERRUPTORES, CONMUTADORES, RELES, CORTACIRCUITOS, SUPRESORES DE SOBRETENSIÓN TRANSITORIA, CLAVIJAS Y TOMAS DE CORRIENTE (ENCHUFES), PORTALÁMPARAS Y DEMÁS CONECTORES, CAJAS DE EMPALME), PARA UNA TENSIÓN INFERIOR O IGUAL A 1.000 VOLTIOS; CONECTORES DE FIBRAS ÓPTICAS, HACES O CABLES DE FIBRAS ÓPTICAS.",encabezado
8537,85,"CUADROS, PANELES, CÓNSOLAS, ARMARIOS Y DEMÁS SOPORTES EQUIPADOS CON VARIOS APARATOS DE LAS PARTIDAS 85.35 U 85.36, PARA CONTROL O DISTRIBUCIÓN DE ELECTRICIDAD, INCLUIDOS LOS QUE INCORPOREN INSTRUMENTOS O APARATOS DEL",encabezado
8538,85,"PARTES IDENTIFICABLES COMO DESTINADAS, EXCLUSIVA O PRINCIPALMENTE, A LOS APARATOS DE LAS PARTIDAS 85.35, 85.36 U 85.37.",encabezado
8539,85,"LÁMPARAS Y TUBOS ELÉCTRICOS DE INCANDESCENCIA O DE DESCARGA, INCLUIDOS LOS FAROS O UNIDADES «SELLADOS» Y LAS LÁMPARAS Y TUBOS DE RAYOS ULTRAVIOLETAS O INFRARROJOS; LÁMPARAS DE ARCO; FUENTES LUMINOSAS DE DIODOS EMISORES DE LUZ (LED).",encabezado
8540,85,"LÁMPARAS, TUBOS Y VÁLVULAS ELECTRÓNICOS, DE CÁTODO CALIENTE, CÁTODO FRÍO O FOTOCÁTODO (POR EJEMPLO: LÁMPARAS, TUBOS Y VÁLVULAS, DE VACÍO, DE VAPOR O GAS, TUBOS RECTIFICADORES DE VAPOR DE MERCURIO, TUBOS DE RAYOS CATÓDICOS, TUBOS Y VÁLVULAS PARA CÁMARAS DE TELEVISIÓN), EXCEPTO LOS DE LA PARTIDA 85.39.",encabezado
8541,85,"DISPOSITIVOS SEMICONDUCTORES (POR EJEMPLO: DIODOS, TRANSISTORES, TRANSDUCTORES BASADOS EN SEMICONDUCTORES); DISPOSITIVOS SEMICONDUCTORES FOTOSENSIBLES, INCLUIDAS LAS CÉLULAS FOTOVOLTAICAS, AUNQUE ESTÉN ENSAMBLADAS EN MÓDULOS O PANELES; DIODOS EMISORES DE LUZ (LED), INCLUSO ENSAMBLADOS CON OTROS DIODOS EMISORES DE LUZ (LED); CRISTALES PIEZOELÉCTRICOS MONTADOS.",encabezado
8542,85,CIRCUITOS ELECTRÓNICOS INTEGRADOS.,encabezado
8543,85,"MÁQUINAS Y APARATOS ELÉCTRICOS CON FUNCIÓN PROPIA, NO EXPRESADOS NI COMPRENDIDOS EN OTRA PARTE DE ESTE CAPÍTULO.",encabezado
8544,85,"HILOS, CABLES (INCLUIDOS LOS COAXIALES) Y DEMÁS CONDUCTORES AISLADOS PARA ELECTRICIDAD, AUNQUE ESTÉN LAQUEADOS, ANODIZADOS O PROVISTOS DE PIEZAS DE CONEXIÓN; CABLES DE FIBRAS ÓPTICAS CONSTITUIDOS POR FIBRAS ENFUNDADAS INDIVIDUALMENTE, INCLUSO CON CONDUCTORES ELÉCTRICOS INCORPORADOS O PROVISTOS DE PIEZAS DE CONEXIÓN.",encabezado
8545,85,"ELECTRODOS Y ESCOBILLAS DE CARBÓN, CARBÓN PARA LÁMPARAS O PILAS Y DEMÁS ARTÍCULOS DE GRAFITO U OTROS CARBONOS, INCLUSO CON METAL, PARA USOS ELÉCTRICOS.",encabezado
8546,85,AISLADORES ELÉCTRICOS DE CUALQUIER MATERIA.,encabezado
8547,85,"PIEZAS AISLANTES TOTALMENTE DE MATERIA AISLANTE O CON SIMPLES PIEZAS METÁLICAS DE ENSAMBLADO (POR EJEMPLO, CASQUILLOS ROSCADOS) EMBUTIDAS EN LA MASA, PARA MÁQUINAS, APARATOS O INSTALACIONES ELÉCTRICAS, EXCEPTO LOS AISLADORES DE LA PARTIDA 85.46; TUBOS AISLADORES Y SUS PIEZAS DE UNIÓN, DE METAL COMÚN, AISLADOS INTERIORMENTE.",encabezado
8548,85,"PARTES ELÉCTRICAS DE MÁQUINAS O APARATOS, NO EXPRESADAS NI COMPRENDIDAS EN OTRA PARTE DE ESTE CAPÍTULO",linea_unica
8549,85,"DESPERDICIOS Y DESECHOS, ELÉCTRICOS Y ELECTRÓNICOS.",encabezado
8601,86,"LOCOMOTORAS Y LOCOTRACTORES, DE FUENTE EXTERNA DE ELECTRICIDAD O ACUMULADORES ELÉCTRICOS.",encabezado
8602,86,LAS DEMÁS LOCOMOTORAS Y LOCOTRACTORES; TÉNDERES.,encabezado
8603,86,"AUTOMOTORES PARA VÍAS FÉRREAS Y TRANVÍAS AUTOPROPULSADOS, EXCEPTO LOS DE LA PARTIDA 86.04.",encabezado
8604,86,"VEHÍCULOS PARA MANTENIMIENTO O SERVICIO DE VÍAS FÉRREAS O SIMILARES, INCLUSO AUTOPROPULSADOS (POR EJEMPLO: VAGONES TALLER, VAGONES GRÚA, VAGONES EQUIPADOS PARA APISONAR BALASTO, ALINEAR VÍAS, COCHES PARA ENSAYOS Y VAGONETAS DE INSPECCIÓN DE VÍAS).",linea_unica
8605,86,"COCHES DE VIAJEROS, FURGONES DE EQUIPAJES, COCHES CORREO Y DEMÁS COCHES ESPECIALES, PARA VÍAS FÉRREAS O SIMILARES (EXCEPTO LOS COCHES DE LA PARTIDA 86.04).",linea_unica
8606,86,VAGONES PARA TRANSPORTE DE MERCANCÍAS SOBRE CARRILES (RIELES).,encabezado
8607,86,PARTES DE VEHÍCULOS PARA VÍAS FÉRREAS O SIMILARES.,encabezado
8608,86,"MATERIAL FIJO DE VÍAS FÉRREAS O SIMILARES; APARATOS MECÁNICOS (INCLUSO ELECTROMECÁNICOS) DE SEÑALIZACIÓN, SEGURIDAD, CONTROL O MANDO PARA VÍAS FÉRREAS O SIMILARES, CARRETERAS O VÍAS FLUVIALES, ÁREAS O PARQUES DE ESTACIONAMIENTO, INSTALACIONES PORTUARIAS O AERÓPUERTOS; SUS PARTES.",linea_unica
8609,86,CONTENEDORES (INCLUIDOS LOS CONTENEDORES CISTERNA Y LOS CONTENEDORES DEPÓSITO) ESPECIALMENTE DISEÑADOS Y EQUIPADOS PARA UNO O VARIOS MEDIOS DE TRANSPORTE.,linea_unica
8701,87,TRACTORES (EXCEPTO LAS CARRETILLAS TRACTOR DE LA PARTIDA 87.09).,encabezado
8702,87,"VEHÍCULOS AUTOMÓVILES PARA TRANSPORTE DE DIEZ O MAS PERSONAS, INCLUIDO EL CONDUCTOR.",encabezado
8703,87,"AUTOMÓVILES DE TURISMO Y DEMÁS VEHÍCULOS AUTOMÓVILES DISEÑADOS PRINCIPALMENTE PARA TRANSPORTE DE PERSONAS (EXCEPTO LOS DE LA PARTIDA 87.02), INCLUIDOS LOS DEL TIPO FAMILIAR («BREAK» O «STATION WAGON») Y LOS DE CARRERAS.",encabezado
8704,87,VEHÍCULOS AUTOMÓVILES PARA TRANSPORTE DE MERCANCÍAS.,encabezado
8705,87,"VEHÍCULOS AUTOMÓVILES PARA USOS ESPECIALES, EXCEPTO LOS DISEÑADOS PRINCIPALMENTE PARA TRANSPORTE DE PERSONAS O MERCANCÍAS (POR EJEMPLO: COCHES PARA REPARACIONES (AUXILIO MECÁNICO), CAMIONES GRÚA, CAMIONES DE BOMBEROS, CAMIONES HORMIGONERA, COCHES BARREDERA, COCHES ESPARCIDORES, COCHES TALLER, COCHES RADIOLÓGICOS).",encabezado
8706,87,"CHASIS DE VEHÍCULOS AUTOMÓVILES DE LAS PARTIDAS 87.01 A 87.05, EQUIPADOS CON SU MOTOR.",linea_unica
8707,87,"CARROCERÍAS DE VEHÍCULOS AUTOMÓVILES DE LAS PARTIDAS 87.01 A 87.05, INCLUIDAS LAS CABINAS.",encabezado
8708,87,PARTES Y ACCESORIOS DE VEHÍCULOS AUTOMÓVILES DE LAS PARTIDAS 87.01 A 87.05.,encabezado
8709,87,"CARRETILLAS AUTOMÓVIL SIN DISPOSITIVO DE ELEVACIÓN DE LOS TIPOS UTILIZADOS EN FÁBRICAS, ALMACENES, PUERTOS O AEROPUERTOS, PARA EL TRANSPORTE DE MERCANCÍAS A CORTA DISTANCIA; CARRETILLAS TRACTOR DE LOS TIPOS UTILIZADOS EN ESTACIONES FERROVIARIAS; SUS PARTES.",encabezado
8710,87,"TANQUES Y DEMÁS VEHÍCULOS AUTOMÓVILES BLINDADOS DE COMBATE, INCLUSO CON SU ARMAMENTO; SUS PARTES.",linea_unica
8711,87,"MOTOCICLETAS (INCLUIDOS LOS CICLOMOTORES) Y VELOCÍPEDOS EQUIPADOS CON MOTOR AUXILIAR, CON SIDECAR O SIN ÉL; SIDECARES.",encabezado
8712,87,"BICICLETAS Y DEMÁS VELOCÍPEDOS (INCLUIDOS LOS TRICICLOS DE REPARTO), SIN MOTOR.",linea_unica
8713,87,"SILLONES DE RUEDAS Y DEMÁS VEHÍCULOS PARA INVÁLIDOS, INCLUSO CON MOTOR U OTRO MECANISMO DE PROPULSIÓN.",encabezado
8714,87,PARTES Y ACCESORIOS DE VEHÍCULOS DE LAS PARTIDAS 87.11 A 87.13.,encabezado
8715,87,"COCHES, SILLAS Y VEHÍCULOS SIMILARES PARA EL TRANSPORTE DE NIÑOS, Y SUS PARTES.",linea_unica
8716,87,REMOLQUES Y SEMIRREMOLQUES PARA CUALQUIER VEHÍCULO; LOS DEMÁS VEHÍCULOS NO AUTOMÓVILES; SUS PARTES.,encabezado
8801,88,"GLOBOS Y DIRIGIBLES; PLANEADORES, ALAS PLANEADORAS Y DEMÁS AERONAVES, NO PROPULSADOS CON MOTOR.",linea_unica
8802,88,"LAS DEMÁS AERONAVES (POR EJEMPLO: HELICÓPTEROS, AVIONES); EXCEPTO LAS AERONAVES NO TRIPULADAS DE LA PARTIDA 88.06; VEHÍCULOS ESPACIALES (INCLUIDOS LOS SATÉLITES) Y SUS VEHÍCULOS DE LANZAMIENTO Y VEHÍCULOS SUBORBITALES.",encabezado
8804,88,"PARACAÍDAS, INCLUIDOS LOS DIRIGIBLES, PLANEADORES (PARAPENTES) O DE ASPAS GIRATORIAS; SUS PARTES Y ACCESORIOS.",linea_unica
8805,88,APARATOS Y DISPOSITIVOS PARA LANZAMIENTO DE AERONAVES; APARATOS Y DISPOSITIVOS PARA ATERRIZAJE EN PORTAAVIONES Y APARATOS Y DISPOSITIVOS SIMILARES; APARATOS DE ENTRENAMIENTO DE VUELO EN TIERRA; SUS PARTES.,encabezado
8806,88,AERONAVES NO TRIPULADAS.,encabezado
8807,88,"PARTES DE LOS APARATOS DE LAS PARTIDAS 88.01, 88.02 u 88.06.",encabezado
8901,89,"TRANSATLÁNTICOS, BARCOS PARA EXCURSIONES (DE CRUCEROS), TRANSBORDADORES, CARGUEROS, GABARRAS (BARCAZAS) Y BARCOS SIMILARES PARA TRANSPORTE DE PERSONAS O MERCANCÍAS.",encabezado
8902,89,BARCOS DE PESCA; BARCOS FACTORÍA Y DEMÁS BARCOS PARA LA PREPARACIÓN O LA CONSERVACIÓN DE LOS PRODUCTOS DE LA PESCA.,linea_unica
8903,89,YATES Y DEMÁS BARCOS Y EMBARCACIONES DE RECREO O DEPORTE; BARCAS (BOTES) DE REMO Y CANOAS.,encabezado
8904,89,REMOLCADORES Y BARCOS EMPUJADORES.,linea_unica
8905,89,"BARCOS FARO, BARCOS BOMBA, DRAGAS, PONTONES GRÚA Y DEMÁS BARCOS EN LOS QUE LA NAVEGACIÓN SEA ACCESORIA EN RELACIÓN CON LA FUNCIÓN PRINCIPAL; DIQUES FLOTANTES; PLATAFORMAS DE PERFORACIÓN O EXPLOTACIÓN, FLOTANTES O SUMERGIBLES.",encabezado
8906,89,"LOS DEMÁS BARCOS, INCLUIDOS LOS NAVÍOS DE GUERRA Y BARCOS DE SALVAMENTO EXCEPTO LOS DE REMOS.",encabezado
8907,89,"LOS DEMÁS ARTEFACTOS FLOTANTES (POR EJEMPLO: BALSAS, DEPÓSITOS, CAJONES, INCLUSO DE AMARRE, BOYAS Y BALIZAS).",encabezado
8908,89,BARCOS Y DEMÁS ARTEFACTOS FLOTANTES PARA DESGUACE.,linea_unica
9001,90,"FIBRAS ÓPTICAS Y HACES DE FIBRAS ÓPTICAS; CABLES DE FIBRAS ÓPTICAS, EXCEPTO LOS DE LA PARTIDA 85.44; HOJAS Y PLACAS DE MATERIA POLARIZANTE; LENTES (INCLUSO DE CONTACTO), PRISMAS, ESPEJOS Y DEMÁS ELEMENTOS DE ÓPTICA DE CUALQUIER MATERIA, SIN MONTAR, EXCEPTO LOS DE VIDRIO SIN TRABAJAR ÓPTICAMENTE.",encabezado
9002,90,"LENTES, PRISMAS, ESPEJOS Y DEMÁS ELEMENTOS DE ÓPTICA DE CUALQUIER MATERIA, MONTADOS, PARA INSTRUMENTOS O APARATOS, EXCEPTO LOS DE VIDRIO SIN TRABAJAR ÓPTICAMENTE.",encabezado
9003,90,MONTURAS (ARMAZONES) DE GAFAS (ANTEOJOS) O ARTÍCULOS SIMILARES Y SUS PARTES.,encabezado
9004,90,"GAFAS (ANTEOJOS) CORRECTORAS, PROTECTORAS U OTRAS, Y ARTÍCULOS SIMILARES.",encabezado
9005,90,"BINOCULARES (INCLUIDOS LOS PRISMÁTICOS), CATALEJOS, ANTEOJOS ASTRONÓMICOS, TELESCOPIOS ÓPTICOS Y SUS ARMAZONES; LOS DEMÁS INSTRUMENTOS DE ASTRONOMÍA Y SUS ARMAZONES, EXCEPTO LOS APARATOS DE RADIOASTRONOMÍA.",encabezado
9006,90,"CÁMARAS FOTOGRÁFICAS; APARATOS Y DISPOSITIVOS, INCLUIDOS LAS LÁMPARAS Y TUBOS, PARA LA PRODUCCIÓN DE DESTELLOS EN FOTOGRAFÍA, EXCEPTO LAS LÁMPARAS Y TUBOS DE DESCARGA DE LA PARTIDA 85.39.",encabezado
9007,90,"CÁMARAS Y PROYECTORES CINEMATOGRÁFICOS, INCLUSO CON GRABADOR O REPRODUCTOR DE SONIDO INCORPORADOS.",encabezado
9008,90,"PROYECTORES DE IMAGEN FIJA; AMPLIADORAS O REDUCTORAS, FOTOGRÁFICAS.",encabezado
9010,90,"APARATOS Y MATERIAL PARA LABORATORIOS FOTOGRÁFICOS O CINEMATOGRÁFICOS, NO EXPRESADOS NI COMPRENDIDOS EN OTRA PARTE DE ESTE CAPÍTULO; NEGATOSCOPIOS; PANTALLAS DE PROYECCIÓN.",encabezado
9011,90,"MICROSCOPIOS ÓPTICOS, INCLUSO PARA FOTOMICROGRAFÍA, CINEFOTOMICROGRAFÍA O MICROPROYECCIÓN.",encabezado
9012,90,"MICROSCOPIOS, EXCEPTO LOS ÓPTICOS; DIFRACTÓGRAFOS.",encabezado
9013,90,"LÁSERES, EXCEPTO LOS DIODOS LÁSER; LOS DEMÁS APARATOS E INSTRUMENTOS DE ÓPTICA, NO EXPRESADOS NI COMPRENDIDOS EN OTRA PARTE DE ESTE CAPÍTULO.",encabezado
9014,90,"BRÚJULAS, INCLUIDOS LOS COMPASES DE NAVEGACIÓN; LOS DEMÁS INSTRUMENTOS Y APARATOS DE NAVEGACIÓN.",encabezado
9015,90,"INSTRUMENTOS Y APARATOS DE GEODESIA, TOPOGRAFÍA, AGRIMENSURA, NIVELACIÓN, FOTOGRAMETRÍA, HIDROGRAFÍA, OCEANOGRAFÍA, HIDROLOGÍA, METEOROLOGÍA O GEOFÍSICA, EXCEPTO LAS BRÚJULAS; TELÉMETROS.",encabezado
9016,90,"BALANZAS SENSIBLES A UN PESO INFERIOR O IGUAL A 5 cg, INCLUSO CON PESAS.",linea_unica
9017,90,"INSTRUMENTOS DE DIBUJO, TRAZADO O CÁLCULO (POR EJEMPLO: MÁQUINAS DE DIBUJAR, PANTÓGRAFOS, TRANSPORTADORES, ESTUCHES DE DIBUJO, REGLAS Y CÍRCULOS, DE CÁLCULO); INSTRUMENTOS MANUALES DE MEDIDA DE LONGITUD (POR EJEMPLO: METROS, MICRÓMETROS, CALIBRADORES), NO EXPRESADOS NI COMPRENDIDOS EN OTRA PARTE DE ESTE CAPÍTULO.",encabezado
9018,90,"INSTRUMENTOS Y APARATOS DE MEDICINA, CIRUGÍA, ODONTOLOGÍA O VETERINARIA, INCLUIDOS LOS DE CENTELLOGRAFÍA Y DEMÁS APARATOS ELECTROMÉDICOS, ASÍ COMO LOS APARATOS PARA PRUEBAS VISUALES.",encabezado
9019,90,"APARATOS DE MECANOTERAPIA; APARATOS PARA MASAJES; APARATOS DE PSICOTECNIA; APARATOS DE OZONOTERAPIA, OXIGENOTERAPIA O AEROSOLTERAPIA, APARATOS RESPIRATORIOS DE REANIMACIÓN Y DEMÁS APARATOS DE TERAPIA RESPIRATORIA.",encabezado
9020,90,"LOS DEMÁS APARATOS RESPIRATORIOS Y MÁSCARAS ANTIGÁS, EXCEPTO LAS MÁSCARAS DE PROTECCIÓN SIN MECANISMO NI ELEMENTO FILTRANTE AMOVIBLE.",linea_unica
9021,90,"ARTÍCULOS Y APARATOS DE ORTOPEDIA, INCLUIDAS LAS FAJAS Y VENDAJES MÉDICOQUIRÚRGICOS Y LAS MULETAS; TABLILLAS, FÉRULAS U OTROS ARTÍCULOS Y APARATOS PARA FRACTURAS; ARTÍCULOS Y APARATOS DE PRÓTESIS; AUDÍFONOS Y DEMÁS APARATOS QUE LLEVE LA PROPIA PERSONA O SE LE IMPLANTEN PARA COMPENSAR UN DEFECTO O INCAPACIDAD.",encabezado
9022,90,"APARATOS DE RAYOS X Y APARATOS QUE UTILICEN RADIACIONES ALFA, BETA, GAMMA O DEMÁS RADIADIACIONES IONIZANTES, INCLUSO PARA USO MÉDICO, QUIRÚRGICO, ODONTOLÓGICO O VETERINARIO, INCLUIDOS LOS APARATOS DE RADIOGRAFÍA O RADIOTERAPIA, TUBOS DE RAYOS X Y DEMÁS DISPOSITIVOS GENERADORES DE RAYOS X, GENERADORES DE TENSIÓN, CONSOLAS DE MANDO, PANTALLAS, MESAS, SILLONES Y SOPORTES SIMILARES PARA EXAMEN O TRATAMIENTO.",encabezado
9023,90,"INSTRUMENTOS, APARATOS Y MODELOS DISEÑADOS PARA DEMOSTRACIONES (POR EJEMPLO: EN LA ENSEÑANZA O EXPOSICIONES), NO SUSCEPTIBLES DE OTROS USOS.",linea_unica
9024,90,"MÁQUINAS Y APARATOS PARA ENSAYOS DE DUREZA, TRACCIÓN, COMPRESIÓN, ELASTICIDAD U OTRAS PROPIEDADES MECÁNICAS DE MATERIALES (POR EJEMPLO: METAL, MADERA, TEXTIL, PAPEL, PLÁSTICO).",encabezado
9025,90,"DENSÍMETROS, AREÓMETROS, PESALÍQUIDOS E INSTRUMENTOS FLOTANTES SIMILARES, TERMÓMETROS, PIRÓMETROS, BARÓMETROS, HIGRÓMETROS Y SICRÓMETROS, AUNQUE SEAN REGISTRADORES, INCLUSO COMBINADOS ENTRE SÍ.",encabezado
9026,90,"INSTRUMENTOS Y APARATOS PARA MEDIDA O CONTROL DE CAUDAL, NIVEL, PRESIÓN U OTRAS CARACTERÍSTICAS VARIABLES DE LÍQUIDOS O GASES (POR EJEMPLO: CAUDALÍMETROS, INDICADORES DE NIVEL, MANÓMETROS, CONTADORES DE CALOR), EXCEPTO LOS INSTRUMENTOS Y APARATOS DE LAS PARTIDAS 90.14, 90.15, 90.28 o 90.32.",encabezado
9027,90,"INSTRUMENTOS Y APARATOS PARA ANÁLISIS FÍSICOS O QUÍMICOS (POR EJEMPLO: POLARÍMETROS, REFRACTÓMETROS, ESPECTRÓMETROS, ANALIZADORES DE GASES O HUMOS); INSTRUMENTOS Y APARATOS PARA ENSAYOS DE VISCOSIDAD, POROSIDAD, DILATACIÓN, TENSIÓN SUPERFICIAL O SIMILARES O PARA MEDIDAS CALORIMÉTRICAS, ACÚSTICAS O FOTOMÉTRICAS (INCLUIDOS LOS EXPOSÍMETROS); MICRÓTOMOS.",encabezado
9028,90,"CONTADORES DE GAS, LÍQUIDO O ELECTRICIDAD, INCLUIDOS LOS DE CALIBRACIÓN.",encabezado
9029,90,"LOS DEMÁS CONTADORES (POR EJEMPLO: CUENTARREVOLUCIONES, CONTADORES DE PRODUCCIÓN, TAXÍMETROS, CUENTAKILÓMETROS, PODÓMETROS); VELOCÍMETROS Y TACÓMETROS, EXCEPTO LOS DE LAS PARTIDAS 90.14 O 90.15; ESTROBOSCOPIOS.",encabezado
9030,90,"OSCILOSCOPIOS, ANALIZADORES DE ESPECTRO Y DEMÁS INSTRUMENTOS Y APARATOS PARA MEDIDA O CONTROL DE MAGNITUDES ELÉCTRICAS; INSTRUMENTOS Y APARATOS PARA MEDIDA O DETECCIÓN DE RADIACIONES ALFA, BETA, GAMMA, X, CÓSMICAS O DEMÁS RADIACIONES IONIZANTES.",encabezado
9031,90,"INSTRUMENTOS, APARATOS Y MÁQUINAS DE MEDIDA O CONTROL, NO EXPRESADOS NI COMPRENDIDOS EN OTRA PARTE DE ESTE CAPÍTULO; PROYECTORES DE PERFILES.",encabezado
9032,90,INSTRUMENTOS Y APARATOS PARA REGULACIÓN O CONTROL AUTOMÁTICOS.,encabezado
9033,90,"PARTES Y ACCESORIOS, NO EXPRESADOS NI COMPRENDIDOS EN OTRA PARTE DE ESTE CAPÍTULO, PARA MÁQUINAS, APARATOS, INSTRUMENTOS O ARTÍCULOS DEL CAPÍTULO 90.",linea_unica
9101,91,"RELOJES DE PULSERA, BOLSILLO Y SIMILARES (INCLUIDOS LOS CONTADORES DE TIEMPO DE LOS MISMOS TIPOS), CON CAJA DE METAL PRECIOSO O CHAPADO DE METAL PRECIOSO (PLAQUÉ).",encabezado
9102,91,"RELOJES DE PULSERA, BOLSILLO Y SIMILARES (INCLUIDOS LOS CONTADORES DE TIEMPO DE LOS MISMOS TIPOS), EXCEPTO LOS DE LA PARTIDA 91.01.",encabezado
9103,91,DESPERTADORES Y DEMÁS RELOJES DE PEQUEÑOS MECANISMOS DE RELOJERÍA.,encabezado
9104,91,"RELOJES DE TABLERO DE INSTRUMENTOS Y RELOJES SIMILARES, PARA AUTOMÓVILES, AERONAVES, BARCOS O DEMÁS VEHÍCULOS.",linea_unica
9105,91,LOS DEMÁS RELOJES.,encabezado
9106,91,"APARATOS DE CONTROL DE TIEMPO Y CONTADORES DE TIEMPO, CON MECANISMO DE RELOJERÍA O MOTOR SINCRÓNICO (POR EJEMPLO: REGISTRADORES DE ASISTENCIA, REGISTRADORES FECHADORES, REGISTRADORES CONTADORES).",encabezado
9107,91,"INTERRUPTORES HORARIOS Y DEMÁS APARATOS QUE PERMITAN ACCIONAR UN DISPOSITIVO EN UN MOMENTO DADO, CON MECANISMO DE RELOJERÍA O MOTOR SINCRÓNICO.",linea_unica
9108,91,PEQUEÑOS MECANISMOS DE RELOJERÍA COMPLETOS Y MONTADOS.,encabezado
9109,91,LOS DEMÁS MECANISMOS DE RELOJERÍA COMPLETOS Y MONTADOS.,encabezado
9110,91,"MECANISMOS DE RELOJERÍA COMPLETOS, SIN MONTAR O PARCIALMENTE MONTADOS («CHABLONS»); MECANISMOS DE RELOJERÍA INCOMPLETOS, MONTADOS; MECANISMOS DE RELOJERÍA «EN BLANCO» («ÉBAUCHES»).",encabezado
9111,91,CAJAS DE LOS RELOJES DE LAS PARTIDAS 91.01 O 91.02 Y SUS PARTES.,encabezado
9112,91,CAJAS Y ENVOLTURAS SIMILARES PARA LOS DEMÁS APARATOS DE RELOJERÍA Y SUS PARTES.,encabezado
9113,91,PULSERAS PARA RELOJ Y SUS PARTES.,encabezado
9114,91,LAS DEMÁS PARTES DE APARATOS DE RELOJERÍA.,encabezado
9201,92,"PIANOS, INCLUSO AUTOMÁTICOS; CLAVECINES Y DEMÁS INSTRUMENTOS DE CUERDA CON TECLADO.",encabezado
9202,92,"LOS DEMÁS INSTRUMENTOS MUSICALES DE CUERDA (POR EJEMPLO: GUITARRAS, VIOLINES, ARPAS).",encabezado
9205,92,"INSTRUMENTOS MUSICALES DE VIENTO (POR EJEMPLO: ÓRGANOS DE TUBOS Y TECLADO, ACORDEONES, CLARINETES, TROMPETAS, GAITAS), EXCEPTO LOS ORQUESTRIONES Y LOS ORGANILLOS.",encabezado
9206,92,"INSTRUMENTOS MUSICALES DE PERCUSIÓN (POR EJEMPLO: TAMBORES, CAJAS, XILÓFONOS, PLATILLOS, CASTAÑUELAS, MARACAS).",linea_unica
9207,92,"INSTRUMENTOS MUSICALES EN LOS QUE EL SONIDO SE PRODUZCA O TENGA QUE AMPLIFICARSE ELÉCTRICAMENTE (POR EJEMPLO: ÓRGANOS, GUITARRAS, ACORDEONES).",encabezado
9208,92,"CAJAS DE MÚSICA, ORQUESTRIONES, ORGANILLOS, PÁJAROS CANTORES, SIERRAS MUSICALES Y DEMÁS INSTRUMENTOS MUSICALES NO COMPRENDIDOS EN OTRA PARTIDA DE ESTE CAPÍTULO; RECLAMOS DE CUALQUIER CLASE; SILBATOS, CUERNOS Y DEMÁS INSTRUMENTOS DE BOCA, DE LLAMADA O AVISO.",encabezado
9209,92,"PARTES (POR EJEMPLO, MECANISMOS DE CAJAS DE MÚSICA) Y ACCESORIOS (POR EJEMPLO: TARJETAS, DISCOS Y ROLLOS PARA APARATOS MECÁNICOS) DE INSTRUMENTOS MUSICALES; METRÓNOMOS Y DIAPASONES DE CUALQUIER TIPO.",encabezado
9301,93,"ARMAS DE GUERRA, EXCEPTO LOS REVÓLVERES, PISTOLAS Y ARMAS BLANCAS.",encabezado
9302,93,"REVÓLVERES Y PISTOLAS, EXCEPTO LOS DE LAS PARTIDAS 93.03 o 93.04.",linea_unica
9303,93,"LAS DEMÁS ARMAS DE FUEGO Y ARTEFACTOS SIMILARES QUE UTILICEN LA DEFLAGRACIÓN DE PÓLVORA (POR EJEMPLO: ARMAS DE CAZA, ARMAS DE AVANCARGA, PISTOLAS LANZACOHETE Y DEMÁS ARTEFACTOS DISEÑADOS ÚNICAMENTE PARA LANZAR COHETES DE SEÑAL, PISTOLAS Y REVÓLVERES DE FOGUEO, PISTOLAS DE MATARIFE, CAÑONES LANZACABO).",encabezado
9304,93,"LAS DEMÁS ARMAS (POR EJEMPLO: ARMAS LARGAS Y PISTOLAS DE MUELLE (RESORTE), AIRE COMPRIMIDO O GAS, PORRAS), EXCEPTO LAS DE LA PARTIDA 93.07.",linea_unica
9305,93,PARTES Y ACCESORIOS DE LOS ARTÍCULOS DE LAS PARTIDAS 93.01 A 93.04.,encabezado
9306,93,"BOMBAS, GRANADAS, TORPEDOS, MINAS, MISILES, CARTUCHOS Y DEMÁS MUNICIONES Y PROYECTILES, Y SUS PARTES, INCLUIDAS LAS POSTAS, PERDIGONES Y TACOS PARA CARTUCHOS.",encabezado
9307,93,"SABLES, ESPADAS, BAYONETAS, LANZAS Y DEMÁS ARMAS BLANCAS, SUS PARTES Y FUNDAS.",linea_unica
9401,94,"ASIENTOS (EXCEPTO LOS DE LA PARTIDA 94.02), INCLUSO LOS TRANSFORMABLES EN CAMA, Y SUS PARTES.",encabezado
9402,94,"MOBILIARIO PARA MEDICINA, CIRUGÍA, ODONTOLOGÍA O VETERINARIA (POR EJEMPLO: MESAS DE OPERACIONES O DE RECONOCIMIENTO, CAMAS CON MECANISMO PARA USO CLÍNICO, SILLONES DE DENTISTA); SILLONES DE PELUQUERÍA Y SILLONES SIMILARES, CON DISPOSITIVOS DE ORIENTACIÓN Y ELEVACIÓN; PARTES DE ESTOS ARTÍCULOS.",encabezado
9403,94,LOS DEMÁS MUEBLES Y SUS PARTES.,encabezado
9404,94,"SOMIERES; ARTÍCULOS DE CAMA Y ARTÍCULOS SIMILARES (POR EJEMPLO: COLCHONES, CUBREPIÉS, EDREDONES, COJINES, PUFS, ALMOHADAS), BIEN CON MUELLES (RESORTES), BIEN RELLENOS O GUARNECIDOS INTERIORMENTE CON CUALQUIER MATERIA, INCLUIDOS LOS DE CAUCHO O PLÁSTICO CELULARES, RECUBIERTOS O NO.",encabezado
9405,94,"LUMINARIAS Y APARATOS DE ALUMBRADO (INCLUIDOS LOS PROYECTORES) Y SUS PARTES, NO EXPRESADOS NI COMPRENDIDOS EN OTRA PARTE; ANUNCIOS, LETREROS Y PLACAS INDICADORAS, LUMINOSOS Y ARTÍCULOS SIMILARES, CON FUENTE DE LUZ INSEPARABLE, Y SUS PARTES NO EXPRESADAS NI COMPRENDIDAS EN OTRA PARTE.",encabezado
9406,94,CONSTRUCCIONES PREFABRICADAS.,encabezado
9503,95,"TRICICLOS, PATINETES, COCHES DE PEDAL Y JUGUETES SIMILARES CON RUEDAS; COCHES Y SILLAS DE RUEDAS PARA MUÑECAS O MUÑECOS; MUÑECAS O MUÑECOS; LOS DEMÁS JUGUETES; MODELOS REDUCIDOS Y MODELOS SIMILARES, PARA ENTRETENIMIENTO, INCLUSO ANIMADOS; ROMPECABEZAS DE CUALQUIER CLASE.",linea_unica
9504,95,"VIDEOCONSOLAS Y MÁQUINAS DE VIDEOJUEGO, JUEGOS DE SOCIEDAD, INCLUIDOS LOS JUEGOS CON MOTOR O MECANISMO, BILLARES, MESAS ESPECIALES PARA JUEGOS DE CASINO Y JUEGOS DE BOLOS AUTOMÁTICOS («BOWLINGS»), JUEGOS ACTIVADOS CON MONEDAS, BILLETES DE BANCO, TARJETAS BANCARIAS, FICHAS O POR CUALQUIER OTRO MEDIO DE PAGO.",encabezado
9505,95,"ARTÍCULOS PARA FIESTAS, CARNAVAL U OTRAS DIVERSIONES, INCLUIDOS LOS DE MAGIA Y ARTÍCULOS SORPRESA.",encabezado
9506,95,"ARTÍCULOS Y MATERIAL PARA CULTURA FÍSICA, GIMNASIA, ATLETISMO, DEMÁS DEPORTES (INCLUIDO EL TENIS DE MESA) O PARA JUEGOS AL AIRE LIBRE, NO EXPRESADOS NI COMPRENDIDOS EN OTRA PARTE DE ESTE CAPÍTULO; PISCINAS, INCLUSO INFANTILES.",encabezado
9507,95,"CAÑAS DE PESCAR, ANZUELOS Y DEMÁS ARTÍCULOS PARA LA PESCA CON CAÑA; SALABARDOS, CAZAMARIPOSAS Y REDES SIMILARES; SEÑUELOS (EXCEPTO LOS DE LAS PARTIDAS 92.08 O 97.05) Y ARTÍCULOS DE CAZA SIMILARES.",encabezado
9508,95,"CIRCOS Y ZOOLÓGICOS, AMBULANTES; ATRACCIONES PARA PARQUES DE DIVERSIONES Y ATRACCIONES DE PARQUES ACUÁTICOS; ATRACCIONES DE FERIA, INCLUIDAS LAS CASETAS DE TIRO; TEATROS AMBULANTES.",encabezado
9601,96,"MARFIL, HUESO, CONCHA (CAPARAZÓN) DE TORTUGA, CUERNO, ASTA, CORAL, NÁCAR Y DEMÁS MATERIAS ANIMALES PARA TALLAR, TRABAJADAS, Y MANUFACTURAS DE ESTAS MATERIAS (INCLUSO LAS OBTENIDAS POR MOLDEO).",encabezado
9602,96,"MATERIAS VEGETALES O MINERALES PARA TALLAR, TRABAJADAS, Y MANUFACTURAS DE ESTAS MATERIAS; MANUFACTURAS MOLDEADAS O TALLADAS DE CERA, PARAFINA, ESTEARINA, GOMAS O RESINAS NATURALES O PASTA PARA MODELAR Y DEMÁS MANUFACTURAS MOLDEADAS O TALLADAS NO EXPRESADAS NI COMPRENDIDAS EN OTRA PARTE; GELATINA SIN ENDURECER TRABAJADA, EXCEPTO LA DE LA PARTIDA 35.03, Y MANUFACTURAS DE GELATINA SIN ENDURECER.",linea_unica
9603,96,"ESCOBAS Y ESCOBILLAS, CEPILLOS, BROCHAS Y PINCELES (INCLUSO SI SON PARTES DE MÁQUINAS, APARATOS O VEHÍCULOS), ESCOBAS MECÁNICAS, SIN MOTOR, DE USO MANUAL, FREGONAS O MOPAS Y PLUMEROS; CABEZAS PREPARADAS PARA ARTÍCULOS DE CEPILLERÍA; ALMOHADILLAS O MUÑEQUILLAS Y RODILLOS, PARA PINTAR; RASQUETAS DE CAUCHO O MATERIA FLEXIBLE ANÁLOGA.",encabezado
9604,96,"TAMICES, CEDAZOS Y CRIBAS, DE MANO.",linea_unica
9605,96,"JUEGOS O SURTIDOS DE VIAJE PARA ASEO PERSONAL, COSTURA O LIMPIEZA DEL CALZADO O DE PRENDAS DE VESTIR.",linea_unica
9606,96,BOTONES Y BOTONES DE PRESIÓN; FORMAS PARA BOTONES Y DEMÁS PARTES DE BOTONES O DE BOTONES DE PRESIÓN; ESBOZOS DE BOTONES.,encabezado
9607,96,CIERRES DE CREMALLERA (CIERRES RELÁMPAGO) Y SUS PARTES.,encabezado
9608,96,"BOLÍGRAFOS; ROTULADORES Y MARCADORES CON PUNTA DE FIELTRO U OTRA PUNTA POROSA; ESTILOGRÁFICAS Y DEMÁS PLUMAS; ESTILETES O PUNZONES PARA CLISÉS DE MIMEÓGRAFO («STENCILS»); PORTAMINAS; PORTAPLUMAS, PORTALÁPICES Y ARTÍCULOS SIMILARES; PARTES DE ESTOS ARTÍCULOS (INCLUIDOS LOS CAPUCHONES Y SUJETADORES), EXCEPTO LAS DE LA PARTIDA 96.09.",encabezado
9609,96,"LÁPICES, MINAS, PASTELES, CARBONCILLOS, TIZAS PARA ESCRIBIR O DIBUJAR Y JABONCILLOS (TIZAS) DE SASTRE.",encabezado
9610,96,"PIZARRAS Y TABLEROS PARA ESCRIBIR O DIBUJAR, INCLUSO ENMARCADOS.",linea_unica
9611,96,"FECHADORES, SELLOS, NUMERADORES, TIMBRADORES Y ARTÍCULOS SIMILARES (INCLUIDOS LOS APARATOS PARA IMPRIMIR ETIQUETAS), DE MANO; COMPONEDORES E IMPRENTILLAS CON COMPONEDOR, DE MANO.",linea_unica
9612,96,"CINTAS PARA MÁQUINAS DE ESCRIBIR Y CINTAS SIMILARES, ENTINTADAS O PREPARADAS DE OTRO MODO PARA IMPRIMIR, INCLUSO EN CARRETES O CARTUCHOS; TAMPONES, INCLUSO IMPREGNADOS O CON CAJA.",encabezado
9613,96,"ENCENDEDORES Y MECHEROS, INCLUSO MECÁNICOS O ELÉCTRICOS, Y SUS PARTES, EXCEPTO LAS PIEDRAS Y MECHAS.",encabezado
9614,96,"PIPAS (INCLUIDAS LAS CAZOLETAS), BOQUILLAS PARA CIGARROS (PUROS) O CIGARRILLOS, Y SUS PARTES.",linea_unica
9615,96,"PEINES, PEINETAS, PASADORES Y ARTÍCULOS SIMILARES; HORQUILLAS; RIZADORES, BIGUDÍES Y ARTÍCULOS SIMILARES PARA EL PEINADO, EXCEPTO LOS DE LA PARTIDA 85.16, Y SUS PARTES.",encabezado
9616,96,"PULVERIZADORES DE TOCADOR, SUS MONTURAS Y CABEZAS DE MONTURAS; BORLAS Y SIMILARES PARA APLICACIÓN DE POLVOS, OTROS COSMÉTICOS O PRODUCTOS DE TOCADOR.",encabezado
9617,96,"TERMOS Y DEMÁS RECIPIENTES ISOTÉRMICOS, MONTADOS Y AISLADOS POR VACÍO, ASÍ COMO SUS PARTES (EXCEPTO LAS AMPOLLAS DE VIDRIO).",linea_unica
9618,96,MANIQUÍES Y ARTÍCULOS SIMILARES; AUTÓMATAS Y ESCENAS ANIMADAS PARA ESCAPARATES.,linea_unica
9619,96,"COMPRESAS Y TAMPONES HIGIÉNICOS, PAÑALES Y ARTÍCULOS SIMILARES, DE CUALQUIER MATERIA.",linea_unica
9620,96,"MONOPIES, BÍPODES, TRÍPODES Y ARTÍCULOS SIMILARES.",linea_unica
9701,97,"PINTURAS Y DIBUJOS, HECHOS TOTALMENTE A MANO, EXCEPTO LOS DIBUJOS DE LA PARTIDA 49.06 Y ARTÍCULOS MANUFACTURADOS DECORADOS A MANO; COLLAGES, MOSAICOS Y CUADROS SIMILARES.",encabezado
9702,97,"GRABADOS, ESTAMPAS Y LITOGRAFÍAS ORIGINALES.",encabezado
9703,97,"OBRAS ORIGINALES DE ESTATUARIA O ESCULTURA, DE CUALQUIER MATERIA.",encabezado
9704,97,"SELLOS (ESTAMPILLAS) DE CORREO, TIMBRES FISCALES, MARCAS POSTALES, SOBRES PRIMER DÍA, ENTEROS POSTALES, DEMÁS ARTÍCULOS FRANQUEADOS Y ANÁLOGOS, INCLUSO OBLITERADOS, EXCEPTO LOS ARTÍCULOS DE LA PARTIDA 49.07.",linea_unica
9705,97,"COLECCIONES Y PIEZAS DE COLECCIÓN QUE TENGAN UN INTERÉS ARQUEOLÓGICO, ETNOGRÁFICO, HISTÓRICO, ZOOLÓGICO, BOTÁNICO, MINERALÓGICO, ANATÓMICO, PALEONTOLÓGICO, O NUMISMÁTICO.",encabezado
9706,97,ANTIGÜEDADES DE MAS DE CIEN AÑOS.,encabezado
9801,98,"PARTES, PIEZAS Y COMPONENTES PARA EL ENSAMBLAJE DE VEHÍCULOS DE LA PARTIDA 87.01.",encabezado
9802,98,"PARTES, PIEZAS Y COMPONENTES PARA EL ENSAMBLAJE DE VEHÍCULOS DE LA PARTIDA 87.02.",encabezado
9803,98,"PARTES, PIEZAS Y COMPONENTES PARA EL ENSAMBLAJE DE VEHÍCULOS DE LA PARTIDA 87.03.",encabezado
9804,98,"PARTES, PIEZAS Y COMPONENTES PARA EL ENSAMBLAJE DE VEHÍCULOS DE LA PARTIDA 87.04.",encabezado
9805,98,"PARTES, PIEZAS Y COMPONENTES PARA EL ENSAMBLAJE DE VEHÍCULOS DE LA PARTIDA 87.11.",encabezado
9806,98,"PARTES, PIEZAS Y COMPONENTES PARA EL ENSAMBLAJE DE CHASIS DE VEHÍCULOS AUTOMÓVILES DE LAS PARTIDAS 87.01 A 87.05.",encabezado
9807,98,"PARTES, PIEZAS Y COMPONENTES PARA EL ENSAMBLAJE DE REMOLQUES Y SEMIRREMOLQUES PARA CUALQUIER VEHÍCULO.",encabezado
9808,98,"VEHÍCULOS, CHASIS, CARROCERÍAS, REMOLQUES Y SEMIRREMOLQUES, TOTALMENTE ENSAMBLADOS «CBU (COMPLETELY BUILT UP)», DEL TIPO DE LOS COMPRENDIDOS EN LAS PARTIDAS 87.01, 87.02, 87.03, 87.04, 87.05, 87.06, 87.07, 87.09 Y 87.16.",encabezado
9820,98,"ANIMALES VIVOS Y PRODUCTOS DEL REINO ANIMAL, DEL TIPO DE LOS COMPRENDIDOS EN LA SECCIÓN I.",encabezado
9821,98,EN LA SECCIÓN II.,encabezado
9822,98,"GRASAS Y ACEITES, ANIMALES, VEGETALES O DE ORIGEN MICROBIANO Y PRODUCTOS DE SU DESDOBLAMIENTO; GRASAS ALIMENTICIAS ELABORADAS; CERAS DE ORIGEN ANIMAL O VEGETAL, DEL TIPO DE LOS COMPRENDIDOS EN LA SECCIÓN III.",linea_unica
9823,98,"PRODUCTOS DE LAS INDUSTRIAS ALIMENTARIAS; BEBIDAS, LÍQUIDOS ALCOHÓLICOS Y VINAGRE; TABACO Y SUCEDÁNEOS DEL TABACO ELABORADOS; PRODUCTOS, INCLUSO CON NICOTINA, DESTINADOS PARA LA INHALACIÓN SIN COMBUSTIÓN; OTROS PRODUCTOS QUE CONTENGAN NICOTINA DESTINADOS PARA LA ABSORCIÓN DE NICOTINA EN EL CUERPO HUMANO, DEL TIPO DE LOS COMPRENDIDOS EN LA SECCIÓN IV.",linea_unica
9824,98,"PRODUCTOS MINERALES, DEL TIPO DE LOS COMPRENDIDOS EN LA",encabezado
9825,98,"PRODUCTOS DE LAS INDUSTRIAS QUÍMICAS O DE LAS INDUSTRIAS CONEXAS, DEL TIPO DE LOS COMPRENDIDOS EN LA SECCIÓN VI.",encabezado
9826,98,"PLÁSTICO Y SUS MANUFACTURAS; CAUCHO Y SUS MANUFACTURAS, DEL TIPO DE LOS COMPRENDIDOS EN LA SECCIÓN VII.",encabezado
9829,98,"PASTA DE MADERA O DE LAS DEMÁS MATERIAS FIBROSAS CELULÓSICAS; PAPEL O CARTÓN PARA RECICLAR (DESPERDICIOS Y DESECHOS); PAPEL O CARTÓN Y SUS APLICACIONES, DEL TIPO DE LOS COMPRENDIDOS EN LA SECCIÓN X.",encabezado
9832,98,"MANUFACTURAS DE PIEDRA, YESO FRAGUABLE, CEMENTO, AMIANTO (ASBESTO), MICA O MATERIAS ANÁLOGAS; PRODUCTOS CERÁMICOS; VIDRIO Y MANUFACTURAS DE VIDRIO, DEL TIPO DE LOS COMPRENDIDOS EN LA SECCIÓN XIII.",encabezado
9834,98,"METALES COMUNES Y MANUFACTURAS DE ESTOS METALES, DEL TIPO DE LOS COMPRENDIDOS EN LA SECCIÓN XV.",linea_unica
9835,98,"MÁQUINAS Y APARATOS, MATERIAL ELÉCTRICO Y SUS PARTES; APARATOS DE GRABACIÓN O REPRODUCCIÓN DE SONIDO, APARATOS DE GRABACIÓN O REPRODUCCIÓN DE IMAGEN Y SONIDO EN TELEVISIÓN, Y LAS PARTES Y ACCESORIOS DE ESTOS APARATOS, DEL TIPO DE LOS COMPRENDIDOS EN LA SECCIÓN XVI.",encabezado
9836,98,"MATERIAL DE TRANSPORTE, DEL TIPO DE LOS COMPRENDIDOS EN LA",encabezado
9841,98,MÁQUINAS Y APARATOS DE LAS PARTIDAS 84.01 A 84.24.,linea_unica
9842,98,MÁQUINAS Y APARATOS DE LAS PARTIDAS 84.25 A 84.79.,linea_unica
9844,98,MÁQUINAS Y APARATOS DE LAS PARTIDAS 85.01 A 85.43.,linea_unica
9848,98,CONSTRUCCIONES PREFABRICADAS DE LA PARTIDA 94.06.,linea_unica
9850,98,"MERCANCÍAS IMPORTADAS POR EL MINISTERIO DEL PODER POPULAR CON COMPETENCIA EN MATERIA DE RELACIONES INTERIORES, JUSTICIA Y PAZ O SUS ENTES.",linea_unica
9851,98,MERCANCÍAS IMPORTADAS POR EL MINISTERIO DEL PODER POPULAR CON COMPETENCIA EN MATERIA DE DEFENSA O SUS ENTES.,linea_unica
9852,98,MERCANCÍAS IMPORTADAS POR EL MINISTERIO DEL PODER POPULAR CON COMPETENCIA EN MATERIA DE TURISMO O SUS ENTES.,linea_unica
9853,98,MERCANCÍAS IMPORTADAS POR EL MINISTERIO DEL PODER POPULAR CON COMPETENCIA EN MATERIA DE AGRICULTURA PRODUCTIVA Y TIERRAS O SUS ENTES.,linea_unica
9854,98,MERCANCÍAS IMPORTADAS POR EL MINISTERIO DEL PODER POPULAR CON COMPETENCIA EN MATERIA DE PESCA Y ACUICULTURA O SUS ENTES.,linea_unica
9855,98,MERCANCÍAS IMPORTADAS POR EL MINISTERIO DEL PODER POPULAR CON COMPETENCIA EN MATERIA DE EDUCACIÓN O SUS ENTES.,linea_unica
9856,98,MERCANCÍAS IMPORTADAS POR EL MINISTERIO DEL PODER POPULAR CON COMPETENCIA EN MATERIA DE SALUD O SUS ENTES.,linea_unica
9857,98,MERCANCÍAS IMPORTADAS POR EL MINISTERIO DEL PODER POPULAR CON COMPETENCIA EN MATERIA DE PROCESO SOCIAL DEL TRABAJO O SUS ENTES.,linea_unica
9858,98,MERCANCÍAS IMPORTADAS POR EL MINISTERIO DEL PODER POPULAR CON COMPETENCIA EN MATERIA DE HÁBITAT Y VIVIENDA O SUS ENTES.,linea_unica
9859,98,MERCANCÍAS IMPORTADAS POR EL MINISTERIO DEL PODER POPULAR CON COMPETENCIA EN MATERIA DE ECOSOCIALISMO O SUS ENTES.,linea_unica
9860,98,MERCANCÍAS IMPORTADAS POR EL MINISTERIO DEL PODER POPULAR CON COMPETENCIA EN MATERIA DE PETRÓLEO O SUS ENTES.,linea_unica
9861,98,MERCANCÍAS IMPORTADAS POR EL MINISTERIO DEL PODER POPULAR CON COMPETENCIA EN MATERIA DE EDUCACIÓN UNIVERSITARIA O SUS ENTES.,linea_unica
9862,98,MERCANCÍAS IMPORTADAS POR EL MINISTERIO DEL PODER POPULAR CON COMPETENCIA EN MATERIA DE CIENCIA Y TECNOLOGÍA O SUS ENTES.,linea_unica
9863,98,MERCANCÍAS IMPORTADAS POR EL MINISTERIO DEL PODER POPULAR CON COMPETENCIA EN MATERIA DE COMUNICACIÓN E INFORMACIÓN O SUS ENTES.,linea_unica
9864,98,MERCANCÍAS IMPORTADAS POR EL MINISTERIO DEL PODER POPULAR CON COMPETENCIA EN MATERIA DE COMUNAS Y LOS MOVIMIENTOS SOCIALES O SUS ENTES.,linea_unica
9865,98,MERCANCÍAS IMPORTADAS POR EL MINISTERIO DEL PODER POPULAR CON COMPETENCIA EN MATERIA DE ALIMENTACIÓN O SUS ENTES.,linea_unica
9866,98,MERCANCÍAS IMPORTADAS POR EL MINISTERIO DEL PODER POPULAR CON COMPETENCIA EN MATERIA DE JUVENTUD Y EL DEPORTE O SUS ENTES.,linea_unica
9867,98,MERCANCÍAS IMPORTADAS POR EL MINISTERIO DEL PODER POPULAR CON COMPETENCIA EN MATERIA DE OBRAS PÚBLICAS O SUS ENTES.,linea_unica
9868,98,MERCANCÍAS IMPORTADAS POR EL MINISTERIO DEL PODER POPULAR CON COMPETENCIA EN MATERIA DE TRANSPORTE O SUS ENTES.,linea_unica
9869,98,MERCANCÍAS IMPORTADAS POR EL MINISTERIO DEL PODER POPULAR CON COMPETENCIA EN MATERIA DE ENERGÍA ELÉCTRICA O SUS ENTES.,linea_unica
9870,98,MERCANCÍAS IMPORTADAS POR EL MINISTERIO DEL PODER POPULAR CON COMPETENCIA EN MATERIA DE ATENCIÓN DE LAS AGUAS O SUS ENTES.,linea_unica
9871,98,MERCANCÍAS IMPORTADAS POR EL PODER ELECTORAL,linea_unica
9872,98,MERCANCÍAS IMPORTADAS POR LOS DEMÁS ÓRGANOS O ENTES DE LA ADMINISTRACIÓN PÚBLICA,linea_unica
